#SHEET_NAME,Character
,CharacterName,NameText,Pattern,X,Y,Z,Pivot,Scale,Conditional,FileName,SubFileName,FileType,Animation,RenderTexture,RenderRect,EyeBlink,LipSynch,Icon,IconSubFileName,IconRect

,王生,王生,通常,,-810,,Bottom,0.91,,王生/4通常,通常
,王生,王生,兽视通常,,-810,,Bottom,0.91,,王生/王生-兽视通常,通常
,王生,王生,逃难,5,-810,,Bottom,0.92,,王生逃难/通常,通常
,王生,王生,慌忙,,-810,,Bottom,0.91,,王生/5慌忙,通常
,王生,王生,使眼色,,-810,,Bottom,0.91,,王生/6使眼色,通常
,王生,王生,疑惑,,-810,,Bottom,0.91,,王生/7疑惑,通常
,王生,王生,震惊,,-810,,Bottom,0.91,,王生/8震惊,通常
,王生,王生,愤怒,,-810,,Bottom,0.91,,王生/9愤怒,通常
,王生,王生,喜悦,,-810,,Bottom,0.91,,王生/10喜悦,通常
,王生,王生,犹豫,,-810,,Bottom,0.91,,王生/11犹豫,通常
,王生,王生,微笑,,-810,,Bottom,0.91,,王生/12微笑,通常
,王生,王生,坏笑,,-810,,Bottom,0.91,,王生/13坏笑,通常
,王生少年,王生,通常,-6,-820,,Bottom,0.91,,王生少年/少年通常
,王生少年,王生,慌忙,-6,-820,,Bottom,0.91,,王生少年/少年慌忙
,王生少年,王生,使眼色,-6,-820,,Bottom,0.91,,王生少年/少年使眼色
,王生少年,王生,疑惑,-6,-820,,Bottom,0.91,,王生少年/少年疑惑
,王生少年,王生,震惊,-6,-820,,Bottom,0.91,,王生少年/少年震惊
,王生少年,王生,愤怒,-6,-820,,Bottom,0.91,,王生少年/少年愤怒
,王生少年,王生,喜悦,-6,-820,,Bottom,0.91,,王生少年/少年喜悦
,王生少年,王生,犹豫,-6,-820,,Bottom,0.91,,王生少年/少年犹豫
,王生少年,王生,微笑,-6,-820,,Bottom,0.91,,王生少年/少年微笑
,王生少年,王生,坏笑,-6,-820,,Bottom,0.91,,王生少年/少年坏笑
,王生少年,王生,脸红微笑,-6,-820,,Bottom,0.91,,王生少年/少年脸红微笑
,王生少年,王生,脸红使眼色,-6,-820,,Bottom,0.91,,王生少年/少年脸红使眼色

,王生逃难,王生,通常,5,-810,,Bottom,0.92,,王生逃难/通常
,王生逃难,王生,眼神空洞,5,-810,,Bottom,0.92,,王生逃难/眼神空洞
,王生逃难,王生,疑惑,5,-810,,Bottom,0.92,,王生逃难/疑惑
,王生逃难,王生,悲凉,5,-810,,Bottom,0.92,,王生逃难/悲凉
,王生逃难,王生,低落垂眸,5,-810,,Bottom,0.92,,王生逃难/低落垂眸
,王生逃难,王生,愤怒,5,-810,,Bottom,0.92,,王生逃难/愤怒
,王生逃难,王生,坚定,5,-810,,Bottom,0.92,,王生逃难/坚定
,王生逃难,王生,惊讶,5,-810,,Bottom,0.92,,王生逃难/惊讶
,王生逃难,王生,苦笑,5,-810,,Bottom,0.92,,王生逃难/苦笑
,王生逃难,王生,疲惫,5,-810,,Bottom,0.92,,王生逃难/疲惫

,王生老,王生,通常,-10,-870,,Bottom,0.92,,王生老/通常
,王生老,王生,微笑,-10,-870,,Bottom,0.92,,王生老/微笑
,王生老,王生,开心,-10,-870,,Bottom,0.92,,王生老/开心
,王生老,王生,伤感,-10,-870,,Bottom,0.92,,王生老/伤感
,王生老,王生,严肃,-10,-870,,Bottom,0.92,,王生老/严肃
,王生老,王生,震惊,-10,-870,,Bottom,0.92,,王生老/震惊


,杨军爷,杨军爷,通常,-30,-700,,Bottom,0.88,,杨军爷/杨军爷-通常,通常
,杨军爷,杨军爷,兽视通常,-30,-700,,Bottom,0.88,,杨军爷/杨军爷-兽视通常,通常
,杨军爷,杨军爷,通常大,-35,-920,,Bottom,1,,杨军爷/杨军爷-通常,通常
,杨军爷,杨军爷,兽视通常大,-40,-1100,,Bottom,1.1,,杨军爷/杨军爷-兽视通常,通常
,杨军爷,杨军爷,蛮横,-30,-700,,Bottom,0.88,,杨军爷/杨军爷蛮狠,通常
,杨军爷,杨军爷,害怕,-30,-700,,Bottom,0.88,,杨军爷/杨军爷害怕,通常
,杨军爷败,杨军爷,通常,35,-690,,Bottom,0.89,,杨军爷/杨军爷狼狈
,杨军爷败,杨军爷,跪,35,-850,,Bottom,0.89,,杨军爷/杨军爷狼狈
,杨军爷败,杨军爷,近跪,40,-950,,Bottom,0.98,,杨军爷/杨军爷狼狈
,杨军爷败,杨军爷,超近,46,-1200,,Bottom,1.16,,杨军爷/杨军爷狼狈

,方家老仆,方家老仆,方家老仆,,-570,,Bottom,0.82,,方家老仆/方家老仆

,乞丐,乞丐,通常,-16,-590,,Bottom,0.78,,乞丐/通常
,乞丐,乞丐,愤怒,-16,-590,,Bottom,0.78,,乞丐/愤怒




,蓝甲彘妖,蓝甲彘妖,通常,,-400,,Bottom,0.8,,蓝甲彘妖/通常,通常
,蓝甲彘妖,蓝甲彘妖,不耐烦,,-400,,Bottom,0.8,,蓝甲彘妖/不耐烦,通常

,蓝甲獾妖,蓝甲獾妖,蓝甲獾妖,-30,-420,,Bottom,0.74,,蓝甲獾妖/蓝甲獾妖




,白甲豹妖,白甲豹妖,通常,,-510,,Bottom,0.8,,白甲豹妖/通常,通常
,白甲豹妖,白甲豹妖,轻蔑,,-510,,Bottom,0.8,,白甲豹妖/轻蔑,通常

,白甲彘妖,白甲彘妖,白甲彘妖,,-380,,Bottom,0.8,,白甲彘妖/白甲彘妖,通常

,红甲鹰妖,红甲鹰妖,通常,,-557,,Bottom,0.85,,红甲鹰妖/通常,通常
,红甲鹰妖,红甲鹰妖,得意,,-557,,Bottom,0.85,,红甲鹰妖/得意,通常
,红甲鹰妖,红甲鹰妖,愤怒,,-557,,Bottom,0.85,,红甲鹰妖/愤怒,通常
,红甲鹰妖,红甲鹰妖,狡诈,,-557,,Bottom,0.85,,红甲鹰妖/狡诈,通常
,红甲鹰妖,红甲鹰妖,通常大,,-650,,Bottom,0.9,,红甲鹰妖/通常,通常


,红甲狼妖,红甲狼妖,通常,-80,-450,,Bottom,0.83,,红甲狼妖/通常,通常
,红甲狼妖,红甲狼妖,不耐烦,-80,-450,,Bottom,0.83,,红甲狼妖/不耐烦
,红甲狼妖,红甲狼妖,愤怒,-80,-450,,Bottom,0.83,,红甲狼妖/愤怒
,红甲狼妖,红甲狼妖,奸笑,-80,-450,,Bottom,0.83,,红甲狼妖/奸笑
,红甲狼妖,红甲狼妖,通常大,-110,-870,,Bottom,1.15,,红甲狼妖/通常
,红甲狼妖,红甲狼妖,奸笑大,-100,-720,,Bottom,1.02,,红甲狼妖/奸笑


,红甲彘妖,红甲彘妖,通常,-40,-390,,Bottom,0.8,,妖兵/红甲彘妖,通常
,红甲彘妖甲,红甲彘妖甲,通常,-40,-390,,Bottom,0.8,,妖兵/红甲彘妖黑,通常
,红甲彘妖乙,红甲彘妖乙,通常,-40,-390,,Bottom,0.8,,妖兵/红甲彘妖黑,通常

,红甲犬妖,红甲犬妖,通常,90,-500,,Bottom,0.78,,红甲犬妖/通常,通常
,红甲犬妖,红甲犬妖,严肃,90,-500,,Bottom,0.78,,红甲犬妖/严肃
,红甲犬妖,红甲犬妖,疑惑,90,-500,,Bottom,0.78,,红甲犬妖/疑惑
,红甲犬妖,红甲犬妖,被捆,90,-670,,Bottom,0.78,,红甲犬妖/严肃
,红甲犬妖,红甲犬妖,被捆张嘴,90,-670,,Bottom,0.78,,红甲犬妖/通常

,红甲牛妖,红甲牛妖,通常,-10,-480,,Bottom,0.79,,妖兵/红甲牛妖,通常
,红甲牛妖,红甲牛妖,卸武,-10,-480,,Bottom,0.79,,妖兵/红甲牛妖卸武,通常
,红甲牛妖,红甲牛妖,人,-10,-480,,Bottom,0.79,,妖兵/红甲牛妖人头,通常
,红甲马妖,红甲马妖,通常,-40,-440,,Bottom,0.74,,妖兵/红甲马妖,通常

,宽脸红甲士兵,宽脸红甲士兵,通常,-10,-480,,Bottom,0.79,,妖兵/红甲牛妖人头

,红肚兜娃娃兵,红肚兜娃娃兵,通常,,-260,,Bottom,0.66,,红肚兜娃娃兵/通常,通常
,红肚兜娃娃兵,红肚兜娃娃兵,咧嘴笑,,-260,,Bottom,0.66,,红肚兜娃娃兵/咧嘴笑
,红肚兜娃娃兵,红肚兜娃娃兵,愤怒,,-260,,Bottom,0.66,,红肚兜娃娃兵/愤怒
,,
,女俘虏,女俘虏,女俘虏,50,-560,,Bottom,0.78,,女俘虏/母女
,,

,明军残兵甲,明军残兵甲,通常,170,-490,,Bottom,0.85,,明军/明军残兵甲,通常
,明军残兵乙,明军残兵乙,通常,30,-490,,Bottom,0.85,,明军/明军残兵乙,通常

,兴平伯残兵甲,兴平伯残兵甲,通常,30,-490,,Bottom,0.85,,明军/明军残兵乙,通常

,官军甲,官军甲,通常,170,-490,,Bottom,0.85,,明军/明军残兵甲,通常
,官军乙,官军乙,通常,30,-490,,Bottom,0.85,,明军/明军残兵乙,通常

,黑脸将军,黑脸将军,通常,-85,-600,,Bottom,0.9,,黑脸将军/通常
,黑脸将军,黑脸将军,惊讶,-85,-600,,Bottom,0.9,,黑脸将军/惊讶
,黑脸将军,黑脸将军,狼化,-85,-600,,Bottom,0.9,,黑脸将军/狼化



,老林头,老林头,通常,,-550,,Bottom,0.78,,老林头/通常,通常
,老林头,老林头,斗笠,,-550,,Bottom,0.78,,老林头/船夫,通常
,老林头,老林头,无奈,,-550,,Bottom,0.78,,老林头/无奈,通常
,老林头,老林头,焦急,,-550,,Bottom,0.78,,老林头/焦急,通常
,老林头,老林头,焦急小,,-400,,Bottom,0.68,,老林头/焦急,通常
,老林头,老林头,鼻青脸肿,,-550,,Bottom,0.78,,老林头/鼻青脸肿,通常
,老林头,老林头,影,,-550,,Bottom,0.78,,老林头/影,通常
,船夫,船夫,通常,138,-520,,Bottom,0.75,,老林头/船夫
,艄公,艄公,通常,138,-520,,Bottom,0.75,,老林头/船夫

,方恒,方恒,通常,-5,-350,,Bottom,0.7,,方恒/通常
,方恒,方恒,犹豫,-5,-350,,Bottom,0.7,,方恒/犹豫
,方恒,方恒,悲伤,-5,-350,,Bottom,0.7,,方恒/悲伤
,方恒,方恒,惊讶,-5,-350,,Bottom,0.7,,方恒/惊讶
,方恒,方恒,认真,-5,-350,,Bottom,0.7,,方恒/认真
,方恒,男娃,男娃通常,-5,-350,,Bottom,0.7,,方恒/通常
,方恒,男娃,男娃惊讶,-5,-350,,Bottom,0.7,,方恒/惊讶
,方恒,男娃,男娃犹豫,-5,-350,,Bottom,0.7,,方恒/犹豫
,方男娃,男娃,通常,-5,-350,,Bottom,0.7,,方恒/通常
,方男娃,男娃,犹豫,-5,-350,,Bottom,0.7,,方恒/犹豫
,方男娃,男娃,悲伤,-5,-350,,Bottom,0.7,,方恒/悲伤
,方男娃,男娃,惊讶,-5,-350,,Bottom,0.7,,方恒/惊讶
,方男娃,男娃,认真,-5,-350,,Bottom,0.7,,方恒/认真
,小男娃,小男娃,小男娃,-10,-200,,Bottom,0.63,,方恒/小

,掌柜,掌柜,通常,,-550,,Bottom,0.85,,方恒他爹/通常
,掌柜,掌柜,谄笑,,-550,,Bottom,0.85,,方恒他爹/谄笑



,空幻,空幻和尚,通常,5,-670,,Bottom,0.8,,空幻/疑惑,通常
,空幻,空幻和尚,悲伤,5,-670,,Bottom,0.8,,空幻/悲伤
,空幻,空幻和尚,闭眼,5,-670,,Bottom,0.8,,空幻/闭眼
,空幻,空幻和尚,焦急,5,-670,,Bottom,0.8,,空幻/焦急
,空幻,空幻和尚,说话,5,-670,,Bottom,0.8,,空幻/说话
,空幻,空幻和尚,说话眯眼,5,-670,,Bottom,0.8,,空幻/说话眯眼
,空幻,空幻和尚,微笑,5,-670,,Bottom,0.8,,空幻/微笑
,空幻,空幻和尚,无奈,5,-670,,Bottom,0.8,,空幻/无奈
,空幻,空幻和尚,疑惑,5,-670,,Bottom,0.8,,空幻/疑惑
,空幻,空幻和尚,震惊,5,-670,,Bottom,0.8,,空幻/震惊


,送茶老妪,送茶老妪,通常,61,-630,,Bottom,0.8,,送茶老妪/通常,通常
,送茶老妪,送茶老妪,微笑,61,-630,,Bottom,0.8,,送茶老妪/微笑

,送茶老妪狼狈,送茶老妪,通常,55,-630,,Bottom,0.8,,送茶老妪/狼狈通常,通常
,送茶老妪狼狈,送茶老妪,微笑,55,-630,,Bottom,0.8,,送茶老妪/狼狈微笑
,送茶老妪,送茶老妪,狼狈,61,-630,,Bottom,0.8,,送茶老妪/狼狈通常,通常


,刘婆子忆,刘婆子,通常,,-700,,Bottom,0.82,,刘婆子/忆通常,通常
,刘婆子忆,刘婆子,不耐烦,,-700,,Bottom,0.82,,刘婆子/忆不耐烦
,刘婆子忆,刘婆子,谄媚,,-700,,Bottom,0.82,,刘婆子/忆谄媚
,刘婆子忆,刘婆子,开心,,-700,,Bottom,0.82,,刘婆子/忆开心
,刘婆子忆,刘婆子,笑,,-700,,Bottom,0.82,,刘婆子/忆笑

,刘婆子,刘婆子,通常,12,-700,,Bottom,0.82,,刘婆子/记通常
,刘婆子,刘婆子,不耐烦,12,-700,,Bottom,0.82,,刘婆子/记不耐烦
,刘婆子,刘婆子,谄媚,12,-700,,Bottom,0.82,,刘婆子/记谄媚
,刘婆子,刘婆子,开心,12,-700,,Bottom,0.82,,刘婆子/记开心



,林翩翩忆,林翩翩,通常,-20,-715,,Bottom,0.925,,林翩翩十八岁/55通常,通常
,林翩翩忆,林翩翩,泪眼惺忪,-20,-715,,Bottom,0.925,,林翩翩十八岁/54泪眼惺忪
,林翩翩忆,林翩翩,惊讶,-20,-715,,Bottom,0.925,,林翩翩十八岁/56惊讶
,林翩翩忆,林翩翩,着急,-20,-715,,Bottom,0.925,,林翩翩十八岁/57着急
,林翩翩忆,林翩翩,低头可怜,-20,-715,,Bottom,0.925,,林翩翩十八岁/58低头可怜
,林翩翩忆,林翩翩,欣喜,-20,-715,,Bottom,0.925,,林翩翩十八岁/59欣喜
,林翩翩忆,林翩翩,好奇,-20,-715,,Bottom,0.925,,林翩翩十八岁/60好奇
,林翩翩忆,林翩翩,微笑,-20,-715,,Bottom,0.925,,林翩翩十八岁/61微笑
,林翩翩忆,林翩翩,咬牙切齿,-20,-715,,Bottom,0.925,,林翩翩十八岁/62咬牙切齿的愤怒
,林翩翩忆,林翩翩,叹息,-20,-715,,Bottom,0.925,,林翩翩十八岁/63叹息
,林翩翩忆,林翩翩,小憩,-20,-715,,Bottom,0.925,,林翩翩十八岁/64小憩
,林翩翩忆,林翩翩,不好意思,-20,-715,,Bottom,0.925,,林翩翩十八岁/不好意思
,林翩翩忆,林翩翩,开心,-20,-715,,Bottom,0.925,,林翩翩十八岁/开心
,林翩翩忆,林翩翩,钦佩,-20,-715,,Bottom,0.925,,林翩翩十八岁/钦佩
,林翩翩忆,林翩翩,羡慕,-20,-715,,Bottom,0.925,,林翩翩十八岁/羡慕
,,,,,,,,,,

,林翩翩花街,林翩翩,通常,-3,-680,,Bottom,0.925,,林翩翩花街/77微笑,通常
,林翩翩花街,林翩翩,微笑,-3,-680,,Bottom,0.925,,林翩翩花街/77微笑
,林翩翩花街,林翩翩,为难,-3,-680,,Bottom,0.925,,林翩翩花街/78为难
,林翩翩花街,林翩翩,害羞,-3,-680,,Bottom,0.925,,林翩翩花街/79害羞
,林翩翩花街,林翩翩,惊讶,-3,-680,,Bottom,0.925,,林翩翩花街/80惊讶
,林翩翩花街,林翩翩,无奈,-3,-680,,Bottom,0.925,,林翩翩花街/81无奈
,林翩翩花街,林翩翩,开心,-3,-680,,Bottom,0.925,,林翩翩花街/82开心
,林翩翩花街,林翩翩,期待,-3,-680,,Bottom,0.925,,林翩翩花街/83期待
,林翩翩花街,林翩翩,疑惑,-3,-680,,Bottom,0.925,,林翩翩花街/84疑惑
,林翩翩花街,林翩翩,平静,-3,-680,,Bottom,0.925,,林翩翩花街/85平静

,花街女子,花街女子,通常,-30,-680,,Bottom,0.925,,林翩翩花街/82开心

,林翩翩约会,林翩翩,通常,-39,-715,,Bottom,0.925,,林翩翩约会时/69微笑,通常
,林翩翩约会,林翩翩,钦佩,-39,-715,,Bottom,0.925,,林翩翩约会时/66钦佩
,林翩翩约会,林翩翩,开心,-39,-715,,Bottom,0.925,,林翩翩约会时/67开心
,林翩翩约会,林翩翩,幽怨,-39,-715,,Bottom,0.925,,林翩翩约会时/68幽怨
,林翩翩约会,林翩翩,微笑,-39,-715,,Bottom,0.925,,林翩翩约会时/69微笑
,林翩翩约会,林翩翩,不好意思,-39,-715,,Bottom,0.925,,林翩翩约会时/70不好意思
,林翩翩约会,林翩翩,兴奋,-39,-715,,Bottom,0.925,,林翩翩约会时/71兴奋
,林翩翩约会,林翩翩,羡慕,-39,-715,,Bottom,0.925,,林翩翩约会时/72羡慕
,林翩翩约会,林翩翩,疲惫,-39,-715,,Bottom,0.925,,林翩翩约会时/73疲惫
,林翩翩约会,林翩翩,惊讶,-39,-715,,Bottom,0.925,,林翩翩约会时/74惊讶
,林翩翩约会,林翩翩,好奇,-39,-715,,Bottom,0.925,,林翩翩约会时/75好奇


,林翩翩,林翩翩,通常,30,-850,,Bottom,0.83,,林翩翩二十三岁/40通常,通常
,林翩翩,林翩翩,媚笑,30,-850,,Bottom,0.83,,林翩翩二十三岁/41媚笑
,林翩翩,林翩翩,惊愕,30,-850,,Bottom,0.83,,林翩翩二十三岁/42惊愕
,林翩翩,林翩翩,娇羞,30,-850,,Bottom,0.83,,林翩翩二十三岁/43娇羞
,林翩翩,林翩翩,斜瞟,30,-850,,Bottom,0.83,,林翩翩二十三岁/44斜瞟
,林翩翩,林翩翩,疲惫,30,-850,,Bottom,0.83,,林翩翩二十三岁/45疲惫
,林翩翩,林翩翩,莞尔一笑,30,-850,,Bottom,0.83,,林翩翩二十三岁/46莞尔一笑
,林翩翩,林翩翩,苦笑,30,-850,,Bottom,0.83,,林翩翩二十三岁/47苦笑
,林翩翩,林翩翩,微笑,30,-850,,Bottom,0.83,,林翩翩二十三岁/48微笑
,林翩翩,林翩翩,担忧,30,-850,,Bottom,0.83,,林翩翩二十三岁/49担忧
,林翩翩,林翩翩,无奈,30,-850,,Bottom,0.83,,林翩翩二十三岁/50无奈
,林翩翩,林翩翩,讥笑,30,-850,,Bottom,0.83,,林翩翩二十三岁/51讥笑
,林翩翩,林翩翩,笑出眼泪,30,-850,,Bottom,0.83,,林翩翩二十三岁/52笑出眼角泪花
,林翩翩,林翩翩,委屈,30,-850,,Bottom,0.83,,林翩翩二十三岁/委屈
,林翩翩,林翩翩,自嘲,30,-850,,Bottom,0.83,,林翩翩二十三岁/自嘲
,林翩翩,林翩翩,林翩翩花街通常,30,-850,,Bottom,0.83,,林翩翩花街/77微笑
,林翩翩,林翩翩,林翩翩约会时通常,30,-850,,Bottom,0.83,,林翩翩约会时/69微笑
,林翩翩,林翩翩,林翩翩二十三岁通常,30,-850,,Bottom,0.83,,林翩翩二十三岁/40通常,通常



,月娘,月娘,通常,-18,-635,,Bottom,0.76,,月娘/通常,通常
,月娘,月娘,害羞,-18,-635,,Bottom,0.76,,月娘/害羞,通常
,月娘,月娘,开心,-18,-635,,Bottom,0.76,,月娘/开心,通常


,蝶儿,蝶儿,通常,-6,-705,,Bottom,0.81,,蝶儿/通常,通常
,蝶儿,蝶儿,微笑,-6,-705,,Bottom,0.81,,蝶儿/微笑
,蝶儿,蝶儿,妩媚,-6,-705,,Bottom,0.81,,蝶儿/妩媚
,蝶儿,蝶儿,哭泣,-6,-705,,Bottom,0.81,,蝶儿/哭泣
,蝶儿,蝶儿,愣住,-6,-705,,Bottom,0.81,,蝶儿/愣住
,蝶儿,蝶儿,生气,-6,-705,,Bottom,0.81,,蝶儿/生气
,蝶儿,蝶儿,皱眉,-6,-705,,Bottom,0.81,,蝶儿/皱眉
,蝶儿,蝶儿,通常大,-6,-960,,Bottom,0.95,,蝶儿/通常
,蝶儿,蝶儿,微笑大,-6,-960,,Bottom,0.95,,蝶儿/微笑
,蝶儿,红衣姑娘,红衣通常,-6,-705,,Bottom,0.81,,蝶儿/通常
,蝶儿,红衣姑娘,红衣妩媚,-6,-705,,Bottom,0.81,,蝶儿/妩媚
,蝶儿,红衣姑娘,红衣微笑,-6,-705,,Bottom,0.81,,蝶儿/微笑
,蝶儿,红衣姑娘,影,-6,-705,,Bottom,0.81,,蝶儿/影


,玉莲,玉莲,通常,80,-590,,Bottom,0.69,,玉莲/通常,通常
,玉莲,玉莲,疑惑,80,-590,,Bottom,0.69,,玉莲/疑惑
,玉莲,玉莲,愤怒,80,-590,,Bottom,0.69,,玉莲/愤怒
,玉莲,玉莲,惊恐,80,-590,,Bottom,0.69,,玉莲/惊恐
,玉莲,玉莲,冷峻,80,-590,,Bottom,0.69,,玉莲/冷峻
,玉莲,玉莲,影,80,-590,,Bottom,0.69,,玉莲/影
,玉莲记,玉莲,通常,180,-750,,Bottom,0.75,,玉莲/四年后 通常,通常
,玉莲记,玉莲,疑惑,180,-750,,Bottom,0.75,,玉莲/四年后 疑惑
,玉莲记,玉莲,愤怒,180,-750,,Bottom,0.75,,玉莲/四年后 愤怒
,玉莲记,玉莲,惊恐,180,-750,,Bottom,0.75,,玉莲/四年后 惊恐
,玉莲记,玉莲,冷峻,180,-750,,Bottom,0.75,,玉莲/四年后 冷峻



,小雁儿,小雁儿,通常,75,-510,,Bottom,0.83,,小雁儿/0通常,通常
,小雁儿,小雁儿,好奇,75,-510,,Bottom,0.83,,小雁儿/1好奇
,小雁儿,小雁儿,疑惑,75,-510,,Bottom,0.83,,小雁儿/2疑惑
,小雁儿,小雁儿,烦燥,75,-510,,Bottom,0.83,,小雁儿/3烦燥
,小雁儿,小雁儿,委屈,75,-510,,Bottom,0.83,,小雁儿/4委屈
,小雁儿,小雁儿,焦急,75,-510,,Bottom,0.83,,小雁儿/5焦急
,小雁儿,小雁儿,闭眼思考,75,-510,,Bottom,0.83,,小雁儿/6闭眼思考
,小雁儿,小雁儿,惊慌,75,-510,,Bottom,0.83,,小雁儿/7惊慌
,小雁儿,小雁儿,疲惫,75,-510,,Bottom,0.83,,小雁儿/8疲惫
,小雁儿,小雁儿,害怕,75,-510,,Bottom,0.83,,小雁儿/9害怕
,小雁儿,小雁儿,坚定,75,-510,,Bottom,0.83,,小雁儿/10坚定
,小雁儿,小雁儿,警惕,75,-510,,Bottom,0.83,,小雁儿/11警惕
,小雁儿,小雁儿,冷漠,75,-510,,Bottom,0.83,,小雁儿/12冷漠
,小雁儿,小雁儿,不耐烦,75,-510,,Bottom,0.83,,小雁儿/13不耐烦
,小雁儿,小雁儿,惊讶,75,-510,,Bottom,0.83,,小雁儿/14惊讶
,小雁儿,小雁儿,得意,75,-510,,Bottom,0.83,,小雁儿/15得意
,小雁儿,小雁儿,无奈,75,-510,,Bottom,0.83,,小雁儿/16无奈
,小雁儿,小雁儿,羞愧,75,-510,,Bottom,0.83,,小雁儿/17羞愧
,小雁儿,小雁儿,开心,75,-510,,Bottom,0.83,,小雁儿/18开心
,小雁儿,小雁儿,使劲,75,-510,,Bottom,0.83,,小雁儿/19使劲
,小雁儿,小雁儿,睡觉,75,-510,,Bottom,0.83,,小雁儿/20睡觉


,苏连雁,苏连雁,通常,75,-510,,Bottom,0.83,,苏连雁/通常,通常
,苏连雁,苏连雁,委屈,75,-510,,Bottom,0.83,,苏连雁/委屈
,苏连雁,苏连雁,坚定,75,-510,,Bottom,0.83,,苏连雁/坚定
,苏连雁,苏连雁,警惕,75,-510,,Bottom,0.83,,苏连雁/警惕
,苏连雁,苏连雁,冷漠,75,-510,,Bottom,0.83,,苏连雁/冷漠
,苏连雁,苏连雁,开心,75,-510,,Bottom,0.83,,苏连雁/开心
,苏连雁,苏连雁,微笑,75,-510,,Bottom,0.83,,苏连雁/微笑
,苏连雁,苏连雁,影通常,75,-510,,Bottom,0.83,,苏连雁/影通常
,苏连雁,苏连雁,影微笑,75,-510,,Bottom,0.83,,苏连雁/影微笑
,,,
,苏怜烟,苏怜烟,通常,10,-720,,Bottom,0.76,,苏怜烟/21通常,通常
,苏怜烟,苏怜烟,开心,10,-720,,Bottom,0.76,,苏怜烟/22开心
,苏怜烟,苏怜烟,微笑,10,-720,,Bottom,0.76,,苏怜烟/23微笑
,苏怜烟,苏怜烟,高兴,10,-720,,Bottom,0.76,,苏怜烟/24高兴
,苏怜烟,苏怜烟,说话,10,-720,,Bottom,0.76,,苏怜烟/25说话
,苏怜烟,苏怜烟,好奇,10,-720,,Bottom,0.76,,苏怜烟/26好奇
,苏怜烟,苏怜烟,惊讶,10,-720,,Bottom,0.76,,苏怜烟/27惊讶
,苏怜烟,苏怜烟,疑惑,10,-720,,Bottom,0.76,,苏怜烟/28疑惑
,苏怜烟,苏怜烟,悲伤,10,-720,,Bottom,0.76,,苏怜烟/29悲伤
,苏怜烟,苏怜烟,平静,10,-720,,Bottom,0.76,,苏怜烟/30平静
,苏怜烟,苏怜烟,担忧,10,-720,,Bottom,0.76,,苏怜烟/31担忧
,苏怜烟,苏怜烟,谨慎,10,-720,,Bottom,0.76,,苏怜烟/32谨慎
,苏怜烟,苏怜烟,坚定,10,-720,,Bottom,0.76,,苏怜烟/33坚定
,苏怜烟,苏怜烟,温柔,10,-720,,Bottom,0.76,,苏怜烟/34温柔
,苏怜烟,苏怜烟,羞涩,10,-720,,Bottom,0.76,,苏怜烟/35羞涩
,苏怜烟,苏怜烟,害羞,10,-720,,Bottom,0.76,,苏怜烟/36害羞
,苏怜烟,苏怜烟,渐变通常,10,-720,,Bottom,0.76,,苏怜烟/渐变通常
,苏怜烟,苏怜烟,渐变好奇,10,-720,,Bottom,0.76,,苏怜烟/渐变好奇
,苏怜烟,苏怜烟,渐变微笑,10,-720,,Bottom,0.76,,苏怜烟/渐变微笑
,苏怜烟,苏怜烟,渐变疑惑,10,-720,,Bottom,0.76,,苏怜烟/渐变疑惑



,苏怜烟约会,苏怜烟,通常,10,-770,,Bottom,0.8,,苏怜烟约会/33通常,通常
,苏怜烟约会,苏怜烟,害羞,10,-770,,Bottom,0.8,,苏怜烟约会/34害羞
,苏怜烟约会,苏怜烟,微笑,10,-770,,Bottom,0.8,,苏怜烟约会/35微笑
,苏怜烟约会,苏怜烟,期待,10,-770,,Bottom,0.8,,苏怜烟约会/36期待
,苏怜烟约会,苏怜烟,无奈,10,-770,,Bottom,0.8,,苏怜烟约会/37无奈


,良,良,通常,35,-870,,Bottom,0.78,,良/96通常,通常
,良,良,笑,35,-870,,Bottom,0.78,,良/97笑
,良,良,张嘴愣住,35,-870,,Bottom,0.78,,良/98张嘴愣住
,良,良,怒,35,-870,,Bottom,0.78,,良/99怒
,良,良,好奇,35,-870,,Bottom,0.78,,良/100好奇
,良,良,无奈叹息,35,-870,,Bottom,0.78,,良/101无奈叹息
,良,良,满足,35,-870,,Bottom,0.78,,良/102满足
,良,良,惊喜,35,-870,,Bottom,0.78,,良/103惊喜
,良,良,坚定,35,-870,,Bottom,0.78,,良/104坚定
,良,侠,侠通常,35,-870,,Bottom,0.78,,良/96通常,通常
,良,侠,侠笑,35,-870,,Bottom,0.78,,良/97笑
,良,侠,侠张嘴愣住,35,-870,,Bottom,0.78,,良/98张嘴愣住
,良,侠,侠怒,35,-870,,Bottom,0.78,,良/99怒
,良,侠,侠好奇,35,-870,,Bottom,0.78,,良/100好奇
,良,侠,侠无奈叹息,35,-870,,Bottom,0.78,,良/101无奈叹息
,良,侠,侠满足,35,-870,,Bottom,0.78,,良/102满足
,良,侠,侠惊喜,35,-870,,Bottom,0.78,,良/103惊喜
,良,侠,侠坚定,35,-870,,Bottom,0.78,,良/104坚定

,侠,侠,通常,35,-870,,Bottom,0.78,,良/96通常,通常

,良清兵,良,通常,40,-905,,Bottom,0.78,,良/清兵通常
,良清兵,良,着急,40,-905,,Bottom,0.78,,良/清兵着急
,良清兵,良,怒,40,-905,,Bottom,0.78,,良/清兵怒
,良清兵,良,愣住,40,-905,,Bottom,0.78,,良/清兵愣住
,良清兵,良,无奈,40,-905,,Bottom,0.78,,良/清兵无奈
,良清兵,良,笑,40,-905,,Bottom,0.78,,良/清兵笑



,满穗,满穗,通常,-24,-670,,Bottom,0.87,,满穗/115通常
,满穗,满穗,担忧,-24,-670,,Bottom,0.87,,满穗/116担忧
,满穗,满穗,生气,-24,-670,,Bottom,0.87,,满穗/117生气
,满穗,满穗,开心,-24,-670,,Bottom,0.87,,满穗/118开心
,满穗,满穗,俏皮,-24,-670,,Bottom,0.87,,满穗/119俏皮
,满穗,满穗,无奈,-24,-670,,Bottom,0.87,,满穗/120无奈
,满穗,满穗,坚定,-24,-670,,Bottom,0.87,,满穗/121坚定


,红儿,红儿,通常,40,-760,,Bottom,0.93,,红儿/85通常
,红儿,红儿,惊讶,40,-760,,Bottom,0.93,,红儿/86惊讶
,红儿,红儿,悲伤,40,-760,,Bottom,0.93,,红儿/87悲伤
,红儿,红儿,担忧,40,-760,,Bottom,0.93,,红儿/88担忧
,红儿,红儿,笑,40,-760,,Bottom,0.93,,红儿/89笑
,红儿,红儿,严肃,40,-760,,Bottom,0.93,,红儿/严肃
,红衣女子,红衣女子,通常,40,-760,,Bottom,0.93,,红儿/85通常
,红衣女子,红衣女子,惊讶,40,-760,,Bottom,0.93,,红儿/86惊讶
,红衣女子,红衣女子,悲伤,40,-760,,Bottom,0.93,,红儿/87悲伤
,红衣女子,红衣女子,担忧,40,-760,,Bottom,0.93,,红儿/88担忧
,红衣女子,红衣女子,笑,40,-760,,Bottom,0.93,,红儿/89笑
,红衣女子,红衣女子,严肃,40,-760,,Bottom,0.93,,红儿/严肃

,翠儿,翠儿,通常,-26,-670,,Bottom,0.85,,翠儿/92微笑
,翠儿,翠儿,坚毅,-26,-670,,Bottom,0.85,,翠儿/90坚毅
,翠儿,翠儿,惊讶,-26,-670,,Bottom,0.85,,翠儿/91惊讶
,翠儿,翠儿,微笑,-26,-670,,Bottom,0.85,,翠儿/92微笑
,翠儿,翠儿,恍然大悟,-26,-670,,Bottom,0.85,,翠儿/93恍然大悟
,翠儿,翠儿,着急,-26,-670,,Bottom,0.85,,翠儿/94着急
,翠儿,翠儿,黑,-26,-670,,Bottom,0.85,,翠儿/黑


,刀光,,,0,700,,,3,,刀光.prefab,,2DPrefab







,城民甲,城民甲,通常,30,-540,,Bottom,0.84,,城民甲/城民甲,通常
,城民甲,城民甲,影,30,-540,,Bottom,0.84,,城民甲/影,通常
,城民乙,城民乙,通常,,-540,,Bottom,0.8,,城民乙/城民乙,通常
,城民乙,城民乙,影,,-540,,Bottom,0.8,,城民乙/影,通常

,扬州难民甲,扬州难民甲,扬州难民甲,10,-560,,Bottom,0.82,,难民/难民甲
,扬州难民乙,扬州难民乙,扬州难民乙,10,-540,,Bottom,0.8,,难民/难民乙

,城民甲难民,难民甲,难民甲,10,-560,,Bottom,0.82,,难民/难民甲
,城民乙难民,难民乙,难民乙,10,-540,,Bottom,0.8,,难民/难民乙
,何家坟难民甲,何家坟难民甲,通常,-5,-700,,Bottom,0.91,,难民/何家坟难民
,何家坟难民甲,何家坟难民甲,害怕,-5,-700,,Bottom,0.91,,难民/何家坟难民害怕

,逃难男人甲,逃难男人甲,逃难男人甲,10,-560,,Bottom,0.82,,难民/难民甲
,逃难男人乙,逃难男人乙,逃难男人乙,,-540,,Bottom,0.8,,难民/难民乙

,撞衫公子,撞衫公子,通常,-54,-840,,Bottom,0.9,,撞衫公子/通常
,撞衫公子,撞衫公子,纯黑,-54,-840,,Bottom,0.9,,撞衫公子/纯黑
,撞衫公子,撞衫公子,严肃,-54,-840,,Bottom,0.9,,撞衫公子/严肃

,心兰,心兰,通常,60,-648,,Bottom,0.78,,心兰/通常,通常
,心兰,心兰,微笑,60,-648,,Bottom,0.78,,心兰/微笑
,心兰,心兰,愤怒,60,-648,,Bottom,0.78,,心兰/愤怒
,心兰,心兰,娇羞,60,-648,,Bottom,0.78,,心兰/娇羞
,心兰,心兰,惊喜,60,-648,,Bottom,0.78,,心兰/惊喜
,心兰,心兰,尴尬笑,60,-648,,Bottom,0.78,,心兰/尴尬笑
,心兰睡衣,心兰,通常,,-746,,Bottom,0.78,,心兰/睡衣正常
,心兰睡衣,心兰,微笑,,-746,,Bottom,0.78,,心兰/睡衣微笑
,心兰睡衣,心兰,尴尬,,-746,,Bottom,0.78,,心兰/睡衣尴尬
,心兰睡衣,心兰,害羞,,-746,,Bottom,0.78,,心兰/睡衣害羞
,心兰睡衣,心兰,愣住,,-746,,Bottom,0.78,,心兰/睡衣愣住
,心兰睡衣,心兰,气哭,,-746,,Bottom,0.78,,心兰/睡衣气哭

,胖富商,胖富商,通常,-10,-470,,Bottom,0.7,,胖富商/通常
,胖富商,胖富商,大笑,-10,-470,,Bottom,0.7,,胖富商/大笑
,胖富商,胖富商,纯黑,-10,-470,,Bottom,0.7,,胖富商/纯黑

,不修边幅的老者,不修边幅的老者,通常,-30,-630,,Bottom,0.78,,不修边幅的老者/通常
,不修边幅的老者,不修边幅的老者,惊喜,-30,-630,,Bottom,0.78,,不修边幅的老者/惊喜
,不修边幅的老者,不修边幅的老者,纯黑,-30,-630,,Bottom,0.78,,不修边幅的老者/纯黑


,鹂儿,鹂儿,通常忆,-100,-600,,Bottom,0.3,,鹂儿/忆通常,通常
,鹂儿,鹂儿,通常记,-100,-600,,Bottom,0.3,,鹂儿/记通常,通常
,黄衫姑娘,黄衫姑娘,通常忆,-100,-600,,Bottom,0.3,,鹂儿/忆通常,通常

,鹂儿,鹂儿,通常,-15,-610,,Bottom,0.8,,鹂儿/记通常
,鹂儿,鹂儿,急切,-15,-610,,Bottom,0.8,,鹂儿/记急切
,鹂儿,鹂儿,试探,-15,-610,,Bottom,0.8,,鹂儿/记试探
,鹂儿,鹂儿,微笑,-15,-610,,Bottom,0.8,,鹂儿/记微笑
,鹂儿,鹂儿,无奈,-15,-610,,Bottom,0.8,,鹂儿/记无奈

,黄衫姑娘,黄衫姑娘,通常,-100,-610,,Bottom,0.8,,鹂儿/忆通常
,黄衫姑娘,黄衫姑娘,急切,-100,-610,,Bottom,0.8,,鹂儿/忆急切
,黄衫姑娘,黄衫姑娘,试探,-100,-610,,Bottom,0.8,,鹂儿/忆试探
,黄衫姑娘,黄衫姑娘,微笑,-100,-610,,Bottom,0.8,,鹂儿/忆微笑
,黄衫姑娘,黄衫姑娘,无奈,-100,-610,,Bottom,0.8,,鹂儿/忆无奈

,忆鹂儿,鹂儿,通常,-100,-610,,Bottom,0.8,,鹂儿/忆通常
,忆鹂儿,鹂儿,急切,-100,-610,,Bottom,0.8,,鹂儿/忆急切
,忆鹂儿,鹂儿,试探,-100,-610,,Bottom,0.8,,鹂儿/忆试探
,忆鹂儿,鹂儿,微笑,-100,-610,,Bottom,0.8,,鹂儿/忆微笑
,忆鹂儿,鹂儿,无奈,-100,-610,,Bottom,0.8,,鹂儿/忆无奈


,赵老头,赵老头,通常,,-660,,Bottom,0.9,,赵老头/通常,通常
,赵老头,赵老头,大笑,,-660,,Bottom,0.9,,赵老头/大笑,通常
,赵老头,赵老头,奸笑,,-660,,Bottom,0.9,,赵老头/奸笑,通常
,赵掌柜,赵掌柜,通常,,-660,,Bottom,0.9,,赵老头/通常,通常
,赵掌柜,赵掌柜,大笑,,-660,,Bottom,0.9,,赵老头/大笑,通常
,赵掌柜,赵掌柜,奸笑,,-660,,Bottom,0.9,,赵老头/奸笑,通常
,赵掌柜,赵掌柜,影,,-660,,Bottom,0.9,,赵老头/影,通常


,琼华,琼华,通常,42,-450,,Bottom,1.145,,琼华/通常,通常
,第三只小羊,第三只小羊,被绑闭嘴,42,-450,,Bottom,1.145,,琼华/被绑闭嘴,被绑闭嘴
,琼华,琼华,哭泣,42,-450,,Bottom,1.145,,琼华/哭泣,哭泣
,琼华,琼华,失落,42,-450,,Bottom,1.145,,琼华/失落,失落
,琼华,琼华,害怕,42,-450,,Bottom,1.145,,琼华/害怕,害怕
,琼华,琼华,害羞,42,-450,,Bottom,1.145,,琼华/害羞,害羞
,琼华,琼华,开心,42,-450,,Bottom,1.145,,琼华/开心,开心
,琼华,琼华,惊讶,42,-450,,Bottom,1.145,,琼华/惊讶,惊讶
,琼华,琼华,据理力争,42,-450,,Bottom,1.145,,琼华/据理力争,据理力争
,琼华,琼华,疑问,42,-450,,Bottom,1.145,,琼华/疑问,疑问
,琼华,琼华,睡眼惺忪,42,-450,,Bottom,1.145,,琼华/睡眼惺忪,睡眼惺忪
,琼华,琼华,被绑害怕,42,-450,,Bottom,1.145,,琼华/被绑害怕,被绑害怕
,琼华,琼华,被绑张嘴,42,-450,,Bottom,1.145,,琼华/被绑张嘴,被绑张嘴
,琼华,琼华,被绑闭嘴,42,-450,,Bottom,1.145,,琼华/被绑闭嘴,被绑闭嘴
,琼华,琼华,被绑惊恐,42,-450,,Bottom,1.145,,琼华/被绑惊恐,被绑惊恐
,琼华,琼华,被绑窘迫,42,-450,,Bottom,1.145,,琼华/被绑窘迫,被绑窘迫
,琼华,琼华,被绑开心,42,-450,,Bottom,1.145,,琼华/被绑开心,被绑开心
,琼华,琼华,非常害羞,42,-450,,Bottom,1.145,,琼华/非常害羞,非常害羞
,琼华,琼华,影,42,-450,,Bottom,1.145,,琼华/影,通常
,琼华,琼华,大通常,-90,-730,,Bottom,0.82,,大琼华/109通常,通常

,大琼华,琼华,通常,-90,-730,,Bottom,0.82,,大琼华/109通常,通常
,大琼华,琼华,惊讶,-90,-730,,Bottom,0.82,,大琼华/110惊讶
,大琼华,琼华,思考,-90,-730,,Bottom,0.82,,大琼华/111思考
,大琼华,琼华,红脸,-90,-730,,Bottom,0.82,,大琼华/112红脸
,大琼华,琼华,自责,-90,-730,,Bottom,0.82,,大琼华/113自责




,长相水灵的女娃,长相水灵的女娃,通常,42,-450,,Bottom,1.145,,琼华/通常,通常
,长相水灵的女娃,长相水灵的女娃,被绑闭嘴,42,-450,,Bottom,1.145,,琼华/被绑闭嘴,被绑闭嘴
,长相水灵的女娃,长相水灵的女娃,哭泣,42,-450,,Bottom,1.145,,琼华/哭泣,哭泣
,长相水灵的女娃,长相水灵的女娃,失落,42,-450,,Bottom,1.145,,琼华/失落,失落
,长相水灵的女娃,长相水灵的女娃,害怕,42,-450,,Bottom,1.145,,琼华/害怕,害怕
,长相水灵的女娃,长相水灵的女娃,害羞,42,-450,,Bottom,1.145,,琼华/害羞,害羞
,长相水灵的女娃,长相水灵的女娃,开心,42,-450,,Bottom,1.145,,琼华/开心,开心
,长相水灵的女娃,长相水灵的女娃,惊讶,42,-450,,Bottom,1.145,,琼华/惊讶,惊讶
,长相水灵的女娃,长相水灵的女娃,据理力争,42,-450,,Bottom,1.145,,琼华/据理力争,据理力争
,长相水灵的女娃,长相水灵的女娃,疑问,42,-450,,Bottom,1.145,,琼华/疑问,疑问
,长相水灵的女娃,长相水灵的女娃,睡眼惺忪,42,-450,,Bottom,1.145,,琼华/睡眼惺忪,睡眼惺忪
,长相水灵的女娃,长相水灵的女娃,被绑害怕,42,-450,,Bottom,1.145,,琼华/被绑害怕,被绑害怕
,长相水灵的女娃,长相水灵的女娃,被绑张嘴,42,-450,,Bottom,1.145,,琼华/被绑张嘴,被绑张嘴
,,,,,,,,,,,
,长相水灵的女娃,长相水灵的女娃,被绑惊恐,42,-450,,Bottom,1.145,,琼华/被绑惊恐,被绑惊恐
,长相水灵的女娃,长相水灵的女娃,被绑窘迫,42,-450,,Bottom,1.145,,琼华/被绑窘迫,被绑窘迫
,长相水灵的女娃,长相水灵的女娃,被绑开心,42,-450,,Bottom,1.145,,琼华/被绑开心,被绑开心
,长相水灵的女娃,长相水灵的女娃,非常害羞,42,-450,,Bottom,1.145,,琼华/非常害羞,非常害羞
,长相水灵的女娃,长相水灵的女娃,影,42,-450,,Bottom,1.145,,琼华/影,通常



,气度不凡的女人,气度不凡的女人,通常,,-680,,Bottom,1,,鸢/通常,通常
,气度不凡的女人,气度不凡的女人,严肃,,-680,,Bottom,1,,鸢/严肃,严肃
,气度不凡的女人,气度不凡的女人,微笑,,-680,,Bottom,1,,鸢/微笑,微笑
,气度不凡的女人,气度不凡的女人,惊讶,,-680,,Bottom,1,,鸢/惊讶,惊讶
,气度不凡的女人,气度不凡的女人,疑问,,-680,,Bottom,1,,鸢/疑问,疑问
,气度不凡的女人,气度不凡的女人,轻笑,,-680,,Bottom,1,,鸢/轻笑,轻笑
,气度不凡的女人,气度不凡的女人,影,,-680,,Bottom,1,,鸢/影,通常



,景姨,景姨,通常,-90,-720,,Bottom,0.83,,景姨/记通常,通常
,景姨,景姨,惊恐,-90,-720,,Bottom,0.83,,景姨/记惊恐,
,景姨,景姨,无奈,-90,-720,,Bottom,0.83,,景姨/记无奈,
,忆景姨,景姨,通常,-90,-720,,Bottom,0.83,,景姨/忆通常,
,忆景姨,景姨,惊恐,-90,-720,,Bottom,0.83,,景姨/忆惊恐,
,忆景姨,景姨,无奈,-90,-720,,Bottom,0.83,,景姨/忆无奈,
,,,,,,,,,,,

,杂役,杂役,杂役,-9,-110,,Bottom,0.9,,剪影/忆三/杂役

,大伯,大伯,大伯,,-100,,Bottom,0.9,,剪影/忆四/伯父,忆四
,伯母,伯母,伯母,-45,-100,,Bottom,0.9,,剪影/忆四/伯母

,勾栏客人甲,勾栏客人甲,勾栏客人甲,2,0,,Bottom,1,,剪影/勾栏客人甲,忆五
,勾栏客人乙,勾栏客人乙,勾栏客人乙,-15,0,,Bottom,1,,剪影/勾栏客人乙
,酒肆老板,酒肆老板,酒肆老板,20,-10,,Bottom,1,,剪影/酒肆老板
,柳巷姑娘甲,柳巷姑娘甲,柳巷姑娘甲,,0,,Bottom,0.96,,剪影/柳巷姑娘甲
,柳巷姑娘乙,柳巷姑娘乙,柳巷姑娘乙,,0,,Bottom,0.97,,剪影/柳巷姑娘乙
,柳巷姑娘丙,柳巷姑娘丙,柳巷姑娘丙,-40,0,,Bottom,0.98,,剪影/柳巷姑娘丙
,柳巷姑娘丁,柳巷姑娘丁,柳巷姑娘丁,,-160,,Bottom,0.96,,剪影/柳巷姑娘丁

,后厨主厨,后厨主厨,后厨主厨,100,-110,,Bottom,0.9,,剪影/记七/厨师长
,后厨老李,后厨老李,后厨老李,-35,-100,,Bottom,0.9,,剪影/记七/老李

,市集小贩忆七,市集小贩,市集小贩,-80,-80,,Bottom,0.91,,剪影/忆七/市集小贩

,泠音阁客人甲,泠音阁客人甲,泠音阁客人甲,2,0,,Bottom,1,,剪影/勾栏客人甲,忆九
,泠音阁客人乙,泠音阁客人乙,泠音阁客人乙,-15,0,,Bottom,1,,剪影/勾栏客人乙

,碧竹坊小厮,碧竹坊小厮,碧竹坊小厮,-100,-70,,Bottom,0.52,,剪影/忆八/碧竹坊小厮
,碧竹坊侍女,碧竹坊侍女,碧竹坊侍女,-30,-25,,Bottom,0.51,,剪影/忆八/碧竹坊侍女

,难民女甲,难民女甲,难民女甲,-20,-50,,Bottom,0.85,,剪影/记十二/难民女甲
,难民女乙,难民女乙,难民女乙,40,-100,,Bottom,0.91,,剪影/记十二/难民女乙

,店小二,店小二,店小二,-105,-100,,Bottom,0.9,,剪影/忆十一/店小二

,围观民众甲,围观民众甲,围观民众甲,,-150,,Bottom,0.9,,剪影/忆十四/甲
,围观民众乙,围观民众乙,围观民众乙,-30,-60,,Bottom,0.9,,剪影/忆十四/乙
,围观民众丙,围观民众丙,围观民众丙,10,-120,,Bottom,0.89,,剪影/忆十四/丙
,围观民众丁,围观民众丁,围观民众丁,-40,-100,,Bottom,0.88,,剪影/忆十四/丁

,刻珠匠人,刻珠匠人,刻珠匠人,-40,-50,,Bottom,0.94,,剪影/忆十三/刻珠匠人

,打人民众甲,民众甲,民众甲,-30,-10,,Bottom,0.82,,剪影/记十八4/民众甲
,打人民众乙,民众乙,民众乙,,-30,,Bottom,0.82,,剪影/记十八4/民众乙

,红楼女娃,女娃,女娃,-10,-10,,Bottom,0.8,,剪影/红楼/小女孩
,,,,,
,地痞流氓甲,地痞流氓甲,地痞流氓甲,-30,-20,,Bottom,0.84,,剪影/番外/流氓甲
,地痞流氓乙,地痞流氓乙,地痞流氓乙,-15,,,Bottom,0.86,,剪影/番外/流氓乙

,方知宥出场,方知宥,通常,30,-770,,Bottom,0.87,,方知宥/方知宥
