#SHEET_NAME,Localize
Key,SC,TC,English,Japanese,Russian
ChacacterCountOnImport,文字计数={0},文字数={0},Character count = {0}.
Import,导入 {0},导入 {0},Import {0}
NotLinkedScenarioLabel,{0} is not linked scenario label.{1}
RedefinitionScenarioLabel,{0} is redefinition scenario label.{1}
NotFoundScnarioLabel,{0} is not found in all scenario labels.
NotSettingSheet,{0} is not setting sheet.
UnknownTag,{0} is unknown tag.
SoudType,Sound[{0}] is {1} type. But to uesed {2} type.
BgLayerIsNotDefined,Bg layer is not defined
ReadLayerSaveData,Read Layer save data error.
ElseIf,If-else-endif logic error.
Else,If-else-endif logic error.
Endif,If-else-endif logic error.
CommandParseNull,Command parse error.
NotScenarioLabel,{0} is not scnario label.
NotFoundTweenGameObject,Gameobject {0} is not found. By tween animation.
UpdateSceneLabel,"Scene {0} has not finished, but new scene {1} has started. Use EndSceneGallery before moving to another scenario."
EndSceneGallery,This Scenario is not set in SecneGallery. But EndSceneGallery is called.
StartGame,Start Game
Load,Load
Config,Config
Back,Back
Title,Title
ResetDefault,ResetDefault
MessageSpeed,MessageSpeed
AutoMessageSpeed,AutoMessageSpeed
WindowTransparent,WindowTransparent
SkipUnread,SkipUnread
SkipReleasedBySelection,SkipReleasedBySelection
SendMesssageByMouseWheel,SendMesssageByMouseWheel
FullScreen,FullScreen
SoundVolume,SoundVolume
All,All
Bgm,Bgm
Se,Se
Ambience,Ambience
Voice,Voice
ContinueUntilNext,ContinueUntilNext
StopOnClick,StopOnClick
CgGallery,CgGallery
SceneGallery,SceneGallery
SoundRoom,SoundRoom
Gallery,Gallery
NotFound,{0} is not found
UnknownType,{0} is unknown type
UnknownVersion,{0} is unknown version
ColorParse,Color:{0} is error
SpriteMimMap,Cant make sprite from mimmap texture.
UnknownFontData,unknown font data. [ {0} ]
StringGridRowPraseColumnName,Column {0} is null or empty.
StringGridRowPraseColumnIndex,Column  index of {0} is null or emptyr.
StringGridRowPrase,Column {0}: {1}. Parser Error.
StringGridParseHaeder,{0}: Parser header error.\n{1}
StringGridGetColumnIndex,Column {0} is not found
SoundNotReadyToPlay,{0}: Sound is not readey to play.
TweenWrite,Tween save error
FileWrite,{0} File write error.{1}
FileRead,{0} File read error.{1}
MemoryLeak,Memory leak.
FileReferecedIsNull,The object refereced from file is null.
FileIsNotReady,"File is not ready. Call ""ReadyToUse""."
DisableChangeFileLoadFlag,Disable change FileLoadFlag
DisableChangeFileVersion,Disable change FileVersion
SingletonError,Can't create two ormore  singlton Object.
NoChacheTypeFile,Not cache type file.
ExpUnknownParameter,Unknown paramter {0}.
ExpResultNotBool,Exceptoin is not boolean.
ExpIllegal,Exceptoin parse error.{0}
PivotParse,Pivot parse error.{0}
TextTagParse,Text parse error.{0}
TextCallbackCalcExpression,CallbackCalcExpression is not assigend.
TextFailedCalcExpression,Failed calculate expression.
ExpressionOperateSubstition,Exceptoin operate error.{1}to{0}
ExpressionOperator,Exceptoin operator {0} error.
Yes,Yes
No,No
Ok,Ok
Cancel,Cancel
Back,Back
Clear,Clear
Retry,Retry
History,History
Save,Save
Load,Load
On,On
Off,Off
Skip,Skip
None,None
Sound,Sound
Review,Review
Restore,Restore
Download,Download
QuitGame,是否退出游戏？,是否退出遊戲,Do you want to exit game?,ゲームを終了しますか？,Хотите выйти из игры?
DebugInfo,DebugInfo
DebugLog,DebugLog
DebugMenu,DebugMenu
DeleteSaveAndQuit,DeleteSaveAndQuit
DeleteCacheFile,DeleteCacheFile
Language,Language
DeleteAllSaveDataFilesTitle,"Delete save data of ""Utage"""
DeleteAllSaveDataFilesMessage,"Are you sure you want to clear all saved data of ""Utage""?"
DeleteAllCacheFilesTitle,"Delete cache files of ""Utage"""
DeleteAllCacheFilesMessage,"Are you sure you want to clear all cache files of ""Utage""?"
DeleteAllOutputFilesTitle,"Delete output files of ""Utage"""
DeleteAllOutputFilesMessage,"Are you sure you want to clear all (cache file and save data) output file of ""Utage""?"
Downloading,Downloading
DownloadCount,{0}/{1}
DownloadFinished,Download Finished!
WarningNotOnline,Warning! Not Online
WarningNotWifi,Warning! Not Wifi
ChangeCurrentProject,Change Current Scenario Data Project
VersionUpScene,Current UTAGE scene should be upgraded. Is it OK？
VersionUpScenario,Current UTAGE Scenario should be upgraded. Is it OK？
Redownload
SC,简体中文,簡體中文,簡體中文,簡體中文,简体中文
TC,繁体中文,繁體中文,繁體中文,繁體中文,繁體中文
English,English,English,English,English,English
Japanese,日本语,日本語,日本語,日本語,日本語
Russian,俄语,俄語,Russian,ロシア語,Русский


text_skip,跳过(K),跳過(K),Skip(K),スキップ(K),Пропустить (K)
text_skip_gamepad,跳过(X),跳過(X),Skip(X),スキップ(X),Пропустить
text_auto,自动播放(F),自動播放(F),Auto Mode(F),オートモード(F),Авто (F)
text_auto_gamepad,自动播放,自動播放,Auto Mode,オートモード,Авто
text_save,存储进度(S),儲存進度(S),Save Data(S),セーブする(S),Сохранить (S)
text_save_gamepad,存储进度,儲存進度,Save Data,セーブする,Сохранить
text_load,加载进度(D),載入進度(D),Load Data(D),ロードする(D),Загрузить (D)
text_load_gamepad,加载进度,載入進度,Load Data,ロードする,Загрузить
text_config,设置(ESC),設定(ESC),Setting(ESC),設定(ESC),Настройки (ESC)
text_config_gamepad,设置,設定,Setting,設定,Настройки
text_plotMap,流程图(A),流程圖(A),Flowchart(A),フローチャート(A),Схема (A)
text_plotmap_gamepad,流程图,流程圖,Flowchart,フローチャート,Схема
text_hideUI,关闭对话框(C),關閉對話方塊(C),Close Dialogue(C),テキストウィンドウを閉じる(C),Закрыть диалоговое окно (C)
text_hideui_gamepad,关闭对话框,關閉對話方塊,Close Dialogue,テキストウィンドウを閉じる,Закрыть диалоговое окно
text_history,历史对话(H),歷史對話(H),Previous Dialogue(H),履歴(H),История диалогов (H)
text_history_gamepad,历史对话,歷史對話,Previous Dialogue,履歴,История диалогов
text_save_sure,确认存储？,確認儲存？,Do you want to save this data?,セーブしますか？,Cохранить эти данные?
text_load_sure,载入此存盘？,載入此存檔？,Do you want to load this data?,セーブデータをロードしますか？,Загрузить эти данные?
text_process_title,剧情完成度,劇情完成度,Story completion,ストーリー収集度,История пройдена на:
text_sound_lock,未解锁,未解鎖,Locked,未解放,Закрыто
plotMap_tag_empty,空标签！,空標籤！,Empty label!,空,Нет названия!
plotMap_enter,进入此段剧情？,進入此段劇情？,Do you want to enter this chapter?,この回に進みますか？,Хотите запустить эту главу?
plotMap_enter_fail,暂未解锁,暫未解鎖,Chapter locked,未解放,Глава не открыта
text_return_main,是否确认返回主界面？,是否確認返回主介面？,Do you want to return to the title screen?,タイトルに戻りますか？,Хотите вернуться в главное меню?
text_init_all,是否初始化所有设定?,是否初始化所有設定?,Do you want to reset all settings to default?,全ての設定を初期化しますか？,Хотите сбросить настройки?
text_no_money,(没有足够的银两),,,,
text_money_current,银两剩余,白銀剩餘,Silver remaining,手持ち銀,Осталось
text_money_use,使用白银,使用白銀,Use Silver,銀を使った：,Отдали
text_penny_use,使用铜钱,使用銅錢,Use copper coins,銅貨を使った：,Отдали
text_money_get,获得银两,获得白银,Get Silver,銀を取得：,Получили
text_money_lost,失去银两,失去白银,Lost Silver,銀を失った：,Потеряли
voice_collect,已收藏,已收藏,Saved to favorites,登録済,Добавлено в избранное
voice_collect_remove,已取消收藏,已取消收藏,Unfavorited,取り消し済,Удалено из избранного
两,两,兩,tael,両,таэлей серебра
文,文,文,penny,文,монет
ui_voice_collection_remove,取消收藏,取消收藏,Remove from favorites,お気に入りを取り消し,Удалить из избранного
自动,自动,自動,Auto,自動,Авто




unlock_map_ji_1,解锁条件：阅读记序章,解鎖條件：閱讀記序章,"Enter ""Chronicle Prologue"" to unlock",解放条件：記ノ章・序章を読む,"Начать пролог ""Записей"""
unlock_map_ji_2,解锁条件：阅读忆第一回,解鎖條件：閱讀憶第一章,"Enter ""Remembrance Chapter 1"" to unlock",解放条件：憶ノ章・第一回を読む,"Начать 1 гл. ""Воспоминаний"""
unlock_map_ji_3,解锁条件：阅读忆第二回,解鎖條件：閱讀憶第二章,"Enter ""Remembrance Chapter 2"" to unlock",解放条件：憶ノ章・第二回を読む,"Начать 2 гл. ""Воспоминаний"""
unlock_map_ji_4,解锁条件：阅读记第三回,解鎖條件：閱讀記第三章,"Enter ""Chronicle Chapter 3"" to unlock",解放条件：記ノ章・第三回を読む,"Начать 3 гл. ""Записей"""
unlock_map_ji_5,解锁条件：阅读忆第三回,解鎖條件：閱讀憶第三章,"Enter ""Remembrance Chapter 3"" to unlock",解放条件：憶ノ章・第三回を読む,"Начать 3 гл. ""Воспоминаний"""
unlock_map_ji_6,解锁条件：阅读忆第四回,解鎖條件：閱讀憶第四章,"Enter ""Remembrance Chapter 4"" to unlock",解放条件：憶ノ章・第四回を読む,"Начать 4 гл. ""Воспоминаний"""
unlock_map_ji_7,解锁条件：阅读忆第五回,解鎖條件：閱讀憶第五章,"Enter ""Remembrance Chapter 5"" to unlock",解放条件：憶ノ章・第五回を読む,"Начать 5 гл. ""Воспоминаний"""
unlock_map_ji_8,解锁条件：阅读忆第六回,解鎖條件：閱讀憶第六章,"Enter ""Remembrance Chapter 6"" to unlock",解放条件：憶ノ章・第六回を読む,"Начать 6 гл. ""Воспоминаний"""
unlock_map_ji_9,解锁条件：阅读忆第七回,解鎖條件：閱讀憶第七章,"Enter ""Remembrance Chapter 7"" to unlock",解放条件：憶ノ章・第七回を読む,"Начать 7 гл. ""Воспоминаний"""
unlock_map_ji_10,解锁条件：阅读忆第八回,解鎖條件：閱讀憶第八章,"Enter ""Remembrance Chapter 8"" to unlock",解放条件：憶ノ章・第八回を読む,"Начать 8 гл. ""Воспоминаний"""
unlock_map_ji_11,解锁条件：阅读忆第九回,解鎖條件：閱讀憶第九章,"Enter ""Remembrance Chapter 9"" to unlock",解放条件：憶ノ章・第九回を読む,"Начать 9 гл. ""Воспоминаний"""
unlock_map_ji_12,解锁条件：阅读记第十一回,解鎖條件：閱讀記第十一章,"Enter ""Chronicle Chapter 11"" to unlock",解放条件：記ノ章・第十一回を読む,"Начать 11 гл. ""Записей"""
unlock_map_ji_13,解锁条件：阅读忆第十回,解鎖條件：閱讀憶第十章,"Enter ""Remembrance Chapter 10"" to unlock",解放条件：憶ノ章・第十回を読む,"Начать 10 гл. ""Воспоминаний"""
unlock_map_ji_14,解锁条件：阅读忆第十一回,解鎖條件：閱讀憶第十一章,"Enter ""Remembrance Chapter 11"" to unlock",解放条件：憶ノ章・第十一回を読む,"Начать 11 гл. ""Воспоминаний"""
unlock_map_ji_15,解锁条件：阅读忆第十二回,解鎖條件：閱讀憶第十二章,"Enter ""Remembrance Chapter 12"" to unlock",解放条件：憶ノ章・第十二回を読む,"Начать 12 гл. ""Воспоминаний"""
unlock_map_ji_16,解锁条件：阅读忆第十三回,解鎖條件：閱讀憶第十三章,"Enter ""Remembrance Chapter 13"" to unlock",解放条件：憶ノ章・第十三回を読む,"Начать 13 гл. ""Воспоминаний"""
unlock_map_ji_17,解锁条件：阅读忆第十四回,解鎖條件：閱讀憶第十四章,"Enter ""Remembrance Chapter 14"" to unlock",解放条件：憶ノ章・第十四回を読む,"Начать 14 гл. ""Воспоминаний"""
unlock_map_ji_18_1,解锁条件：阅读记第十七回,解鎖條件：閱讀記第十七章,"Enter ""Chronicle Chapter 17"" to unlock",解放条件：記ノ章・第十七回を読む,"Начать 17 гл. ""Записей"""
unlock_map_ji_18_2,解锁条件：记 第十八回一 选项解锁,解鎖條件：記 第十八章一 選項解鎖,"Choose specific option on ""Chronicle Chapter 18-1"" to unlock",解放条件：記ノ章・第十八回（一）の選択肢で解放,"Сделать выбор в 1 ч. 18 гл. ""Записей"""
unlock_map_ji_18_3,解锁条件：记 第十八回二 选项解锁,解鎖條件：記 第十八章二 選項解鎖,"Choose specific option on ""Chronicle Chapter 18-2"" to unlock",解放条件：記ノ章・第十八回（二）の選択肢で解放,"Сделать выбор во 2 ч. 18 гл. ""Записей"""
unlock_map_ji_18_4,解锁条件：记 第十八回三 选项解锁,解鎖條件：記 第十八章三 選項解鎖,"Choose specific option on ""Chronicle Chapter 18-3"" to unlock",解放条件：記ノ章・第十八回（三）の選択肢で解放,"Сделать выбор в 3 ч. 18 гл. ""Записей"""
,,,,,
unlock_map_ji_19_1,解锁条件：记 第十八回一 选项解锁,解鎖條件：記 第十八章一 選項解鎖,"Choose specific option on ""Chronicle Chapter 18-1"" to unlock",解放条件：記ノ章・第十八回（一）の選択肢で解放,"Сделать выбор в 1 ч. 18 гл. ""Записей"""
unlock_map_ji_19_2,解锁条件：记 第十八回三 选项解锁,解鎖條件：記 第十八章三 選項解鎖,"Choose specific option on ""Chronicle Chapter 18-3"" to unlock",解放条件：記ノ章・第十八回（三）の選択肢で解放,"Сделать выбор в 3 ч. 18 гл. ""Записей"""
unlock_map_ji_19_3,解锁条件：记 第十八回四 选项解锁,解鎖條件：記 第十八章四 選項解鎖,"Choose specific option on ""Chronicle Chapter 18-4"" to unlock",解放条件：記ノ章・第十八回（四）の選択肢で解放,"Сделать выбор в 4 ч. 18 гл. ""Записей"""
,,,,,
,,,,,
unlock_map_yi_1,解锁条件：阅读完成 记 序回,解鎖條件：閱讀完成 記 序章,"Clear ""Chronicle Prologue"" to unlock",解放条件：記ノ章・序章を全て読む,"Прочитать пролог ""Записей"""
unlock_map_yi_2,解锁条件：阅读完成 记 第二回,解鎖條件：閱讀完成 記 第二章,"Clear ""Chronicle Chapter 2"" to unlock",解放条件：記ノ章・第二回を全て読む,"Прочитать 2 гл. ""Записей"""
unlock_map_yi_3,解锁条件：阅读完成 记 第四回,解鎖條件：閱讀完成 記 第四章,"Clear ""Chronicle Chapter 4"" to unlock",解放条件：記ノ章・第四回を全て読む,"Прочитать 4 гл. ""Записей"""
unlock_map_yi_4,解锁条件：阅读完成 记 第五回,解鎖條件：閱讀完成 記 第五章,"Clear ""Chronicle Chapter 5"" to unlock",解放条件：記ノ章・第五回を全て読む,"Прочитать 5 гл. ""Записей"""
unlock_map_yi_5,解锁条件：阅读完成 记 第六回,解鎖條件：閱讀完成 記 第六章,"Clear ""Chronicle Chapter 6"" to unlock",解放条件：記ノ章・第六回を全て読む,"Прочитать 6 гл. ""Записей"""
unlock_map_yi_6,解锁条件：阅读完成 记 第七回,解鎖條件：閱讀完成 記 第七章,"Clear ""Chronicle Chapter 7"" to unlock",解放条件：記ノ章・第七回を全て読む,"Прочитать 7 гл. ""Записей"""
unlock_map_yi_7,解锁条件：阅读完成 记 第八回,解鎖條件：閱讀完成 記 第八章,"Clear ""Chronicle Chapter 8"" to unlock",解放条件：記ノ章・第八回を全て読む,"Прочитать 8 гл. ""Записей"""
unlock_map_yi_8,解锁条件：阅读完成 记 第九回,解鎖條件：閱讀完成 記 第九章,"Clear ""Chronicle Chapter 9"" to unlock",解放条件：記ノ章・第九回を全て読む,"Прочитать 9 гл. ""Записей"""
unlock_map_yi_9,解锁条件：阅读完成 记 第十回,解鎖條件：閱讀完成 記 第十章,"Clear ""Chronicle Chapter 10"" to unlock",解放条件：記ノ章・第十回を全て読む,"Прочитать 10 гл. ""Записей"""
unlock_map_yi_10,解锁条件：阅读完成 记 第十二回,解鎖條件：閱讀完成 記 第十二章,"Clear ""Chronicle Chapter 12"" to unlock",解放条件：記ノ章・第十二回を全て読む,"Прочитать 12 гл. ""Записей"""
unlock_map_yi_11,解锁条件：阅读完成 记 第十三回,解鎖條件：閱讀完成 記 第十三章,"Clear ""Chronicle Chapter 13"" to unlock",解放条件：記ノ章・第十三回を全て読む,"Прочитать 13 гл. ""Записей"""
unlock_map_yi_12,解锁条件：阅读完成 记 第十四回,解鎖條件：閱讀完成 記 第十四章,"Clear ""Chronicle Chapter 14"" to unlock",解放条件：記ノ章・第十四回を全て読む,"Прочитать 14 гл. ""Записей"""
unlock_map_yi_13,解锁条件：阅读完成 记 第十五回,解鎖條件：閱讀完成 記 第十五章,"Clear ""Chronicle Chapter 15"" to unlock",解放条件：記ノ章・第十五回を全て読む,"Прочитать 15 гл. ""Записей"""
unlock_map_yi_14,解锁条件：阅读完成 记 第十六回,解鎖條件：閱讀完成 記 第十六章,"Clear ""Chronicle Chapter 16"" to unlock",解放条件：記ノ章・第十六回を全て読む,"Прочитать 16 гл. ""Записей"""
,,,,,
,,,,,
unlock_map_other_1,解锁条件：阅读完成 任意结局,解鎖條件：閱讀完成 任意結局,"Clear ""Chronicle Chapter 2"" to unlock",解放条件：任意のエンディングをクリアする,Дочитать до конца любую концовку
,,,,,
,,,,,
unlock_map_end_1_a,解锁条件：记 第三回 选项解锁,解鎖條件：記 第三章 選項解鎖,"Choose specific option on ""Chronicle Chapter 3"" to unlock",解放条件：記ノ章・第三回の選択肢で解放,"Сделать выбор в 3 гл. ""Записей"""
unlock_map_end_1_b,解锁条件：记 第三回 选项解锁,解鎖條件：記 第三章 選項解鎖,"Choose specific option on ""Chronicle Chapter 3"" to unlock",解放条件：記ノ章・第三回の選択肢で解放,"Сделать выбор в 3 гл. ""Записей"""
unlock_map_end_1_c,解锁条件：记 第三回 选项解锁,解鎖條件：記 第三章 選項解鎖,"Choose specific option on ""Chronicle Chapter 3"" to unlock",解放条件：記ノ章・第三回の選択肢で解放,"Сделать выбор в 3 гл. ""Записей"""
,,,,,
,,,,,
,,,,,
,,,,,
,,,,,
,,,,,
,,,,,
,,,,,
,,,,,
unlock_map_end_3_c,解锁条件：记 第四回 选项解锁,解鎖條件：記 第四章 選項解鎖,"Choose specific option on ""Chronicle Chapter 4"" to unlock",解放条件：記ノ章・第四回の選択肢で解放,"Сделать выбор в 4 гл. ""Записей"""
unlock_map_end_4_a,解锁条件：记 第四回 选项解锁,解鎖條件：記 第四章 選項解鎖,"Choose specific option on ""Chronicle Chapter 4"" to unlock",解放条件：記ノ章・第四回の選択肢で解放,"Сделать выбор в 4 гл. ""Записей"""
unlock_map_end_4_b,解锁条件：记 第四回 选项解锁,解鎖條件：記 第四章 選項解鎖,"Choose specific option on ""Chronicle Chapter 4"" to unlock",解放条件：記ノ章・第四回の選択肢で解放,"Сделать выбор в 4 гл. ""Записей"""
unlock_map_end_4_2b,解锁条件：记 第四回 选项解锁,解鎖條件：記 第四章 選項解鎖,"Choose specific option on ""Chronicle Chapter 4"" to unlock",解放条件：記ノ章・第四回の選択肢で解放,"Сделать выбор в 4 гл. ""Записей"""
unlock_map_end_5_a,解锁条件：记 第五回 选项解锁,解鎖條件：記 第五章 選項解鎖,"Choose specific option on ""Chronicle Chapter 5"" to unlock",解放条件：記ノ章・第五回の選択肢で解放,"Сделать выбор в 5 гл. ""Записей"""
unlock_map_end_5_b,解锁条件：记 第五回 选项解锁,解鎖條件：記 第五章 選項解鎖,"Choose specific option on ""Chronicle Chapter 5"" to unlock",解放条件：記ノ章・第五回の選択肢で解放,"Сделать выбор в 5 гл. ""Записей"""
unlock_map_end_5_2b,解锁条件：记 第五回 选项解锁,解鎖條件：記 第五章 選項解鎖,"Choose specific option on ""Chronicle Chapter 5"" to unlock",解放条件：記ノ章・第五回の選択肢で解放,"Сделать выбор в 5 гл. ""Записей"""
unlock_map_end_6_a,解锁条件：记 第六回 选项解锁,解鎖條件：記 第六章 選項解鎖,"Choose specific option on ""Chronicle Chapter 6"" to unlock",解放条件：記ノ章・第六回の選択肢で解放,"Сделать выбор в 6 гл. ""Записей"""
unlock_map_end_6_3b,解锁条件：记 第六回 选项解锁,解鎖條件：記 第六章 選項解鎖,"Choose specific option on ""Chronicle Chapter 6"" to unlock",解放条件：記ノ章・第六回の選択肢で解放,"Сделать выбор в 6 гл. ""Записей"""
unlock_map_end_7_a,解锁条件：记 第七回 选项解锁,解鎖條件：記 第七章 選項解鎖,"Choose specific option on ""Chronicle Chapter 7"" to unlock",解放条件：記ノ章・第七回の選択肢で解放,"Сделать выбор в 7 гл. ""Записей"""
unlock_map_end_11_b,解锁条件：记 第十一回 选项解锁,解鎖條件：記 第十一章 選項解鎖,"Choose specific option on ""Chronicle Chapter 11"" to unlock",解放条件：記ノ章・第十一回の選択肢で解放,"Сделать выбор в 11 гл. ""Записей"""
unlock_map_end_14_c,解锁条件：记 第十四回 选项解锁,解鎖條件：記 第十四章 選項解鎖,"Choose specific option on ""Chronicle Chapter 14"" to unlock",解放条件：記ノ章・第十四回の選択肢で解放,"Сделать выбор в 14 гл. ""Записей"""
unlock_map_end_15_a,解锁条件：记 第十五回 选项解锁,解鎖條件：記 第十五章 選項解鎖,"Choose specific option on ""Chronicle Chapter 15"" to unlock",解放条件：記ノ章・第十五回の選択肢で解放,"Сделать выбор в 15 гл. ""Записей"""
unlock_map_end_19_1a,解锁条件：记 第十九回离城 选项解锁,解鎖條件：記 第十九章一 選項解鎖,"Choose specific option on ""Chronicle Chapter 19-1"" to unlock",解放条件：記ノ章・第十九回（一）の選択肢で解放,"Сделать выбор в 1 ч. 19 гл. ""Записей"""
,,,,,
unlock_map_commonEnd_1,解锁条件：记 第十九回离城 选项解锁,解鎖條件：記 第十九章一 選項解鎖,"Choose specific option on ""Chronicle Chapter 19-1"" to unlock",解放条件：記ノ章・第十九回（一）の選択肢で解放,"Сделать выбор в 1 ч. 19 гл. ""Записей"""
unlock_map_commonEnd_2,解锁条件：记 第十九回离城 选项解锁,解鎖條件：記 第十九章一 選項解鎖,"Choose specific option on ""Chronicle Chapter 19-1"" to unlock",解放条件：記ノ章・第十九回（一）の選択肢で解放,"Сделать выбор в 1 ч. 19 гл. ""Записей"""
unlock_map_commonEnd_3,解锁条件：记 第十八回二 选项解锁,解鎖條件：記 第十八章二 選項解鎖,"Choose specific option on ""Chronicle Chapter 18-2"" to unlock",解放条件：記ノ章・第十八回（二）の選択肢で解放,"Сделать выбор во 2 ч. 18 гл. ""Записей"""
unlock_map_commonEnd_4,解锁条件：记 第十八回二 选项解锁,解鎖條件：記 第十八章二 選項解鎖,"Choose specific option on ""Chronicle Chapter 18-2"" to unlock",解放条件：記ノ章・第十八回（二）の選択肢で解放,"Сделать выбор во 2 ч. 18 гл. ""Записей"""
unlock_map_commonEnd_5,解锁条件：记 第十九回逐流 选项解锁,解鎖條件：記 第十九章二 選項解鎖,"Choose specific option on ""Chronicle Chapter 19-2"" to unlock",解放条件：記ノ章・第十九回（二）の選択肢で解放,"Сделать выбор во 2 ч. 19 гл. ""Записей"""
unlock_map_commonEnd_6,解锁条件：记 第十九回逐流 选项解锁,解鎖條件：記 第十九章二 選項解鎖,"Choose specific option on ""Chronicle Chapter 19-2"" to unlock",解放条件：記ノ章・第十九回（二）の選択肢で解放,"Сделать выбор во 2 ч. 19 гл. ""Записей"""
unlock_map_commonEnd_7,解锁条件：记 第十九回逐流 选项解锁,解鎖條件：記 第十九章二 選項解鎖,"Choose specific option on ""Chronicle Chapter 19-2"" to unlock",解放条件：記ノ章・第十九回（二）の選択肢で解放,"Сделать выбор во 2 ч. 19 гл. ""Записей"""
unlock_map_commonEnd_8,解锁条件：记 第十八回四 选项解锁,解鎖條件：記 第十八章四 選項解鎖,"Choose specific option on ""Chronicle Chapter 18-4"" to unlock",解放条件：記ノ章・第十八回（四）の選択肢で解放,"Сделать выбор в 4 ч. 18 гл. ""Записей"""
unlock_map_commonEnd_9,解锁条件：记 第十九回哀鸿 选项解锁,解鎖條件：記 第十九章三 選項解鎖,"Choose specific option on ""Chronicle Chapter 19-3"" to unlock",解放条件：記ノ章・第十九回（三）の選択肢で解放,"Сделать выбор в 3 ч. 19 гл. ""Записей"""
unlock_map_commonEnd_10,解锁条件：记 第十九回哀鸿 选项解锁,解鎖條件：記 第十九章三 選項解鎖,"Choose specific option on ""Chronicle Chapter 19-3"" to unlock",解放条件：記ノ章・第十九回（三）の選択肢で解放,"Сделать выбор в 3 ч. 19 гл. ""Записей"""

















记-第一回,记-第一回醉梦,記-第一回,,記ノ章-第一回,Записи - Глава 1
记-第二回,记-第二回遇雁,記-第二回,,記ノ章-第二回,Записи - Глава 2
记-第三回,记-第三回搜刮,記-第三回,,記ノ章-第三回,Записи - Глава 3
记-第四回,记-第四回逃生,記-第四回,,記ノ章-第四回,Записи - Глава 4
记-第五回,记-第五回破幻,記-第五回,,記ノ章-第五回,Записи - Глава 5
记-第六回,记-第六回牲畜,記-第六回,,記ノ章-第六回,Записи - Глава 6
记-第七回,记-第七回畜生,記-第七回,,記ノ章-第七回,Записи - Глава 7
记-第八回,记-第八回生路,記-第八回,,記ノ章-第八回,Записи - Глава 8
记-第九回,记-第九回侠客,記-第九回,,記ノ章-第九回,Записи - Глава 9
记-第十回,记-第十回故地,記-第十回,,記ノ章-第十回,Записи - Глава 10
记-第十一回,记-第十一回故人,記-第十一回,,記ノ章-第十一回,Записи - Глава 11
记-第十二回,记-第十二回有鬼,記-第十二回,,記ノ章-第十二回,Записи - Глава 12
记-第十三回,记-第十三回浮光,記-第十三回,,記ノ章-第十三回,Записи - Глава 13
记-第十四回,记-第十四回掠影,記-第十四回,,記ノ章-第十四回,Записи - Глава 14
记-第十五回,记-第十五回身死,記-第十五回,,記ノ章-第十五回,Записи - Глава 15
记-第十六回,记-第十六回惊鸿,記-第十六回,,記ノ章-第十六回,Записи - Глава 16
记-第十七回,记-第十七回真相,記-第十七回,,記ノ章-第十七回,Записи - Глава 17
记-第十八回一,记-第十八回封刀一,記-第十八回一,,記ノ章-第十八回（一）,Записи - Глава 18 ч.1
记-第十八回二,记-第十八回封刀二,記-第十八回二,,記ノ章-第十八回（二）,Записи - Глава 18 ч.2
记-第十八回三,记-第十八回封刀三,記-第十八回三,,記ノ章-第十八回（三）,Записи - Глава 18 ч.3
记-第十八回四,记-第十八回封刀四,記-第十八回四,,記ノ章-第十八回（四）,Записи - Глава 18 ч.4
记-第十九回一,记-第十九回一离城,記-第十九回一,,記ノ章-第十九回（一）,Записи - Глава 19 ч.1
记-第十九回二,记-第十九回二逐流,記-第十九回二,,記ノ章-第十九回（二）,Записи - Глава 19 ч.2
记-第十九回三,记-第十九回三哀鸿,記-第十九回三,,記ノ章-第十九回（三）,Записи - Глава 19 ч.3
,,,,,
忆-第一回,忆-第一回烟,,,,
忆-第二回,忆-第二回雁,,,,
忆-第三回,忆-第三回藏,,,,
忆-第四回,忆-第四回囚,,,,
忆-第五回,忆-第五回灯,,,,
忆-第六回,忆-第六回夜,,,,
忆-第七回,忆-第七回桥,,,,
忆-第八回,忆-第八回坊,,,,
忆-第九回,忆-第九回阁,,,,
忆-第十回,忆-第十回情,,,,
忆-第十一回,忆-第十一回街,,,,
忆-第十二回,忆-第十二回舫,,,,
忆-第十三回,忆-第十三回别,,,,
忆-第十四回,忆-第十四回疯,,,,
,,,,,
,,,,,
结局-寻闯,结局-寻闯,結局-尋闖,,エンディング：尋闖,Концовка - В поисках «Идущего Напролом»
结局-出家,结局-出家,結局-出家,,エンディング：出家,Концовка - Постриг
结局-远舟,结局-远舟,結局-遠舟,,エンディング：遠舟,Концовка - Корабль вдали
结局-新朝,结局-新朝,結局-新朝,,エンディング：新朝,Концовка - Новая династия
结局-通海,结局-通海,結局-通海,,エンディング：通海,Концовка - Пособник пиратов
结局-烬志,结局-烬志,結局-燼志,,エンディング：燼志,"Концовка - Воля, рождённая из пепла"
结局-殉情,结局-殉情,結局-殉情,,エンディング：殉情,Концовка - Самоубийство влюблённых
结局-哭庙,结局-哭庙,結局-哭廟,,エンディング：哭廟,Концовка - Плакальщики в храме
红楼,红楼,紅樓,,紅楼,Красный терем
聊斋,聊斋,聊齋,,聊斎,Рассказы о необычайном
,,,,,
死于鹰妖1,死于鹰妖之一,死於鷹妖之一,,鷹妖に殺された・一,Смерть от яогуая-орла (1)
死于鹰妖2,死于鹰妖之二,死於鷹妖之二,,鷹妖に殺された・二,Смерть от яогуая-орла (2)
死于狼妖,死于狼妖,死於狼妖,,狼妖に殺された,Смерть от яогуая-волка
躲观音像后面,死于躲观音像后面,躲觀音像後面,,観音像の裏に隠れて死亡,Смерть при попытке спрятаться за статуей
东城区,死于东城区,東城區,,東城区にて死亡,Смерть в Восточном квартале
教场,死于教场,教場,,訓練場にて死亡,Смерть на учебном плацу
走张家巷,死于走张家巷,走張家巷,,張家巷にて死亡,Смерть в переулке Чжанцзя
正面对抗,死于正面对抗,正面對抗,,妖兵に正面から立ち向かい死亡,Смерть в схватке с яогуаем
贿赂妖兵,死于贿赂妖兵,賄賂妖兵,,妖兵に賄賂を渡し死亡,Смерть при попытке подкупа
不进屋继续跑,死于不进屋继续跑,不進屋繼續跑,,家に入らず逃げ続け死亡,Смерть при попытке бежать дальше
出手相助,死于出手相助,出手相助,,助けに入って死亡,Смерть при попытке помочь
拼命,死于拼命,拚命,,捨て身で戦い死亡,Смерть в отчаянной схватке
一鼓作气,死于一鼓作气，快速逃跑,一鼓作氣,,一念発起、駆け抜け死亡,Смерть при попытке побежать сломя голову
溺水,死于溺水,溺水,,溺れて死亡,Смерть в воде
偷袭妖兵,死于偷袭妖兵,偷襲妖兵,,妖兵を奇襲して死亡,Смерть при попытке напасть тайком
竖劈娃娃兵,死于竖劈娃娃兵,豎劈娃娃兵,,縦斬りを狙い少年兵に殺された,Смерть в схватке с «ребёнком-солдатом»
死于后方上马,死于后方上马,死於後方上馬,,後方より馬に乗ろうとして死亡,Смерть при попытке запрыгнуть на лошадь






结局-1a,,,,
结局-1b,,,,
结局-1c,,,,
结局-2,,,,
结局-3,,,,
结局-4,,,,
结局-5,,,,
结局-6,,,,
结局-7,,,,
结局-8,,,,
结局-9,,,,


穗-0,,,,
穗-1,,,,
穗-2,,,,
穗-3,,,,
穗-4,,,,
穗-5,,,,
穗-6,,,,
穗-7,,,,


,,,,
,,,,
,,,,
红儿,红儿,,,紅児,Хун'эр
,,,,,
,,,,,
琼华,琼华,,,瓊華,Цюнхуа
大琼华,琼华,,,瓊華,Цюнхуа
杂役,,,,雑役,Работник
女子,,,,女,Женщина
,,,,
当铺掌柜,当铺掌柜,,,質屋の店主,Владелец ломбарда
,,,,赤い服の娘,Девушка в красном
,,,,難民・甲,Беженец А
,,,,船頭,Лодочник
鸢,鸢,鳶,Kite,鳶,Юань
,,,,花街の女,Девушка с Цветочной улицы
,,,,王夫人,Госпожа Ван
馒头铺老板,馒头铺老板,饅頭鋪老闆,Bun Stand Owner,饅頭屋の主人,Владелец ларька с маньтоу
王生,王生,王生,Scholar Wang,王書生,Учёный Ван
杨军爷,杨军爷,楊軍爺,Officer Yang,楊兵長,Офицер Ян
传令兵,传令兵,傳令兵,Courier,伝令兵,Гонец
方知宥,方知宥,方知宥,Fang Zhiyou,方知宥,Фан Чжию
男子,男子,男子,Man,男,Мужчина
男娃,男娃,男娃,Boy,男の子,Мальчик
乞丐,乞丐,乞丐,Beggar,物乞い,Нищий
城民甲,城民甲,城民甲,Townsperson A,市民一,Горожанин А
城民乙,城民乙,城民乙,Townsperson B,市民二,Горожанин Б
老林头,老林头,老林頭,Old Man Lin,林老人,Старик Линь
苏怜烟,苏怜烟,蘇憐煙,Su Lianyan,蘇怜煙,Су Ляньянь
黄衫老太婆,黄衫老太婆,黃衫老太婆,Yellow-robed Old Lady,黄衣の老婆,Старуха в жёлтом балахоне
方家老仆,方家老仆,方家老僕,Fang Family Old Servant,方家の老僕,Слуга семьи Фан
女娃,女娃,女娃,Girl,少女,Девочка
小雁儿,小雁儿,小雁兒,Little Yan,小燕児,Лебёдушка
蓝甲彘妖,蓝甲彘妖,藍甲彘妖,Blue-armored Boar Demon,青甲の猪妖,Яогуай-вепрь
气度不凡的女人,气度不凡的女人,氣度不凡的女人,Distinguished Woman,気品のある女性,Статная женщина
赵老头,赵老头,趙老頭,Old Zhao,趙の老人,Старик Чжао
赵掌柜,赵掌柜,趙掌櫃,Shopkeeper Zhao,趙店主,Трактирщик Чжао
长相水灵的女娃,长相水灵的女娃,長相水靈的女娃,Delicate-looking Girl,容姿端麗な少女,Миленькая девочка
白甲豹妖,白甲豹妖,白甲豹妖,White-armored Leopard Demon,白甲の豹妖,Яогуай-леопард
红甲鹰妖,红甲鹰妖,紅甲鷹妖,Red-armored Eagle Demon,赤甲の鷲妖,Яогуай-орёл
小雁儿,小雁儿,小雁兒,Little Yan,小燕児,Лебёдушка
苏连雁,苏连雁,蘇連雁,Su Lean-yan,蘇連雁,Су Ляньянь
红甲狼妖,红甲狼妖,紅甲狼妖,Red-Armored Wolf Demon,赤鎧の狼妖,Яогуай-волк в красной броне
女声,女声,女聲,Female Voice,女の声,Женский голос
白甲彘妖,白甲彘妖,白甲彘妖,White-Armored Wolf Demon,白鎧の猪妖,Яогуай-вепрь в белой броне
空幻,空幻,空幻,Konghuan,空幻,Кунхуань
彘妖,彘妖,彘妖,Boar Demon,猪妖,Яогуай-вепрь
红甲彘妖,红甲彘妖,紅甲彘妖,Red-Armored Boar Demon,赤鎧の猪妖,Яогуай-вепрь в красной броне
男人甲,男人甲,男人甲,Male,男・甲,Мужчина А
男人乙,男人乙,男人乙,Male,男・乙,Мужчина Б
男人丙,男人丙,男人丙,Male,男・丙,Мужчина В
史阁部,史阁部,史閣部,Minister Shi,史閣部,Министр Ши
杂役,杂役,雜役,Servant,雑役,Работник
伯母,伯母,伯母,Aunt,伯母,Тётя
大伯,大伯,大伯,Elder Uncle,伯父,Дядя
红甲犬妖,红甲犬妖,紅甲犬妖,Red-Armored Dog Demon,赤鎧の犬妖,Яогуай-пёс в красной броне
良,良,良,Liang,良,Лян
屋外妖兵,屋外妖兵,屋外妖兵,Demon Soldier Outside,外の妖兵,Яогуай снаружи
民妇,民妇,民婦,Common Woman,女,Женщина
刘婆子,刘婆子,劉婆子,Old Woman Liu,劉ばあ,Старуха Лю
扬州难民甲,扬州难民甲,揚州難民甲,Yangzhou Refugee,揚州の難民・甲,Янчжоуский беженец А
扬州难民乙,扬州难民乙,揚州難民乙,Yangzhou Refugee,揚州の難民・乙,Янчжоуский беженец Б
林翩翩,林翩翩,林翩翩,Lin Pianpian,林翩翩,Линь Пяньпянь
勾栏客人甲,勾栏客人甲,勾欄客人甲,Brothel Guest,勾欄の客・甲,Посетитель А
,,,,,
后厨老李,后厨老李,後廚老李,Cook Li (Back Kitchen),厨房の李,Лао Ли с кухни
碧竹坊侍女,碧竹坊侍女,碧竹坊侍女,Jade Bamboo Hall Maidservant,碧竹坊の侍女,Служанка палаты
官军乙,官军乙,官軍乙,Government Soldier,官軍・乙,Солдат Б
小男娃,小男娃,小男娃,Little Boy,男の子,Мальчик
明慧,明慧,明慧,Minghui,明慧,Минхуэй
勾栏客人乙,勾栏客人乙,勾欄客人乙,Brothel Guest,勾欄の客・乙,Посетитель Б
蓝甲獾妖,蓝甲獾妖,藍甲獾妖,Blue-Armored Badger Demon,青鎧の獾妖,Яогуай-барсук в синей броне
鹂儿,鹂儿,鸝兒,Li'er,鵹児,Ли'эр
红儿,红儿,紅兒,Hong'er,紅児,Хун'эр
围观民众甲,围观民众甲,圍觀民眾甲,Spectator,野次馬・甲,Человек из толпы А
柳泉居士,柳泉居士,柳泉居士,Hermit of Willow Spring,柳泉居士,Отшельник Ивового источника
送茶老妪,送茶老妪,送茶老嫗,The tea-serving crone,給茶の老婆,Старуха-чаёвница
红肚兜娃娃兵,红肚兜娃娃兵,紅肚兜娃娃兵,The boy soldier in red bellybands,赤い前掛けの少年兵,"""Ребёнок-солдат"""
船夫,船夫,船夫,Boatman,船頭,Лодочник
店小二,店小二,店小二,Shop Assistant,店員,Работник
围观民众乙,围观民众乙,圍觀民眾乙,Spectator,野次馬・乙,Человек из толпы Б
曹霑,曹霑,曹霑,Cao Zhan,曹霑,Цао Чжань
月娘,月娘,月娘,Yue Niang,月娘,Юэнян
逃难母亲,逃难母亲,逃難母親,Refugee Mother,母親の難民,Спасённая мать
泠音阁客人甲,泠音阁客人甲,泠音閣客人甲,Lingyin Pavilion Guest,泠音閣の客・甲,Посетитель павильона А
哭声,哭声,哭聲,Crying Sound,泣き声,Плачущий голос
围观民众丙,围观民众丙,圍觀民眾丙,Spectator,野次馬・丙,Человек из толпы В
方恒,方恒,方恆,Fang Heng,方恒,Фан Хэн
蝶儿,蝶儿,蝶兒,Die’er,蝶児,Дье'эр
市集小贩,市集小贩,市集小販,Market Vendor,市場の売り子,Владелец прилавка
泠音阁客人乙,泠音阁客人乙,泠音閣客人乙,Lingyin Pavilion Guest,泠音閣の客・乙,Посетитель павильона Б
何家坟难民甲,何家坟难民甲,何家墳難民甲,Hejia Tomb Refugee,何家墳の難民・甲,Беженец у кладбища А
围观民众丁,围观民众丁,圍觀民眾丁,Spectator,野次馬・丁,Человек из толпы Г
民众甲,民众甲,民眾甲,Civilian,市民・甲,Горожанин А
老妪,老妪,老嫗,The crone,老婆,Старуха
桥上人甲,桥上人甲,橋上人甲,Bridge Figure,橋の男・甲,Человек на мосту А
红甲牛妖,红甲牛妖,紅甲牛妖,The Red-Armored Ox Demon,赤鎧の牛妖,Яогуай-бык в красной броне
翠儿,翠儿,翠兒,Cui'er,翠児,Цуй'эр
老伯,老伯,老伯,Old Man,老人,Старый дядюшка
民众乙,民众乙,民眾乙,Civillian,市民・乙,Горожанин Б
玉莲,玉莲,玉蓮,Yulian,玉蓮,Юйлянь
桥上人乙,桥上人乙,橋上人乙,Bridge Figure,橋の男・乙,Человек на мосту Б
红甲马妖,红甲马妖,紅甲馬妖,The Red-Armored Horse Demon,赤鎧の馬妖,Яогуай-конь в красной броне
浮光茶舍客人,浮光茶舍客人,浮光茶舍客人,Floating Light Teahouse Patron,浮光茶舎の客,Посетитель чайной
兴平伯残兵甲,兴平伯残兵甲,興平伯殘兵甲,Marquess Xingping’s Wounded Soldier,興平伯軍の残党・甲,Солдат бо Синпина А
满穗,满穗,滿穗,Man Sui,満穂,Маньсуй
酒肆老板,酒肆老板,酒肆老闆,Bar Owner,酒場の店主,Хозяин таверны
桥人人乙,桥人人乙,橋人人乙,Bridge Figure,橋の男・乙,Человек на мосту Б
红甲羊妖,红甲羊妖,紅甲羊妖,The Red-Armored Sheep Demon,赤鎧の羊妖,Яогуай-баран в красной броне
穿孝服的男子,穿孝服的男子,穿孝服的男子,Man in Mourning Attire,喪服の男,Человек в траурной одежде
兴平伯残兵乙,兴平伯残兵乙,興平伯殘兵乙,Marquess Xingping’s Wounded Soldier,興平伯軍の残党・乙,Солдат бо Синпина Б
地痞流氓甲,地痞流氓甲,地痞流氓甲,Ruffian,ちんぴら・甲,Забияка А
柳巷姑娘甲,柳巷姑娘甲,柳巷姑娘甲,Willow Lane Maiden,柳巷の娘・甲,"Девушка с ""Ивового переулка"" А"
红甲彘妖甲,红甲彘妖甲,紅甲彘妖甲,Red-Armored Boar Demon,赤鎧の猪妖・甲,Яогуай-вепрь в красной броне А
稚童甲,稚童甲,稚童甲,Young Child,子供・甲,Ребёнок А
穿丧服的男子,穿丧服的男子,穿喪服的男子,Man in Mourning Attire,喪服の男,Человек в траурной одежде
黑脸将军,黑脸将军,黑臉將軍,The Black-Faced General,黒顔の将軍,Смуглолицый генерал
地痞流氓乙,地痞流氓乙,地痞流氓乙,Ruffian,ちんぴら・乙,Забияка Б
柳巷姑娘乙,柳巷姑娘乙,柳巷姑娘乙,Willow Lane Maiden,柳巷の娘・乙,"Девушка с ""Ивового переулка"" Б"
红甲彘妖乙,红甲彘妖乙,紅甲彘妖乙,Red-Armored Boar Demon,赤鎧の猪妖・乙,Яогуай-вепрь в красной броне Б
稚童乙,稚童乙,稚童乙,Young Child,子供・乙,Ребёнок Б
蓝甲熊妖,蓝甲熊妖,藍甲熊妖,Blue-Armored Bear Demon,青鎧の熊妖,Яогуай-медведь в синей броне
兴平伯将领,兴平伯将领,興平伯將領,Marquess Xingping’s Commander,興平伯軍の将軍,Главарь войск бо Синпина
柳巷姑娘丙,柳巷姑娘丙,柳巷姑娘丙,Willow Lane Maiden,柳巷の娘・丙,"Девушка с ""Ивового переулка"" В"
碧竹坊小厮,碧竹坊小厮,碧竹坊小廝,Jade Bamboo Hall Servant,碧竹坊の丁稚,Мальчик-слуга палаты
稚童丙,稚童丙,稚童丙,Young Child,子供・丙,Ребёнок В
妖兵,妖兵,妖兵,Demon soldier,妖兵,Яогуай-солдат
逃难男人甲,逃难男人甲,逃難男人甲,Refugee Man,難民の男・甲,Спасающийся мужчина А
柳巷姑娘丁,柳巷姑娘丁,柳巷姑娘丁,Willow Lane Maiden,柳巷の娘・丁,"Девушка с ""Ивового переулка"" Г"
心兰,心兰,心蘭,Xinlan,心蘭,Синьлань
难民女甲,难民女甲,難民女甲,Refugee Woman,難民の女・甲,Спасающаяся женщина А
妖兵甲,妖兵甲,妖兵甲,Demon Soldier,妖兵・甲,Яогуай-солдат А
逃难男人乙,逃难男人乙,逃難男人乙,Refugee Man,難民の男・乙,Спасающийся мужчина Б
被绑男人甲,被绑男人甲,被綁男人甲,Bound Man,縛られた男・甲,Связанный мужчина А
撞衫公子,撞衫公子,撞衫公子,Young Master,服かぶりの令息,Собрат-по-одежде
难民女乙,难民女乙,難民女乙,Refugee Woman,難民の女・乙,Спасающаяся женщина Б
妖兵乙,妖兵乙,妖兵乙,Demon Soldier,妖兵・乙,Яогуай-солдат Б
宽脸红甲士兵,宽脸红甲士兵,寬臉紅甲士兵,Broad-Faced Red-Armored Soldier,大きい顔の兵士,Широколицый солдат
被绑男人乙,被绑男人乙,被綁男人乙,Bound Man,縛られた男・乙,Связанный мужчина Б
胖富商,胖富商,胖富商,Plump Rich Merchant,太った豪商,Толстый торговец
景姨,景姨,景姨,Aunt Jing,景ばあ,Тётушка Цзин
刻珠匠人,刻珠匠人,刻珠匠人,Bead Carver,数珠職人,Резчик
逃难男人丙,逃难男人丙,逃難男人丙,Refugee Man,難民の男・丙,Спасающийся мужчина В
后厨主厨,后厨主厨,後廚主廚,Head Chef (Back Kitchen),厨房の料理長,Главный повар
不修边幅的老者,不修边幅的老者,不修邊幅的老者,Unkempt Old Man,だらしない老人,Небрежно одетый старик
官军甲,官军甲,官軍甲,Government Soldier,官軍・甲,Солдат А
掌柜,掌柜,掌櫃,Shopkeeper,店主,Владелец лавки
逃难男人丁,逃难男人丁,逃難男人丁,Refugee Man,難民の男・丁,Спасающийся мужчина Г
侠,侠,俠,Hero,侠客,Герой
黄衫姑娘,黄衫姑娘,黃衫姑娘,Yellow-dressed Girl,黄衫の娘,Девушка в жёлтом платье
神秘女子,神秘女子,神秘女子,Mysterious Lady,謎の女,Загадочная женщина
空幻和尚,空幻和尚,空幻和尚,Monk Konghuan,空幻和尚,Монах Кунхуань
哭泣的姑娘,哭泣的姑娘,哭泣的姑娘,The Crying Girl,泣いている娘,Плачущая девушка
女子的声音,女子的声音,女子的聲音,The woman's voice,女の声,Женский голос
明宥,明宥,明宥,Ming You,明宥,Минъю
远处的声音,远处的声音,遠處的聲音,The distant sound,遠くから聞こえる声,Голос вдалеке

明末千里行,明末千里行,明末千里行,Journey in the End of the Empire,帝國の終焉への旅
猫,猫,貓,Cat,ねこ
幽闭恐惧,幽闭恐惧,幽閉恐懼,Claustrophobia,閉鎖恐怖症
孤风凄雨,孤风凄雨,孤風淒雨,Dismal Rain,歎かわしい風雨
白日无光_可循环,白日无光,白日無光,Sunless Daylight(Loopable),太陽のない日差し_ループ可能
剑拔弩张_可循环,剑拔弩张,劍拔弩張,Daggers Drawn(Loopable),一觸即発_ループ可能
良穗相遇,良穗相遇,良穗相遇,Meet,出會える
芸芸众生_可循环,芸芸众生,芸芸眾生,Every Living Being(Loopable),生きている人間すべて_ループ可能

闯王行,闯王行,闖王行,Li's March,闖王行
燃血之时,燃血之时,燃血之時,When Blood Ignites,血燃ゆる刻
狼的救赎,狼的救赎,狼的救贖,Redemption of the Wolf,狼の救済
旅途_可循环,旅途,旅途,Voyage (Loopable),旅路_ループ可能
孩童与风_可循环,孩童与风,孩童與風,Child and the Wind (Loopable),わらべと風_ループ可能
皮影戏_可循环,皮影戏,皮影戲,Shadow Play (Loopable),影絵劇_ループ可能
心近之刻_可循环,心近之刻,心近之刻,Instant of Closeness (Loopable),寄り合う心_ループ可能
饥荒绝望_可循环,饥荒绝望,饑荒絕望,Desperation in Starvation (Loopable),飢える絶望_ループ可能


妖兵入城,妖兵入城,妖兵入城,Demon Soldiers March In,妖兵襲来,Яогуаи входят в город
烟云消散,烟云消散,煙雲消散,Gone with the Haze,煙雲が晴れ,Дымка рассеивается
烟花风月,烟花风月,煙花風月,Fireworks and Romantic Nights,花鳥風月,Дела любовные
雨井烟垣,雨井烟垣,雨井煙垣,Rainy Wells and Misty Walls,雨の井戸、煙昇る壁,Запустение
心悸时刻,心悸时刻,心悸時刻,Heartbeat Moment,早鐘を打つ心,Сердце дрогнуло
繁华落尽,繁华落尽,繁華落盡,Demon Soldiers March In,栄華没す,Великолепие отцвело
花街柳巷,花街柳巷,花街柳巷,Streets of Flowers and Willows,花街と柳巷,"""Цветочная улица"" и ""Ивовый переулок"""
重重墙囚,重重墙囚,重重牆囚,Prisoner of Endless Walls,囲われた囚人,Заключённый в стенах
青梅竹马,青梅竹马,青梅竹馬,Childhood Sweethearts,幼馴染,Друзья детства
一等青楼,一等青楼,一等青樓,Finest House of Pleasure,一等青楼,"Первоклассный ""зелёный терем"""
与雁同行,與雁同行,與雁同行,Journey with Yan,雁と共に,Вместе с Лебёдушкой
曲终人散,曲終人散,曲終人散,"The music fades, the crowd departs",宴のあと,Затишье после веселья
侠心凛然,俠心凜然,俠心凜然,A noble heart stands firm,凛然たる義侠心,Суровое сердце героя











setting_sign_left_speed,慢,慢,Slow,遅い,Медлен.
setting_sign_right_speed,快,快,Fast,速い,Быстр.
setting_sign_left_value,低,低,Low,小,Низк.
setting_sign_right_value,高,高,High,大,Выс.
setting_language,语言设置,語言設定,Language,言語設定,Язык
setting_screen_mode,画面设置,畫面設定,Screen Mode,画面表示,Режим экрана
setting_skip_mode,选项设置,選項設定,Skip Mode,スキップ,Пропуск текста
setting_text_speed,文字速度,文字速度,Text Display Speed,文字の表示速度,Скорость текста
setting_auto_speed,自动速度,自動速度,Auto Mode Speed,自動送りの速度,Скорость авто режима
setting_window_opacity,窗口透明度,窗口透明度,Window Transparent,ウィンドウの透過率,Прозрачность окна
setting_volume_master,总音量,總音量,Master Volume,マスターボリューム,Общая громкость
setting_volume_music,BGM音量,BGM音量,Music Volume,BGM音量,Громкость музыки
setting_volume_sfx,SE音量,SE音量,SFX Volume,SE音量,Громкость звуков
setting_volume_bge,环境音量,環境音量,BGE Volume,環境音の音量,Громкость звуков окружения
setting_volume_volce,语音音量,語音音量,Voice Volume,ボイス音量,Громкость голосов
setting_mute_voice,中断语音,中斷語音,Mute Voice,ボイスの中断,Заглушить голоса
text_staff,制作名单,製作名單,Staff,クレジット,Титры
text_staff_skip,跳过,跳過,SKIP,スキップ,Пропустить
,,,,,Яогуаи входят в город
,,,,,Дымка рассеивается
,,,,,Дела любовные
,,,,,Запустение
,,,,,Сердце дрогнуло
,,,,,
结语1,谨以此作献给为“不再有饿殍”致力终身的人,謹以此作獻給為“不再有餓殍”致力終身的人,"This game is dedicated to those fighting for ""No More Starving"".",この作品を“もう餓死者が出ないように”生涯をかけた人たちに捧げたい,Цветочная улица и Ивовый переулок
结语2,以及有缘相遇的你,以及有緣相遇的你,"And to you, our players!",そして、縁があってこの作品に出会ってくれたあなたにも,Заключённый в стенах
九年后,九年后,九年後,Nine Years Passed,九年後,Друзья детства
完,完,完,FIN,FIN,Первоклассный зелёный терем




setting_volume_sulianyan_1,小雁儿,小雁兒,Little Yan,小雁,Маленькая Гусь,
setting_volume_sulianyan_2,苏怜烟,蘇憐煙,Su Lianyan,蘇憐煙,Су Ляньянь,
setting_volume_linpianpian,林翩翩,林翩翩,Lin Pianpian,林翩翩,Линь Пэньпэнь,
setting_volume_qionghua,琼华,瓊華,Qiong Hua,瓊華,Цюнхуа,
setting_volume_fangzhiyou,方知宥,方知宥,Fang Zhiyou,方知宥,Фан Чжию,
setting_volume_sui,穗,穗,Sui,穂,Суй,
setting_volume_liang,良,良,Liang,良,Лян,
setting_volume_wangsheng,王生,王生,Scholar Wang,王生,Ван Шэн,
setting_volume_longtao,其他,其他,Others,その他,Другие
,,,,,Пропуск текста
setting_volume_character_title,角色音量,角色音量,Character Volume,個別ボイス音量,Громкость персонажей
setting_volume_return,退出音量设定,退出音量設定,Return,戻る,Назад
setting_voice_detail,角色音量设定,角色音量設定,Character Settings,個別ボイス音量設定,Настройки громкости персонажей
setting_voice_language,声音语言,聲音語言,Voice language,ボイス言語,Язык озвучки
Voice_SC,中文,中文,Chinese,中国語,Китайский
Voice_Japanese,日语,日語,Japanese,日本語,Японский
,,,,,
,,,,,
text_assist_scene_title,进入标题页面,進入標題頁面,Enter the title page,タイトルページへ,Введите страницу заголовка
text_assist_game_start,开始游戏,從頭開始,from scratch,一から始める,С самого начала.
text_assist_game_load,读档存档,繼續旅途,Continue the journey,旅を続ける,Поездка продолжается.
text_assist_plotmap,流程图,思緒整理,Mind organization,心の整理,Размышления
text_assist_gallery,鉴赏馆,駐足回想,Stop and think back,立ち止まって思い出す,Остановись и вспомни.
text_assist_game_extra,良田满穗番外,,,,
text_assist_setting,设置,設定,Settings,設定,настройка
text_assist_game_quit,退出游戏,退出遊戲,Exit Game,ゲームを終了する,Выйти из игры
text_assist_main_game,进入播放剧情界面,進入播放劇情介面,Enter the play plot interface,ストーリー画面へ,Введите интерфейс воспроизведения
text_assist_main_plotmap,按A 进入流程图,按A進入流程圖,Press A to enter the flowchart,Aを押してフローチャートに入る,Нажмите A для ввода в блок - схему
text_assist_main_save,按S 存储进度,按S存儲進度,Store progress according to S,Sによる進捗状況の保存,Нажмите S для сохранения прогресса
text_assist_main_load,按D 加载进度,按D加載進度,Load progress according to D,Dによるロードの進行状況,Прогресс загрузки по D
text_assist_main_auto,按F 自动播放,按F自動播放,Press F to play automatically,Fを押して自動再生,Нажмите F для автоматического воспроизведения
text_assist_main_skip,按K 跳过,按K跳過,Press K to skip,Kでスキップ,"Нажмите K, чтобы пропустить"
text_assist_main_history,按H 历史记录,按H歷史記錄,According to H historical records,H履歴別,По истории H
text_assist_main_setting,按ESC 设置,按ESC設定,Set according to ESC settings,ESCで設定,Настройка ESC
text_assist_config_title,进入设置页面,進入設定頁面,Enter the settings page,設定ページに進む,Введите страницу настройки
text_assist_config_language_pre,前一种语言,前一種語言,Previous language,前の言語,Предыдущий язык
text_assist_config_language_next,后一种语言,後一種語言,The latter language,後者の言語,Последний язык
text_assist_config_screen_full,全屏模式,全屏模式,fullscreen mode,フルスクリーンモード,Полноэкранный режим
text_assist_config_screen_window,窗口模式,視窗模式,window mode,ウィンドウモード,Режим окна
text_assist_config_skip_read,跳过已读,跳過已讀,Skip Read,既読をスキップ,Пропустить прочитанное
text_assist_config_skip_all,跳过全部,跳過全部,Skip all,すべてスキップ,Пропустить все
text_assist_config_speed_word,文字速度,文字速度,text speed,文字の速度,Скорость текста
text_assist_config_speed_auto,自动速度,自動速度,auto speed,じどうそくど,автоматическая скорость
text_assist_config_transparency_window,窗口透明度,視窗透明度,Window Transparency,ウィンドウの透明度,Прозрачность окна
text_assist_config_volume_total,总音量,總音量,Total volume,総音量,Общая громкость
text_assist_config_volume_bgm,背景音乐音量,背景音樂音量,Background music volume,BGMの音量,Фоновая музыка
text_assist_config_volume_se,音效音量,音效音量,Sound effect volume,サウンドボリューム,Звуковая громкость
text_assist_config_volume_ambient,环境音量,環境音量,ambient volume,環境音量,Окружающая громкость
text_assist_config_volume_voice,语音音量,語音音量,voice volume,おんせいおんりょう,Звуковая громкость
text_assist_config_break_click,点击后中断语音,點擊後中斷語音,Interrupt voice after clicking,クリック後に音声を中断,Перерыв речи после нажатия
text_assist_config_break_nextdialog,播放下句对话时中断语音,播放下句對話時中斷語音,Interrupt voice when playing the next conversation,次のセッションの再生中に音声を中断する,Прерывание речи при воспроизведении следующего разговора
text_assist_config_reset,重置选项,重置選項,Reset options,オプションをリセット,Параметры сброса
text_assist_config_exitgame,结束游戏,結束遊戲,End the game,ゲームを終了する,закончить игру
text_assist_config_return_title,回到标题,回到標題,Return to Title,タイトルに戻る,Вернуться к заголовку
text_assist_config_back,返回上一级,返回上一級,Go back to the previous level,前のレベルに戻る,Вернуться на верхний уровень
text_assist_plotmap_back,返回上一级,返回上一級,Go back to the previous level,前のレベルに戻る,Вернуться на верхний уровень
text_assist_archive_title,存档读档页面,存檔讀檔頁面,Archive Reading Page,アーカイブ・リード・ページ,Архив страницы чтения
text_assist_archive_back,返回上一级,返回上一級,Go back to the previous level,前のレベルに戻る,Вернуться на верхний уровень
text_assist_staff_enter,制作名单页面，长按空格键跳过，跳过后音乐中断，期间无法执行其他操作,製作名單頁面，長按空白鍵跳過，跳過後音樂中斷，期間無法執行其他操作,"Create a list page, long press the spacebar to skip, music will be interrupted after skipping, and no other operations can be performed during this period",リストページを作成し、スペースキーを長押ししてスキップし、スキップすると音楽が中断し、その間に他の操作を実行できない,"Создать страницу списка, пропустить длинным нажатием пробелов, пропустить после прерывания музыки, в течение которого невозможно выполнить другие действия"
text_assist_staff_exit,已退出制作名单,已退出製作名單,Retired from the production list,リストの作成を終了しました,Вышла из списка
page 1,第一页,,,,Великолепие отцвело
page 2,第二页,,,,Цветочная улица и Ивовый переулок
page 3,第三页,,,,Заключённый в стенах
page 4,第四页,,,,Друзья детства
page 5,第五页,,,,Первоклассный зелёный терем
page 6,第六页
page 7,第七页
page 8,第八页
page 9,第九页
page 10,第十页
page 11,第十一页
page 12,第十二页,,,,Медлен.
page 13,第十三页,,,,Быстр.
page 14,第十四页,,,,Низк.
page 15,第十五页,,,,Выс.
Auto,自动,,,,Язык
No.  1,存档1,,,,Режим экрана
No.  2,存档2,,,,Пропуск текста
No.  3,存档3,,,,Скорость текста
No.  4,存档4,,,,Скорость авто режима
No.  5,存档5,,,,Прозрачность окна
No.  6,存档6,,,,Общая громкость
No.  7,存档7,,,,Громкость музыки
No.  8,存档8,,,,Громкость звуков
No.  9,存档9,,,,Громкость звуков окружения
No.  10,存档10,,,,Громкость голосов
No.  11,存档11,,,,Заглушить голоса
No.  12,存档12,,,,Титры
No.  13,存档13,,,,Пропустить
No.  14,存档14
No.  15,存档15
No.  16,存档16
No.  17,存档17
No.  18,存档18
No.  19,存档19
No.  20,存档20
No.  21,存档21
No.  22,存档22
No.  23,存档23
No.  24,存档24
No.  25,存档25
No.  26,存档26
No.  27,存档27
No.  28,存档28
No.  29,存档29
No.  30,存档30
No.  31,存档31
No.  32,存档32
text_assist_gallery_back,返回上一级
text_assist_gallery_cg,画像鉴赏
text_assist_gallery_music,乐曲鉴赏
text_assist_gallery_staff,制作名单,制作名单,Staff,クレジット,Титры
text_assist_pop_button_yes,确认
text_assist_pop_button_no,取消
text_pop_title,确认选择吗？,确认选择吗？,Confirm selection?,これで決定しますか?,Подтвердить?
text_assist_operate_refused,当前模式不支持快捷操作，请手动选择返回按钮,当前模式不支持快捷操作，请手动选择返回按钮,"Please select back button,this action is not supported in current state!","Please select back button,this action is not supported in current state!",
text_assist_archive_info,"存档序号:{0},章节名:{1},历史文本:{2}","存档序号:{0},章节名:{1},历史文本:{2}","存档序号:{0},章节名:{1},历史文本:{2}","存档序号:{0},章节名:{1},历史文本:{2}",
text_assist_archice_null,空存档，序号:{0},空存档，序号:{0},空存档，序号:{0},空存档，序号:{0},
,重置选项
,结束游戏
,回到标题
,返回上一级
,返回上一级
,存档读档页面
,返回上一级
,制作名单页面，长按空格键跳过，跳过后音乐中断，期间无法执行其他操作,
,已退出制作名单,
,第一页
,第二页
,第三页
,第四页
,第五页
,第六页
,第七页
,第八页
,第九页
,第十页
,第十一页
,第十二页
,第十三页
,第十四页
,第十五页
,自动
,存档1
,存档2
,存档3
,存档4
,存档5
,存档6
,存档7
,存档8
,存档9
,存档10
,存档11
,存档12
,存档13
,存档14
,存档15
,存档16
,存档17
,存档18
,存档19
,存档20
,存档21
,存档22
,存档23
,存档24
,存档25
,存档26
,存档27
,存档28
,存档29
,存档30
,存档31
,存档32
,返回上一级
,画像鉴赏
,乐曲鉴赏
,制作名单,制作名单,Staff,クレジット,Титры
,确认
,取消
,确认选择吗？,确认选择吗？,Confirm selection?,これで決定しますか?,Подтвердить?
,当前模式不支持快捷操作，请手动选择返回按钮,当前模式不支持快捷操作，请手动选择返回按钮,"Please select back button,this action is not supported in current state!","Please select back button,this action is not supported in current state!",
,"存档序号:{0},章节名:{1},历史文本:{2}","存档序号:{0},章节名:{1},历史文本:{2}","存档序号:{0},章节名:{1},历史文本:{2}","存档序号:{0},章节名:{1},历史文本:{2}",
,空存档，序号:{0},空存档，序号:{0},空存档，序号:{0},空存档，序号:{0},
txt_unlock_other,通关任意结局解锁,通關任意結局解鎖,Unlock any outcome after completing the level,任意のエンディングをクリアして解放,



结语1,二十七年前,二十七年前,Twenty-seven years ago,二十七年前,Двадцать семь лет назад
结语2,补序：抱歉，我的病愈加严重，最终难以握笔，未能写完百回，知宥看得更慢一些吧。,補序：抱歉，我的病癒加嚴重，最終難以握筆，未能寫完百回，知宥看得更慢一些吧。,"""Postscript:  Sorry, my illness grew worse, until I could barely hold a pen and ultimately failed to complete the hundred chapters. I suppose Zhiyou will just have to read even more slowly.""",追伸。ごめんなさい。病気の悪化がひどくて、筆を執る事すらままならなくなってしまい、百回まで書くことができなかった。だからもう少しゆっくり読んで,"Дополнительное предисловие: Прошу прощения, моя болезнь обострилась, и в конце концов я уже не смог держать перо в руке, так и не дописав сто глав. Надеюсь, вы проявите терпение и будете читать немного медленнее."
结语3,"您已通关《哀鸿：城破十日记》的普通结局,本游戏含有两个真结局，等待您的解锁。","您已通關《哀鴻：城破十日記》的普通結局,本遊戲含有兩個真結局，等待您的解鎖。",You have completed the Normal Ending of The Weeping Swan: Ten Days of the City's Fall. This game features two True Endings waiting for you to unlock.,『泣き叫ぶ雁』のノーマルエンドをクリアしました。このゲームには二つの真エンディングがあります。ぜひ辿りついてみてください。,"Вы прошли обычный финал игры «Айхун: Дневник десяти дней после падения города». В этой игре есть два настоящих финала, которые ждут, когда вы их откроете."
结语4,十三年前,十三年前,Thirteen years ago,十三年前,Тринадцать лет назад
结语5,完,完,End,完,Конец
结语6,谨以此作，致那些已逝而长存的：爱情与信念、历史与文化。以及由此而生的亿万却唯一的奇迹——,謹以此作，致那些已逝而長存的：愛情與信念、歷史與文化。以及由此而生的億萬卻唯一的奇蹟——,"To those who have passed away yet live on forever: love and faith, history and culture. And to the countless yet unique miracles born of them—",今や過去となり、それでも生き続ける愛と信念に、そして歴史と文化に、そしてそこから生まれた幾千万もの唯一の奇跡に、この作品を捧ぐ。,"Посвящаю эту работу тем, кто ушел, но остался в вечности: любви и вере, истории и культуре. А также миллиардам уникальных чудес, рожденных ими..."
结语7,谨以此作，献给有缘相遇的你。,謹以此作，獻給有緣相遇的你。,"To you, in this fated encounter.",縁あって巡り会えたあなたに、この作品を捧ぐ。,"Посвящаю эту работу тебе, с кем судьба свела меня."
结语8,在天愿作比翼鸟，在地愿为连理枝。,在天願作比翼鳥，在地願為連理枝。,"In heaven, I wish to be a pair of lovebirds; on earth, I aspire to be twining branches.",天上なら比翼の鳥となり、地上なら連理の枝となろう。
结语9,此情可待成追忆，只是当时已惘然。,此情可待成追憶，只是當時已惘然。,"This feeling can only be recalled in retrospect, but at that time, I was already in a daze.",この情は思い出にできるとしても、ただ当時はもう茫然としていた。
结语12,另一种可能,另一種可能,another possibility,もう一つの可能性
结语13,还有一事……,還有一事……,There's one more thing,もう一つ、あることですが……
结语14,如果……,如果……,If...,もし……

结语16,更多的希望、更多的可能……,更多的希望、更多的可能……,"More hopes, more possibilities",より多くの希望、より多くの可能性……
结语17,感谢你的相遇、陪伴和坚持，给了她一个美好的结局。,感謝你的相遇、陪伴和堅持，給了她一個美好的結局。,"Thank you for meeting, accompanying, and persisting, which gave her a beautiful ending.",出会ってくれたこと、一緒にいてくれたこと、そして諦めずにいてくれたことに感謝し、彼女に素晴らしい結末を与えてくれた。
结语18,最后，感谢你支持这款游戏。,最後，感謝你支持這款遊戲。,"Lastly, thank you for supporting this game.",最後に、このゲームを支持してくれたことに感謝します。
