#SHEET_NAME,Texture
,Label,Type,X,Y,Z,Pivot,Scale,Conditional,FileName,FileType,SubFileName,Animation,RenderTexture,RenderRect,RenderTextureScale,Thumbnail,CgCategolly



,华州城街道昼,Bg,,,,,,,华州城街道昼
,城门战火,Bg,,,,,,,城门战火
,城门战火夜,Bg,,,,,,,城门战火夜
,扬州小巷压抑,Bg,,,,,,,扬州小巷压抑
,扬州小巷阴,Bg,,,,,,,扬州小巷阴
,扬州小巷雨天,Bg,,,,,,,扬州小巷雨天

,方院外街道压抑,Bg,,,,,,,方院外街道压抑
,方院,Bg,,,,,,,方院
,王家大院,Bg,,,,,,,王家大院
,王家大院街道,Bg,,,,,,,王家大院街道
,王家大院街道压抑,Bg,,,,,,,王家大院街道压抑
,王家大院街道夜,Bg,,,,,,,王家大院街道夜
,花魁房间,Bg,,,,,,,花魁房间
,花魁房间开,Bg,,,,,,,花魁房间开
,花魁房间开夜,Bg,,,,,,,花魁房间开夜
,集市,Bg,,,,,,,集市
,集市压抑,Bg,,,,,,,集市压抑
,集市雨,Bg,,,,,,,集市雨

,右屋,Bg,,,,,,,右屋
,左屋阴,Bg,,,,,,,左屋阴
,左屋忆,Bg,,,,,,,左屋忆
,左屋雨,Bg,,,,,,,左屋雨

,方院外街道4,Bg,,,,,,,方院外街道4
,和尚陋室夜,Bg,,,,,,,和尚陋室夜
,和尚陋室,Bg,,,,,,,和尚陋室
,西商前厅,Bg,,,,,,,西商前厅
,西商后厅,Bg,,,,,,,西商后厅

,三等青楼,Bg,,,,,,,三等青楼

,碧竹坊夜,Bg,,,,,,,碧竹坊夜
,碧竹坊昼,Bg,,,,,,,碧竹坊昼

,藏身处夕阳,Bg,,,,,,,藏身处夕阳
,柳巷,Bg,,,,,,,柳巷
,画舫内景昼提交,Bg,,,,,,,画舫内景昼提交
,画舫内景夜提交,Bg,,,,,,,画舫内景夜提交
,画舫空镜头,Bg,,,,,,,画舫空镜头
,何家坟,Bg,,,,,,,何家坟
,方院雨天,Bg,,,,,,,方院雨天
,二十四桥忆篇,Bg,,,,,,,二十四桥忆篇
,二十四桥记篇夜,Bg,,,,,,,二十四桥记篇夜
,二十四桥记偏,Bg,,,,,,,二十四桥记偏
,二十四桥忆篇夜,Bg,,,,,,,二十四桥忆篇夜

,二等花魁室内夜,Bg,,,,,,,二等花魁室内夜
,二等花魁室内清晨,Bg,,,,,,,二等花魁室内清晨

,东城茶舍晴,Bg,,,,,,,茶舍忆昼
,勾栏,Bg,,,,,,,勾栏
,花街房间夜,Bg,,,,,,,花街房间夜
,花街房间昼,Bg,,,,,,,花街房间昼
,破庙城破夜,Bg,,,,,,,破庙城破夜
,破庙,Bg,,,,,,,破庙
,四艺堂长廊冷清,Bg,,,,,,,四艺堂长廊冷清
,张家巷夜,Bg,,,,,,,张家巷夜
,张家巷阴,Bg,,,,,,,张家巷阴

,左屋忆夜,Bg,,,,,,,左屋忆夜

,藏身处夜,Bg,,,,,,,藏身处夜
,藏身处昼,Bg,,,,,,,藏身处昼
,地窖昼,Bg,,,,,,,地窖昼
,包子店,Bg,,,,,,,包子店
,西商仓库夜,Bg,,,,,,,西商仓库夜
,碧竹坊天亮,Bg,,,,,,,碧竹坊2
,东关街忆夜,Bg,,,,,,,东关街忆夜
,东关街城破夜,Bg,,,,,,,东关街城破夜
,东关街城破阴,Bg,,,,,,,东关街城破阴
,东关街忆阴,Bg,,,,,,,东关街忆阴

,花街,Bg,,,,,,,花街


,城门前夜,Bg,,,,,,,城门前夜
,城门前晴,Bg,,,,,,,城门前晴

,青楼外街道1,Bg,,,,,,,青楼外街道1
,青楼外街道夜,Bg,,,,,,,青楼外街道夜
,青楼外街道昼残破,Bg,,,,,,,青楼外街道昼残破
,青楼外街道夜残破,Bg,,,,,,,青楼外街道夜残破

,青楼中庭破败昼,Bg,,,,,,,青楼中庭破败昼
,青楼中庭繁华夜,Bg,,,,,,,青楼中庭繁华夜
,青楼中庭破败夜,Bg,,,,,,,青楼中庭破败夜

,青楼中庭晴天,Bg,,,,,,,青楼中庭晴天


,东关街忆晴,Bg,,,,,,,东关街忆晴


,扬州西商街屠杀,Bg,,,,,,,扬州西商街屠杀
,扬州西商街夜,Bg,,,,,,,扬州西商街夜
,扬州西商街昼,Bg,,,,,,,扬州西商街昼

,第一青楼1晴,Bg,,,,,,,第一青楼1晴
,第一青楼1夜,Bg,,,,,,,第一青楼1夜
,第一青楼1黄昏,Bg,,,,,,,第一青楼1黄昏
,第一青楼2昼,Bg,,,,,,,第一青楼2昼
,第一青楼2夜,Bg,,,,,,,第一青楼2夜

,当铺废墟,Bg,,,,,,,当铺废墟
,当铺昼,Bg,,,,,,,当铺昼
,扬州城内茅草屋,Bg,,,,,,,扬州城内茅草屋

,茶舍忆昼,Bg,,,,,,,茶舍忆昼

,,,,,,,,,
,扬州西商街屠杀昼,Bg,,,,,,,扬州西商街屠杀昼
,青楼外街道3,Bg,,,,,,,青楼外街道3

,哀鸿-茶舍破阴,Bg,,,,,,,哀鸿-茶舍破阴
,哀鸿-茶舍破阴夜,Bg,,,,,,,哀鸿-茶舍破阴夜

,破庙外景城破阴,Bg,,,,,,,破庙外景城破阴
,破庙外景忆夜,Bg,,,,,,,破庙外景忆夜


,四艺堂小间,Bg,,,,,,,四艺堂小间
,四艺堂小间冷清,Bg,,,,,,,四艺堂小间冷清


,西商仓库关,Bg,,,,,,,西商仓库关

,右屋雨,Bg,,,,,,,右屋雨

,荒村,Bg,,,,,,,荒村
,荒村夜,Bg,,,,,,,荒村夜

,马厩,Bg,,,,,,,马厩
,马腿,Bg,,,,,,,马腿

,野外森林,Bg,,,,,,,野外森林
,泠音阁南面正门城破夜,Bg,,,,,,,泠音阁南面正门城破夜
,泠音阁南面正门城破阴,Bg,,,,,,,泠音阁南面正门城破阴
,泠音阁南面正门晴,Bg,,,,,,,泠音阁南面正门晴

,堆尸城墙夜,Bg,,,,,,,堆尸城墙夜
,堆尸城墙昼,Bg,,,,,,,堆尸城墙昼
,堆尸屋子,Bg,,,,,,,堆尸屋子

,四艺堂长廊,Bg,,,,,,,四艺堂长廊

,天空夜,Bg,,,,,,,天空夜
,天空阴,Bg,,,,,,,天空阴
,天空黄昏,Bg,,,,,,,天空黄昏

,客栈,Bg,,,,,,,客栈
,城门前,Bg,,,,,,,城门前

,天空晴,Bg,,,,,,,天空

,王家大院街道夜反,Bg,,,,,,,王家大院街道夜反
,方院外街道雨,Bg,,,,,,,方院外街道雨
,方院外街道,Bg,,,,,,,方院外街道
,王家大院街道雨,Bg,,,,,,,王家大院街道雨

,客栈外,Bg,,,,,,,客栈外

,背景期待,Bg,,,,,,,end1
,宣传背景,Bg,,,,,,,end2

,马车窗,Bg,,,,,,,马车窗

,后厨,Bg,,,,,,,后厨

,西商仓库昼,Bg,,,,,,,西商仓库昼

,碧竹坊夜残破,Bg,,,,,,,碧竹坊夜残破

,天空,Bg,,,,,,,天空

,地窖夜,Bg,,,,,,,地窖夜

,茶舍夜,Bg,,,,,,,茶舍夜

,东关街关口,Bg,,,,,,,东关街关口
,东关街关口夜,Bg,,,,,,,东关街关口夜
,东关街巷口,Bg,,,,,,,东关街巷口
,东关街巷口夜,Bg,,,,,,,东关街巷口夜
,泰州渡口,Bg,,,,,,,泰州渡口

,船窗,Bg,,,,,,,船窗
,船窗夜,Bg,,,,,,,船窗夜

,夜战火,Bg,,,,,,,夜战火
,方园,Bg,,,,,,,方园

,郊外夜,Bg,,,,,,,郊外夜
,郊外晴,Bg,,,,,,,郊外晴
,郊外阴,Bg,,,,,,,郊外阴
,张家巷雨,Bg,,,,,,,张家巷雨
,何家坟夜,Bg,,,,,,,何家坟夜
,死亡地砖昼无雨,Bg,,,,,,,死亡地砖昼无雨

,集市夜,Bg,,,,,,,集市夜
,死亡地砖夜无雨,Bg,,,,,,,死亡地砖夜无雨
,破茶舍,Bg,,,,,,,破茶舍
,张家巷夜火雨,Bg,,,,,,,张家巷夜火雨
,荒村室,Bg,,,,,,,荒村室
,荒村室夜,Bg,,,,,,,荒村室夜
,荒村草,Bg,,,,,,,荒村草
,楼梯,Bg,,,,,,,楼梯
,方院夜,Bg,,,,,,,方院夜
,破庙夜,Bg,,,,,,,破庙夜
,右屋夜,Bg,,,,,,,右屋夜
,贫民街道,Bg,,,,,,,贫民街道
,客房,Bg,,,,,,,客房
,客房夜,Bg,,,,,,,客房夜
,方院外街道忆夜,Bg,,,,,,,方院外街道忆夜
,扬州西商街黄昏,Bg,,,,,,,扬州西商街黄昏
,杭州城断桥,Bg,,,,,,,杭州城断桥

,东关街雨,Bg,,,,,,,东关街雨
,泰州渡口夜,Bg,,,,,,,泰州渡口夜
,故事天空,Bg,,,,,,,故事天空
,二十四桥雨无血,Bg,,,,,,,二十四桥雨无血
,二十四桥黄昏,Bg,,,,,,,二十四桥黄昏
,四艺堂长廊夜,Bg,,,,,,,四艺堂长廊夜
,右屋雨盖,Bg,,,,,,,右屋雨盖
,四艺堂小间夜,Bg,,,,,,,四艺堂小间夜
,破庙城破夜雨,Bg,,,,,,,破庙城破夜雨
,夜晚屠杀扬州西商街雨,Bg,,,,,,,夜晚屠杀扬州西商街雨
,东关街巷口忆晴,Bg,,,,,,,东关街巷口忆晴
,西商前厅夜,Bg,,,,,,,西商前厅夜
,破庙外景城破阴雨,Bg,,,,,,,破庙外景城破阴雨
,何家坟外缘,Bg,,,,,,,何家坟外缘
,天空雨,Bg,,,,,,,天空雨
,校场雨,Bg,,,,,,,校场雨
,二倍王家大院街道,Bg,,,,,,,二倍王家大院街道


,黑,Sprite,,,,,,,黑


,忆-刻字手串,Sprite,,45,,,0.9,,忆-刻字手串
,忆-大闹天宫绘本,Sprite,,45,,,0.9,,忆-大闹天宫绘本
,忆-打火石,Sprite,,45,,,0.9,,忆-打火石
,忆-提灯,Sprite,,45,,,0.9,,忆-提灯
,忆-梁祝,Sprite,,45,,,0.9,,忆-梁祝
,忆-泠音阁请柬,Sprite,,45,,,0.9,,忆-泠音阁请柬
,忆-花魁请帖,Sprite,,45,,,0.9,,忆-花魁请帖
,忆-长笛,Sprite,,45,,,0.9,,忆-长笛
,忆-香囊,Sprite,,45,,,0.9,,忆-香囊
,记-刀片,Sprite,,45,,,0.9,,记-刀片
,记-刻字手串,Sprite,,45,,,0.9,,记-刻字手串
,记-剃发刀,Sprite,,45,,,0.9,,记-剃发刀
,记-女儿红,Sprite,,45,,,0.9,,记-女儿红
,记-扬州十日记手稿,Sprite,,45,,,0.9,,记-扬州十日记手稿
,记-桂花糕,Sprite,,45,,,0.9,,记-桂花糕
,记-梁祝,Sprite,,45,,,0.9,,记-梁祝
,记-清军盔甲,Sprite,,45,,,0.9,,记-清军盔甲
,记-珠宝箱,Sprite,,45,,,0.9,,记-珠宝箱
,记-空幻的饭,Sprite,,45,,,0.9,,记-空幻的饭
,记-老林头的纸团,Sprite,,45,,,0.9,,记-老林头的纸团
,记-花魁玉簪,Sprite,,45,,,0.9,,记-花魁玉簪
,记-西游记五十四回,Sprite,,45,,,0.9,,记-西游记五十四回
,记-金丝耳环,Sprite,,45,,,0.9,,记-金丝耳环
,记-铃医笔记,Sprite,,45,,,0.9,,记-铃医笔记
,记-闯军令牌,Sprite,,45,,,0.9,,记-闯军令牌
,记-陶响球与拨浪鼓,Sprite,,45,,,0.9,,记-陶响球与拨浪鼓
,记-香囊,Sprite,,45,,,0.9,,记-香囊
,记-琼华簪子,Sprite,,45,,,0.9,,记-琼华簪子
,记-当铺木盒,Sprite,,45,,,0.9,,记-当铺木盒
,记-当铺木箱,Sprite,,45,,,0.9,,记-当铺木箱
,忆-林翩翩木板,Sprite,,45,,,0.9,,忆-林翩翩木板
,桂花糕摔碎,Sprite,,45,,,0.9,,桂花糕摔碎



,王生与杨军爷_人视,Event,,,,,,,Ji/CG1-1王生与杨军爷,,,,,,,CG1-1王生与杨军爷
,王生与杨军爷_兽视,Event,,,,,,,Ji/CG1-2王生与杨军爷,,,,,,,CG1-1王生与杨军爷

,王生与杨军爷2-2,Event,,,,,,,Ji/王生与杨军爷2-2,,,,,,,CG1-1王生与杨军爷
,王生与杨军爷2-3,Event,,,,,,,Ji/王生与杨军爷2-3,,,,,,,CG1-1王生与杨军爷
,王生与杨军爷2-4,Event,,,,,,,Ji/王生与杨军爷2-4,,,,,,,CG1-1王生与杨军爷


,史可法兵败,Event,,,,,,,Ji/CG20-史可法兵败,,,,,,,CG20-史可法兵败
,两军交战,Event,,,,,,,Ji/CG21-两军交战,,,,,,,CG21-两军交战
,溃逃,Event,,,,,,,Ji/CG22-溃逃,,,,,,,CG22-溃逃
,旗子,Event,,,,,,,Ji/CG23-1旗子,,,,,,,CG23-1旗子
,旗子-箭雨,Event,,,,,,,Ji/CG23-2旗子,,,,,,,CG23-1旗子
,旗子-起火,Event,,,,,,,Ji/CG23-3旗子,,,,,,,CG23-1旗子
,妖兵先登,Event,,,,,,,Ji/CG24-妖兵先登,,,,,,,CG24-妖兵先登
,,,,,,,,,,,,,,,,

,静听,Event,,,,,,,Yi/CG2-1静听,,,,,,,cg2,
,静听-开盖子,Event,,,,,,,Yi/CG2-2静听,,,,,,,cg2
,静听-拿药丸,Event,,,,,,,Yi/CG2-3静听,,,,,,,cg2
,静听-放药丸,Event,,,,,,,Yi/CG2-4静听,,,,,,,cg2
,回眸,Event,,,,,,,Yi/CG3-回眸,,,,,,,cg3

,方喝酒1,Event,,,,,,,CG68/cg68_1,,,,,,,cg100
,方喝酒2,Event,,,,,,,CG68/cg68_2,,,,,,,cg100
,方喝酒3,Event,,,,,,,CG68/cg68_3,,,,,,,cg100
,方喝酒4,Event,,,,,,,CG68/cg68_4,,,,,,,cg100
,,
,多铎登场,Event,,,,,,,scatter/多铎登场,,,,,,,多铎登场
,妖兵入城_天亮,Event,,,,,,,scatter/妖兵入城_天亮,,,,,,,妖兵入城_天亮
,史可法斩首p1,Event,,,,,,,scatter/史可法斩首p1,,,,,,,cg60
,,,,,,,,,
,史可法斩首p3,Event,,,,,,,scatter/史可法斩首p3,,,,,,,cg62
,史可法斩首p4,Event,,,,,,,scatter/史可法斩首p4,,,,,,,cg63
,史可法斩首p5,Event,,,,,,,scatter/史可法斩首p5,,,,,,,cg64
,史可法斩首p6,Event,,,,,,,scatter/史可法斩首p6,,,,,,,cg65
,史可法斩首p7,Event,,,,,,,scatter/史可法斩首p7,,,,,,,cg66
,逃,Event,,,,,,,Yi/cg4,,,,,,,cg4
,见缸中苏怜烟,Event,,,,,,,scatter/cg1_1,,,,,,,cg1
,,
,见缸中苏怜烟2,Event,,,,,,,scatter/cg1_2,,,,,,,cg1
,见缸中苏怜烟3,Event,,,,,,,scatter/cg1_3,,,,,,,cg1
,见缸中苏怜烟4,Event,,,,,,,scatter/cg1_4,,,,,,,cg1
,,
,,
,,
,,
,逃2,Event,,,,,,,CG5/cg5,,,,,,,cg5
,,
,梁上对视1,Event,,,,,,,scatter/cg6_1,,,,,,,cg6
,梁上对视2,Event,,,,,,,scatter/cg6_2,,,,,,,cg6
,梁上对视3,Event,,,,,,,scatter/cg6_3,,,,,,,cg6

,螺丝结顶巷,Event,,,,,,,scatter/螺丝结顶巷,,,,,,,cg71

,林翩翩仓库见,Event,,,,,,,scatter/cg15,,,,,,,cg15

,,,,,,,,,,,,,,,,

,初见林翩翩,Event,,,,,,,CG11/cg11_1,,,,,,,cg11
,初见林翩翩2,Event,,,,,,,CG11/cg11_2,,,,,,,cg11
,初见林翩翩3,Event,,,,,,,CG11/cg11_3,,,,,,,cg11


,林翩翩跟随1,Event,,,,,,,CG14/cg14_1,,,,,,,cg14
,林翩翩跟随2,Event,,,,,,,CG14/cg14_2,,,,,,,cg14
,,


,苏怜烟出场1,Event,,,,,,,CG24/cg24,,,,,,,cg24




,小雁儿消散1,Event,,,,,,,scatter/CG8_1,,,,,,,cg8
,小雁儿消散2,Event,,,,,,,scatter/CG8_2,,,,,,,cg8
,小雁儿消散3,Event,,,,,,,scatter/CG8_3,,,,,,,cg8
,小雁儿消散4,Event,,,,,,,scatter/CG8_4,,,,,,,cg8
,小雁儿消散5,Event,,,,,,,scatter/CG8_5,,,,,,,cg8
,小雁儿消散6,Event,,,,,,,scatter/CG8_6,,,,,,,cg8
,小雁儿消散7,Event,,,,,,,scatter/CG8_7,,,,,,,cg8

,苏连雁点火1,Event,,,,,,,scatter/CG9_1,,,,,,,cg9
,苏连雁点火2,Event,,,,,,,scatter/CG9_2,,,,,,,cg9
,苏连雁点火3,Event,,,,,,,scatter/CG9_3,,,,,,,cg9
,苏连雁点火4,Event,,,,,,,scatter/CG9_4,,,,,,,cg9

,一起躺地上1,Event,,,,,,,CG6/cg6_1,,,,,,,cg7
,一起躺地上2,Event,,,,,,,CG6/cg6_2,,,,,,,cg7
,一起躺地上3,Event,,,,,,,CG6/cg6_3,,,,,,,cg7
,一起躺地上4,Event,,,,,,,CG6/cg6_4,,,,,,,cg7
,一起躺地上5,Event,,,,,,,CG6/cg6_5,,,,,,,cg7
,一起躺地上6,Event,,,,,,,CG6/cg6_6,,,,,,,cg7
,一起躺地上7,Event,,,,,,,CG6/cg6_7,,,,,,,cg7
,一起躺地上8,Event,,,,,,,CG6/cg6_8,,,,,,,cg7
,一起躺地上9,Event,,,,,,,CG6/cg6_9,,,,,,,cg7
,隔门相谈1,Event,,,,,,,CG10/cg10_1,,,,,,,cg10
,隔门相谈2,Event,,,,,,,CG10/cg10_2,,,,,,,cg10
,隔门相谈3,Event,,,,,,,CG10/cg10_3,,,,,,,cg10
,隔门相谈4,Event,,,,,,,CG10/cg10_4,,,,,,,cg10
,隔门相谈5,Event,,,,,,,CG10/cg10_5,,,,,,,cg10

,林翩翩侧卧1,Event,,,,,,,CG12/cg12_1,,,,,,,cg12
,林翩翩侧卧2,Event,,,,,,,CG12/cg12_2,,,,,,,cg12
,林翩翩侧卧3,Event,,,,,,,CG12/cg12_3,,,,,,,cg12
,林翩翩侧卧4,Event,,,,,,,CG12/cg12_4,,,,,,,cg12
,林翩翩侧卧5,Event,,,,,,,CG12/cg12_5,,,,,,,cg12
,林翩翩侧卧6,Event,,,,,,,CG12/cg12_6,,,,,,,cg12

,方侧卧1,Event,,,,,,,CG13/cg13_1,,,,,,,cg13
,方侧卧2,Event,,,,,,,CG13/cg13_2,,,,,,,cg13
,方侧卧3,Event,,,,,,,CG13/cg13_3,,,,,,,cg13
,方侧卧4,Event,,,,,,,CG13/cg13_4,,,,,,,cg13
,,
,,
,,
,,
,,
,,

,,
,,
,押送方知宥,Event,,,,,,,CG56/cg56,,,,,,,cg56
,,
,苏怜烟弹琴1,Event,,,,,,,CG25/cg25_1,,,,,,,cg25
,苏怜烟弹琴2,Event,,,,,,,CG25/cg25_2,,,,,,,cg25

,钗头凤1,Event,,,,,,,CG26/cg26_1,,,,,,,cg26
,钗头凤2,Event,,,,,,,CG26/cg26_2,,,,,,,cg26
,钗头凤3,Event,,,,,,,CG26/cg26_3,,,,,,,cg26
,钗头凤4,Event,,,,,,,CG26/cg26_4,,,,,,,cg26
,钗头凤5,Event,,,,,,,CG26/cg26_5,,,,,,,cg26
,,
,,
,,
,,
,夜花魁闺房拥抱1,Event,,,,,,,CG27/cg27_1,,,,,,,cg27
,夜花魁闺房拥抱2,Event,,,,,,,CG27/cg27_2,,,,,,,cg27
,夜花魁闺房拥抱3,Event,,,,,,,CG27/cg27_3,,,,,,,cg27



,方换装1,Event,,,,,,,CG30/cg30_1,,,,,,,cg30
,方换装2,Event,,,,,,,CG30/cg30_2,,,,,,,cg30
,方换装3,Event,,,,,,,CG30/cg30_3,,,,,,,cg30
,方换装4,Event,,,,,,,CG30/cg30_4,,,,,,,cg30
,方换装5,Event,,,,,,,CG30/cg30_5,,,,,,,cg30
,方换装6,Event,,,,,,,CG30/cg30_6,,,,,,,cg30
,方换装7,Event,,,,,,,CG30/cg30_7,,,,,,,cg30





,良杀,Event,,,,,,,scatter/CG17,,,,,"x=0.5,y=0.5",0.5,cg17
,良面对妖兵,Event,,,,,,,scatter/CG18,,,,,,0.5,cg18

,林翩翩吃包子1,Event,,,,,,,CG31/cg31_1,,,,,,,cg31
,林翩翩吃包子2,Event,,,,,,,CG31/cg31_2,,,,,,,cg31
,,,,,,,,,

















,故人宴请1,Event,,,,,,,CG50/cg50_1,,,,,,,cg50
,故人宴请2,Event,,,,,,,CG50/cg50_2,,,,,,,cg50
,故人宴请3,Event,,,,,,,CG50/cg50_3,,,,,,,cg50
,故人宴请4,Event,,,,,,,CG50/cg50_4,,,,,,,cg50

,王生茶馆1,Event,,,,,,,CG51/cg51_1,,,,,,,cg51
,王生茶馆2,Event,,,,,,,CG51/cg51_2,,,,,,,cg51
,王生茶馆3,Event,,,,,,,CG51/cg51_3,,,,,,,cg51
,王生茶馆4,Event,,,,,,,CG51/cg51_4,,,,,,,cg51
,王生茶馆5,Event,,,,,,,CG51/cg51_5,,,,,,,cg51
,王生茶馆6,Event,,,,,,,CG51/cg51_6,,,,,,,cg51

,翩翩望舫1,Event,,,,,,,CG54/cg54_1,,,,,,,cg54
,翩翩望舫2,Event,,,,,,,CG54/cg54_2,,,,,,,cg54


,林翩翩揽客1,Event,,,,,,,CG32/cg32_1,,,,,,,cg32
,林翩翩揽客2,Event,,,,,,,CG32/cg32_2,,,,,,,cg32
,林翩翩揽客3,Event,,,,,,,CG32/cg32_3,,,,,,,cg32





,琼华分粥,Event,,,,,,,CG19/cg19_1,,,,,,,cg19
,琼华分粥2,Event,,,,,,,CG19/cg19_2,,,,,,,cg19



,林掏出桂花糕,Event,,,,,,,CG16/cg16,,,,,,,cg16







,最后的拥抱1,Event,,,,,,,CG29/cg29_1,,,,,,,cg29
,最后的拥抱2,Event,,,,,,,CG29/cg29_2,,,,,,,cg29
,最后的拥抱3,Event,,,,,,,CG29/cg29_3,,,,,,,cg29
,最后的拥抱4,Event,,,,,,,CG29/cg29_4,,,,,,,cg29
,苏怜烟身死1,Event,,,,,,,CG28/cg28_1,,,,,,,cg28
,苏怜烟身死2,Event,,,,,,,CG28/cg28_2,,,,,,,cg28
,林翩翩离别1,Event,,,,,,,CG49/cg49_1,,,,,,,cg49
,林翩翩离别2,Event,,,,,,,CG49/cg49_2,,,,,,,cg49
,林翩翩离别3,Event,,,,,,,CG49/cg49_3,,,,,,,cg49





,寻闯1,Event,,,,,,,End1/1,,,,,,,寻闯
,寻闯2,Event,,,,,,,End1/2,,,,,,,寻闯
,寻闯3,Event,,,,,,,End1/3,,,,,,,寻闯
,寻闯4,Event,,,,,,,End1/4,,,,,,,寻闯
,寻闯5,Event,,,,,,,End1/5,,,,,,,寻闯
,寻闯6,Event,,,,,,,End1/6,,,,,,,寻闯
,寻闯7,Event,,,,,,,End1/7,,,,,,,寻闯
,寻闯8,Event,,,,,,,End1/8,,,,,,,寻闯
,寻闯9,Event,,,,,,,End1/9,,,,,,,寻闯
,寻闯10,Event,,,,,,,End1/10,,,,,,,寻闯
,寻闯结局前,Event,,,,,,,EndAll/1,,,,,,,寻闯
,寻闯结局,Event,,,,,,,CG39/cg39_1,,,,,,,cg39




,远舟1,Event,,,,,,,End2/1,,,,,,,远舟
,远舟2,Event,,,,,,,End2/2,,,,,,,远舟
,远舟3,Event,,,,,,,End2/3,,,,,,,远舟
,远舟4,Event,,,,,,,End2/4,,,,,,,远舟
,远舟5,Event,,,,,,,End2/5,,,,,,,远舟
,远舟6,Event,,,,,,,End2/6,,,,,,,远舟
,远舟7,Event,,,,,,,End2/7,,,,,,,远舟
,远舟8,Event,,,,,,,End2/8,,,,,,,远舟
,远舟结局前,Event,,,,,,,EndAll/2,,,,,,,远舟
,远舟结局,Event,,,,,,,CG40/cg40,,,,,,,cg40


,出家1,Event,,,,,,,End3/1,,,,,,,出家
,出家2,Event,,,,,,,End3/2,,,,,,,出家
,出家3,Event,,,,,,,End3/3,,,,,,,出家
,出家4,Event,,,,,,,End3/4,,,,,,,出家
,出家5,Event,,,,,,,End3/5,,,,,,,出家
,出家6,Event,,,,,,,End3/6,,,,,,,出家
,出家7,Event,,,,,,,End3/7,,,,,,,出家
,出家8,Event,,,,,,,End3/8,,,,,,,出家
,出家9,Event,,,,,,,End3/9,,,,,,,出家
,出家10,Event,,,,,,,End3/10,,,,,,,出家
,出家11,Event,,,,,,,End3/11,,,,,,,出家
,出家12,Event,,,,,,,End3/12,,,,,,,出家
,,
,,
,出家结局前,Event,,,,,,,EndAll/4,,,,,,,出家
,出家结局,Event,,,,,,,CG42/cg42_2,,,,,,,cg42




,新朝1,Event,,,,,,,End4/1,,,,,,,新朝
,新朝2,Event,,,,,,,End4/2,,,,,,,新朝
,新朝3,Event,,,,,,,End4/3,,,,,,,新朝
,新朝4,Event,,,,,,,End4/4,,,,,,,新朝
,新朝5,Event,,,,,,,End4/5,,,,,,,新朝
,新朝6,Event,,,,,,,End4/6,,,,,,,新朝
,新朝7,Event,,,,,,,End4/7,,,,,,,新朝
,新朝8,Event,,,,,,,End4/8,,,,,,,新朝
,新朝9,Event,,,,,,,End4/9,,,,,,,新朝
,新朝10,Event,,,,,,,End4/10,,,,,,,新朝
,新朝11,Event,,,,,,,End4/11,,,,,,,新朝
,新朝12,Event,,,,,,,End4/12,,,,,,,新朝
,新朝13,Event,,,,,,,End4/13,,,,,,,新朝
,新朝13_1,Event,,,,,,,End4/13_1,,,,,,,新朝
,新朝14,Event,,,,,,,End4/14,,,,,,,新朝
,新朝15,Event,,,,,,,End4/15,,,,,,,新朝
,新朝结局前,Event,,,,,,,EndAll/3,,,,,,,新朝
,新朝结局,Event,,,,,,,CG41/cg41,,,,,,,cg41





,哭庙1,Event,,,,,,,End5/1,,,,,,,哭庙
,哭庙2,Event,,,,,,,End5/2,,,,,,,哭庙
,哭庙3,Event,,,,,,,End5/3,,,,,,,哭庙
,哭庙4,Event,,,,,,,End5/4,,,,,,,哭庙
,哭庙5,Event,,,,,,,End5/5,,,,,,,哭庙
,哭庙6,Event,,,,,,,End5/6,,,,,,,哭庙
,哭庙7,Event,,,,,,,End5/7,,,,,,,哭庙
,哭庙8,Event,,,,,,,End5/8,,,,,,,哭庙
,哭庙8_1,Event,,,,,,,End5/8_1,,,,,,,哭庙
,哭庙9,Event,,,,,,,End5/9,,,,,,,哭庙
,哭庙10,Event,,,,,,,End5/10,,,,,,,哭庙
,哭庙11,Event,,,,,,,End5/11,,,,,,,哭庙
,哭庙12,Event,,,,,,,End5/12,,,,,,,哭庙
,哭庙13,Event,,,,,,,End5/13,,,,,,,哭庙
,哭庙14,Event,,,,,,,End5/14,,,,,,,哭庙
,哭庙15,Event,,,,,,,End5/15,,,,,,,哭庙
,哭庙16,Event,,,,,,,End5/16,,,,,,,哭庙
,哭庙结局前,Event,,,,,,,EndAll/5,,,,,,,哭庙
,哭庙结局,Event,,,,,,,CG43/cg43_1,,,,,,,cg43




,通海1,Event,,,,,,,End6/1,,,,,,,通海
,通海2,Event,,,,,,,End6/2,,,,,,,通海
,通海3,Event,,,,,,,End6/3,,,,,,,通海
,通海4,Event,,,,,,,End6/4,,,,,,,通海
,通海5,Event,,,,,,,End6/5,,,,,,,通海
,通海6,Event,,,,,,,End6/6,,,,,,,通海
,通海7,Event,,,,,,,End6/7,,,,,,,通海
,通海7_1,Event,,,,,,,End6/7_1,,,,,,,通海
,通海8,Event,,,,,,,End6/8,,,,,,,通海
,通海9,Event,,,,,,,End6/9,,,,,,,通海
,通海10,Event,,,,,,,End6/10,,,,,,,通海
,通海11,Event,,,,,,,End6/11,,,,,,,通海
,通海结局前,Event,,,,,,,EndAll/6,,,,,,,通海
,通海结局,Event,,,,,,,CG44/cg44_1,,,,,,,cg44
,,
,烬志1,Event,,,,,,,End7/1,,,,,,,烬志
,烬志2,Event,,,,,,,End7/2,,,,,,,烬志
,烬志3,Event,,,,,,,End7/3,,,,,,,烬志
,烬志4,Event,,,,,,,End7/4,,,,,,,烬志
,烬志5,Event,,,,,,,End7/5,,,,,,,烬志
,烬志6,Event,,,,,,,End7/6,,,,,,,烬志
,烬志7,Event,,,,,,,End7/7,,,,,,,烬志
,烬志8,Event,,,,,,,End7/8,,,,,,,烬志
,烬志9,Event,,,,,,,End7/9,,,,,,,烬志
,烬志10,Event,,,,,,,End7/10,,,,,,,烬志
,烬志11,Event,,,,,,,End7/11,,,,,,,烬志
,烬志12,Event,,,,,,,End7/12,,,,,,,烬志
,烬志13,Event,,,,,,,End7/13,,,,,,,烬志
,烬志14,Event,,,,,,,End7/14,,,,,,,烬志
,,
,,
,烬志结局前,Event,,,,,,,EndAll/7,,,,,,,烬志
,烬志结局,Event,,,,,,,CG45/cg45_1,,,,,,,cg45
,,
,,
,,
,,
,,


,聊斋1,Event,,,,,,,End8/1,,,,,,,聊斋
,聊斋2,Event,,,,,,,End8/2,,,,,,,聊斋
,聊斋3,Event,,,,,,,End8/3,,,,,,,聊斋
,聊斋4,Event,,,,,,,End8/4,,,,,,,聊斋
,聊斋5,Event,,,,,,,End8/5,,,,,,,聊斋
,聊斋6,Event,,,,,,,End8/6,,,,,,,聊斋
,聊斋7,Event,,,,,,,End8/7,,,,,,,聊斋
,聊斋8,Event,,,,,,,End8/8,,,,,,,聊斋
,聊斋9,Event,,,,,,,End8/9,,,,,,,聊斋
,聊斋10,Event,,,,,,,End8/10,,,,,,,聊斋
,聊斋11,Event,,,,,,,End8/11,,,,,,,聊斋
,聊斋12,Event,,,,,,,End8/12,,,,,,,聊斋
,聊斋13,Event,,,,,,,End8/13,,,,,,,聊斋
,聊斋结局前,Event,,,,,,,EndAll/8,,,,,,,聊斋
,聊斋结局,Event,,,,,,,CG46/cg46_1,,,,,,,cg46
,,
,,
,,
,,
,,
,,


,,
,,
,,
,,
,,
,,
,,
,红楼1,Event,,,,,,,End9/1,,,,,,,红楼
,红楼2,Event,,,,,,,End9/2,,,,,,,红楼
,红楼3,Event,,,,,,,End9/3,,,,,,,红楼
,红楼4,Event,,,,,,,End9/4,,,,,,,红楼
,红楼5,Event,,,,,,,End9/5,,,,,,,红楼
,红楼6,Event,,,,,,,End9/6,,,,,,,红楼
,红楼7,Event,,,,,,,End9/7,,,,,,,红楼
,红楼8,Event,,,,,,,End9/8,,,,,,,红楼
,红楼9,Event,,,,,,,End9/9,,,,,,,红楼
,红楼10,Event,,,,,,,End9/10,,,,,,,红楼
,红楼11,Event,,,,,,,End9/11,,,,,,,红楼
,红楼11_1,Event,,,,,,,End9/11_1,,,,,,,红楼
,,
,红楼12,Event,,,,,,,End9/12,,,,,,,红楼
,红楼13,Event,,,,,,,End9/13,,,,,,,红楼
,红楼14,Event,,,,,,,End9/14,,,,,,,红楼
,红楼15,Event,,,,,,,End9/15,,,,,,,红楼
,红楼16,Event,,,,,,,End9/16,,,,,,,红楼
,红楼17,Event,,,,,,,End9/17,,,,,,,红楼
,红楼18,Event,,,,,,,End9/18,,,,,,,红楼
,红楼19,Event,,,,,,,End9/19,,,,,,,红楼
,红楼20,Event,,,,,,,End9/20,,,,,,,红楼
,,
,红楼结局前,Event,,,,,,,EndAll/9,,,,,,,红楼
,红楼结局,Event,,,,,,,CG47/cg47_1,,,,,,,cg47
,,
,,
,,


,透明喷血1,Event,,,,,,,Blood/透明喷血1
















,真相,Event,,,,,,,CG38/cg38,,,,,,,cg38

,横斩娃娃兵,Event,,,,,,,CG55/CG55_2,,,,,,,cg55
,竖斩娃娃兵,Event,,,,,,,CG55/CG55_1,,,,,,,cg55

,溺水1,Event,,,,,,,CG53/cg53_1,,,,,,,cg53
,溺水2,Event,,,,,,,CG53/cg53_2,,,,,,,cg53
,溺水3,Event,,,,,,,CG53/cg53_3,,,,,,,cg53
,溺水4,Event,,,,,,,CG53/cg53_4,,,,,,,cg53

,兰死,Event,,,,,,,scatter/兰死,,,,,,,cg67







,醉酒夜行1,Event,,,,,,,CG69/cg69_1,,,,,,,cg69
,醉酒夜行2,Event,,,,,,,CG69/cg69_2,,,,,,,cg69
,醉酒夜行3,Event,,,,,,,CG69/cg69_3,,,,,,,cg69
,醉酒夜行4,Event,,,,,,,CG69/cg69_4,,,,,,,cg69
,醉酒夜行5,Event,,,,,,,CG69/cg69_5,,,,,,,cg69
,醉酒夜行6,Event,,,,,,,CG69/cg69_6,,,,,,,cg69
,,
,桥上幻景1,Event,,,,,,,桥上幻境/桥上幻景1,,,,,,,桥上幻景
,桥上幻景2,Event,,,,,,,桥上幻境/桥上幻景2,,,,,,,桥上幻景
,桥上幻景3,Event,,,,,,,桥上幻境/桥上幻景3,,,,,,,桥上幻景
,桥上幻景4,Event,,,,,,,桥上幻境/桥上幻景4,,,,,,,桥上幻景
,桥上幻景5,Event,,,,,,,桥上幻境/桥上幻景5,,,,,,,桥上幻景


,序章1,Event,,,,,,,Start/1,,,,,,,序章背景
,序章2,Event,,,,,,,Start/2,,,,,,,序章背景
,序章3,Event,,,,,,,Start/3,,,,,,,序章背景
,序章4,Event,,,,,,,Start/4,,,,,,,序章背景
,序章5,Event,,,,,,,Start/5,,,,,,,抄书
,序章6,Event,,,,,,,Start/6,,,,,,,抄书

,宽刀光,Event,,,,,,,Blood/宽刀光
,爬尸体,Event,,,,,,,scatter/爬尸体


,牵灯夜行1,Event,,,,,,,CG48/cg48_1,,,,,,,cg48
,牵灯夜行2,Event,,,,,,,CG48/cg48_2,,,,,,,cg48

,画艺堂,Event,,,,,,,ArtPage/画艺堂,,,,,,,四艺堂
,诗文堂,Event,,,,,,,ArtPage/诗文堂,,,,,,,四艺堂
,雅乐堂,Event,,,,,,,ArtPage/雅乐堂,,,,,,,四艺堂
,霓裳堂,Event,,,,,,,ArtPage/霓裳堂,,,,,,,四艺堂

,灰白,Event,,,,,,,ArtPage/灰白
,,





,相会聚餐1,Event,,,,,,,CG35/cg35_1,,,,,,,cg35
,相会聚餐2,Event,,,,,,,CG35/cg35_2,,,,,,,cg35
,相会聚餐3,Event,,,,,,,CG35/cg35_3,,,,,,,cg35
,相会聚餐4,Event,,,,,,,CG35/cg35_4,,,,,,,cg35

,良穗同船1,Event,,,,,,,CG33/cg33_1,,,,,,,cg33
,良穗同船2,Event,,,,,,,CG33/cg33_2,,,,,,,cg33
,良穗同船3,Event,,,,,,,CG33/cg33_3,,,,,,,cg33
,良穗同船4,Event,,,,,,,CG33/cg33_4,,,,,,,cg33
,良穗同船5,Event,,,,,,,CG33/cg33_5,,,,,,,cg33

,良穗船前1,Event,,,,,,,CG36/cg36_1,,,,,,,cg36
,良穗船前2,Event,,,,,,,CG36/cg36_2,,,,,,,cg36

,良穗谈话,Event,,,,,,,Ji/CG-end8-3


,穗吃包子1,Event,,,,,,,CG34/cg34_1,,,,,,,cg34
,穗吃包子2,Event,,,,,,,CG34/cg34_2,,,,,,,cg34
,穗吃包子3,Event,,,,,,,CG34/cg34_3,,,,,,,cg34

,良穗完结1,Event,,,,,,,CG37/cg37_1,,,,,,,cg37
,良穗完结2,Event,,,,,,,CG37/cg37_2


,良显,Event,,,,,,,CG70/cg70

,三英战吕布,Event,,,,,,,故事图/1,,,,,,,三英战吕布
,荆轲刺秦王,Event,,,,,,,故事图/2,,,,,,,荆轲刺秦王


,琼华离去0,Event,,,,,,,Story3/0
,琼华离去1,Event,,,,,,,Story3/1,,,,,,,琼华离去
,琼华离去2,Event,,,,,,,Story3/2,,,,,,,琼华离去
,琼华离去3,Event,,,,,,,Story3/3,,,,,,,琼华离去
,琼华离去4,Event,,,,,,,Story3/4,,,,,,,琼华离去
,琼华离去5,Event,,,,,,,Story3/5,,,,,,,琼华离去
,琼华离去6,Event,,,,,,,Story3/6,,,,,,,琼华离去
,琼华离去7,Event,,,,,,,Story3/7,,,,,,,琼华离去
,琼华离去8,Event,,,,,,,Story3/8,,,,,,,琼华离去

,方崩溃1,Event,,,,,,,CG71/cg71_1,,,,,,,cg73
,方崩溃2,Event,,,,,,,CG71/cg71_2,,,,,,,cg73

,躲进佛像后1,Event,,,,,,,CG72/cg72_1,,,,,,,cg70
,躲进佛像后2,Event,,,,,,,CG72/cg72_2,,,,,,,cg70

,苏相会1,Event,,,,,,,苏相会/1,,,,,,,苏相会
,苏相会2,Event,,,,,,,苏相会/2,,,,,,,苏相会
,苏相会3,Event,,,,,,,苏相会/3,,,,,,,苏相会
,苏相会4,Event,,,,,,,苏相会/4,,,,,,,苏相会
,苏相会5,Event,,,,,,,苏相会/5,,,,,,,苏相会
,苏相会6,Event,,,,,,,苏相会/6,,,,,,,苏相会
,,
,结局归纳1,Event,,,,,,,结局归纳/1,,,,,,,结局归纳
,结局归纳2,Event,,,,,,,结局归纳/2,,,,,,,结局归纳
,结局归纳3,Event,,,,,,,结局归纳/3,,,,,,,结局归纳
,结局归纳4,Event,,,,,,,结局归纳/4,,,,,,,结局归纳
,结局归纳5,Event,,,,,,,结局归纳/5,,,,,,,结局归纳

,花街描述1,Event,,,,,,,CG73/cg73_1,,,,,,,花街柳巷
,花街描述2,Event,,,,,,,CG73/cg73_2,,,,,,,花街柳巷
,花街描述3,Event,,,,,,,CG73/cg73_3,,,,,,,花街柳巷
,花街描述4,Event,,,,,,,CG73/cg73_4,,,,,,,花街柳巷
,柳巷描述1,Event,,,,,,,CG73/cg73_5,,,,,,,花街柳巷
,柳巷描述2,Event,,,,,,,CG73/cg73_6,,,,,,,花街柳巷
,柳巷描述3,Event,,,,,,,CG73/cg73_7,,,,,,,花街柳巷
,勾栏描述,Event,,,,,,,CG73/cg73_8,,,,,,,花街柳巷




,梦境1,Event,,,,,,,Meng/mj_1,,,,,,,梦境
,梦境2,Event,,,,,,,Meng/mj_2,,,,,,,梦境
,梦境3,Event,,,,,,,Meng/mj_3,,,,,,,梦境
,梦境4,Event,,,,,,,Meng/mj_4,,,,,,,梦境
,梦境5,Event,,,,,,,Meng/mj_5,,,,,,,梦境

,王生梦2_1,Event,,,,,,,Story2/2_1,,,,,,,王生梦境2
,王生梦2_2,Event,,,,,,,Story2/2_2,,,,,,,王生梦境2
,王生梦2_3,Event,,,,,,,Story2/2_3,,,,,,,王生梦境2
,王生梦2_4,Event,,,,,,,Story2/2_4,,,,,,,王生梦境2
,王生梦2_5,Event,,,,,,,Story2/2_5,,,,,,,王生梦境2
,王生梦2_6,Event,,,,,,,Story2/2_6,,,,,,,王生梦境2
,王生梦2_7,Event,,,,,,,Story2/2_7,,,,,,,王生梦境2
,王生梦2_8,Event,,,,,,,Story2/2_8,,,,,,,王生梦境2
,王生梦2_9,Event,,,,,,,Story2/2_9,,,,,,,王生梦境2

,王生梦1,Event,,,,,,,Story1/1_1,,,,,,,王生梦境1
,王生梦2,Event,,,,,,,Story1/1_2,,,,,,,王生梦境1
,王生梦3,Event,,,,,,,Story1/1_3,,,,,,,王生梦境1
,王生梦4,Event,,,,,,,Story1/1_4,,,,,,,王生梦境1
,王生梦5,Event,,,,,,,Story1/1_5,,,,,,,王生梦境1
,王生梦6,Event,,,,,,,Story1/1_6,,,,,,,王生梦境1
,王生梦7,Event,,,,,,,Story1/1_7,,,,,,,王生梦境1
,王生梦8,Event,,,,,,,Story1/1_8,,,,,,,王生梦境1
,王生梦9,Event,,,,,,,Story1/1_9,,,,,,,王生梦境1
,王生梦10,Event,,,,,,,Story1/1_10,,,,,,,王生梦境1
,王生梦11,Event,,,,,,,Story1/1_11,,,,,,,王生梦境1
,王生梦12,Event,,,,,,,Story1/1_12,,,,,,,王生梦境1
,王生梦13,Event,,,,,,,Story1/1_13,,,,,,,王生梦境1


,封刀1,Event,,,,,,,封刀/1,,,,,,,琼华离去
,封刀2,Event,,,,,,,封刀/2,,,,,,,琼华离去
,封刀3,Event,,,,,,,封刀/3,,,,,,,琼华离去


,如果1,Event,,,,,,,If/1_1,,,,,,,if
,如果2,Event,,,,,,,If/1_2,,,,,,,if
,如果3,Event,,,,,,,If/1_3,,,,,,,if
,如果4,Event,,,,,,,If/1_4,,,,,,,if
,如果5,Event,,,,,,,If/1_5,,,,,,,if
,如果6,Event,,,,,,,If/1_6,,,,,,,if
,如果7,Event,,,,,,,If/1_7,,,,,,,if
,如果8,Event,,,,,,,If/1_8,,,,,,,if
,如果9,Event,,,,,,,If/1_9,,,,,,,if
,如果10,Event,,,,,,,If/1_10,,,,,,,if
,如果11,Event,,,,,,,If/1_11,,,,,,,if
,如果12,Event,,,,,,,If/1_12,,,,,,,if
,如果13,Event,,,,,,,If/1_13,,,,,,,if
,如果14,Event,,,,,,,If/1_14,,,,,,,if
,如果15,Event,,,,,,,If/1_15,,,,,,,if

,新如果1,Event,,,,,,,If/2_1,,,,,,,if
,新如果2,Event,,,,,,,If/2_2,,,,,,,if
,新如果3,Event,,,,,,,If/2_3,,,,,,,if
,新如果4,Event,,,,,,,If/2_4,,,,,,,if

,新如果5,Event,,,,,,,If/3,,,,,,,if

,如果结局,Event,,,,,,,If/4,,,,,,,if
,如果0,Event,,,,,,,If/0

,出血而亡,Event,,,,,,,CG52/出血而亡,,,,,,,cg52
,约稿1,Event,,,,,,,Bus/b1,,,,,,,bus















































,开盖,Event,,,,,,,scatter/开盖

,DeathFloor,Event,,,,,,,Blood/DeathFloor

,滴血1,Event,,,,,,,Blood/di1
,滴血2,Event,,,,,,,Blood/di2
,滴血3,Event,,,,,,,Blood/di3

,小喷溅,Event,,,,,,,Blood/p1

,大喷血,Event,,,,,,,Blood/大血迹
,大喷血反,Event,,,,,,,Blood/大血迹反

,死,Event,,,,,,,scatter/Death

,泥土,Event,,,,,,,Blood/泥土
,泥土2,Event,,,,,,,Blood/泥土2
,泥土3,Event,,,,,,,Blood/泥土3
,泥土4,Event,,,,,,,Blood/泥土4
,泥土5,Event,,,,,,,Blood/泥土5

,流血1,Event,,,,,,,Blood/流血1
,流血2,Event,,,,,,,Blood/流血2
,长劈刀光,Event,,,,,,,Blood/长劈刀光
,长劈血痕,Event,,,,,,,Blood/长劈血痕
,血痕,Event,,,,,,,Blood/血痕

,剧烈流血,Event,,,,,,,Blood/剧烈流血
,剧烈流血-反相,Event,,,,,,,Blood/剧烈流血-反相

,飘逸血痕,Event,,,,,,,Blood/飘逸血痕


,大血迹透,Event,,,,,,,Blood/大血迹透
,透明-喷溅大,Event,,,,,,,Blood/透明-喷溅大
,透明-滴溅1,Event,,,,,,,Blood/透明-滴溅1
,透明-滴溅2,Event,,,,,,,Blood/透明-滴溅2
,透明-滴溅3,Event,,,,,,,Blood/透明-滴溅3
,透明-血痕1,Event,,,,,,,Blood/透明-血痕1
,透明-血痕2,Event,,,,,,,Blood/透明-血痕2

,透明-喷溅泥土大,Event,,,,,,,Blood/透明-喷溅泥土大
,透明-喷溅泥土小,Event,,,,,,,Blood/透明-喷溅泥土小


,火花1,Event,,,,,,,Blood/火花1
,火花2,Event,,,,,,,Blood/火花2
,火花3,Event,,,,,,,Blood/火花3
,火花4,Event,,,,,,,Blood/火花4
,火花5,Event,,,,,,,Blood/火花5



,喷溅,Event,,,,,,,Blood/喷溅
,斜劈刀光,Event,,,,,,,Blood/斜劈刀光
,斜劈血痕,Event,,,,,,,Blood/斜劈血痕
,斜劈血痕-反相,Event,,,,,,,Blood/斜劈血痕-反相
,横劈刀光,Event,,,,,,,Blood/横劈刀光
,横劈血痕,Event,,,,,,,Blood/横劈血痕
,横劈血痕-反相,Event,,,,,,,Blood/横劈血痕-反相
,长劈血痕-反相,Event,,,,,,,Blood/长劈血痕-反相
