#SHEET_NAME,如果
,Command,Arg1,Arg2,Arg3,Arg4,Arg5,Arg6,Arg7,WaitType,Text,PageCtrl,Voice,WindowType,SC,TC,English,Japanese,Russian,
,*map_if,,,,,,,,,,,,,,,,
,UnlockPlotMap,map_if,,,,,,,,,,,,,,,
,SetChapterName,如果,,,,,,
,Bgm,死生别离,,,,0.2,2,,,,,,,,,,,
,Wait,,,,,,1,
,FadeOut,black,,,,,0,
,Bg,天空夜,,,,,,,,,,,,,,,
,FadeOut,black,,,,,1,,,,,,,,,,,
,ScreenText,1,White,2,1.5,2,70,,,结语14
,FadeIn,black,,,,,1,,,,,,,,,,,
,CharacterOff,,,,,,1,,,,,,,,,,,
,HideMessageWindow,,,,,,,,,,,,,,,,,
,CaptureImage,截图,SpriteCamera,背景截图,,,,,,,,,,,,,,
,Bg,如果1,,,,,,,,,,,,,,,,
,RuleFadeOut,截图,Ink2,,Linear,,1,,PageWait,,,,,,,,,
,Wait,,,,,,1,,,,,,,,,,,
,ShowMessageWindow,,,,,,,,,,,,,,,,,
,,,,,,,,,,默认1,,,,崇祯七年，方知宥十岁之时，伯父病入膏肓。,崇禎七年，方知宥十歲之時，伯父病入膏肓。,"In the seventh year of Chongzhen's reign, when Fang Zhiyou was ten years old, his uncle fell gravely ill.",崇禎七年、方知宥が十歳のとき、叔父は末期の病に伏していた。,"В седьмой год правления Чунчжэня, когда Фан Чжию было десять лет, его дядя тяжело заболел."
,,,,,,,,,,默认2,,,,伯父躺在方园内一处卧房的檀香床上，因郎中说病人见不得风，需终日掩着窗，房内各处弥漫着药渣和腐朽的气味。,伯父躺在方園內一處臥房的檀香床上，因郎中說病人見不得風，需終日掩著窗，房內各處彌漫著藥渣和腐朽的氣味。,"His uncle lay on a sandalwood bed in a room within the Fang estate, as the doctor said the patient must not be exposed to wind and the windows had to be kept closed all day, filling the room with the scent of medicinal residue and decay.",叔父は方園のある寝室の沈香の床に横たわり、医者は病人は風に当ててはいけないと言って窓を一日中閉めさせ、部屋のあちこちには薬の残りかすと腐敗した匂いが漂っていた。,"Дядя лежал на сундуке из сандалового дерева в одной из спален Фан-юань; доктор сказал, что больному нельзя дышать ветром, поэтому окна должны были быть прикрыты весь день, и по комнате разносился запах лекарственного жмыха и гнили.",
,,,,,,,,,,默认3,,,,方知宥原本正与伯父闹别扭，然而，当目光落在伯父那似风中残烛、一日瘦过一日的身躯上时，一丝恻隐悄然漫上心头。,方知宥原本正與伯父鬧別扭，然而，當目光落在伯父那似風中殘燭、一日瘦過一日的身軀上時，一絲惻隱悄然漫上心頭。,"Fang Zhiyou had initially been at odds with his uncle, but when he saw his uncle's frail body, wasting away day by day like a candle in the wind, a sense of compassion quietly crept into his heart.",方知宥はもともと叔父と拗ねていたが、視線が風に揺れる残り火のように日に日に痩せ細る叔父の身体に落ちたとき、ふと哀れみが心に静かに広がった。,"Раньше Фан Чжию ссорился с дядей, но когда его взгляд упал на исхудавшее тело дяди, похожее на погасшую свечу на ветру, — изо дня в день всё более истощённое, — сердце его тихо наполнилось жалостью.",
,,,,,,,,,,默认4,,,,不管怎样——伯父毕竟是他的血脉至亲。,不管怎樣——伯父畢竟是他的血脈至親。,Regardless of how things stood—his uncle was after all his blood relative.,どうあれ――叔父は結局、血の繋がった親族である。,Как бы то ни было — дядя всё-таки был ему кровным родственником.,
,,,,,,,,,,默认5,,,,既然伯父愿意在他双亲亡故后负起责任照顾他，他也应当作出一些回报——加之听了苏连雁的一些劝告，他更加深了这一想法。,既然伯父願意在他雙親亡故後負起責任照顧他，他也應當作出一些回報——加之聽了蘇連雁的一些勸告，他更加深了這一想法。,"Since his uncle had taken on the responsibility of looking after him after his parents' passing, he too should give something back—in addition to some advice from Su Lianyan, he became more determined in this belief.",両親が亡くなった後に面倒を見てくれた叔父に、彼も何らかの恩返しをすべきだ――蘇連雁のいくつかの諭しを聞いて、彼はその思いをいっそう強めた。,"Раз уж дядя после смерти его родителей взял на себя заботу о нём, он тоже должен как‑то отплатить — да к тому же послушав несколько советов Су Ляньян, он ещё сильнее укрепился в этой мысли.",
,CharacterOff,,,,,,2,,,,,,,,,,,
,HideMessageWindow,,,,,,,,,,,,,,,,,
,CaptureImage,截图,SpriteCamera,背景截图,,,,,,,,,,,,,,
,Bg,如果2,,,,,,,,,,,,,,,,
,RuleFadeOut,截图,ReInk2,,Linear,,2,,PageWait,,,,,,,,,
,Wait,,,,,,1,,,,,,,,,,,
,ShowMessageWindow,,,,,,,,,,,,,,,,,
,,,,,,,,,,默认6,,,,于是，方知宥一连在伯父房里守了数月。,於是，方知宥一連在伯父房裡守了數月。,"Thus, Fang Zhiyou spent several months watching over his uncle.",それで、方知宥は数か月、叔父の部屋に続けて付き添った。,Так Фан Чжию несколько месяцев подряд сидел в комнате дяди.,
,,,,,,,,,,默认7,,,,他每日从私塾归来后，便会主动跑去帮疲惫的伯母接下照看伯父的差事。,他每日從私塾歸來後，便會主動跑去幫疲憊的伯母接下照看伯父的差事。,"Every day after returning from private school, he would voluntarily help his tired aunt by taking over the care of his uncle.",彼は毎日私塾から帰ると、疲れた伯母の代わりに率先して叔父の世話を手伝いに走った。,"Каждый день, возвращаясь из частной школы, он сам шёл помогать усталой тёще по уходу за дядей.",
,,,,,,,,,,默认8,,,,先是去厨房煎药，再端着盛药的碗跑到伯父床前，耐心地给伯父喂药。,先是去廚房煎藥，再端著盛藥的碗跑到伯父床前，耐心地給伯父喂藥。,"First, he would go to the kitchen to prepare the medicine, then carry the bowl to his uncle's bedside and patiently feed him the medication.",最初は台所で薬を煎じ、薬を盛った碗を抱えて叔父の床へ行き、辛抱強く叔父に薬を飲ませた。,"Сначала он варил лекарства на кухне, затем нёс чашку с лекарством к постели дяди и терпеливо кормил его."
,,,,,,,,,,默认9,,,,伯父有时会咳嗽着将药吐出，药渍沾上嘴角，方知宥便会拿起手帕帮他擦拭。,伯父有時會咳嗽著將藥吐出，藥漬沾上嘴角，方知宥便會拿起手帕幫他擦拭。,"Sometimes his uncle would cough and spit out the medicine, staining his lips; Fang Zhiyou would then wipe his uncle's mouth with a handkerchief.",叔父は時折咳き込みながら薬を吐き出し、薬の跡が口元につくと、方知宥はハンカチを取って拭いてやった。,"Иногда дядя кашлял и выплёвывал лекарство; когда лекарственная каша попадала ему на уголок рта, Фан Чжию брал платок и вытирал."
,,,,,,,,,,默认10,,,,伯父有时会做噩梦，他的手总会在做梦时伸出被褥、微微颤抖，指节发力，仿佛要抓取些什么。,伯父有時會做噩夢，他的手總會在做夢時伸出被褥、微微顫抖，指節發力，彷彿要抓取些什麼。,"His uncle would have nightmares, his hands would reach out from under the covers, trembling slightly, with his knuckles tensed as if trying to grasp something.",叔父は時折悪夢を見、そのときは手が布団の外へ伸び、微かに震え、指の節に力が入り、何かを掴もうとするようだった。,"Иногда дядя видел кошмары: во сне его рука высовывалась из-под одеяла, слегка дрожала, суставы пальцев напрягались, будто он что‑то схватывал."
,CharacterOff,,,,,,2,,,,,,,,,,,
,HideMessageWindow,,,,,,,,,,,,,,,,,
,CaptureImage,截图,SpriteCamera,背景截图,,,,,,,,,,,,,,
,Bg,如果3,,,,,,,,,,,,,,,,
,RuleFadeOut,截图,Ink2,,Linear,,2,,PageWait,,,,,,,,,
,Wait,,,,,,1,,,,,,,,,,,
,ShowMessageWindow,,,,,,,,,,,,,,,,,
,,,,,,,,,,默认11,,,,这时，方知宥便伸出手……他轻轻抚摸着伯父的手背，再而握住伯父的指节，尝试让他安心下来。,這時，方知宥便伸出手……他輕輕撫摸著伯父的手背，再而握住伯父的指節，嘗試讓他安心下來。,"At these times, Fang Zhiyou would extend his hand... He would gently stroke the back of his uncle's hand and then hold his fingers, trying to reassure him.",そのとき、方知宥は手を差し伸べ――彼はそっと叔父の手の甲を撫で、次に叔父の指節を握り、安心させようとした。,"В такие моменты Фан Чжию протягивал руку… он аккуратно гладил тыльную сторону руки дяди, затем брал за пальцы и пытался успокоить его.",
,,,,,,,,,,默认12,,,,伯父因他的抚慰不再那么害怕了。,伯父因他的撫慰不再那麼害怕了。,His uncle was no longer as fearful because of his comfort.,叔父は彼の慰めによってそれほど怖がらなくなった。,Благодаря его утешению дядя стал меньше бояться.,
,,,,,,,,,,默认13,,,,将死之人的手，比方知宥想象的要更柔软。,將死之人的手，比方知宥想像的要更柔軟。,The hand of a dying man was softer than Fang Zhiyou had imagined.,死にゆく人の手は、方知宥が想像していたよりもずっと柔らかかった。,"Руки у умирающего оказались намного мягче, чем Фан Чжию предполагал.",
,,,,,,,,,,默认14,,,,只有握住伯父的手时，他才能感受到他们是亲人的事实。,只有握住伯父的手時，他才能感受到他們是親人的事實。,Only when holding his uncle's hand could he feel the fact that they were family.,叔父の手を握るときだけ、彼は彼らが親族であるという事実を実感できた。,"Только держа руку дяди, он мог ощутить факт их родственной связи."
,,方伯父,,,,,,,,默认16,,方伯父/方伯父_1,,[宥儿……],[宥兒……],[You'er...],［宥児……］,«Чжую…»
,,,,,,,,,,默认17,,,,一日，伯父缓缓睁开了双眼，尽管他几乎要说不出话，胸口上下起伏，似乎用每一寸肌肤尽力呼吸着，他还是睁大眼睛望着自己这个本来不太懂事的侄子。,一日，伯父緩緩睜開了雙眼，儘管他幾乎要說不出話，胸口上下起伏，似乎用每一寸肌膚盡力呼吸著，他還是睜大眼睛望著自己這個本來不太懂事的侄子。,"One day, his uncle slowly opened his eyes, although he could hardly speak and his chest heaved up and down as if breathing with every inch of his skin, he still stared at his usually somewhat foolish nephew.",ある日、叔父はゆっくりと目を開けた。ほとんど言葉を発せないほどで、胸は上下に揺れ、肌の一寸一寸で必死に呼吸しているようだったが、それでも大きな目をして、もともとあまり分別のない甥を見つめた。,"Однажды дядя медленно открыл глаза. Хоть он уже почти не мог говорить и грудь его едва поднималась и опускалась, словно он изо всех сил дышал каждой клеточкой кожи, он всё же широко уставился на этого, по сути, несмышленого племянника.",
,,,,,,,,,,默认18,,,,他的眼中蕴含着亲情、欣慰、感怀……以及不舍。,他的眼中蘊含著親情、欣慰、感懷……以及不捨。,"His eyes held affection, relief, nostalgia... and reluctance to let go.",その目には親情、安堵、感慨……そして未練が宿っていた。,"В его глазах читались семейная привязанность, облегчение, трогательная благодарность… и неготовность расставаться.",
,,方伯父,,,,,,,,默认19,,方伯父/方伯父_2,,[光阴似箭啊……],[光陰似箭啊……],[Time flies indeed...],［光陰矢の如し……］,"«Время летит, как стрела…»",
,,,,,,,,,,默认20,,,,伯父反握住方知宥的手，眼角含泪却笑着从唇齿间挤出了一句感慨。,伯父反握住方知宥的手，眼角含淚卻笑著從唇齒間擠出了一句感慨。,"His uncle grasped Fang Zhiyou's hand in return, with tears in the corners of his eyes but smiling, he managed to squeeze out a感慨 from between his lips.",叔父は方知宥の手を反対に握り、目尻に涙を溜めながら笑って歯の間から感慨を絞り出した。,"Дядя сжал руку Фан Чжию в ответ, в уголках глаз блестели слёзы, и он с улыбкой выдавил из себя это сожаление сквозь зубы.",
,CharacterOff,,,,,,2,,,,,,,,,,,
,HideMessageWindow,,,,,,,,,,,,,,,,,
,CaptureImage,截图,SpriteCamera,背景截图,,,,,,,,,,,,,,
,Bg,如果4,,,,,,,,,,,,,,,,
,RuleFadeOut,截图,ReInk2,,Linear,,2,,PageWait,,,,,,,,,
,Wait,,,,,,1,,,,,,,,,,,
,ShowMessageWindow,,,,,,,,,,,,,,,,,
,,,,,,,,,,默认22,,,,不久后，方家伯父便去世了。,不久後，方家伯父便去世了。,"Not long after, Fang's uncle passed away.",間もなく、方家の叔父は亡くなった。,Вскоре дядя Фан умер.
,,,,,,,,,,默认23,,,,他的牌位摆在了方家的灵堂中，年幼的方知宥也为他守灵了数日，常在他的灵堂前长跪不起，向他倾诉心事。,他的牌位擺在了方家的靈堂中，年幼的方知宥也為他守靈了數日，常在他的靈堂前長跪不起，向他傾訴心事。,"His spirit tablet was placed in the Fang family's ancestral hall, and the young Fang Zhiyou also kept vigil for several days, often kneeling long before his spirit tablet, pouring out his heart.",その位牌は方家の霊堂に飾られ、幼い方知宥も数日間弔いを務め、しばしば霊堂の前に長く跪いては胸の内を語りかけた。,"Его табличка была поставлена в семейном зале памяти Фан, и малолетний Фан Чжию несколько дней дежурил у дома усопших, часто преклоняя колени перед алтарём и изливая свои чувства.",
,,,,,,,,,,默认24,,,,这个原本顽皮的孩童，仿佛在一夜之间便长大了。,這個原本頑皮的孩童，彷彿在一夜之間便長大了。,This once mischievous child seemed to have grown up overnight.,この元々やんちゃな子供は、まるで一夜にして大人になったかのようだった。,Этот прежде проказливый ребёнок словно повзрослел за ночь.,
,,,,,,,,,,默认25,,,,他不再爬树掏鸟窝，不再将水浒传偷偷夹在论语后面读，不再故意惹伯母生气。,他不再爬樹掏鳥窩，不再將水滸傳偷偷夾在論語後面讀，不再故意惹伯母生氣。,"He no longer climbed trees to rob bird nests, no longer hid the Outlaws of the Marsh between the pages of the Analects to read, and no longer deliberately angered his aunt.",彼はもう木に登って鳥の巣を漁ったり、『水滸伝』をこっそり『論語』の後ろに挟んで読んだり、伯母をわざと怒らせたりしなくなった。,"Он больше не лазил по деревьям, не вытаскивал птичьи гнёзда, не прятал «Водное крах» за «Лунью», чтобы тайком читать, и не дразнил тёщу нарочно.",
,,,,,,,,,,默认26,,,,伯母将这一切都看在眼里，逐渐觉得这个侄子没有那么令人讨厌了。,伯母將這一切都看在眼裡，逐漸覺得這個侄子沒有那麼令人討厭了。,His aunt saw all this and gradually found this nephew not so讨厌了.,伯母はそのすべてを目にし、次第にこの甥がそれほど嫌な存在ではないと感じるようになった。,Тёща видела всё это и постепенно перестала считать племянника таким уж неприятным.,
,,,,,,,,,,默认27,,,,伯母打消了原本的主意——她原想把那个姓“苏”的未过门的小妾卖去青楼，但想了想总是有些辱没方家门楣。,伯母打消了原本的主意——她原想把那個姓「蘇」的未過門的小妾賣去青樓，但想了想總是有些辱沒方家門楣。,"Auntie dispelled her original intention - she had planned to sell the concubine surnamed 'Su' to a brothel, but after some thought, she realized it would tarnish the Fang family's reputation.",伯母は元々の考えを取り下げた――彼女は「蘇」という姓のまだ入門していない小妾を青楼に売ろうと思っていたが、よく考えると方家の面目を損ねる気がしたのだ。,"Она отбросила прежний план — сначала она хотела продать ту служанку по фамилии Су в бордель, но потом подумала, что это позор для семьи Фан."
,CharacterOff,,,,,,2,,,,,,,,,,,
,HideMessageWindow,,,,,,,,,,,,,,,,,
,CaptureImage,截图,SpriteCamera,背景截图,,,,,,,,,,,,,,
,Bg,如果5,,,,,,,,,,,,,,,,
,RuleFadeOut,截图,Ink2,,Linear,,2,,PageWait,,,,,,,,,
,Wait,,,,,,1,,,,,,,,,,,
,ShowMessageWindow,,,,,,,,,,,,,,,,,
,,,,,,,,,,默认28,,,,既然侄子懂事了，不整天惦记那个女孩了，就把她也接到方园来住吧。,既然侄子懂事了，不整天惦記那個女孩了，就把她也接到方園來住吧。,"Now that my nephew has grown懂事 and no longer pines for that girl all the time, let's bring her to live in the Fang estate as well.",甥が分別を弁え、あの少女のことを日々思い煩わなくなったのなら、彼女も方園に迎え入れよう。,"Раз уж племянник повзрослел и больше не думает о той девушке день и ночь, пусть привезут её жить в Фан-юань."
,,,,,,,,,,默认29,,,,或许是自己多想了……,或許是自己多想了……,Perhaps I'm overthinking it…,多分自分の取り越し苦労に過ぎなかったのだろう……,"Возможно, она зря волновалась…"
,,,,,,,,,,默认30,,,,两个不懂事的小娃子之间，能有什么事呢？,兩個不懂事的小娃子之間，能有什麼事呢？,What could two foolish kids possibly have between them?,分別のない二人の子供同士、何が起きるというのか？,Что могло случиться между двумя ещё детьми?,
,,,,,,,,,,默认301,,,,……,……,...,……,…,
,StopVoice,,,,,,1,,,,,,,,,,,
,FadeOut,black,,,,,1,,,,,,,,,,,
,Wait,,,,,,1,,,,,,,,,,,
,FadeIn,black,,,,,1,,,,,,,,,,,
,,,,,,,,,,默认32,,,,正如伯父临终前所说的“光阴似箭”，时光匆匆而过，不经意间便又过了一两年。,正如伯父臨終前所說的「光陰似箭」，時光匆匆而過，不經意間便又過了一兩年。,"Just as Uncle said before he passed, 'Time flies like an arrow,' and before I knew it, a year or two had passed.",叔父が臨終に言った「光陰矢の如し」の通り、時は速やかに過ぎ去り、いつの間にかまた一、二年が過ぎていた。,"Как дядя сказал умирая: «время летит, как стрела», — годы пролетели незаметно, и прошёл ещё год или два.",
,,,,,,,,,,默认33,,,,方知宥与苏连雁一直生活在方园内。,方知宥與蘇連雁一直生活在方園內。,Fang Zhiyou and Su Lianyan have always lived within the Fang estate.,方知宥と蘇連雁はずっと方園で暮らしていた。,Фан Чжию и Су Ляньян всё это время жили в Фан-юань.,
,,,,,,,,,,默认34,,,,他们时而一起学习，时而一起玩耍。,他們時而一起學習，時而一起玩耍。,"They sometimes studied together, sometimes played together.",二人は時に共に学び、時に共に遊んだ。,"Они то вместе учились, то вместе играли."
,,,,,,,,,,默认35,,,,起初，伯母将他们俩看管得紧，久而久之便不再那么严了。,起初，伯母將他們倆看管得緊，久而久之便不再那麼嚴了。,"Initially, Auntie kept a close watch on them both, but over time, she became less strict.",初めは伯母が二人を厳しく監督していたが、次第にそれほど厳しくなくなった。,"Поначалу тёща строго их контролировала, но со временем стала мягче."
,,,,,,,,,,默认36,,,,两人的关系越来越像亲姐弟，伯母虽有些不愿，但也默默认同了这种转变。,兩人的關係越來越像親姐弟，伯母雖有些不願，但也默默同意了這種轉變。,"Their relationship gradually became more like that of siblings, and even though Auntie was somewhat reluctant, she silently accepted this change.",二人の関係はますます実の兄妹のようになり、伯母は多少の不満はあれど、この変化を黙って受け入れた。,"Их отношения всё больше напоминали настоящих брата и сестру; хоть тёща и не была в восторге, она молча приняла это изменение."
,,,,,,,,,,默认38,,,,伯父亡故后，伯母对府里的各种事项看得更紧了。,伯父亡故後，伯母對府裡的各種事項看得更緊了。,"After Uncle's death, Auntie became even stricter with the household affairs.",叔父が亡くなってから、伯母は屋敷の諸事をより厳しく見守るようになった。,После смерти дяди тёща ещё строже следила за делами дома.,
,,,,,,,,,,默认39,,,,她谨慎持家，打点着园里每日的吃穿用度，偶尔也会让方知宥一同帮忙。,她謹慎持家，打點著園裡每日的吃穿用度，偶爾也會讓方知宥一同幫忙。,"She managed the household carefully, taking care of daily necessities, and occasionally had Fang Zhiyou help out.",彼女は家計を慎重に切り盛りし、園内の日々の衣食に気を配り、時折方知宥にも手伝わせた。,"Она бережно вела домашнее хозяйство, смотрела за повседневными расходами в саду, иногда привлекала Фан Чжию помочь.",
,CharacterOff,,,,,,2,,,,,,,,,,,
,HideMessageWindow,,,,,,,,,,,,,,,,,
,CaptureImage,截图,SpriteCamera,背景截图,,,,,,,,,,,,,,
,Bg,如果6,,,,,,,,,,,,,,,,
,RuleFadeOut,截图,ReInk2,,Linear,,2,,PageWait,,,,,,,,,
,Wait,,,,,,1,,,,,,,,,,,
,ShowMessageWindow,,,,,,,,,,,,,,,,,
,,,,,,,,,,默认40,,,,一日，因方家有一位老仆告病回乡，管家提议大概需要新招一名仆人了。,一日，因方家有一位老僕告病回鄉，管家提議大概需要新招一名僕人了。,"One day, due to an elderly servant falling ill and returning to their hometown, the steward suggested that a new servant might need to be hired.",ある日、方家の老僕が病を理由に故郷へ帰ることになり、執事は新たに一人召し使いを雇う必要があると提案した。,Однажды старый слуга в семье Фан заболел и вернулся в родные края; управляющий предложил принять на службу нового слугу.,
,,,,,,,,,,默认41,,,,伯母便动了再买一个年轻丫鬟的念头，好为方家再添一个能做事的人手——,伯母便動了再買一個年輕丫鬟的念頭，好為方家再添一個能做事的人手——,Auntie then had the idea of buying a young maid to add to the Fang family's workforce.,伯母は若い侍女をもう一人買い入れて方家の働き手を増やすことを思い立ち――,"Тёща решила купить ещё одну молодую горничную, чтобы пополнить рабочую силу Фан-юаня —",
,,,,,,,,,,默认42,,,,她派出了管家去“人牙行”一趟，去买一名新丫鬟进方家。,她派出了管家去「人牙行」一趟，去買一名新丫鬟進方家。,She sent the steward to the 'slave market' to purchase a new maid for the Fang family.,彼女は執事を「人牙行」へ遣わし、新しい侍女を買い入れるよう命じた。,"она послала управляющего в «Человеческий зубный дом» (рынок), чтобы купить новую горничную для семьи Фан.",
,,,,,,,,,,默认43,,,,方知宥听了后，好奇地凑了上来，也想随管家同去。,方知宥聽了後，好奇地湊了上來，也想隨管家同去。,"Upon hearing this, Fang Zhiyou curiously approached and wanted to go with the steward.",方知宥はその話を聞いて好奇心から近づき、執事に同行したいと言った。,"Услышав об этом, Фан Чжию из любопытства подошёл и захотел пойти с управляющим."
,,,,,,,,,,默认44,,,,伯母起初不愿，认为以方知宥的年纪不该去那个地方，,伯母起初不願，認為以方知宥的年紀不該去那個地方，,"Auntie initially refused, thinking that Fang Zhiyou was too old to go to such a place.",伯母は当初、方知宥の年齢ではあの場所へ行くべきではないと考え渋ったが、方知宥の繰り返す説得と懐柔に拗ね負け、ついに執事と共に行くことを許した。,"Тёща сначала не хотела — считала, что по возрасту Фан Чжию не место в таком месте,"
,,,,,,,,,,默认45,,,,然而，在方知宥的反复劝说加讨好下，终于拗不过他，同意了他跟着管家一同去。,然而，在方知宥的反覆勸說加討好下，終於拗不過他，同意了他跟著管家一同去。,"However, after Fang Zhiyou's repeated persuasion and cajoling, she finally relented and agreed to let him go with the steward.",,но под настойчивыми уговорами и льстивыми словами Фан Чжию она уступила и позволила ему пойти с управляющим.,
,,,,,,,,,,默认47,,,,“人牙行”位于城南一条逼仄的小巷中，靠近西商街。,「人牙行」位於城南一條逼仄的小巷中，靠近西商街。,"The 'slave market' was located in a narrow alley in the southern part of the city, near the Western Merchant Street.",,"«Человеческий зубный дом» находился в узкой улочке к югу от города, близ Западной торговой улицы.",
,Se,推门,,,,,,,,,,,,,,,,,
,CharacterOff,,,,,,2,,,,,,,,,,,
,HideMessageWindow,,,,,,,,,,,,,,,,,
,CaptureImage,截图,SpriteCamera,背景截图,,,,,,,,,,,,,,
,Bg,如果7,,,,,,,,,,,,,,,,
,RuleFadeOut,截图,Ink2,,Linear,,2,,PageWait,,,,,,,,,
,Wait,,,,,,1,,,,,,,,,,,
,ShowMessageWindow,,,,,,,,,,,,,,,,,
,Bgm,翩翩如此,,,,2,1,,,,,,,,,,,
,,,,,,,,,,默认48,,,,管家和方知宥一同踏过泥泞，掠过一个个警惕地望着四周的人，推开了那扇虚掩着的木门。,管家和方知宥一同踏過泥濘，掠過一個個警惕地望著四周的人，推開了那扇虛掩著的木門。,"Accompanied by the steward, Fang Zhiyou stepped through the muddy ground and past people warily looking around them, pushing open the slightly ajar wooden door.",,"Управляющий и Фан Чжию шагали по грязи, проскользнув мимо людей, настороженно оглядывающихся по сторонам, и толкнули приоткрытую деревянную дверь.",
,,悔儿母亲,,,,,,,,默认49,,翩翩母亲/翩翩母亲_1,,[哭什么哭！老娘我十四的时候也在柳巷了！没你这么矫情！],[哭什麼哭！老娘我十四的時候也在柳巷了！沒你這麼矯情！],"[Stop crying! When I was fourteen, I was already in Liu Alley! You're not as delicate as all that!]",,«Почему плачешь! Я сама в четырнадцать лет уже была на Люсян! Не будь такой жалкой!»,
,,,,,,,,,,默认50,,,,他们刚一进门，便听到了不远处传来了一声吆喝声。,他們剛一進門，便聽到了不遠處傳來了一聲吆喝聲。,"As soon as they entered, they heard a shout from not too far away.",,"Как только они вошли, откуда‑то раздался крик.",
,,,,,,,,,,默认51,,,,方知宥向前望去，一个涂着厚厚脂粉、鬓边有着蝴蝶发簪的妇人，正在训斥一个小女孩。,方知宥向前望去，一個塗著厚厚脂粉、鬢邊有著蝴蝶發簪的婦人，正在訓斥一個小女孩。,Fang Zhiyou looked ahead and saw a woman with thick makeup and a butterfly hairpin scolding a little girl.,,Фан Чжию посмотрел вперёд: женщина с толстым слоем белил и с бабочковой шпилькой в виске отчитывала маленькую девочку.,
,,,,,,,,,,默认52,,,,那小女孩看着和方知宥差不多大。,那小女孩看著和方知宥差不多大。,The little girl was about the same age as Fang Zhiyou.,,"Та девочка выглядела примерно того же возраста, что и Фан Чжию."
,,,,,,,,,,默认53,,,,她穿着破烂的翠色衣服，身材瘦弱得像是一根豆芽菜。,她穿著破爛的翠色衣服，身材瘦弱得像是一根豆芽菜。,"She wore tattered green clothes, her frail body looking like a sprout of bean sprouts.",,"Она была одета в оборванное зелёное платье, худенькая, как росток."
,,,,,,,,,,默认54,,,,她的头发遮住了一只眼睛，但露出来的那只眼睛却大得出奇，里面盛满了惊恐与泪光。,她的頭髮遮住了一隻眼睛，但露出來的那隻眼睛卻大得出奇，裡面盛滿了驚恐與淚光。,"Her hair covered one eye, but the eye that was visible was abnormally large, filled with fear and tears.",,"Её волосы закрывали один глаз, а другой был необычайно широко раскрыт, полон ужаса и слёз."
,,悔儿母亲,,,,,,,,默认55,,翩翩母亲/翩翩母亲_2,,[这丫头！卖五十两银子！],[這丫頭！賣五十兩銀子！],[This girl! Sold for fifty taels of silver!],,«Эту девочку! Продаю за пятьдесят таэлей!»,
,,,,,,,,,,默认56,,,,那妇人扯着嗓子，朝她身前的牙婆喊着。,那婦人扯著嗓子，朝她身前的牙婆喊著。,"The woman shouted loudly, yelling at the toothless old woman in front of her.",,Женщина крикнула и обратилась к посреднице.,
,,牙婆,,,,,,,,默认57,,牙婆/牙婆_1,,[呵呵，你从哪弄来的？],[呵呵，你從哪弄來的？],"[Hehe, where did you get this from?]",,"«Ха‑ха, откуда ты её взяла?»",
,,,,,,,,,,默认58,,,,屋里的牙婆笑了笑，眯着眼睛问她。,屋裡的牙婆笑了笑，眯著眼睛問她。,The matchmaker in the room smiled and asked her with squinted eyes.,,"Посредница в доме усмехнулась, прищурив глаза.",
,,悔儿母亲,,,,,,,,默认59,,翩翩母亲/翩翩母亲_3,,[我生得，自己养了十四年。],[我生得，自己養了十四年。],"[I gave birth to her, and I've raised her for fourteen years.]",,«Я родила её и вырастила четырнадцать лет сама».,
,,牙婆,,,,,,,,默认60,,牙婆/牙婆_2,,[呵呵……自己的女儿你也卖？你可知卖到我们这的，多半之后要被卖去柳巷？],[呵呵……自己的女兒你也賣？你可知賣到我們這的，多半之後要被賣去柳巷？],[Heh... You're selling your own daughter? Do you know that most of those sold to us end up being sold to Liu Alley?],,"«Ха‑ха… Ты свою дочь продаёшь? Ты знаешь, что тех, кого продают нам, чаще всего перепродают в бордели на Люсяне?»",
,,悔儿母亲,,,,,,,,默认61,,翩翩母亲/翩翩母亲_4,,[知道……柳巷有什么呆不惯的……我也呆过……她能吃苦，能吃的……],[知道……柳巷有甚麼呆不慣的……我也呆過……她能吃苦，能吃的……],"[I know... What's there to be unaccustomed to in Liu Alley... I've been there too... She can endure hardship, she can handle it...]",,"«Я знаю… что в Люсяне трудно… я там тоже когда‑то была… Она сможет терпеть, сможет есть…»",
,,,,,,,,,,默认62,,,,妇人抿着唇，咬着牙说道。,婦人抿著唇，咬著牙說道。,"The woman said through clenched teeth, biting her lip.",,Женщина стиснула губы и сказала сквозь зубы.
,,,,,,,,,,默认63,,,,她虽然因将女儿卖入柳巷而有些痛苦，但因生计艰难，还是没打算改变主意。,她雖然因將女兒賣入柳巷而有些痛苦，但因生計艱難，還是沒打算改變主意。,"Although she was pained by the thought of selling her daughter into Liu Alley, due to difficult living conditions, she still didn't plan to change her mind.",,"Хотя ей больно продавать дочь в Люсян, из‑за бедности она не намеревалась менять решение."
,,牙婆,,,,,,,,默认64,,牙婆/牙婆_3,,[啧……行，就是卖小娃子没有这么贵的，五十两收不了，你若是只要二十两，我就收了。],[啧……行，就是賣小娃子沒有這麼貴的，五十兩收不了，你若是只要二十兩，我就收了。],"[Tch... Selling a little one is not that expensive, I can't take fifty taels, but if you're willing to accept twenty, then I'll take her.]",,"«Тсс… да не стоит так дорого продавать ребёнка, пятьдесят таэлей — это много. Если за двадцать таэлей, я возьму»."
,,悔儿母亲,,,,,,,,默认65,,翩翩母亲/翩翩母亲_5,,[二十两不行！],[二十兩不行！],[Twenty taels won't do!],,«Двадцать таэлей — нет!»,
,,,,,,,,,,默认66,,,,妇人依旧维持着她的大嗓门，在和牙婆讨价还价。,婦人依舊維持著她的大嗓門，在和牙婆討價還價。,"The woman still kept her loud voice, bargaining with the matchmaker.",,Женщина продолжала торговаться на всю округу.,
,,,,,,,,,,默认67,,,,小女孩听着娘亲和牙婆议论她的“卖身价”，仿佛更加伤心了。,小女孩聽著娘親和牙婆議論她的「賣身價」，彷佛更加傷心了。,"The little girl listened to her mother and the matchmaker discussing her 'selling price', which made her even sadder.",,"Слыша, как мать и посредница обсуждают её «цену», девочка ещё глубже погружалась в печаль."
,,,,,,,,,,默认68,,,,她将头埋着，眼泪啪嗒啪嗒地往下落。,她將頭埋著，眼淚啪嗒啪嗒地往下落。,"She buried her head, and tears dropped down one after another.",,Она упрятала голову и слёзы тихо капали.
,,,,,,,,,,默认69,,,,她努力不让自己哭出声音，担心着自己因为“不够坚强”又要被娘亲骂。,她努力不讓自己哭出聲音，擔心著自己因為「不夠堅強」又要被娘親罵。,"She tried not to cry out loud, worried that she would be scolded by her mother for not being strong enough.",,"Она старалась не всхлипывать, боясь снова услышать от матери обвинение в слабости."
,CharacterOff,,,,,,2,,,,,,,,,,,
,HideMessageWindow,,,,,,,,,,,,,,,,,
,CaptureImage,截图,SpriteCamera,背景截图,,,,,,,,,,,,,,
,Bg,如果8,,,,,,,,,,,,,,,,
,RuleFadeOut,截图,ReInk2,,Linear,,2,,PageWait,,,,,,,,,
,Wait,,,,,,1,,,,,,,,,,,
,ShowMessageWindow,,,,,,,,,,,,,,,,,
,,,,,,,,,,默认71,,,,方知宥在远处静静地看着。,方知宥在遠處靜靜地看著。,Fang Zhiyou watched quietly from a distance.,,Фан Чжию молча наблюдал издалека.,
,,,,,,,,,,默认72,,,,他不忍心，便拽了拽管家的袖子。,他不忍心，便拽了拽管家的袖子。,"He couldn't bear it, so he tugged at the sleeve of the steward.",,"Не выдержав, он потянул за рукав управляющего.",
,,方知宥,,,,,,,,默认73,,小方知宥/小方知宥_补_1,,[我们买了她吧。],[我們買了她吧。],[Let's buy her.],,"«Купим её», — предложил он.",
,,,,,,,,,,默认74,,,,方知宥对管家提议着。,方知宥對管家提議著。,Fang Zhiyou proposed to the steward.,,"«Сэр Фан, она слишком мала и худа… без года‑двух она ничего не сможет делать… это невыгодно», — покачал головой управляющий.",
,,管家,,,,,,,,默认75,,管家/管家_1,,[方少爷啊！她看着就年龄太小，也长得太瘦……不喂个一两年做不了什么事……不算值。],[方少爺啊！她看著就年齡太小，也長得太瘦……不喂個一兩年做不了什麼事……不算值。],[Master Fang ah! She looks too young and too skinny... Won't be able to do anything for a year or two... Not worth it.],,"«Она стоит того, она обязательно стоит того», — твёрдо сказал Фан Чжию, глядя управляющему в глаза.",
,,,,,,,,,,默认76,,,,管家摇了摇头。,管家搖了搖頭。,The steward shook his head.,,Управляющий задумался.,
,,方知宥,,,,,,,,默认77,,小方知宥/小方知宥_补_2,,[值，她一定值。],[值，她一定值。],"[Worth it, she must be worth it.]",,"Он подумал о том, что отношение между Фан Чжию и тёщей стало налаживаться, и, возможно, через несколько лет Фан Чжию станет хозяином дома Фан…"
,,,,,,,,,,默认78,,,,方知宥坚定地望着管家说道。,方知宥堅定地望著管家說道。,Fang Zhiyou said firmly to the steward.,,"Эта маленькая девочка тоже родилась в бедности, ей нелегко…"
,,,,,,,,,,默认80,,,,管家回望方知宥，沉思了一会儿。,管家回望方知宥，沉思了一會兒。,The steward looked back at Fang Zhiyou and pondered for a moment.,,"Пересчитав всё, управляющий всё же принял решение —",
,,,,,,,,,,默认81,,,,他想到方知宥和伯母近来关系逐渐好转，估计要不了多少年，方知宥便会成为方家的主人……,他想到方知宥和伯母近來關係逐漸好轉，估計要不了多少年，方知宥便會成為方家的主人……,"He thought that Fang Zhiyou's relationship with his aunt had gradually improved recently,估计要不了多少年，方知宥便会成为方家的主人... [In a few years, Fang Zhiyou will likely become the master of the Fang family...]",,"«Эй, я беру эту девчонку. Как её зовут?»",
,,,,,,,,,,默认82,,,,这个小女娃也出身苦命、很不容易……,這個小女娃也出身苦命、很不容易……,"This little girl also had a hard life, it wasn't easy...",,Управляющий с серебряной расплатой в руке подошёл к посреднице и не очень компетентной матери.,
,,,,,,,,,,默认83,,,,权衡再三，管家终究还是下了决定——,權衡再三，管家終究還是下了決定——,"After much consideration, the steward finally made his decision -",,"«Хуэйэр, её зовут Лин Хуэйэр», — ответила женщина, глядя на управляющего.",
,CharacterOff,,,,,,2,,,,,,,,,,,
,HideMessageWindow,,,,,,,,,,,,,,,,,
,CaptureImage,截图,SpriteCamera,背景截图,,,,,,,,,,,,,,
,Bg,如果11,,,,,,,,,,,,,,,,
,RuleFadeOut,截图,Ink2,,Linear,,2,,PageWait,,,,,,,,,
,Wait,,,,,,1,,,,,,,,,,,
,ShowMessageWindow,,,,,,,,,,,,,,,,,
,Bgm,翩翩偏偏,,,,2,3,,,,,,,,,,,
,,管家,,,,,,,,默认84,,管家/管家_2,,[喂，你这娃子我要了，她叫什么名字？],[喂，你這娃子我要了，她叫什麼名字？],"[Hey, I'll take this girl, what's her name?]",,В этот момент она посмотрела на Фан Чжию.,
,,,,,,,,,,默认85,,,,管家手里拿着银票，走向了牙婆和那个不太称职的母亲。,管家手裡拿著銀票，走向了牙婆和那個不太稱職的母親。,"The steward, holding a banknote, walked towards the matchmaker and the somewhat incompetent mother.",,Фан Чжию посмотрел на неё в ответ.,
,,悔儿母亲,,,,,,,,默认86,,翩翩母亲/翩翩母亲_6,,[悔儿，她叫林悔儿。],[悔兒，她叫林悔兒。],"[Hui'er, her name is Lin Hui'er.]",,"На её лице были следы недавнего плача, на его лице — мягкая улыбка."
,,,,,,,,,,默认87,,,,妇人看向了管家回答道。,婦人看向了管家回答道。,The woman looked at the steward and answered.,,"Два ребёнка долго смотрели друг на друга, запечатлевая облик друг друга в сердце.",
,CharacterOff,,,,,,2,,,,,,,,,,,
,HideMessageWindow,,,,,,,,,,,,,,,,,
,CaptureImage,截图,SpriteCamera,背景截图,,,,,,,,,,,,,,
,Bg,如果9,,,,,,,,,,,,,,,,
,RuleFadeOut,截图,Ink2,,Linear,,2,,PageWait,,,,,,,,,
,Wait,,,,,,1,,,,,,,,,,,
,ShowMessageWindow,,,,,,,,,,,,,,,,,
,,,,,,,,,,默认89,,,,这时她望向方知宥。,這時她望向方知宥。,"At this moment, she looked towards Fang Zhiyou.",,…
,CharacterOff,,,,,,1,,,,,,,,,,,
,HideMessageWindow,,,,,,,,,,,,,,,,,
,CaptureImage,截图,SpriteCamera,背景截图,,,,,,,,,,,,,,
,Bg,如果10,,,,,,,,,,,,,,,,
,RuleFadeOut,截图,Ink2,,Linear,,1,,PageWait,,,,,,,,,
,Wait,,,,,,1,,,,,,,,,,,
,ShowMessageWindow,,,,,,,,,,,,,,,,,
,,,,,,,,,,默认90,,,,方知宥也望向了她。,方知宥也望向了她。,Fang Zhiyou also looked at her.,,"Когда Лин Хуэйэр попала в Фан-юань, она стала одной из горничных.",
,,,,,,,,,,默认91,,,,她的脸上带着刚哭过的痕迹，他的脸上挂着温柔的微笑。,她的臉上帶著剛哭過的痕跡，他的臉上掛著溫柔的微笑。,"Her face still showed signs of having just cried, his face bore a gentle smile.",,"Поначалу тёща была недовольна и упрекала управляющего за то, что тот, послушав Фан Чжию, потратил столько денег на такую хрупкую девушку.",
,,,,,,,,,,默认92,,,,两个小娃子四目相对，久久地对望着，将对方的容貌印在了心里。,兩個小娃子四目相對，久久地對望著，將對方的容貌印在了心裡。,"The two children looked at each other for a long time, imprinting each other's features in their hearts.",,"Но не устояв перед настойчивыми просьбами Фан Чжию, тёща в итоге приняла Лин Хуэйэр.",
,,,,,,,,,,默认921,,,,……,……,……,,"В день её возвращения Су Ляньян принесла таз с водой, сама вымыла ей голову и в конце вытерла волосы чистой старой тряпкой."
,FadeOut,black,,,,,1,,,,,,,,,,,
,,,,,,,,,,默认94,,,,林悔儿进了方园后，便成了方园中的一个丫鬟。,林悔兒進了方園後，便成了方園中的一個丫鬟。,"After entering the Fang Garden, Lin Huier became a maid there.",,Впервые Лин Хуэйэр испытала такую нежную заботу и не удержалась от слёз.
,,,,,,,,,,默认95,,,,伯母起初有些不满，责怪管家听了方知宥的，竟然花了不少的钱买了这么一个瘦弱的姑娘。,伯母起初有些不滿，責怪管家聽了方知宥的，竟然花了不少的錢買了這麼一個瘦弱的姑娘。,"At first, his aunt was a bit dissatisfied, blaming the steward for listening to Fang Zhiyou, who spent a lot of money buying such a frail girl.",,Плачущую утешала Су Ляньян.
,,,,,,,,,,默认96,,,,但禁不住方知宥的软磨硬泡，最终，伯母还是接受了林悔儿。,但禁不住方知宥的軟磨硬泡，最終，伯母還是接受了林悔兒。,"But she couldn't resist Fang Zhiyou's constant pleading, and in the end, his aunt accepted Lin Huier.",,"Су Ляньян рассказывала Лин Хуэйэр о людях и событиях, которых встретила в землях Цзинь, о клиньях летящих северных гусей; Лин Хуэйэр в ответ рассказывала о прогулках с матерью и о том, как та водила её по рынку…",
,BgEvent,如果0,,,,,,,,,,,,,,,,,
,FadeIn,black,,,,,1,,,,,,,,,,,
,Se,风吹树叶,,,,,,,,,,,,,,,,,
,CharacterOff,,,,,,1,,,,,,,,,,,
,HideMessageWindow,,,,,,,,,,,,,,,,,
,CaptureImage,截图,SpriteCamera,背景截图,,,,,,,,,,,,,,
,Bg,如果12,,,,,,,,,,,,,,,,
,RuleFadeOut,截图,Ink2,,Linear,,1,,PageWait,,,,,,,,,
,Wait,,,,,,1,,,,,,,,,,,
,ShowMessageWindow,,,,,,,,,,,,,,,,,
,,,,,,,,,,默认97,,,,刚回来的那一天，苏连雁打了一盆水，亲手替她洗了头，最后再用一块干净的旧布把她的头发擦干。,剛回來的那一天，蘇連雁打了一盆水，親手替她洗了頭，最後再用一塊乾淨的舊布把她的頭髮擦乾。,"The day she returned, Su Lianyan fetched a basin of water and personally washed her hair, then dried it with a clean old cloth.",,"В это время Фан Чжию держал в руках книгу и притворялся, что читает издалека, но часто украдкой поглядывал на них.",
,,,,,,,,,,默认98,,,,林悔儿头一次受到如此温柔的照顾，忍不住又哭了出来。,林悔兒頭一次受到如此溫柔的照顧，忍不住又哭了出來。,"For the first time, Lin Huier received such gentle care, which made her cry again.",,Он думал про себя: эта девочка по имени Хуэйэр действительно плакса.,
,,,,,,,,,,默认99,,,,她哭着，苏连雁安慰着她。,她哭著，蘇連雁安慰著她。,She cried while Su Lianyan comforted her.,,"Я обязаюсь беречь её, защищать её.",
,,,,,,,,,,默认100,,,,苏连雁给林悔儿讲起自己在晋地遇到的人和事，讲起北境那成排飞过的大雁；林悔儿则是给苏连雁讲起自己曾和娘亲出去玩，娘亲带她逛市集……,蘇連雁給林悔兒講起自己在晉地遇到的人和事，講起北境那成排飛過的大雁；林悔兒則是給蘇連雁講起自己曾和娘親出去玩，娘親帶她逛市集……,"Su Lianyan told Lin Huier about the people and things he encountered in Jindian, and about the rows of geese flying over the northern border; Lin Huier, in turn, told Su Lianyan about the times she went out with her mother, how her mother took her to the market…",,В этой жизни я больше не позволю ей плакать.
,CharacterOff,,,,,,1,,,,,,,,,,,
,HideMessageWindow,,,,,,,,,,,,,,,,,
,CaptureImage,截图,SpriteCamera,背景截图,,,,,,,,,,,,,,
,Bg,如果15,,,,,,,,,,,,,,,,
,RuleFadeOut,截图,Ink2,,Linear,,1,,PageWait,,,,,,,,,
,Wait,,,,,,1,,,,,,,,,,,
,ShowMessageWindow,,,,,,,,,,,,,,,,,
,,,,,,,,,,默认101,,,,而这时，方知宥则是捧着一本书，假装在远处读，却从不远处时常偷眼看着她俩。,而這時，方知宥則是捧著一本書，假裝在遠處讀，卻從不遠處時常偷眼看著她倆。,"At this time, Fang Zhiyou was holding a book, pretending to read from a distance, but frequently stealing glances at them from afar.",,В тринадцатый год правления Чунчжэня.
,,,,,,,,,,默认102,,,,他心想，这个叫悔儿的女孩子，还真是爱哭。,他心想，這個叫悔兒的女孩子，還真是愛哭。,"He thought to himself, this girl named Huier really does cry a lot.",,На границе между улицей Люсян и Западной торговой улицей стоял деревянный мост.
,BgEvent,如果14,,,,,1,,,,,,,,,,,,
,,,,,,,,,,默认103,,,,自己一定要好好珍惜她、保护她。,自己一定要好好珍惜她、保護她。,He must treasure and protect her.,,"Сегодня вечером прохожие, проходившие по мосту, слышали не только журчание воды под мостом, но и приглушённые всхлипы.",
,,,,,,,,,,默认104,,,,今生，都不能再让她哭了。,今生，都不能再讓她哭了。,"In this life, he must never let her cry again.",,"Лин Хуэйэр сидела на корточках у моста, глубоко зарыв лицо в колени.",
,FadeOut,black,,,,,1,,,,,,,,,,,
,Wait,,,,,,0.5,,,,,,,,,,,,
,ScreenText,1,White,2,1.5,2,70,,,结语12,,,,,,,,,
,Bgm,那年翩翩,,,,3,3,,,,,,,,,,,
,CharacterOff,,,,,,1,,,,,,,,,,,
,HideMessageWindow,,,,,,,,,,,,,,,,,
,CaptureImage,截图,SpriteCamera,背景截图,,,,,,,,,,,,,,
,Bg,新如果1,,,,,,,,,,,,,,,,
,RuleFadeOut,截图,Ink2,,Linear,,1,,PageWait,,,,,,,,,
,Wait,,,,,,1,,,,,,,,,,,
,ShowMessageWindow,,,,,,,,,,,,,,,,,
,FadeIn,black,,,,,1,,,,,,,,,,,
,,,,,,,,,,默认105,,,,崇祯十三年。,崇禎十三年。,The thirteenth year of the Chongzhen Emperor.,,"Она не ела целый день, её живот болел от голода, но по сравнению с кинжальной болью в груди боль в желудке казалась ничтожной."
,,,,,,,,,,默认106,,,,柳巷与西商街的交界处有一座木桥。,柳巷與西商街的交界處有一座木橋。,There is a wooden bridge at the intersection of Willow Alley and West Merchant Street.,,Её мать умерла.
,,,,,,,,,,默认107,,,,今晚，行至木桥的晚归者不仅能听到木桥下的潺潺流水声，还能听到一阵压低的呜咽声。,今晚，行至木橋的晚歸者不僅能聽到木橋下的潺潺流水聲，還能聽到一陣壓低的嗚咽聲。,"Tonight, those who return late to the wooden bridge can not only hear the gurgling of the water below but also a suppressed sobbing sound.",,"Та женщина, которая вырастила её, та, что в детстве поднимала её высоко над головой и покупала ей леденцы…"
,,,,,,,,,,默认108,,,,林悔儿蹲在木桥旁，把脸深深埋进膝盖里。,林悔兒蹲在木橋旁，把臉深深埋進膝蓋裡。,"Lin Huier squatted by the wooden bridge, burying her face deep into her knees.",,"Та, что в четырнадцать лет продала её в Люсян, жестоко бросив и продав за тридцать таэлей…",
,,,,,,,,,,默认109,,,,她已经一整天没吃东西了，肚子里空得发疼，可比起胸口锥心般的疼痛，肚子上的疼倒不算什么了。,她已經一整天沒吃東西了，肚子裡空得發疼，可比起胸口錐心般的疼痛，肚子上的疼倒不算什麼了。,"She hadn't eaten anything all day, and her stomach ached with emptiness, but compared to the heart-wrenching pain in her chest, the pain in her stomach was nothing.",,"Та, кого она и любила больше всего, и ненавидела, и ради кого жила, вдруг неожиданно умерла."
,,,,,,,,,,默认110,,,,她的娘亲死了。,她的娘親死了。,Her mother had died.,,Она была глубоко огорчена и ощущала беспрецедентную одиночество.,
,,,,,,,,,,默认111,,,,那个曾把她养大，曾在小时候把她举得高高的、给她买糖葫芦的女人……,那個曾把她養大，曾在小時候把她舉得高高的、給她買糖葫蘆的女人……,"The woman who raised her, who once lifted her high and bought her candy apples when she was little…",,"Она много раз хотела встать, волоча оцепеневшие ноги, идти к реке и представить, как прыгает в воду, чтобы покончить с собой, но каждый раз отступала.",
,,,,,,,,,,默认112,,,,那个在她刚满十四岁时把她卖到柳巷，残忍地抛下她不管、把她卖了三十两银子的女人……,那個在她剛滿十四歲時把她賣到柳巷，殘忍地拋下她不管、把她賣了三十兩銀子的女人……,"The woman who sold her to Willow Alley when she was just fourteen, cruelly abandoned her and sold her for thirty silver pieces…",,"Она боялась чёрной реки, ей было холодно и мерзко, она не хотела умирать.",
,,,,,,,,,,默认113,,,,那个她最爱的、最恨的、也是世间最在乎的人，就这么突然地病死了。,那個她最愛的、最恨的、也是世間最在乎的人，就這麼突然地病死了。,"The one she loved the most, hated the most, and cared about the most in the world, died suddenly of illness.",,"Единственный раз, когда она почти решилась, она уже поднялась на мост, но её остановила неподалёку одна старшая девушка.",
,,,,,,,,,,默认114,,,,她很伤心，觉得前所未有的孤独。,她很傷心，覺得前所未有的孤獨。,"She was very sad, feeling unprecedented loneliness.",,Та старшая девушка отговорила её от самоубийства.,
,,,,,,,,,,默认115,,,,她许多次想站起来，拖着那麻得有些失去知觉的腿走向河边，想象着自己跳河自尽，却又总是退了回来。,她許多次想站起來，拖著那麻得有些失去知覺的腿走向河邊，想像著自己跳河自盡，卻又總是退了回來。,"Many times she wanted to stand up, dragging her numb legs towards the river, imagining jumping in to commit suicide, but she always backed out.",,"У неё был острый язык, но мягкое сердце; хоть она жаловалась, что из‑за Лин Хуэйэр у неё не было клиентов всю ночь, она всё равно осталась рядом с ней.",
,,,,,,,,,,默认116,,,,她怕那黑漆漆的河水，她觉得冷，觉得脏，她不想死。,她怕那黑漆漆的河水，她覺得冷，覺得髒，她不想死。,"She was afraid of the dark river, she felt cold, dirty, she didn't want to die.",,Она не давала Лин Хуэйэр снова предпринять попытку покончить с собой.,
,,,,,,,,,,默认117,,,,她唯一快下定决心的一次，本来已经爬上了木桥，却被不远处的一位老姑娘拉住了。,她唯一快下定決心的一次，本來已經爬上了木橋，卻被不遠處的一位老姑娘拉住了。,"The only time she almost made up her mind, she had already climbed onto the wooden bridge, but was stopped by an old lady nearby.",,…,
,,,,,,,,,,默认118,,,,那个老姑娘劝住了她，让她不要寻死。,那個老姑娘勸住了她，讓她不要尋死。,That old lady persuaded her not to seek death.,,Старшая девушка немного посидела с ней и начала засыпать; в этот момент издалека мелькнул шагающий свет — кто‑то нёс фонарь и приближался к ним —
,,,,,,,,,,默认119,,,,老姑娘刀子嘴豆腐心，她虽然表面抱怨林悔儿害得她一晚上都接不客，却始终守在她身边。,老姑娘刀子嘴豆腐心，她雖然表面抱怨林悔兒害得她一晚上都接不客，卻始終守在她身邊。,"The old maid has a sharp tongue but a kind heart; she complains about Lin Huier causing her to be unable to serve guests all night, yet she stays by her side.",,кто‑то поднял фонарь и осветил лицо сидящей Лин Хуэйэр.
,,,,,,,,,,默认120,,,,老姑娘看着她，不让她再动寻死的念头。,老姑娘看著她，不讓她再動尋死的念頭。,"The old maid watches over her, not allowing her to entertain thoughts of suicide.",,Это была женщина в серо‑голубом длинном платье.
,,,,,,,,,,默认1201,,,,……,……,...,,"Прядь её длинных волос свободно свисала на грудь, а в её взгляде, казалось, таилось мерцание звёзд и утончённая одухотворённость."
,StopVoice,,,,,,1,,,,,,,,,,,
,FadeOut,black,,,,,1,,,,,,,,,,,
,Wait,,,,,,1,,,,,,,,,,,
,FadeIn,black,,,,,1,,,,,,,,,,,
,,,,,,,,,,默认121,,,,老姑娘陪了她一会儿，陪地自己快要睡着了——这时，远处有一盏摇摇晃晃的灯光，一点点凑近她们——,老姑娘陪了她一會兒，陪得自己快要睡著了——這時，遠處有一盞搖搖晃晃的燈光，一點點湊近她們——,"The old maid, almost falling asleep herself—then, in the distance, a摇摇晃晃的灯光 approaches them—",,За её спиной стоял высокий мужчина с оттенком侠客 в облике; появление этих двоих внушало сильное чувство спокойствия.
,,,,,,,,,,默认122,,,,有人提着一盏灯，照亮了蹲着的林悔儿的脸庞。,有人提著一盞燈，照亮了蹲著的林悔兒的臉龐。,Someone holding a lamp illuminates Lin Huier's crouching figure.,,Освещавшая Лин Хуэйэр — это была Ман Суй.,
,CharacterOff,,,,,,1,,,,,,,,,,,
,HideMessageWindow,,,,,,,,,,,,,,,,,
,CaptureImage,截图,SpriteCamera,背景截图,,,,,,,,,,,,,,
,Bg,新如果2,,,,,,,,,,,,,,,,
,RuleFadeOut,截图,Ink2,,Linear,,1,,PageWait,,,,,,,,,
,Wait,,,,,,1,,,,,,,,,,,
,ShowMessageWindow,,,,,,,,,,,,,,,,,
,,,,,,,,,,默认124,,,,那是一位穿着者灰蓝色长裙的女子。,那是一位穿著灰藍色長裙的女子。,It was a woman wearing a grey-blue long dress.,,"Ман Суй и Лян, выйдя из чайного павильона «Плавающий свет», заблудились из‑за того, что Лян повернул не туда.",
,,,,,,,,,,默认125,,,,她的一缕长发随意垂落于胸前，眼眸中仿佛藏着星灿，流转着灵秀之气。,她的一縷長髮隨意垂落於胸前，眼眸中彷彿藏著星燦，流轉著靈秀之氣。,"A strand of her long hair casually falls onto her chest, her eyes seem to hold the brilliance of stars, exuding a lively spirit.",,"Чтобы не сбиться снова, они купили фонарь в одном из лавок и, шагая, наткнулись на Лин Хуэйэр, сидящую и плачущую у моста.",
,,,,,,,,,,默认126,,,,她的身后守着一位身材高大，有几分侠客气质的男子，这两人的出现给人一种极强的安定之感。,她的身後守著一位身材高大，有幾分俠客氣質的男子，這兩人的出現給人一種極強的安定之感。,Behind her stands a tall man with a touch of the swordsman about him; the presence of these two people brings a strong sense of stability.,,"«Девушка, что с тобой?» — чуть присев, Ман Суй тёплым светом фонаря осветила лицо Лин Хуэйэр.",
,,,,,,,,,,默认127,,,·,照亮林悔儿的人——是满穗。,照亮林悔兒的人——是滿穗。,The person who lit up Lin Huier—is Man Sui.,,Её голос был тихим и очень нежным.,
,,,,,,,,,,默认129,,,,满穗和良从浮光茶舍中离开后，因良带错了路，便走反了地方。,滿穗和良從浮光茶舍中離開後，因良帶錯了路，便走反了地方。,"After leaving the Floating Light Teahouse, Man Sui and Liang took a wrong turn and ended up going the opposite way.",,«Моя… моя мать умерла… теперь у меня нет матери…»,
,,,,,,,,,,默认130,,,,他们因不想再迷路而在一家店里买了盏灯，走着走着，正遇上蹲在木桥旁哭泣的林悔儿。,他們因不想再迷路而在一家店裡買了盞燈，走著走著，正遇上蹲在木橋旁哭泣的林悔兒。,"Not wanting to get lost again, they bought a lamp from a shop and, as they walked, they came across Lin Huier crouching by a wooden bridge and crying.",,"Хуэйэр сказала это, всхлипывая."
,,满穗,<Off>,,,,,,,默认131,,满穗/满穗_补_1,,[姑娘，你怎么了？],[姑娘，你怎麼了？],"[Miss, what's wrong?]",,"Возможно, из‑за простодушного обаяния Ман Суй, она не колебалась и открыто рассказала незнакомке о своей боли."
,,,,,,,,,,默认132,,,,满穗微微蹲下身子，用温暖的灯光照亮了林悔儿的脸。,滿穗微微蹲下身子，用溫暖的燈光照亮了林悔兒的臉。,"Man Sui slightly squats down, using the warm light to illuminate Lin Huier's face.",,"Все ночные обиды и страхи, которые она сдерживала, наконец нашли выход."
,,,,,,,,,,默认133,,,,她的声音轻轻地，很温柔。,她的聲音輕輕地，很溫柔。,Her voice is gentle and soft.,,…,
,,林翩翩,<Off>,,,,,,,默认134,,林翩翩/赵爽_补,,[我……我娘死了……再也没有娘了……],[我……我娘死了……再也沒有娘了……],[I... my mother has died... there's no one to call mother anymore...],,"Затем Ман Суй расспросила её о прошлом, и она, всхлипывая, рассказывала по одному предложению.",
,,,,,,,,,,默认135,,,,悔儿用带着哭腔的声音说着。,悔兒用帶著哭腔的聲音說著。,Hui'er spoke with a voice tinged with tears.,,"Лин Хуэйэр редко с ней обращались как с «человеком», и эта женщина не позволяла себе грубых слов или лживого сочувствия.",
,,,,,,,,,,默认136,,,,或许是因为满穗那平易近人的气质，她这次没有犹豫，直接向这个陌生人坦白了自己的痛苦。,或許是因為滿穗那平易近人的氣質，她這次沒有猶豫，直接向這個陌生人坦白了自己的痛苦。,"Perhaps because of Man Sui's approachable nature, this time she did not hesitate to reveal her pain to a stranger.",,Она не только слушала — она действовала.,
,,,,,,,,,,默认137,,,,她憋了一整晚的委屈与恐惧，终于找到了一个情绪的出口。,她憋了一整晚的委屈與恐懼，終於找到了一个情緒的出口。,"She had been holding back her委屈 and fear all night, and finally found an outlet for her emotions.",,"В ту ночь Ман Суй дала ей одну‑две таэли, повела в гостиницу.",
,,,,,,,,,,默认138,,,,……,……,...,……,"Она разрешила Лин Хуэйэр воспользоваться баней гостиницы, чтобы хорошенько помыться, а потом пригласила её спать в ту же постель; две девушки всю ночь болтали.",
,,,,,,,,,,默认139,,,,接着，满穗询问起她的身世，她啜泣着一句一句地讲述。,接著，滿穗詢問起她的身世，她啜泣著一句一句地講述。,"Then, Man Sui asked about her background, and she sniffled as she told her story bit by bit.",続いて、満穗は彼女の生い立ちを尋ね、彼女はすすり泣きながら一言ずつ語った。,"Лян собирался лечь рядом на полу, но потом решил, что это неуместно, тихо вышел из комнаты и встал сторожить у двери."
,,,,,,,,,,默认140,,,,林悔儿很少地被当做“人”来尊重，且此人不会与她谈及一些污言秽语，亦不会故作同情。,林悔兒很少地被當做「人」來尊重，且此人不會與她談及一些污言穢語，亦不會故作同情。,Lin Huier is rarely treated with respect as a ,林悔児はめったに「人」として尊重されることがなく、この人は下品な言葉で彼女に話しかけることも、偽りの同情をすることもなかった。,"Как только Лян оказался за дверью, внизу гостиницы поднялся шум."
,,,,,,,,,,默认141,,,,这个人不止会倾听，更会行动。,這個人不止會傾聽，更會行動。,This person not only listens but also takes action.,この人は聞くだけでなく、行動する人だった。,"Он пошёл посмотреть и узнал, что неподалёку кто‑то спас студента."
,,,,,,,,,,默认142,,,,那一晚，满穗拿出了一两银子，带林悔儿回了客栈。,那一晚，滿穗拿出了一兩銀子，帶林悔兒回了客棧。,"That night, Man Sui took out one tael of silver and brought Lin Huier back to the inn.",その夜、満穗は一、二両の銀子を取り出し、林悔児を宿に連れ帰った。,"Кажется, этот студент напился в развратном квартале и, возвращаясь домой, случайно упал в реку."
,,,,,,,,,,默认143,,,,她让林悔儿用了客栈的澡堂，使她舒舒服服冲了一个澡，再邀请她一起睡在了同一张床上，两位姑娘彻夜长谈。,她讓林悔兒用了客棧的澡堂，使她舒舒服服沖了一個澡，再邀請她一起睡在了同一張床上，兩位姑娘徹夜長談。,"She let Lin Huier use the inn's bathhouse, allowing her to take a comfortable bath, and then invited her to sleep in the same bed, the two girls chatting through the night.",彼女は林悔児に宿の風呂を使わせ、快く一風呂浴びさせ、同じ一畳の床に一緒に寝るよう招いた。二人の娘たちは夜通し語り合った。,Поздно возвращавшийся лодочник наткнулся на несчастного и вытянул его.,
,,,,,,,,,,默认144,,,,良本打算睡在她们旁边的地上，但后来想想不太合适，便默默地退出了房间，守在门外。,良本打算睡在她們旁邊的地上，但後來想想不太合適，便默默地退出了房間，守在門外。,"Liang originally planned to sleep beside them, but then thought it might not be appropriate, so he silently left the room and stood guard outside.",良は当初彼女たちのそばの床に寝るつもりだったが、後から考えて不適切だと思い、黙って部屋を出て戸口の外で見守った。,"Он поперхнулся водой пару раз; хоть жизнь его была вне опасности, позор ему был обеспечен — после этого он вряд ли снова будет гулять по Двадцатичетырёх мостам.",
,,,,,,,,,,默认145,,,,良刚到门外后，便听到客栈楼下人声纷扰。,良剛到門外後，便聽到客棧樓下人聲紛擾。,"After going outside, Liang heard the commotion downstairs at the inn.",良が外に出ると、宿の下で人声の騒ぎが聞こえた。,На следующий день Ман Суй заплатила пятьдесят таэлей и выкупила Лин Хуэйэр у матроны Люсяна.,
,,,,,,,,,,默认146,,,,他前去打探，才知道有人在附近救下了一个书生。,他前去打探，才知道有人在附近救下了一個書生。,"Upon investigating, he learned that someone had saved a scholar nearby.",彼が覗きに行くと、近くで一人の書生が助けられたという話を知った。,"Лян спросил, зачем она так поступила.",
,,,,,,,,,,默认147,,,,那个书生似乎是在勾栏里喝多了酒，回家途中一不小心掉到了河里。,那個書生似乎是在勾欄裡喝多了酒，回家途中一不小心掉到了河裡。,"That scholar seemed to have gotten drunk at a pleasure house and, on his way home, accidentally fell into the river.",その書生は遊郭で酒を飲みすぎ、帰り道に不意に川に落ちたらしい。,"Ман Суй ответила, что когда‑то старшая сестра из страны плутов кормила её и научила письму и чтению, тем самым изменив её жизнь.",
,,,,,,,,,,默认148,,,,一位晚归的艄公正撞见了倒霉的他，把他救了上来。,一位晚歸的艄公正撞見了倒楣的他，把他救了上來。,"An old boatman, returning late, happened upon the unfortunate man and rescued him.",遅く帰る艄公がたまたま不運な彼を見つけ、救い上げたのだ。,"Теперь, приехав с Севера на Юг, она не может вернуть ту помощь той сестре напрямую… Так лучше передать эту благодать дальше и изменить жизнь Лин Хуэйэр.",
,,,,,,,,,,默认149,,,,他呛了几口水，虽然没有生命大碍，却也算是了出了丑，想来今后不敢再去二十四桥逛了。,他嗆了幾口水，雖然沒有生命大礙，卻也算是出了丑，想來今後不敢再去二十四橋逛了。,"He coughed up a few mouthfuls of water. Although he was not in serious danger, he had made a fool of himself. He figured he wouldn't dare to visit the Twenty-four Bridge again in the future.",彼は数回水を嚥み、命に別状はなかったが、顔を赤らめる恥ずかしい思いをし、今後は二十四橋を歩くのを控えるだろうと思った。,"Ман Суй переодела Лин Хуэйэр в чистое скромное платье, провела её по Янчжоу и через некоторое время забрала с собой в Ханчжоу.",
,CharacterOff,,,,,,1,,,,,,,,,,,
,HideMessageWindow,,,,,,,,,,,,,,,,,
,CaptureImage,截图,SpriteCamera,背景截图,,,,,,,,,,,,,,
,Bg,新如果3,,,,,,,,,,,,,,,,
,RuleFadeOut,截图,Ink2,,Linear,,1,,PageWait,,,,,,,,,
,Wait,,,,,,1,,,,,,,,,,,
,ShowMessageWindow,,,,,,,,,,,,,,,,,
,,,,,,,,,,默认151,,,,第二日，满穗花了五十两银子，从柳巷的鸨母处为林悔儿赎了身。,第二日，滿穗花了五十兩銀子，從柳巷的鸨母處為林悔兒贖了身。,"The next day, Man Sui spent fifty taels of silver to redeem Lin Huier's freedom from the madam at Willow Lane.",翌日、満穗は五十両の銀子を払い、柳巷の仲居から林悔児を身請けした。,"Она научила Лин Хуэйэр грамоте, чтению, арифметике, навыкам переговоров и финансов, чтобы та могла помогать в торговых делах."
,,,,,,,,,,默认152,,,,良询问她为何会这么做，满穗回答说当年有一名出身风月之地的姐姐给她吃的、教她识字念书，改变了她的人生。,良詢問她為何會這麼做，滿穗回答說當年有一名出身風月之地的姐姐給她吃的、教她識字念書，改變了她的人生。,"Liang asked her why she would do such a thing, and Man Sui replied that a sister who came from the world of pleasure once gave her food and taught her to read and write, changing her life.",良がなぜそんなことをしたのかと尋ねると、満穗はかつて風月の地出身の姉が食べ物を分け、読み書きを教えてくれ、生涯を変えてくれたと答えた。,"Лин Хуэйэр — терпеливая, готовая к труду и довольно одарённая девушка.",
,,,,,,,,,,默认153,,,,如今她从北方来到南方，难再报答那位姐姐的恩情……那不如把这恩情传递下去，使林悔儿的人生因她而改变。,如今她從北方來到南方，難再報答那位姐姐的恩情……那不如把這恩情傳遞下去，使林悔兒的人生因她而改變。,"Now that she had come from the north to the south, it was difficult for her to repay that sister's kindness... So instead, she would pass on that kindness, changing Lin Huier's life through her.",今、彼女は北から南へ来て、その姉にもう恩返しできない――それならこの恩を伝えていけばいい、林悔児の人生を自分が変えてやろう、と。,Она быстро усваивала уроки Ман Суй и вскоре сама стала стремиться к новым знаниям.,
,CharacterOff,,,,,,1,,,,,,,,,,,
,HideMessageWindow,,,,,,,,,,,,,,,,,
,CaptureImage,截图,SpriteCamera,背景截图,,,,,,,,,,,,,,
,Bg,新如果4,,,,,,,,,,,,,,,,
,RuleFadeOut,截图,ReInk2,,Linear,,1,,PageWait,,,,,,,,,
,Wait,,,,,,1,,,,,,,,,,,
,ShowMessageWindow,,,,,,,,,,,,,,,,,
,,,,,,,,,,默认155,,,,满穗为林悔儿换了一身干净的素色衣裙，带她逛了一遍扬州，并在一段时日后带她一同前往杭州。,滿穗為林悔兒換了一身乾淨的素色衣裙，帶她逛了一遍揚州，並在一段時日後帶她一同前往杭州。,"Man Sui changed Lin Huier into a clean, simple dress and took her around Yangzhou. After a while, she took her to Hangzhou as well.",満穗は林悔児に清潔な素朴な衣を一着着せ、揚州を一通り案内し、しばらくしてから一緒に杭州へ連れて行った。,Иногда Ман Суй рассказывала ей разные истории о легендарных героях прошлого и настоящего…,
,,,,,,,,,,默认156,,,,她教林悔儿识字，教林悔儿读书，教林悔儿一些算数、谈判、理财的技艺，让她能协助自己的经商事业。,她教林悔兒識字，教林悔兒讀書，教林悔兒一些算數、談判、理財的技藝，讓她能協助自己的經商事業。,"She taught Lin Huier to read and write, to do arithmetic, to negotiate, and to manage finances, so that she could assist with her own business ventures.",彼女は林悔児に読み書きを教え、算術や交渉、財務の技術を教え、商いの手伝いができるようにした。,В тот раз она не рассказывала о Цзин Кэ.,
,,,,,,,,,,默认157,,,,林悔儿是个有耐心、肯吃苦、又很有天赋的姑娘。,林悔兒是個有耐心、肯吃苦、又很有天賦的姑娘。,"Lin Huier was a patient, hard-working, and very talented girl.",林悔児は我慢強く、苦労を厭わず、天賦の才のある娘だった。,"Она говорила о Му Гуйин, о Цинь Ляньюй, о Хуа Мулань… о тех девочках, что сияют в летописях и сказаниях.",
,,,,,,,,,,默认158,,,,满穗教的东西她学得很快，很快地，她自己也会主动去学习一些新东西。,滿穗教的東西她學得很快，很快地，她自己也會主動去學習一些新東西。,"Lin Huier learned quickly the things Man Sui taught her, and soon she began to take the initiative to learn new things on her own.",満穗が教えたことを彼女は早く覚え、やがて自ら進んで新しいことを学ぶようになった。,"Она также делилась с Лин Хуэйэр своей судьбой, говорила о ранних скитаниях и последующих испытаниях, описывала северные края…",
,,,,,,,,,,默认159,,,,偶尔，满穗也会给她讲一些故事，讲古今历史里的种种传奇人物……,偶爾，滿穗也會給她講一些故事，講古今歷史裡的種種傳奇人物……,"Occasionally, Man Sui would tell her stories about various legendary figures throughout history and tales of old...",時折、満穗は古今の伝奇的人物の話をして聞かせた……,"День за днём Лин Хуэйэр менялась, постепенно поправлялась.",
,,,,,,,,,,默认160,,,,这次，她没有讲荆轲。,這次，她沒有講荊轲。,"This time, she didn't tell the story of Jing Ke.",今回は荊軻の話はしなかった。,Она вскоре перестала быть закомплексованной и робкой.,
,,,,,,,,,,默认161,,,,她讲了穆桂英、讲了秦良玉、讲了花木兰……讲了那些史书或故事里闪闪发光的女孩子。,她講了穆桂英、講了秦良玉、講了花木蘭……講了那些史書或故事裡閃閃發光的女孩子。,"She told her about Mu Guiying, Qin Liangyu, Hua Mulan... about those shining girls in history books or stories.",穆桂英の話をし、秦良玉の話をし、花木蘭の話をした……史書や物語の中で光り輝く女たちのことを語った。,"У неё появились свои цели, свои мечты.",
,,,,,,,,,,默认162,,,,她也向林悔儿分享自己的事，分享自己早年的颠沛流离，后来的千辛万苦，以及给她讲述那北方之地的种种景象……,她也向林悔兒分享自己的事，分享自己早年的顛沛流離，後來的千辛萬苦，以及給她講述那北方之地的種種景象……,"She also shared her own experiences with Lin Huier, telling her about her early hardships, the many difficulties she faced later, and describing the various scenes of the northern lands to her...",彼女はまた林悔児に自身のこと、若い頃の流離やその後の苦労、北方の地の様子も語った。,Она воскресла благодаря переданной Ман Суй любви и надежде.,
,,,,,,,,,,默认163,,,,林悔儿一天一天地改变着，逐渐好了起来。,林悔兒一天一天地改變著，逐漸好了起來。,"Lin Huier changed day by day, gradually getting better.",林悔児は日々変わっていき、徐々に元気を取り戻した。,"Во времена правления Шуньчжи старый генерал Ван погиб на войне, и малый генерал Ван унаследовал титул.",
,,,,,,,,,,默认164,,,,她很快便不再自卑，不再怯懦了。,她很快便不再自卑，不再怯懦了。,She soon overcame her self-doubt and timidity.,彼女はすぐに自卑や怖気を失い、自分の目標と夢を持つようになった。,"В это время студент Фан Чжию не был при малом генерале Ван в качестве советника; никто не знал, уехал ли он в Цзиньлин или на Север.",
,,,,,,,,,,默认165,,,,她逐渐有了自己的目标，自己的梦想。,她逐漸有了自己的目標，自己的夢想。,She began to have her own goals and dreams.,満穗が伝えた愛と希望によって、彼女は生き返ったのだ。,Малый генерал Ван выписал документ о разводе и даровал госпоже Цюнхуа свободу.
,,,,,,,,,,默认166,,,,她因满穗传递过来的爱与希望，重获新生。,她因滿穗傳遞過來的愛與希望，重獲新生。,She was reborn through the love and hope passed on to her by Man Sui.,順治の時代、老将軍王は戦死し、王小将軍が爵位を継いだ。,С тех пор госпожа Цюнхуа снова стала просто Цюнхуа.,
,FadeOut,black,,,,,1,,,,,,,,,,,
,Wait,,,,,,0.5,,,,,,,,,,,,
,ScreenText,1,White,2,1.5,2,70,,,结语13,,,,,,,,,
,Bg,天空,,,,,,,,,,,,,,
,Bgm,死生别离,,,,2,2,,,,,,,,,,,
,FadeIn,black,,,,,1,,,,,,,,,,,
,CharacterOff,,,,,,2,,,,,,,,,,,
,HideMessageWindow,,,,,,,,,,,,,,,,,
,CaptureImage,截图,SpriteCamera,背景截图,,,,,,,,,,,,,,
,Bg,新如果5,,,,,,,,,,,,,,,,
,RuleFadeOut,截图,Ink3,,Linear,,2,,PageWait,,,,,,,,,
,Wait,,,,,,1,,,,,,,,,,,
,ShowMessageWindow,,,,,,,,,,,,,,,,,
,,,,,,,,,,默认167,,,,顺治年间，王老将军战死，王小将军承袭了爵位。,順治年間，王老將軍戰死，王小將軍承襲了爵位。,"During the Shunzhi period, General Wang died in battle, and his son, young General Wang, inherited the title.",このとき、書生の方知宥は王小将軍の側で幕僚を務めておらず、金陵へ行ったのか北方へ行ったのかは分からなかった。,Она собрала вещи и отправилась в дальние края в сопровождении нескольких служанок и приближённых.,
,,,,,,,,,,默认168,,,,此时，书生方知宥并未在王小将军身旁担当幕僚，不知他是去了金陵，还是去了北方。,此時，書生方知宥並未在王小將軍身旁擔當幕僚，不知他是去了金陵，還是去了北方。,"At that time, the scholar Fang Zhiyou realized that he was not serving as an advisor to young General Wang, not knowing whether he had gone to Jinling or to the north.",王小将軍は一通の離縁状を出し、瓊花夫人に自由を与えた。,Она везде выспрашивала вести о старых знакомых и в конце концов арендовала на пристани в Ханчжоу судно для дальнего плавания и подняла паруса.,
,,,,,,,,,,默认169,,,,王小将军一纸休书，给予琼花夫人自由。,王小將軍一紙休書，給予瓊花夫人自由。,"Young General Wang issued a letter of divorce, granting Qionghua Lady her freedom.",こうして瓊花夫人は再び瓊華へと戻った。,"Одни говорили, что она уходит, чтобы избежать хаоса.",
,,,,,,,,,,默认170,,,,从此，琼花夫人重新变作琼华。,從此，瓊花夫人重新變作瓊華。,"From then on, Qionghua Lady became Qionghua again.",彼女は旅支度を整え、数人の侍女や近侍を伴って遠方へ向かった。,"Другие говорили… что она отправилась искать двух старых знакомых, чтобы ещё раз увидеть её и его и залатать какое‑то сожаление.",
,,,,,,,,,,默认171,,,,她收拾行囊，在几位丫鬟，几位近侍的陪同下前往远方。,她收拾行囊，在幾位丫鬟，幾位近侍的陪同下前往遠方。,"She packed her belongings and, accompanied by several maids and attendants, set off for a distant place.",彼女は旧知の消息を尋ね歩き、最終的に杭州の渡し場で一艘の長旅の船を借り、帆を上げて海へ漕ぎ出した。,"Ещё кто‑то говорил… что она уходит не от бегства и не от поиска, а исключительно ради сокровенной мечты, ради надежды, глубоко затаённой в её сердце.",
,,,,,,,,,,默认172,,,,她四处打听旧人消息，最终在杭州渡口处租下一艘远舟，扬帆出海。,她四處打聽舊人消息，最終在杭州渡口處租下一艘遠舟，揚帆出海。,"She made inquiries about old acquaintances and, ultimately, rented a far-off vessel at the dock in Hangzhou and set sail out to sea.",ある者は彼女が乱を避けるためだと言い、ある者は……彼女が二人の旧友を探すためであり、彼女と彼にもう一度会って埋められない遺憾を補いたかったのだと言い、さらにある者は……彼女は逃避でも探索でもなく、ただ心底に抱くある夢、ある希望のために旅立ったのだと言った。,"В общем, она подняла паруса и шла, куда дул ветер…",
,,,,,,,,,,默认173,,,,有人说她是为了躲避纷乱。,有人說她是為了躲避紛亂。,Some said she was trying to escape the turmoil.,いずれにせよ、彼女は帆を上げ、風の吹くままに行く――,"Пока не встретила судьбу, предназначенную ей —",
,,,,,,,,,,默认174,,,,有人说……她此去是为了寻找两位故人，想要与她和他再见一面，补上某个遗憾。,有人說……她此去是為了尋找兩位故人，想要與她和他再見一面，補上某個遺憾。,"Others said... her journey was to find two old friends, wanting to see them both again and make amends for some regret.",,"Поскольку в ней чувствовалось множество ожиданий и надежд, чудеса возникли в разных мирах и временах…",
,,,,,,,,,,默认175,,,,还有人说……她此去并非是为了躲避，也并非是为了寻找，纯粹是为了她深埋心底的某个梦想、某个希望。,還有人說……她此去並非是為了躲避，也並非是為了尋找，純粹是為了她深埋心底的某個夢想、某個希望。,"And some say... her departure was neither to escape nor to search, but purely for a dream, a hope buried deep in her heart.",,В одном из миров та самая «Книга врачевателя Лин» в ломбарде «Ду Лу» оказалась даром от божества; в ней было записано средство для лечения странной болезни.,
,,,,,,,,,,默认176,,,,总之，她扬起风帆，风吹到哪里，她就去哪里……,總之，她揚起風帆，風吹到哪裡，她就去哪裡……,"In short, she raised her sails, and wherever the wind blew, there she went...",,"Эта вещь свела влюблённых, позволила Янь‑Чжую (雁宥) без тяжести бросить город Янчжоу, уплыть за моря и в неизвестном людском уголке прожить тихо и состариться вместе…",
,,,,,,,,,,默认177,,,,直到邂逅那个属于她的结局——,直到邂逅那個屬於她的結局——,Until she met the ending that was meant for her —,そして彼女にふさわしい結末と巡り合うまで――,"В другом мире, хотя события десяти дней до Янчжоу остались бы прежними — Фан Чжию, вспоминая прошлое, когда Хуэйэр причёсывала его, понял её искреннее сердце.",
,FadeOut,black,,,,,1,,,,,,,,,,,
,ScreenText,1,White,2,1.5,2,70,,,结语16,,,,,,
,Bg,天空,,,,,,,,,,,,,,,,,
,FadeIn,black,,,,,1,,,,,,,,,,,
,Bgm,与雁同行,,,,1,1,,,,,,,,,,,
,CharacterOff,,,,,,2,,,,,,,,,,,
,HideMessageWindow,,,,,,,,,,,,,,,,,
,CaptureImage,截图,SpriteCamera,背景截图,,,,,,,,,,,,,,
,Bg,如果结局,,,,,,,,,,,,,,,,
,RuleFadeOut,截图,Ink3,,Linear,,2,,PageWait,,,,,,,,,
,Wait,,,,,,1,,,,,,,,,,,
,ShowMessageWindow,,,,,,,,,,,,,,,,,
,,,,,,,,,,默认178,,,,因感知到许多的期许和希望，奇迹在不同的时空中出现……,因感知到許多的期許和希望，奇蹟在不同的時空中出現……,"Because of the many expectations and hopes perceived, miracles appear in different times and spaces...",多くの期待と希望を感じ取り、奇跡は異なる時空に現れた……,"Он схватил её руку, не думая о последствиях, унес её от острых клинков и очага войны, вместе с Ляном и Ман Суй сел на дальнее судно и поплыл к новой истории и надежде…",
,,,,,,,,,,默认179,,,,在一个时空里，“渡芦”当铺中的那本铃医手记原是神仙所赠，其中记载了治愈怪症的秘方。,在一個時空裡，「渡芦」當舖中的那本鈴醫手記原是神仙所贈，其中記載了治癒怪症的秘方。,"In one time and space, the 'Dulü' pawnshop's medical notes were originally a gift from a deity, which recorded the secret recipes for curing strange diseases.",ある時空では、「渡芦」質屋のあの『鈴医手記』は神から授かったもので、そこには奇病を治す秘方が記されていた。,"Ещё в одном мире — будь то Су Ляньян, Лин Хуэйэр или Фан Чжию — у каждого был бы тёплый семейный очаг, они жили бы в мирной стране без войн —",
,,,,,,,,,,默认1791,,,,此物使有情人终成眷属，使雁宥终可毫无负担地逃出扬州城，逃至天涯海角，在一处无人知晓的角落安居乐业、白头偕老……,此物使有情人終成眷屬，使雁宥終可毫無負擔地逃出揚州城，逃至天涯海角，在一處無人知曉的角落安居樂業、白頭偕老……,"This item enabled lovers to be together, enabled Yanyou to escape Yangzhou city without a care, to flee to the ends of the earth, and settle in a corner unknown to all, living happily ever after...",その書は恋人たちを結びつけ、雁宥が何の負担もなく揚州城を逃れ、天涯海角の人知れぬ場所で静かに暮らし、白髪まで共に過ごすことを叶えた……,"всё, что могло принести им боль и страдание, не происходило бы; возможно, их пути пересеклись бы, а возможно, и нет, но по крайней мере они жили бы счастливо…"
,,,,,,,,,,默认180,,,,在一个时空里，纵然扬州十日前的任何情况都未改变——方知宥在悔儿为其梳妆之时回想起了过去，领悟了她的真心。,在一個時空裡，縱然揚州十日前的任何情況都未改變——方知宥在悔兒為其梳妝之時回想起了過去，領悟了她的真心。,"In one time and space, even though none of the events ten days before in Yangzhou had changed — Fang Zhiyou remembered the past when Hui'er was doing his makeup, and realized her true feelings.",ある時空では、揚州の十日前のどんな出来事も変わらなかったとしても――方知宥は悔児が彼のために身づくろいする時に過去を思い返し、彼女の真心を悟った。,"Ещё в одном мире не было бы жадности, жестокости и варварства, не было бы лицемерия, сомнений и трусости…"
,,,,,,,,,,默认1801,,,,他不顾一切地牵住了她的手，带她逃出乱世的兵刃与烽火，与良和满穗同赴远舟，驶向了新的故事和希望……,他不顧一切地牽住了她的手，帶她逃出亂世的兵刃與烽火，與良和滿穗同赴遠舟，駛向了新的故事和希望……,"He held her hand without hesitation, took her out of the chaos of war and烽火(fires), and set sail with Lianghe and Manhui for a new story and hope...",彼は何もかも顧みず彼女の手を取り、乱世の刃と烽火から彼女を連れ出し、良と満穗と共に遠舟に赴き、新たな物語と希望へ漕ぎ出した……,"В этом мире никто не имел бы звериного облика, все могли бы говорить открыто и заботиться друг о друге… вся тьма была бы растоплена светом, и всё было бы прекрасно…",
,,,,,,,,,,默认181,,,,还有一个时空，无论是苏连雁、林悔儿、亦或是方知宥，他们都有美满的家庭，他们都生活在和平而没有战乱的国家——,還有一個時空，無論是蘇連雁、林悔兒、亦或是方知宥，他們都有美滿的家庭，他們都生活在和平而沒有戰亂的國家——,"In another time and space, whether it was Su Lianyan, Lin Hui'er, or Fang Zhiyou, they all had happy families, all lived in a peaceful country without war —",また別の時空では、蘇連雁も林悔児も方知宥も、それぞれが温かな家庭を持ち、戦乱のない平和な国で暮らしていた――,Всё возможно.,
,,,,,,,,,,默认1811,,,,那所有的会给他们带来痛苦和悲惨的事都没有发生，他们或许有过交集，也或许从未相遇，但至少都幸福地活着……,那所有的會給他們帶來痛苦和悲慘的事都沒有發生，他們或許有過交集，也或許從未相遇，但至少都幸福地活著……,"None of the things that would bring them pain and tragedy happened. They might have had intersections, or perhaps never met, but at least they all lived happily...",彼らに苦痛や悲惨をもたらす出来事は起こらず、彼らは交わることがあったかもしれないし、なかったかもしれないが、少なくとも幸せに生きていた……,В конце спасибо вам за поддержку этой игры.,
,,,,,,,,,,默认182,,,,还有一个时空，世上没有任何的贪婪、残暴和野蛮，没有任何的伪善、犹疑与懦弱……,還有一個時空，世上沒有任何的貪婪、殘暴和野蠻，沒有任何的偽善、猶疑與懦弱……,"In another time and space, there was no greed, cruelty, or savagery, no hypocrisy, doubt, or cowardice in the world...",また別の時空では、世の中に貪欲さも残虐さも野蛮さもなく、偽善や迷い、卑怯さも存在しなかった……,,
,,,,,,,,,,默认1821,,,,在这个时空里，所有人都没有兽相，所有人都能坦诚相待、互相关怀……所有的黑暗都被光明所消融，所有的一切都是美好的……,在這個時空裡，所有人都沒有獸相，所有人都能坦誠相待、互相關懷……所有的黑暗都被光明所消融，所有的一切都是美好的……,"In this time and space, no one had the demeanor of a beast, everyone could be honest and caring towards each other... All the darkness was melted by light, everything was good...",その時空では、誰もが獣の貌を持たず、互いに率直に接し、思いやりを持ち合い……すべての暗闇は光に溶かされ、すべてが美しいのだった……,,
,,,,,,,,,,默认183,,,,一切皆有可能。,一切皆有可能。,Anything is possible.,すべては可能である。,,
,FadeOut,black,,,,,1,,,,,,,,,,,
,ScreenText,1,White,2,1.5,2,70,,,结语18,,,,,,,,,
,Wait,,,,,,0.3,,,,,,,,,,,,
,ScreenText,1,White,2,1.5,2,70,,,结语17,,,,,,,,,
,EndScenario,,,,,,,,,,,,,,,
