#SHEET_NAME,忆-第十四回
,Command,Arg1,Arg2,Arg3,Arg4,Arg5,Arg6,Arg7,WaitType,Text,PageCtrl,Voice,WindowType,SC,TC,English,Japanese,Russian
,ChapterAnimation,BG_Yi_14,chapter_bg_Y,chapter_title_Y14,Liang,265,,,,,,,,,,,
,*map_yi_14,,,,,,,,,,,,,,,,
,UnlockPlotMap,map_yi_14,,,,,,,,,,,,,,,
,SetChapterName,忆-第十四回,,,,,,
,Wait,,,,,,1,
,FadeOut,black,,,,,0,
,Bg,左屋忆,,,,,,,,,,,,,,,
,FadeIn,black,,,,,1,,,,,,,,,,,
,Bgm,烟花风月,,,,0.2,3,,,,,,,,,,,
,AutoSave
,,,,,,,,,,默认1,,,,“《狮驼国》，幻奇之书也。”,“《獅駝國》，幻奇之書也。”,"""The 'Lion Camel Kingdom' is a tome of wondrous fantasy"".",「『獅駝国』とは幻奇の書なり」,"""'Королевство Льва и Верблюда' - сие есть книга дивных и чудных образов."""
,,,,,,,,,,默认2,,,,“吾以狮驼国一小民之视角，述百年前之往事。 ”,“吾以獅駝國一小民之視角，述百年前之往事。 ”,"""From the perspective of a humble citizen of the Lion Camel Kingdom, I recount events from a century ago. """,「獅駝国の一国民の視点から、数百年前の出来事を語ろうと思う」,"""От лица обычного жителя Королевства я перескажу события прошлых веков."""
,,,,,,,,,,默认3,,,,“五百年前，大圣未至，狮驼沦陷。见那金翅大鹏，展翅遮天，群妖肆虐，吃尽臣民，夺人江山，使得满国尽是妖怪！ ”,“五百年前，大聖未至，獅駝淪陷。見那金翅大鵬，展翅遮天，群妖肆虐，吃盡臣民，奪人江山，使得滿國盡是妖怪！ ”,"""Five hundred years ago, before the Great Sage's arrival, the Lion Camel Kingdom fell. I saw the Golden-Winged Great Roc spread its wings and blot out the sky, while the Horde of Demons ran rampant, devouring the people and seizing the throne, until the whole kingdom was filled with monsters!""",「時は五百年前、斉天大聖はまだこの地に現れておらず、獅駝国は陥落した。妖王である金翼鵬王の羽が天を覆い、妖怪の群れは悪逆非道の限りを尽くした。そして民を喰らいつくし、土地を乗っ取り、妖怪ののさばる国にしてしまった」,"""Пять веков назад, ещё до прибытия Сунь Укуна, Великого Мудреца, Королевство наше пало. Я узрел, как Великий Златокрылый Кондор расправил свои крылья, затмив небосвод. Яогуаи бесчинствовали, пожирали людей и захватывали земли - и вся страна наша оказалась наводнена ими."""
,,,,,,,,,,默认4,,,,“吾笔所至，泪亦随之，盖欲使世人知战争之苦，悲苦之深也。”,“吾筆所至，淚亦隨之，蓋欲使世人知戰爭之苦，悲苦之深也。”,"""Where my pen moves, tears follow—for I wish the world to know war's bitterness and sorrow's depth"".",「この物語を綴っている間、我ながら涙が零れた。願わくば世の人々に争いの苦しみを、その悲哀を伝えられんことを」,"""Следом за моей кистью следует слеза - желаю я показать, сколь ужасна война и сколь великую горесть несёт она людям."""
,,,,,,,,,,默认5,,,,……,……,...,……,...
,,,,,,,,,,默认6,,,,我伏案疾书，挥毫舞墨，狼毫笔在宣纸上奔走如飞，字字句句倾泻而出。,我伏案疾書，揮毫舞墨，狼毫筆在宣紙上奔走如飛，字字句句傾瀉而出。,"I hunched over the desk, writing furiously as the wolf-hair brush flew across the Xuan paper, words gushing forth in torrents.",机にかじりつき、ひたすらに書き続けた。狼毫筆が宣紙の上を駆け回り、次から次へと文字が溢れ出してくる。,"Склонившись над столом, я лихорадочно писал кистью из шерсти хорька на сюаньчэнской бумаге для каллиграфии - строки лились, словно из неиссякаемого источника."
,,,,,,,,,,默认7,,,,纸页渐满，墨迹纵横，我将每一笔都写得工整恳切，仿佛要将魂灵都刻入字里行间。,紙頁漸滿，墨跡縱橫，我將每一筆都寫得工整懇切，彷彿要將魂靈都刻入字裡行間。,"The pages gradually filled with crisscrossed ink strokes as I penned each character with painstaking precision, as though etching my very soul between the lines.",縦横に墨跡が走り、頁が埋まっていく。一筆一筆に丹精を込めて、私は書く。魂そのものを、文字に刻み付けるように。,"Страницы постепенно заполнялись вдоль и поперёк мазками туши; я выводил каждый иероглиф с мучительной тщательностью, словно высекая между строк собственную душу."
,,,,,,,,,,默认8,,,,——呼。,——呼。,—Huff.,――ふぅ,*Фух.*
,,,,,,,,,,默认9,,,,写罢一页后，我长舒出一口气，从木椅中起身。,寫罷一頁後，我長舒出一口氣，從木椅中起身。,"Having completed a page, I exhaled deeply and stood up from the wooden chair.",一頁書き終えると、私は長めの息を吐き出し、椅子から立ち上がった。,"Закончив страницу, я глубоко вздохнул, откинувшись на стуле."
,,,,,,,,,,默认10,,,,我将写满了字的宣纸似宝贝一般捧起，吹了吹上面的字迹。,我將寫滿了字的宣紙似寶貝一般捧起，吹了吹上面的字跡。,"I lifted the ink-filled Xuan paper like a precious relic, gently blowing on the fresh calligraphy.",文字で埋め尽くされた紙をまるで宝物のようにそっと持ち、書かれている筆跡にそっと息を吹きかけた。,"Подняв исписанный лист бумаги, я держал его, словно бесценный артефакт, легонько обдувая свежую тушь."
,,,,,,,,,,默认11,,,,墨香清冽，扑入鼻息，纸上黑亮的墨迹缓缓变色，变成了更为沉淀的黑灰。,墨香清冽，撲入鼻息，紙上黑亮的墨跡緩緩變色，變成了更為沉澱的黑灰。,The sharp fragrance of ink filled my nostrils as the glossy black characters slowly darkened to a more somber charcoal hue.,心地良い墨の香りが鼻を通る。紙の黒い墨の跡が、徐々により深い黒へと変わっていった。,"Резкий запах туши наполнил ноздри, а глянцево-чёрные иероглифы постепенно темнели, приобретая более сдержанный угольный оттенок."
,,方知宥,,,,,,,,默认12,,,,[……],[……],"""...""",「……」,"""..."""
,,,,,,,,,,默认13,,,,我端详着自己写下的文字，一股暖流般的自豪感油然而生，嘴角不自觉地微微扬起。,我端詳著自己寫下的文字，一股暖流般的自豪感油然而生，嘴角不自覺地微微揚起。,"As I examined the words I had written, a warm surge of pride welled up within me, and the corners of my mouth curled into an unconscious smile.",自分の書いた文字を見ていると、暖かい満足感がふつふつと沸き上がり、思わず笑みがこぼれた。,"При виде написанного внутри меня начало разливаться тёплое чувство гордости, а уголки рта непроизвольно изогнулись в улыбке."
,,方知宥,,,,,,,,默认14,,方知宥/30_方知宥_01,,[这几日写得倒顺，不仅试写了前三章，序言也改过一遍了。］,[這幾日寫得倒順，不僅試寫了前三章，序言也改過一遍了。］,"""These past few days, the writing has flowed smoothly—not only have I drafted the first three chapters, but I’ve also revised the preface.""",「ここ数日の進捗はなかなか順調だな。はじめの三章の下書きだけでなく、序章の校閲も一通りできた」,"""Последние пару дней слова прямо сами летят из-под кисти. Я не только набросал первые три главы, но и переработал предисловие."""
,,,,,,,,,,默认15,,,,我笑了笑，掂量着手中半指厚的书稿——这是我写的小说，名为《狮驼国》。,我笑了笑，掂量著手中半指厚的書稿——這是我寫的小說，名為《獅駝國》。,"I chuckled, weighing the half-inch-thick manuscript in my hand—this was my novel, titled ""Lion Camel Kingdom"".",ふふと笑い、指の半分ほどの厚さになった原稿を量る――私が書いた小説だ。題を『獅駝国』と言う。,"Усмехнулся я, взвешивая рукопись толщиной в полпальца. Это была моя книга - ""Королевство Льва и Верблюда""."
,,,,,,,,,,默认16,,,,此书取材自《西游记》，讲述一国臣民被狮驼岭群妖屠尽的悲剧故事。,此書取材自《西遊記》，講述一國臣民被獅駝嶺群妖屠盡的悲劇故事。,"The book draws inspiration from ""Journey to the West"", recounting the tragedy of a kingdom’s people slaughtered by the Horde of Demons at Lion Camel Ridge.",『西遊記』を原型に、とある国の民が獅駝嶺の妖怪たちに虐殺される悲劇を描いた物語だ。,"В своей книге, вдохновляясь ""Путешествием на Запад"", я пересказываю страдания жителей королевства, которых истребляют яогуаи в Львино-Верблюжьем хребте."
,,方知宥,,,,,,,,默认17,,方知宥/30_方知宥_02,,[嗯……将故事的主角设为一介书生，写来固然畅快恣意，只是……会不会有些不真实？］,[嗯……將故事的主角設為一介書生，寫來固然暢快恣意，只是……會不會有些不真實？］,"""Hmm... Making the protagonist a mere Scholar certainly makes the writing feel liberating, but... does it lack realism?""",「うーむ……物語の主人公を一介の書生にしたのは書きやすくて良いが……少し現実味に欠けるか？」,"""Хм-м... Учёный в качестве главного героя даёт свободу для фантазии... но вот насколько правдоподобно это будет выглядеть?"""
,,方知宥,,,,,,,,默认18,,方知宥/30_方知宥_03,,[《西游记》中的狮驼国远在西牛贺州，远离中原，那里不尊孔孟，当真会有书生？可若是改为和尚……这几日的心血岂不白费了……],[《西遊記》中的獅駝國遠在西牛賀州，遠離中原，那裡不尊孔孟，當真會有書生？可若是改為和尚……這幾日的心血豈不白費了……],"""In 'Journey to the West', the Lion Camel Kingdom lies far in the Western Continent of Cattle-Gift, distant from the Central Plains. They don't revere Confucius or Mencius—could there truly be scholars there? But if I change it to monks... wouldn't all these days of effort go to waste...""",「『西遊記』の獅駝国はこの<ruby=ちゅうげん>中原</ruby>から遥か離れた<ruby=さいごけしゅう>西牛賀洲</ruby>だ。孔子や孟子を尊ばぬ地に、はたして書生がいるのだろうか？だが僧に変えると……これまでの努力が水の泡に……」,"""В 'Путешествии на Запад' Королевство находится на западном материке Го-данья, вдалеке от Центральной равнины. Там не почитают Конфуция и Мэн-цзы - так откуда там взяться конфуцианскому учёному? Но если заменю учёного на монаха... то дни труда пойдут на смарку."""
,,,,,,,,,,默认19,,,,我在房中来回踱步，对着稿纸喃喃自语，时而点头，时而蹙眉。,我在房中來回踱步，對著稿紙喃喃自語，時而點頭，時而蹙眉。,"I paced back and forth in my room, muttering to myself over the draft paper—now nodding, now frowning.",部屋の中を行ったり来たりしながら、原稿についてぶつぶつと独り言を放ち、頷いたり首を捻ったりする。,"Я ходил взад-вперёд, бормоча над рукописью, то кивая, то хмурясь."
,,方知宥,,,,,,,,默认20,,,,[……］,[……］,"""...""",「……」,"""..."""
,,,,,,,,,,默认21,,,,忽然，我脚步一顿，眉头紧缩，仿佛想通了什么。,忽然，我腳步一頓，眉頭緊縮，彷彿想通了什麼。,"Suddenly, I stopped mid-step, my brow furrowing deeply, as if I'd finally understood something.",ふと足を止め、眉をひそめた。まるで天啓が下りたような気分だ。,"Вдруг я остановился, сильно нахмурившись, словно наконец что-то понял."
,Sprite,黑,,特效前,,,0.5,,,,,,,,,,,
,Tween,黑,ColorTo,alpha=0 time=0,,,,,,,,,,,,,,
,Tween,黑,ColorTo,alpha=0.4 time=0,,,,,NoWait,,,,,,,,,
,Wait,,,,,,0,,,,,,,,,,,
,,,,,,,,,,默认22,,,,不行。,不行。,No.,違う。,Не пойдёт.
,,,,,,,,,,默认23,,,,我独自在此处瞎想，也不会有什么结果。,我獨自在此處瞎想，也不會有什麼結果。,Mulling over this alone won't lead anywhere.,こんなところでぐだぐだ考えていたところで、何も変わらない。,"Одна голова - хорошо, а две - лучше."
,,,,,,,,,,默认24,,,,不如去找雁儿姐一趟，听听看她的见解……她博览群书，思路清奇，往往有独特的见解，能提出不错的建议。,不如去找雁兒姐一趟，聽聽看她的見解……她博覽群書，思路清奇，往往有獨特的見解，能提出不錯的建議。,"Perhaps I should visit <ruby=Swan Goose>Sister Yan</ruby> and seek her opinion... She's widely read, with a uniquely sharp mind, often offering fresh perspectives and sound advice.",雁姉のところに行き、彼女の見解を聞いてみればいいじゃないか……彼女は本もたくさん読んでいるし、発想も豊かでいつも独特の見解を出してくれる。きっといい案を出してくれるはずだ。,"Лучше уж будет сходить к сестричке Лебёдушке за её мнением... Она начитанная и умная, часто предлагает новый взгляд на вещи и даёт полезные советы."
,,,,,,,,,,默认25,,,,况且，前两日我托王生去办的路引已经到手，也是时候再见她一面，与她“细商”出逃之事了。,況且，前兩日我托王生去辦的路引已經到手，也是時候再見她一面，與她“細商”出逃之事了。,"Moreover, the travel pass I entrusted Scholar Wang to obtain two days ago has arrived. It's time to see her again and ""discuss in detail"" our plans to escape.",それに、この前王書生に頼んでおいた路引も手に入った。一度彼女と会って、逃亡の件を詳しく話さねば。,"К тому же подорожная грамота, которую я поручил учёному Вану два дня назад, уже готова. Сейчас самое время снова увидеть сестричку Лебёдушку и обсудить наш план побега."
,,方知宥,,,,,,,,默认26,,,,[……］,[……］,"""...""",「……」,"""..."""
,,,,,,,,,,默认27,,,,只是……若是我真与她私奔逃出扬州城，还能有这般安宁的日子容我静心写作吗？,只是……若是我真與她私奔逃出揚州城，還能有這般安寧的日子容我靜心寫作嗎？,"But... if I truly elope with her and flee Yangzhou City, will I still have such peaceful days to devote to my writing?",ただ……もしも彼女と駆け落ちして揚州から逃げ出したら、これほど執筆に打ち込める安寧な日々を送れるだろうか？,"Но... если я и правда сбегу с ней из Янчжоу, то смогу ли спокойно посвятить свою жизнь книгописательству?"
,,,,,,,,,,默认28,,,,一念及此，我不仅有些担忧，也有些迷茫。,一念及此，我不僅有些擔憂，也有些迷茫。,"At this thought, I feel not only worried but also lost.",そう考えると不安だけでなく、迷いも生まれてくる。,"После этой мысли я начал ощущать не только тревогу, но и растерянность."
,,,,,,,,,,默认29,,,,我自然愿与雁儿姐相守终生，无论因此要面对怎样的阻挠，我都做好了心理准备。,我自然願與雁兒姐相守終生，無論因此要面對怎樣的阻撓，我都做好了心理準備。,"I am willing to spend my life with <ruby=Swan Goose>Sister Yan</ruby>, no matter what obstacles we face—I am prepared for them all.",もちろん雁姉と終生を過ごす覚悟はできている。どんな妨害があろうと、心の準備はできている。,"Я хочу посвятить свою жизнь сестричке Лебёдушке, несмотря ни на что... Я готов ко всему."
,,,,,,,,,,默认30,,,,可是，“写作”也是我毕生的追求。,可是，“寫作”也是我畢生的追求。,"Yet ""writing"" is also my lifelong pursuit.",しかし「本を書く」という行為も、私の生涯の夢だ。,Но и книгописательству я тоже хочу посвятить жизнь.
,,,,,,,,,,默认31,,,,这二者可否得兼？,這二者可否得兼？,Can these two coexist?,この二つは両立できるのだろうか？,Смогу ли я усидеть на двух стульях?
,,,,,,,,,,默认32,,,,若是只能选择其中之一，我又该如何去选？,若是只能選擇其中之一，我又該如何去選？,"If I must choose only one, how am I to decide?",どちらかを選ぶしかないとなれば、私はどちらを選ぶべきなのだろうか。,"Если нет, то что же именно мне выбрать?"
,,方知宥,,,,,,,,默认33,,,,[……],[……],"""...""",「……」,"""..."""
,,,,,,,,,,默认34,,,,罢了，多想无益！,罷了，多想無益，這樣想下去也不會有結果，最終也只是越想越迷茫，徒增煩惱！,Enough—this endless pondering is futile. It leads only to deeper confusion and needless torment!,やめだ、考えたところで無駄だ。このまま考えたところで何も解決しない。考えるほど深みにはまり、悩みが増えるだけだ。,"Всё, хватит. Смысла нет от этих бесполезных раздумий. Я лишь загоню себя в ещё более глубокую растерянность и напрасные душевные терзания!"
,,,,,,,,,,默认35,,,,与雁儿姐结伴同行，去往更远的地方——或许反而有助于我的写作！,樂觀想想，與雁兒姐結伴同行，去往更遠的地方——或許反而有助於我的寫作！,"On a brighter note, journeying farther with <ruby=Swan Goose>Sister Yan</ruby> might well prove fruitful for my writing!",もっと楽観的にいこう。雁姉と共に行動し、さらに遠くへ行く――それはむしろ、私の物書きの助けになるかもしれないではないか。,"Ну а если думать в более радостном направлении, то путешествие с сестричкой Лебёдушкой и вовсе может пойти на пользу моей книге!"
,,,,,,,,,,默认36,,,,古有李杜纵情山水，近有冯老游历四方。,古有李杜縱情山水，近有馮老遊歷四方。,"The ancients had Li Bai and Du Fu wandering mountains and rivers; in later years, Old Feng traveled the world.",かつては<ruby=りはく>李白</ruby>や<ruby=とほ>杜甫</ruby>だって山水を楽しみ、近世でも<ruby=ふうむりゅう>馮夢竜</ruby>が四方を旅した。,В древности Ли Бо и Ду Фу исходили горы и реки вдоль и поперёк. А в наше время тот старец Фэн Мэнлун совершил путешествие по миру.
,,,,,,,,,,默认37,,,,读万卷书，行万里路，多出去走走——也未必是坏事！,讀萬卷書，行萬里路，多出去走走——也未必是壞事！,"Read ten thousand books, walk ten thousand miles—perhaps venturing out more isn’t so ill-advised!",万巻の書を読み、万里の道を行き、外に出て足を運ぶ――それも悪くない。,"Путешествие в десять тысяч ли не менее важно, чем прочтение десяти тысяч книг: может статься, отправиться повидать иные места - и не такая уж дурная затея!"
,SpriteOff,黑,,,,,0.5,,NoWait,,,,,,,,,
,Wait,,,,,,0.5,,,,,,,,,,,
,,,,,,,,,,默认38,,,,……,……,...,……,...
,FadeOut,black,,wipe_left,,,1,,,,,,,,,,,
,Bg,四艺堂小间冷清,,,,,0,,,,,,,,,,,
,FadeIn,black,,wipe_right,,,1,,,,,,,,,,,
,,,,,,,,,,默认39,,,,次日一早，我梳洗罢，便匆匆赶往泠音阁，去找雁儿姐。,次日一早，我梳洗罷，便匆匆趕往泠音閣，去找雁兒姐。,"At dawn the next day, I washed up and hastened to <ruby=泠音>Lingyin</ruby> Pavilion to meet <ruby=Swan Goose>Sister Yan</ruby>.",翌日の早朝、身支度を整えるといそいそと泠音閣に向かい、雁姉を呼んだ。,"На рассвете следующего дня я умылся и поспешил в ""Мелодичный павильон"", чтобы увидеться с сестричкой Лебёдушкой."
,,,,,,,,,,默认40,,,,不过，我到的时候，并没有见到雁儿姐，只见到了鹂儿——,不過，我到的時候，並沒有見到雁兒姐，只見到了鸝兒——,"However, when I arrived, I didn't see <ruby=Swan Goose>Sister Yan</ruby>—only Li'er.",しかし私が着くと、いたのは<ruby=りじ>鵹児</ruby>だけで、雁姉の姿は見当たらなかった――,"Но когда я пришёл, вместо сестрички Лебёдушки я встретил Ли'эр."
,,忆鹂儿,急切,,,,,,,默认41,,鹂儿/30_鹂儿_01,,[方公子，真不巧……怜烟小姐近日染了风寒，不便见客。］,[方公子，真不巧……憐煙小姐近日染了風寒，不便見客。］,"""Young Master Fang, what unfortunate timing... Lady Lianyan has recently caught a chill and cannot receive guests.""",「方さま、間が悪いことに……憐煙さまは風邪をこじらせてしまい、お会いできないのです」,"""Юный вельможа, увы, Вы не вовремя... Госпожа Ляньянь простудилась и не принимает гостей."""
,,,,,,,,,,默认42,,,,在泠音阁一层的小间内，鹂儿接见了我，轻声告知了我这不尽人意的消息。,在泠音閣一層的小間內，鸝兒接見了我，輕聲告知了我這不盡人意的消息。,"In a small room on <ruby=泠音>Lingyin</ruby> Pavilion's first floor, Li'er received me and quietly delivered this disappointing news.",泠音閣のとある小間で、鵹児が私を迎え、そっと残念な知らせを告げた。,"Приняв меня в маленькой комнатке на первом этаже павильона, Ли'эр сообщила мне разочаровывающую новость."
,,方知宥,,,,,,,,默认43,,方知宥/30_方知宥_04,,[又是风寒……她可还好？］,[又是風寒……她可還好？］,"""Another chill... Is she alright?""",「また風邪か……容体は大丈夫なのか？」,"""Опять простудилась... Она в порядке?"""
,,忆鹂儿,无奈,,,,,,,默认44,,鹂儿/30_鹂儿_02,,[嗯……小姐只是偶有咳嗽，身子易乏……但应当病得不算严重，不让见客是怕传染给客人……］,[嗯……小姐只是偶有咳嗽，身子易乏……但應當病得不算嚴重，不讓見客是怕傳染給客人……］,"""Well... The lady only has occasional coughs and tires easily... But it shouldn't be serious. She's avoiding visitors to prevent spreading it to guests...""",「はい……たまに咳き込むくらいですが、体を壊しやすく……しかしそこまで重くはありません。お客様に移さないようお会いにならないのです……」,"""Ага... Госпожа лишь изредка кашляет и быстро устаёт... Ничего серьёзного. Она не принимает гостей, чтобы не заражать их..."""
,,方知宥,,,,,,,,默认45,,方知宥/30_方知宥_05,,[那……好吧……请她好生休养，早日康复，我一旬后再来！],[那……好吧……請她好生休養，早日康復，我一旬後再來！],"""Then... very well... Please have her rest properly and recover soon. I'll return in ten days!""",「そうか……わかった……きちんと休んで、早く治すように伝えておいてくれ。十日後にまた来よう」,"""О... ну ладно... Пожалуйста, передай ей, чтобы поправлялась. Я вернусь через десять дней!"""
,,,,,,,,,,默认46,,,,我本想脱口而出自己不怕染病，还是能见到雁儿姐更为重要。,我本想脫口而出自己不怕染病，還是能見到雁兒姐更為重要。,I was about to blurt out that I wasn't afraid of catching the disease—that seeing <ruby=Swan Goose>Sister Yan</ruby> mattered more.,「病が移ることなど怖くない、雁姉に会うことの方が大事だ」と喉まで出かかった。,"Я чуть было не выпалил, что вовсе не боюсь заразиться, и увидеться с сестричкой Лебёдушкой для меня куда важнее."
,,,,,,,,,,默认47,,,,可转念一想，这等说辞未免有些急切，容易惹人生疑，恐怕会暴露我们正在谋划的“出逃之事”。,可轉念一想，這等說辭未免有些急切，容易惹人生疑，恐怕會暴露我們正在謀劃的“出逃之事”。,"On second thought, such an explanation seems a bit too eager and could easily arouse suspicion, possibly revealing our ongoing plans for ""escape"".",しかし気が変わった。言ってしまえば何かを焦っているように見られ、疑われてしまう。そうなれば私たちの「逃亡計画」もばれてしまうかもしれない。,"Но, подумав, я понял, что это прозвучало бы слишком настойчиво, что могло вызвать подозрения и поставить под угрозу наш побег."
,,,,,,,,,,默认48,,,,因此，在与鹂儿又交谈了几句后，我便告辞离去了。,因此，在與鸝兒又交談了幾句後，我便告辭離去了。,"So, after exchanging a few more words with Li'er, I took my leave.",そのため、鵹児と一言二言交わすと、私はさっさと帰ることにした。,"Так что, поговорив чуть-чуть с Ли'эр, я ушёл восвояси."
,CharacterOff,,,,,,,,,,,,,
,,,,,,,,,,默认49,,,,……,……,...,……,...
,StopVoice,,,,,,1,,,,,,,,,,,
,FadeOut,black,,,,,1,,,,,,,,,,,
,Wait,,,,,,1,,,,,,,,,,,
,FadeIn,black,,,,,1,,,,,,,,,,,
,,,,,,,,,,默认50,,,,一旬后，我再度踏入了泠音阁。,一旬後，我再度踏入了泠音閣。,"Ten days later, I stepped into <ruby=泠音>Lingyin</ruby> Pavilion again.",十日後。私は再び泠音閣へとやってきた。,"Через десять дней я снова пришёл в ""Мелодичный павильон""."
,,,,,,,,,,默认51,,,,此番我不但没有见到雁儿姐，甚至连鹂儿也没见到。,此番我不但沒有見到雁兒姐，甚至連鸝兒也沒見到。,"This time, I neither saw Sister Yan nor even Li'er.",だが今回は雁姉どころか、鵹児にすら会うことができなかった。,Но в этот раз меня не встретила даже Ли'эр.
,,,,,,,,,,默认52,,,,我在小间等候片刻后，景姨推门而入，来见了我。,我在小間等候片刻後，景姨推門而入，來見了我。,"After waiting briefly in the small room, Aunt Jing entered to meet me.",小間でしばらく待っていると、景ばあが扉を開けて私との面会に来た。,"Когда я прождал какое-то время в комнатке, ко мне пожаловала тётушка Цзин."
,,忆景姨,,,,,,,,默认53,,景姨/30_景姨_01,,[公子，怜烟久病未愈，仍然不能见客。］,[公子，憐煙久病未愈，仍然不能見客。］,"""Young Master, Lianyan has been ill for a long time and still cannot receive visitors.""",「旦那さん、憐煙は病が癒えておらず、まだお会いできないのよ」,"""Юный вельможа, Ляньянь уже долго болеет и не принимает гостей."""
,,,,,,,,,,默认54,,,,景姨微笑着，却用有些慵懒的语气对我说道。,景姨微笑著，卻用有些慵懶的語氣對我說道。,Aunt Jing smiled at me but spoke in a somewhat languid tone.,景ばあは笑顔こそ見せているものの、少々面倒くさそうにそう言った。,"Она улыбалась, но обратилась ко мне несколько вялым тоном."
,,方知宥,,,,,,,,默认55,,方知宥/30_方知宥_06,,[上次来时她便病着，她……至今还未好吗？],[上次來時她便病著，她……至今還未好嗎？],"""She was already ill when I last visited... Has she not recovered yet?""",「この前来た時も病床に伏せていたが……まだ良くなってないのか？」,"""Она болела в прошлый раз, когда я приходил... И всё ещё не выздоровела?"""
,,忆景姨,无奈,,,,,,,默认56,,景姨/30_景姨_02,,[是啊，至今都未痊愈。],[是啊，至今都未痊癒。],"""Indeed, she still hasn't recovered.""",「ええ、相変わらず元気とはいかないわね」,"""Да, всё ещё не выздоровела."""
,,方知宥,,,,,,,,默认57,,方知宥/30_方知宥_07,,[请问究竟是什么病？怎会拖这么久……当真是风寒？］,[請問究竟是什麼病？怎會拖這麼久……當真是風寒？］,"""may I ask what exactly is her illness? How could it last this long... Is it truly just a cold?""",「いったいどんな病なんだ？これほど長引くとは……本当にただの風邪なのか？」,"""Могу ли я узнать, чем она болеет? Чтобы так долго... Это точно просто простуда?"""
,,忆景姨,,,,,,,,默认58,,景姨/30_景姨_03,,[这我就不清楚了。］,[這我就不清楚了。］,"""That I do not know.""",「それはあたしにもなんとも」,"""Этого я сама не знаю."""
,,方知宥,,,,,,,,默认59,,,,[……］,[……］,"""...""",「……」,"""..."""
,,,,,,,,,,默认60,,,,她答得有些敷衍。,她答得有些敷衍。,Her answer was somewhat perfunctory.,彼女の回答はどうも曖昧だった。,Отвечала она мне как-то наспех.
,,,,,,,,,,默认61,,,,我看得出来。,我看得出來。,I could tell.,そこで察する。,Я сразу это понял.
,,,,,,,,,,默认62,,,,她虽然是笑脸迎人，看起来知无不言。,她雖然是笑臉迎人，看起來知無不言。,Though she greeted me with a smile and seemed willing to share everything.,彼女は笑顔で客も迎えるし、何でも話してくれるような親しさを感じる。,Она хоть и встретила меня с улыбкой и казалась готовой ответить на все мои вопросы -
,,,,,,,,,,默认63,,,,但实则关于雁儿姐的消息，她一字都未透露，也一字都不想透露。,但實則關於雁兒姐的消息，她一字都未透露，也一字都不想透露。,"But in reality, she revealed nothing—not a single word—about <ruby=Swan Goose>Sister Yan</ruby>.",しかし実のところ雁姉に関することは、一言たりとも漏らさなかったし、また漏らそうともしなかった。,Но на деле она о сестричке Лебёдушке ничего дельного мне так и не рассказала.
,,忆景姨,通常,,,,,,,默认64,,景姨/30_景姨_04,,[唉，方公子，你每回来阁里，都只找怜烟……今日不如见见别的姑娘？］,[唉，方公子，你每回來閣裡，都只找憐煙……今日不如見見別的姑娘？］,"""Ah, Young Master Fang, every time you visit the pavilion, you only seek Lianyan... Why not meet another lady today?""",「ところで方さま、いつも店に来るたびに憐煙ばかり呼んでるけど……今日は別の子と会ってみたら？」,"""А, юный вельможа Фан, всякий раз, когда вы приходите в павильон, Вы неизменно заказываете Ляньянь... Быть может, сегодня повидаетесь с другой девицей?"""
,,,,,,,,,,默认65,,,,景姨见我面色严肃，便主动提议。,景姨見我臉色嚴肅，便主動提議。,"Noticing my stern expression, Aunt Jing took the initiative to suggest.",私の表情が険しくなったのを見て、景ばあの方からそう提案してきた。,"Заметив моё посуровевшее лицо, предложила мне тётушка Цзин."
,,方知宥,,,,,,,,默认66,,方知宥/30_方知宥_08,,[不必了，怜烟小姐既然不在，那我便先告辞了……等过几日再来。],[不必了，憐煙小姐既然不在，那我便先告辭了……等過幾日再來。],"""No need. Since Lady Lianyan is absent, I shall take my leave... I’ll return in a few days.""",「遠慮しておく。憐煙さんがいないなら、これで失礼……また数日したら来るよ」,"""Не хочу. Раз госпожи Ляньянь нет, тогда я пойду... Вернусь через пару дней."""
,CharacterOff,,,,,,,,,,,,,
,,,,,,,,,,默认67,,,,我摇了摇头，起身便走，未再多言。,我搖了搖頭，起身便走，未再多言。,"I shook my head, rose, and departed without another word.",私は首を振ると、それ以上何も言わず席を立った。,"Я покачал головой, поднялся и ушёл, не сказав больше ни слова."
,,,,,,,,,,默认68,,,,这个婆子，不知为何，总是感觉她在暗中作祟，没那么希望我与雁儿姐在一起。,這個婆子，不知為何，總是感覺她在暗中作祟，沒那麼希望我與雁兒姐在一起。,"For some reason, I always felt this old woman was scheming in the shadows, unwilling to see me with <ruby=Swan Goose>Sister Yan</ruby>.",なぜだか知らないが、景ばあが何かを企んでいる気がしてならない。私と雁姉が一緒になることをあまり望んでいないようだ。,"По какой-то причине мне всегда казалось, что она плетёт интриги за моей спиной и не сильно желает, чтобы мы с сестричкой Лебёдушкой были вместе."
,,,,,,,,,,默认69,,,,那也无需和她多言。,那也無需和她多言。,Then there’s no need to engage her further.,ならば彼女に話すことは何もない。,Так что нет нужды лишний раз с ней разглагольствовать.
,,,,,,,,,,默认70,,,,……,……,...,……,...
,Sprite,黑,,特效前,,,0.5,,,,,,,,,,,
,Tween,黑,ColorTo,alpha=0 time=0,,,,,,,,,,,,,,
,Tween,黑,ColorTo,alpha=0.4 time=0,,,,,NoWait,,,,,,,,,
,Wait,,,,,,0,,,,,,,,,,,
,,,,,,,,,,默认71,,,,接下来，每隔三五日，我便会去泠音阁一趟，打探雁儿姐的消息。,接下來，每隔三五日，我便會去泠音閣一趟，打探雁兒姐的消息。,"Afterward, every few days, I would visit <ruby=泠音>Lingyin</ruby> Pavilion to inquire after <ruby=Swan Goose>Sister Yan</ruby>.",その後、三日から五日に一回泠音閣に通い、雁姉について尋ねた。,"После этого каждые несколько дней я наведывался в ""Мелодичный павильон"", чтобы спросить о сестричке Лебёдушке."
,,,,,,,,,,默认72,,,,半月过去，我仍是未见到雁儿姐一面。,半月過去，我仍是未見到雁兒姐一面。,"Half a month has passed, and I still haven't seen <ruby=Swan Goose>Sister Yan</ruby> even once.",半月経っても、雁姉とは未だに会えていない。,"Прошло уже полмесяца, а я так ни разу и не увидел её."
,,,,,,,,,,默认73,,,,每次我去时，接待的人都说她因生病而不能见客，我总是怀着希望而去，满载失望而归。,每次我去時，接待的人都說她因生病而不能見客，我總是懷著希望而去，滿載失望而歸。,"Every time I visited, the attendant said she was too ill to receive guests. I always arrived hopeful but left disheartened.",訪れるたびに、病気で客とは会えないと応対する者が言う。毎度毎度希望を抱いて向かい、そのたびに失望して帰路につく。,"Каждый раз, когда я приходил, служанка говорила, что она слишком больна, чтобы принимать гостей. Я всегда приходил с надеждой, но уходил подавленным."
,,,,,,,,,,默认74,,,,我也向其他客人打听过，近期，确实无人见过雁儿姐，因此许多人都在传她或许身染重病，时日无多。,我也向其他客人打聽過，近期，確實無人見過雁兒姐，因此許多人都在傳她或許身染重病，時日無多。,"I inquired with other guests as well, and indeed, no one had seen <ruby=Swan Goose>Sister Yan</ruby> lately. Many whispered that she might be critically ill, with little time remaining.",他の客にも訊いてみたが、ここ最近たしかに雁姉と会った者はいなかった。そのため、彼女は重い病に罹っていて、先が長くないのではないかと多くの者が噂した。,"Я порасспрашивал и других гостей, и действительно - в последнее время никто не видел сестричку Лебёдушку. Ходили слухи, что она тяжело больна и ей, возможно, осталось недолго."
,,,,,,,,,,默认75,,,,这让我愈发担忧起来。,這讓我越來越擔憂起來。,This only deepened my concern.,それがさらに私をやきもきさせた。,Я заволновался ещё сильнее.
,,,,,,,,,,默认76,,,,我不信雁儿姐真会病如此之久。,我不信雁兒姐真會病如此之久。,I refused to believe <ruby=Swan Goose>Sister Yan</ruby> could be bedridden for so long.,雁姉の病気がそんなに長引いているなんて、私は信じない。,"Мне не хотелось верить, что сестричка Лебёдушка болеет так долго."
,,,,,,,,,,默认77,,,,若只是身患风寒，几日便能痊愈，又何至于近一月都闭门不出？,若只是身患風寒，幾日便能痊癒，又何至於近一月都閉門不出？,"If it were merely a cold, she would have recovered in days. Why would she remain secluded for nearly a month?",ただの風邪ならば、数日もすれば全快する。一月近くも閉じこもっていることなどあるだろうか？,"Если она просто простудилась, она бы выздоровела за несколько дней. Так почему она не показывается на людях уже месяц?"
,,,,,,,,,,默认78,,,,突然，我的心中蓦地冒出一个不愿相信的猜测——,突然，我的心中驀地冒出一個不願相信的猜測——,"Suddenly, an unbearable suspicion arose in my heart—",そこでふと、最悪の事態が頭をよぎった――,Вдруг в голове начала крутиться одна навязчивая мысль:
,,,,,,,,,,默认79,,,,很可能，我们的计划败露了。,很可能，我們的計劃敗露了。,"Most likely, our plan has been exposed.",私たちの計画が、ばれたのかもしれない。,"Наверное, наш план раскрыли."
,,,,,,,,,,默认80,,,,她想要逃出泠音阁之事被人知晓，阁中的人将她软禁起来，严加看管，不让她有任何出门的机会，甚至不再让她接客。,她想要逃出泠音閣之事被人知曉，閣中的人將她軟禁起來，嚴加看管，不讓她有任何出門的機會，甚至不再讓她接客。,"Her attempt to escape <ruby=泠音>Lingyin</ruby> Pavilion was discovered. The pavilion's residents placed her under house arrest, keeping strict watch to deny her any chance of leaving, even forbidding her from receiving guests.",泠音閣から逃げ出そうとしていることが店の者にばれ、軟禁されているとしたら。より監視が厳しくなり、外に出る機会をまったく奪われ、接客すらできない状況だとしたら。,"О её побеге каким-то образом узнали, и её посадили под домашний арест - не спуская с неё глаз, лишив всякой возможности на побег, даже запретив принимать гостей."
,,,,,,,,,,默认81,,,,唉……若真如此，那该如何是好？,唉……若真如此，那該如何是好？,"Ah... If this is truly the case, what can be done?",くっ……もしそうだとしたら、私はどうすればいいのだ。,Если это правда... то что мне делать?
,StopBgm,,,,,,3,,,,,,,,,,,
,SpriteOff,黑,,,,,0.5,,NoWait,,,,,,,,,
,Wait,,,,,,0.5,,,,,,,,,,,
,FadeOut,black,,wipe_up,,,1,,,,,,,,,,,
,Bg,左屋忆,,,,,0,,,,,,,,,,,
,FadeIn,black,,wipe_down,,,1,,,,,,,,,,,
,Sprite,黑,,特效前,,,0.5,,,,,,,,,,,
,Tween,黑,ColorTo,alpha=0 time=0,,,,,,,,,,,,,,
,Tween,黑,ColorTo,alpha=0.4 time=0,,,,,NoWait,,,,,,,,,
,Wait,,,,,,0,,,,,,,,,,,
,,,,,,,,,,默认83,,,,……,……,...,……,...
,Ambience,小雨,,,,,3,,,,,,,
,FadeOut,black,,wipe_up,,,1,,,,,,,,,,,
,Bg,天空阴,,,,,0,,,,,,,,,,,
,FadeIn,black,,wipe_down,,,1,,,,,,,,,,,
,,,,,,,,,,默认84,,,,随后五日，雨一直下。,隨後五日，雨一直下。,"For five days thereafter, the rain never ceased.",その後の五日間、雨が続いた。,Все пять дней шёл проливной дождь.
,,,,,,,,,,默认85,,,,天总是灰蒙蒙的，如丧夫的寡妇那般啜泣不休，泪落不止。,天總是灰濛濛的，如喪夫的寡婦那般啜泣不休，淚落不止。,"The sky remained perpetually gray, weeping endlessly like a widow mourning her husband, its tears unceasing.",空はいつもどんよりとした灰色で、寡婦の涙のように、しとしとと涙を流している。,"Небо, которое всё время оставалось серым, без устали плакало, словно вдова по утерянному мужу."
,,,,,,,,,,默认86,,,,纷乱的雨打乱了我的作息，这些日子我常在白昼时入睡，却在深夜时方能醒来，且总会做些光怪陆离的噩梦。,紛亂的雨打亂了我的作息，這些日子我常在白晝時入睡，卻在深夜時方能醒來，且總會做些光怪陸離的噩夢。,"The relentless rain disrupted my routine. These days, I often slept through daylight hours, only waking late at night, tormented by bizarre and unsettling nightmares.",降りしきる雨がすっかり私の生活を乱してしまっていた。この数日、私は昼間に眠り、深夜に目を覚ますことが多く、いつも奇怪な悪夢ばかり見ていた。,"Проливной дождь нарушил мой распорядок дня - я часто спал днём, а просыпался лишь глубокой ночью, измученный странными и тревожными кошмарами."
,,,,,,,,,,默认87,,,,梦中，我常会见到一片海。,夢中，我常會見到一片海。,"In my dreams, I often see a sea.",夢の中で、私はいつも海を見ていた。,В этих кошмарах мне часто виделось море.
,FadeOut,black,,,,,1,,,,,,,,,,,
,BgEvent,梦境1,,,,,0,,,,,,,,,,,
,FadeIn,black,,,,,1,,,,,,,,,,,
,Wait,,,,,,0.5,,,,,,,,,,,
,,,,,,,,,,默认88,,,,从小到大，我见过许多回江河，却从未见过海。,從小到大，我見過許多回江河，卻從未見過海。,"Since childhood, I've seen many rivers, but never the sea.",子供の頃から今になるまで、川なら何度も見てきたが、海はこのかた見たことがなかった。,За всю свою жизнь мне доводилось видеть множество рек - но вот моря я не видел ни разу.
,,,,,,,,,,默认89,,,,先前，我只是从街边贩卖的图册中看过海，从茶馆的说书人那里听过海。,先前，我只是從街邊販賣的圖冊中看過海，從茶館的說書人那裡聽過海。,"Before, I had only seen the sea in picture books sold on the streets and heard of it from the storytellers at the teahouse.",待ちで売っている本や、茶館で講談師から海のことを知っただけだ。,"Прежде я видел море лишь на картинках в книгах, которые продают на улице, да и слышал о нём от рассказчиков в чайных."
,,,,,,,,,,默认90,,,,在梦里，海像是无比大的秦淮河。,在夢裡，海像是無比大的秦淮河。,"In my dreams, the sea is like an immensely vast Qinhuai River.",夢の中の海は、この上なく大きな秦淮河のようだった。,В кошмарах это море было похоже на бескрайнюю реку Циньхуай.
,,,,,,,,,,默认91,,,,它浩瀚到没有边际，广袤到没有边界，它与天空相接成一线，连西沉的落日都能吞噬。,它浩瀚到沒有邊際，廣袤到沒有邊界，它與天空相接成一線，連西沉的落日都能吞噬。,"It stretches endlessly, boundless and vast, merging with the sky at the horizon, even swallowing the setting sun.",境界が見えないほどどこまでも広がり、空と一直線に繋がり、沈む夕日もゆうゆうと飲み込んでしまうほどの大きさだ。,"Оно бесконечно и необъятно тянулось, сливаясь с небом на горизонте, поглощая даже заходящее солнце."
,,,,,,,,,,默认92,,,,梦的起始之时，我总会看到雁儿姐。,夢的起始之時，我總會看到雁兒姐。,"At the dream's beginning, I always see <ruby=Swan Goose>Sister Yan</ruby>.",夢の始まりで、私はいつも雁姉を見た。,В начале сна я всегда видел сестричку Лебёдушку:
,FadeOut,black,,,,,1,,,,,,,,,,,
,BgEvent,梦境2,,,,,0,,,,,,,,,,,
,FadeIn,black,,,,,1,,,,,,,,,,,
,Wait,,,,,,0.5,,,,,,,,,,,
,,,,,,,,,,默认93,,,,她在画舫之上，抱着琵琶弹奏，长裙与青丝随风飘动，身姿唯美，宛如被风吹动的画卷。,她在畫舫之上，抱著琵琶彈奏，長裙與青絲隨風飄動，身姿唯美，宛如被風吹動的畫卷。,"She stands on the Painted Pleasure Boat, holding a Pipa as she plays, her long skirt and dark hair fluttering in the wind, her figure exquisite, like a painting stirred by the breeze.",彼女は画舫の上で琵琶を抱いてそれを奏でていた。裳と黒い髪が風になびくその様は、まるでそよぐ絵巻のようだった。,"Она стояла на расписной прогулочной лодке, держа пипу в руках и играя на ней. Её длинная юбка и тёмные волосы развевались на ветру; она была красива, словно колыхающаяся на ветерке картина."
,FadeOut,black,,,,,1,,,,,,,,,,,
,BgEvent,梦境3,,,,,0,,,,,,,,,,,
,FadeIn,black,,,,,1,,,,,,,,,,,
,Wait,,,,,,0.5,,,,,,,,,,,
,,,,,,,,,,默认94,,,,画舫行驶在海面之上，水波荡漾，随着泛起的波涛一点点向着远处漂流而去。,畫舫行駛在海面之上，水波盪漾，隨著泛起的波濤一點點向著遠處漂流而去。,"The Painted Pleasure Boat sailed across the sea, its ripples shimmering as it drifted farther away with the rising waves.",画舫が水をかきわけ、ばしゃりと起きる波模様を描きながら、ゆっくりと遠くへ遠くへと進んでいく。,"Лодка шла по морю, создавая маленькие волны, понемногу уносясь куда-то вдаль."
,FadeOut,black,,,,,1,,,,,,,,,,,
,BgEvent,梦境4,,,,,0,,,,,,,,,,,
,FadeIn,black,,,,,1,,,,,,,,,,,
,Wait,,,,,,0.5,,,,,,,,,,,
,,,,,,,,,,默认95,,,,那画舫越来越远，起初如在面前，后来缩如拳头大小、继而是核桃大小、米粒大小，最后彻底看不见了。,那畫舫越來越遠，起初如在面前，後來縮如拳頭大小、繼而是核桃大小、米粒大小，最後徹底看不見了。,"The Painted Pleasure Boat receded into the distance—first appearing right before us, then shrinking to the size of a fist, then a walnut, then a grain of rice, until it vanished completely.",画舫が徐々に遠ざかり、はじめは目の前にあったのが拳ほどの大きさになり、果てには胡桃、米粒ほど小さくなって、見えなくなってしまった。,"Она удалялась всё дальше и дальше: сначала она была прямо перед глазами, затем становилась размером с кулак, после - с грецкий орех, потом - с зёрнышко риса, а в конце и вовсе исчезала."
,,,,,,,,,,默认96,,,,那琵琶声也越来越远，起初如在耳畔，后来如同蝉鸣，再而是如同蚊蝇，最后也是彻底寂静无声。,那琵琶聲也越來越遠，起初如在耳畔，後來如同蟬鳴，再而是如同蚊蠅，最後也是徹底寂靜無聲。,"The sound of the Pipa grew fainter—first as if beside my ear, then like the chirping of cicadas, then the buzzing of flies, until it faded into utter silence.",琵琶の音色も遠ざかっていき、耳元で鳴っていたのが蝉の鳴き声ほどに、そして蚊の飛ぶ音ほどになり、静寂が訪れた。,"Мелодия пипы звучала всё тише и тише: сперва будто у самого уха, затем - словно стрёкот цикад, потом - как жужжание мух, и наконец растворялась в полной тишине."
,,,,,,,,,,默认97,,,,我慌乱地想要叫住雁儿姐，想要去追赶画舫。,我慌亂地想要叫住雁兒姐，想要去追趕畫舫。,"Frantic, I called out to <ruby=Swan Goose>Sister Yan</ruby>, desperate to chase after the Painted Pleasure Boat.",私は慌てふためいて雁姉を呼び止め、画舫を追いかけようとする。,"В отчаянии я звал сестричку Лебёдушку, собираясь броситься вслед за лодкой."
,,,,,,,,,,默认98,,,,可距离过远，她听不见。,可距離過遠，她聽不見。,But the distance was too great; she couldn't hear me.,しかしあまりにも遠すぎて、彼女の耳に届かない。,Но она слишком далеко - она меня не слышит.
,,,,,,,,,,默认99,,,,我也无法踏足海中，因此每次都只能眼睁睁地看她远去。,我也無法踏足海中，因此每次都只能眼睜睜地看她遠去。,"I couldn't enter the sea either, so each time I could only watch helplessly as she drifted away.",海に入ることもできず、いつも遠ざかっていく彼女をただ見ているしかなかった。,"Да и в море я войти не мог - по какой-то причине я всякий раз оставался на берегу, лишь беспомощно наблюдая, как она уплывает."
,,,,,,,,,,默认100,,,,这样的梦一连做了好几次。,這樣的夢一連做了好幾次。,This dream recurred several times.,そんな夢を、もう何度も見た。,Этот кошмар повторялся несколько раз.
,,,,,,,,,,默认101,,,,每次从这样的梦醒来，我都会猛地从被褥间挣脱而出，从床上坐起，双手颤抖，脸色苍白，冷汗浸透衣衫。,每次從這樣的夢醒來，我都會猛地從被褥間掙脫而出，從床上坐起，雙手顫抖，臉色蒼白，冷汗浸透衣衫。,"Each time I woke from such a dream, I would jerk upright from the bedding—sitting up in bed with trembling hands, my face pale and clothes drenched in cold sweat.",いつも夢から覚めるたび、私は布団を剥いで、がばりと起き上がる。両手は震え、顔は蒼白、冷や汗が服を濡らしているような様だった。,"Каждый раз, просыпаясь от него, я резко вскакивал с кровати и сидел с дрожащими руками, бледным лицом и весь покрытый холодным потом."
,,,,,,,,,,默认102,,,,我想摆脱噩梦给我带来的影响，便尝试以写作转移注意力，却更难写出一个字来。,我想擺脫噩夢給我帶來的影響，便嘗試以寫作轉移注意力，卻更難寫出一個字來。,"Trying to shake off the nightmare's effect, I attempted distraction through writing, but found myself unable to put down a single word.",この悪夢を頭から振り払おうと、執筆で気を紛らわせようとしたが、一文字も書けない。,"Чтобы отойти от кошмара, я пытался отвлечь себя написанием книги, но каждый раз был не в состоянии написать даже и слова."
,,,,,,,,,,默认103,,,,最严重的前日的那一晚。,最嚴重的前日的那一晚。,The most severe episode occurred the night before last.,一昨日の晩は最悪だった。,Позавчера было хуже всего.
,,,,,,,,,,默认104,,,,我又做了一个梦。,我又是做了一個的夢。,I had yet another dream.,また夢を見た。,Опять кошмар.
,,,,,,,,,,默认105,,,,这次，梦的场景依然是海，眼前却没有画舫了。,這次，夢的場景依然是海，眼前卻沒有畫舫了。,"This time, the dream's setting was still the sea, but the Painted Pleasure Boat was nowhere in sight.",こんどの夢も海だったが、画舫はなかった。,Но в этот раз на море нигде не было видно лодки.
,FadeOut,black,,,,,1,,,,,,,,,,,
,BgEvent,梦境5,,,,,0,,,,,,,,,,,
,FadeIn,black,,,,,1,,,,,,,,,,,
,Wait,,,,,,0.5,,,,,,,,,,,
,,,,,,,,,,默认106,,,,空旷的海面上沉寂了许久，突然有一只鸿雁破水而出，从海水中窜了出来。,空曠的海面上沉寂了許久，突然有一隻鴻雁破水而出，從海水中竄了出來。,"The vast sea lay silent for a long time until suddenly, a swan broke through the water and emerged.",見渡す限り広がる海面が静けさを保っていたが、突如として一羽の雁が、海水から飛び出してきた。,"Огромное море долго оставалось безмолвным, пока внезапно из воды не взлетел лебедь."
,,,,,,,,,,默认107,,,,那是一只颜色奇异的、大概只有梦中才有可能见到的鸿雁。,那是一隻顏色奇異的、大概只有夢中才有可能見到的鴻雁。,"It was a swan of peculiar colors, the kind one might only encounter in dreams.",なんとも奇妙な色の、おそらく夢の中でしか見れないような雁だ。,"Лебедь был необычных цветов, каких можно встретить лишь во сне."
,,,,,,,,,,默认108,,,,它展翅腾飞，飞向了天空，向着大海尽头的红色落日飞去，越飞越高，也越飞越远。,它展翅騰飛，飛向了天空，向著大海盡頭的紅色落日飛去，越飛越高、也越飛越遠。,"It spread its wings and soared toward the red sunset at the sea's edge, flying ever higher and farther away.",それは大きく羽を広げ、天へと飛び立った。大海原の果てにある赤い夕陽に向かって、より高く、より遠くへ向かって。,"Он расправил крылья и взмыл к алому закату у края моря, поднимаясь всё выше и улетая всё дальше."
,,,,,,,,,,默认109,,,,无论我如何呼唤。,無論我如何呼喚。,"No matter how I called out,",私がどれだけ呼びかけても。,Сколько бы я ни звал его...
,,,,,,,,,,默认110,,,,它都没有停下来。,它都沒有停下來。,it never stopped.,それは止まらなかった。,...он не останавливался.
,,,,,,,,,,默认111,,,,……,……,...,……,...
,Bgm,烟云消散,,,,0.2,3,,,,,,,,,,,
,FadeOut,black,,,,,1,,,,,,,,,,,
,,,,,,,,,,默认112,,,,昨夜，一夜无梦。,昨夜，一夜無夢。,Last night passed without dreams.,昨晩は何の夢も見なかった。,Прошлая ночь прошла без кошмаров.
,,,,,,,,,,默认113,,,,我不再梦到那海上的画舫了，也没有梦到那最后的鸿雁。,我不再夢到那海上的畫舫了，也沒有夢到那最後的鴻雁。,"I no longer dream of that Painted Pleasure Boat upon the sea, nor of that final swan.",海の上にある画舫の夢も、あの最後に見た雁の夢も、何も見なかった。,"Мне больше не снились ни лодка с морем, ни тот лебедь."
,,,,,,,,,,默认114,,,,然而，梦境的停止并未让我安心，反而愈发焦虑。,然而，夢境的停止並未讓我安心，反而越來越焦慮。,Yet the cessation of dreams brought me no peace—only mounting unease.,しかし何の夢も見なかったことで、私はほっとするどころか、却って焦り始めた。,"Но то, что кошмары перестали снится не принесло мне покоя, а лишь ещё сильнее взволновали."
,,,,,,,,,,默认115,,,,“雁。”,“雁。”,"""Swan"".",「雁」,"<ruby=雁>""Лебедь.""</ruby>"
,,,,,,,,,,默认116,,,,“雁。雁。雁。”,“雁。雁。雁。”,"""Swan. Swan. Swan"".",「雁。雁。雁」,"""Лебедь. Лебедь. Лебедь."""
,,,,,,,,,,默认117,,,,“雁。雁。雁。雁。雁……”,“雁。雁。雁。雁。雁……”,"""Swan. Swan. Swan. Swan. Swan""...",「雁。雁。雁。雁。雁……」,"""Лебедь. Лебедь. Лебедь. Лебедь. Лебедь."""
,,,,,,,,,,默认118,,,,我伏在桌案上，手中握笔，却写不出《狮驼国》的故事了。,我伏在桌案上，手中握筆，卻寫不出《獅駝國》的故事了。,"I hunched over the desk, pen in hand, but the words for the ""Lion Camel Kingdom"" would not come.",机に伏し、筆をとるが、やはり『獅駝国』の話を書くことができない。,"Я сгорбился над столом, держа в руке кисть, но написать для книги ничего не мог."
,,,,,,,,,,默认119,,,,几次提笔，却只能写下一个又一个的“雁”字。,幾次提筆，卻只能寫下一個又一個的“雁”字。,"Several times I lifted my brush, yet could only write the character ""Swan"" repeatedly.",何度書いても、次から次へと「雁」の字が連なっていくだけだ。,"Пару раз я поднял кисть, но раз за разом писал лишь иероглиф ""лебедь""."
,,,,,,,,,,默认120,,,,每写一字，停留一息，停笔三息后又写一字……,每寫一字，停留一息，停筆三息後又寫一字……,"After writing each character, I paused for one breath, then waited three more breaths before writing another...",一字書いて一息置き、三息ついてからまた一字……,"Написав иероглиф, я делал паузу, чтобы отдышаться - сделав три вздоха, я начинал писать следующий."
,,,,,,,,,,默认121,,,,我就这样写了半页宣纸，醒转之时，眼前已是密密麻麻的一大片子，晃得我有些眼花。,我就這樣寫了半頁宣紙，醒轉之時，眼前已是密密麻麻的一大片子，晃得我有些眼花。,"In this way I covered half a sheet of Xuan paper, and when I regained awareness, my vision swam with the densely packed characters before me.",そうして半頁ほど書き続けた。ふと気づくと目の前がびっしりと文字で埋まっており、眩暈がする思いだった。,"Таким образом я исписал половину листа, а когда пришёл в себя - перед глазами уже простирался густой лес из иероглифов, от которого у меня даже закружилась голова."
,SpriteOff,黑,,,,,0.5,,NoWait,,,,,,,,,
,Wait,,,,,,0.5,,,,,,,,,,,
,,方知宥,,,,,,,,默认122,,,,[……］,[……］,"""...""",「……」,"""..."""
,,,,,,,,,,默认123,,,,算了。,算了。,Forget it.,やめた。,К чёрту.
,,,,,,,,,,默认124,,,,这样下去不是办法。,這樣下去不是辦法。,This can't go on like this.,これでは話にならない。,Так дальше не пойдёт.
,,,,,,,,,,默认125,,,,不如出去转转，透透气吧。,不如出去逛逛，透透氣吧。,Why not go out for a stroll and get some air?,ちょっと出かけて、気を紛らわせよう。,"Может прогуляться, подышать свежим воздухом?"
,Bg,方院雨天,,,,,,,,,,,,
,FadeIn,black,,,,,1,,,,,,,,,,,
,,,,,,,,,,默认126,,,,……,……,...,……,...
,,,,,,,,,,默认127,,,,天上仍飘着细雨，这雨已连下了六日。,天上仍飄著細雨，這雨已連下了六日。,A light rain still fell from the sky; it had been drizzling for six days straight.,外は未だに小雨が降っている。既に六日目だ。,Мелкий дождь шёл с неба уже шестой день.
,,,,,,,,,,默认128,,,,今日雨丝细密，堪称“毛毛细雨”。,今日雨絲細密，堪稱“毛毛細雨”。,"Today's rain was fine and dense—what one might call a ""misty drizzle"".",今日のような細かい雨を、「霧雨」と言う。,"Сегодня он был мелким, но плотным. Я бы назвал его ""моросью""."
,,,,,,,,,,默认129,,,,这样的雨淋在头上肩上，虽然有些冰凉，却不至于让人感到阴寒彻骨。,這樣的雨淋在頭上肩上，雖然有些冰涼，卻不至於讓人感到陰寒徹骨。,"Such rain, falling on one's head and shoulders, was chilly but not bone-piercingly cold.",そんな雨が肩にかかる。少しばかりひんやりするものの、骨まで染みるような寒さはない。,"Такой дождь, падая на голову и плечи, был холодным, но не обжигающе морозным."
,,,,,,,,,,默认130,,,,原本，哪怕天上下着的是这样的小雨，我也是会打伞的。,原本，哪怕天上下地是這樣的小雨，我也是會打傘的。,"Normally, even in such light rain, I would have used an umbrella.",もともとこのような小雨であろうと、私は律儀に傘を差すたちだ。,Обычно даже при таком дождике я брал зонт.
,,,,,,,,,,默认131,,,,毕竟若是染上风寒，要耽搁许多事。,畢竟若是染上風寒，要耽擱許多事。,"After all, catching a cold would set back many things.",風邪でも引いてしまったら、多くのことができなくなってしまう。,"Простуда бы выбила меня из колеи, и мне пришлось бы откладывать дела."
,,,,,,,,,,默认132,,,,然而，我在屋内寻了半日，却一直找不到伞到底是放到哪里了，找得心烦，便不再找了。,然而，我在屋內尋了半日，卻一直找不到傘到底是放到哪裡了，找的心煩，便不再找了。,"But after searching the house for half a day, I couldn't find where the umbrella had been put. Frustrated, I stopped looking.",しかしどれだけ家の中を探し回っても、いったいどこに置き忘れたのか、傘が見つからなかった。結局うんざりし、探すのをやめてしまった。,"Однако, потратив кучу времени на поиски зонта дома, я так и не нашёл его. Разочаровавшись, я махнул на это дело рукой."
,,,,,,,,,,默认133,,,,稍微淋下雨也不错，使人清醒一些。,稍微淋下雨也不錯，使人清醒一些。,Getting caught in the rain isn't so bad—it clears the mind a little.,多少雨に濡れるというのも悪くない。頭がすっきりするだろう。,Слегка промокнуть под дождём будет не так уж и плохо - поможет освежить голову.
,,,,,,,,,,默认134,,,,这样想着，于是我便没有打伞，直接迎着小雨出了门。,這樣想著，於是我便沒有打傘，直接迎著小雨出了門。,"With this thought, I chose not to take an umbrella and stepped directly into the drizzling rain.",そう考え、私は傘を差さず、そのまま小雨の中、外に出ることにした。,С этой мыслью я решил выйти под моросящий дождь без зонта.
,,,,,,,,,,默认135,,,,……,……,...,……,...
,,,,,,,,,,默认136,,,,出门前，我曾觉得出门只是为了散心，随便逛逛。,出門前，我曾覺得出門只是為了散心，隨便逛逛。,"Before leaving, I'd imagined I was just going out to wander aimlessly and clear my thoughts.",家を出るまでは、ただの気晴らしで散歩をしようと思っていた。,"Прежде чем выйти, я думал, что просто буду бесцельно гулять и прочищать голову."
,,,,,,,,,,默认137,,,,出门走到街上后，我才突然意识到离我上次去泠音阁又过了数日，不如再去那里看一看。,出門走到街上後，我才突然意識到離我上次去泠音閣又過了數日，不如再去那裡看一看。,Only after walking onto the street did I realize several days had passed since my last visit to <ruby=泠音>Lingyin</ruby> Pavilion—perhaps I should go there again.,しかしいざ街に出ると、最後に泠音閣へ行ってから数日経っていたことにふと気付く。もう一度訪れてみよう、そう心変わりした。,"Но выйдя на улицу, я вдруг вспомнил, что прошло уже несколько дней с тех пор, как я в последний раз наведывался в ""Мелодичный павильон"". Наверное, стоит туда заглянуть."
,,,,,,,,,,默认138,,,,于是，我折返方院之内，拿了银两和路引。,於是，我折返方院之內，拿了銀兩和路引。,So I turned back to Fang's Courtyard to retrieve some silver taels and my travel pass.,そこで私は方院へ折り返し、金と路引を手にした。,"Я вернулся домой, взял несколько таэлей серебра и подорожную грамоту."
,,,,,,,,,,默认139,,,,嗯……,嗯……,Hmm...,ふむ……,Хм-м...
,,,,,,,,,,默认140,,,,我想先去东关街一趟，取一下之前与雁儿姐订的刻珠手串，再去泠音阁打探她的消息。,我想先去東關街一趟，取一下之前與雁兒姐訂的刻珠手串，再去泠音閣打探她的消息。,"I resolved to first visit Dongguan Street to collect the carved bead bracelets I'd commissioned from <ruby=Swan Goose>Sister Yan</ruby>, then proceed to <ruby=泠音>Lingyin</ruby> Pavilion to ask after her.",まずは東関街まで繰り出し、この前雁姉と注文した彫刻数珠を取りに行ってから、改めて泠音閣で彼女の様子を尋ねよう。,"Надо сначала зайти на улицу Восточной заставы, чтобы забрать резной браслет из бус, который мы заказывали вместе с сестричкой Лебёдушкой, и уже потом идти в ""Мелодичный павильон""."
,,,,,,,,,,默认141,,,,若雨势转大，途中买把伞便是。,若雨勢轉大，途中買把傘便是。,"If the rain grows heavier, I can simply buy an umbrella along the way.",雨が強まったら、道中で傘を買えばいい。,А если дождь зальёт сильнее - куплю зонт по пути.
,,,,,,,,,,默认142,,,,……,……,...,……,...
,FadeOut,black,,wipe_left,,,1,,,,,,,,,,,
,Bg,东关街雨,,,,,0,,,,,,,,,,,
,FadeIn,black,,wipe_right,,,1,,,,,,,,,,,
,,,,,,,,,,默认143,,,,细雨连绵不绝，落在青石板路上悄无声息，坠入水洼时则是叮咚作响。,細雨連綿不絕，落在青石板路上悄無聲息，墜入水窪時則是叮咚作響。,"The drizzle fell incessantly, landing silently on the bluestone pavement, yet producing a gentle plink as it dripped into puddles.",小雨が青煉瓦の道をしとしとと濡らし、水たまりに落ちてはぴちゃぴちゃと音を立てる。,"Морось так и продолжала лить, тихо падая на вымощенную зеленоватым камнем дорогу, со звоном стекая в лужи."
,,,,,,,,,,默认144,,,,天上虽然下着雨，却丝毫不影响东关街的生意。,天上雖然下著雨，卻絲毫不影響東關街的生意。,"Though it was raining, business on Dongguan Street remained entirely unaffected.",雨が降っていても、東関街の活気は相変わらずだ。,"Даже несмотря на дождь, торговля на улице Восточной заставы продолжала идти своим чередом."
,,,,,,,,,,默认145,,,,我走到东关街时，这里依然如晴天时那样热闹，四处都是摆摊叫卖的小贩，以及来来往往的行人。,我走到東關街時，這裡依然如晴天時那樣熱鬧，四處都是擺攤叫賣的小販，以及來來往往的行人。,"When I arrived at Dongguan Street, it was as bustling as on a sunny day, filled with street vendors hawking their wares and pedestrians coming and going.",東関街に着くと、そこは晴れの時と同じように、そこかしこで呼び込みをする露天商と行き交う人々でにぎわっていた。,"Здесь было так же оживлённо, как и в солнечный день: уличные торговцы зазывали покупателей, а прохожие сновали туда и сюда."
,,,,,,,,,,默认146,,,,小贩将伞插在摊旁，行人撑伞缓步走过，这些伞的颜色各异，若是从很高的城楼上往这边望去，这里的街上大抵如同开了一朵朵花。,小販將傘插在攤旁，行人撐傘緩步走過，這些傘的顏色各異，若是從很高的城樓上往這邊望去，這裡的街上大如同開了一朵朵花。,"Vendors had propped umbrellas beside their stalls, and pedestrians strolled leisurely under their own. The umbrellas came in varied hues—if one were to gaze down from a high city tower, the street would resemble a garden in full bloom.",露天商は傘を屋台の傍に立てかけ、通行人は傘を差し通り過ぎていく。傘の色はみなばらばらだ。どこか高い所からこの町を一望すれば、きっと色とりどりの花が咲いているように見えるだろう。,"Торговцы расставили зонты возле своих лавок, у прохожих, которые неспешно куда-то шли, были свои. Зонты были самых разных цветов - если взглянуть на них с высокой городской башни, то вся улица напоминала бы цветущий сад."
,,,,,,,,,,默认147,,,,我没有带伞，快步穿行在人流之中。,我沒有帶傘，快步穿行在人流之中。,"Without an umbrella, I hurried through the crowd.",そんな中、私は傘を差さず、早足で人波の中を進んでいく。,Я же пробирался через толпу без зонта.
,,,,,,,,,,默认148,,,,我时而会经过其他伞下，受其遮蔽片刻，时而会因肩膀撞到某人的伞而接下一些雨，时而会一不小心踩入水洼，湿冷之感会顺着腿脚快速窜满全身。,我時而會經過其他傘下，受其遮蔽片刻，時而會因肩膀撞到某人的傘而接下一些雨，時而會一不小心踩入水窪，濕冷之感會順著腿腳快速竄滿全身。,"Sometimes I’d pass beneath another’s umbrella, sheltered for a moment; other times, my shoulder would brush against someone’s, catching a spill of rain, or I’d misstep into a puddle, the chill seeping up my legs.",時には誰かの傘の下に入ってしばし雨宿りをし、時には誰かの傘に肩をぶつけ水をかぶる。また時にはうっかり水たまりに足を突っ込み、濡れた冷たい感触が足から全身に伝わるのを感じた。,"Иногда я проходил под чьим-то зонтом, укрываясь от дождя на мгновение. Иногда, задев плечом чей-то зонт, принимал на себя несколько капель дождя. А иногда, случайно наступив в лужу, ощущал, как по ногам разносился холод."
,,,,,,,,,,默认149,,,,那家刻珠手串的铺子在哪？,那家刻珠手串的鋪子在哪？,Where’s the shop that sells carved bead bracelets?,あの数珠の屋台はどこだったかな。,"Да где же этот ларёк, что делает резные браслеты из бус?"
,,,,,,,,,,默认150,,,,我不大记得那家铺子的位置了，绕着东关街走了一个来回，仍未寻见那家店的招牌。,我不大記得那家鋪子的位置了，繞著東關街走了一個來回，仍未尋見那家店的招牌。,"I couldn’t quite recall the shop’s location. After walking the length of Dongguan Street and back, I still hadn’t spotted its sign.",店の場所をよく覚えていない。東関街を一通り回ったのに、その店の看板を見つけることができなかった。,"Я не мог точно вспомнить его расположение. Пройдя улицу Восточной заставы вдоль и поперёк, я так и не нашёл его вывеску."
,,？？？,,,,,,,,默认151,,林翩翩/22_林翩翩_001,,[知宥？],[知宥？],"""Zhiyou?""",「知宥？」,"""Чжию?"""
,,,,,,,,,,默认152,,,,忽然，人群中有人唤我。,忽然，人群中有人喚我。,"Then, a voice called out to me from the crowd.",人ごみの中、誰かが私の名を呼んだ。,Раздался голос из толпы.
,,,,,,,,,,默认153,,,,那声音是女声，而能以此名字叫我的人寥寥无几，难道……,那聲音是女聲，而能以此名字叫我的人寥寥無幾，難道……,A woman’s voice—and only a handful of people ever called me by that name. Could it be...?,女の声だ。その上で私の名を呼べる者は限られている。まさか……,"Женский голос. Да и лишь пара людей называют меня по имени. Может, это..."
,,,,,,,,,,默认154,,,,我蓦然回首，看向来者——,我驀然回首，看向來者——,I suddenly turned back to look at the approaching figure—,くるりと振り返り、声の方を見ると――,"Обернувшись, я заметил приближающуюся фигуру."
,,林翩翩约会,惊讶,,,,,,,默认155,,,,[……］,[……］,"""...""",「……」,"""..."""
,,,,,,,,,,默认156,,,,林翩翩打着一把翠绿色的伞，站在离我几步远的地方。,林翩翩打著一把翠綠色的傘，站在離我幾步遠的地方。,"Lin Pianpian stood a few paces away, holding a jade-green umbrella.",林翩翩が緑の傘を差し、数歩向こうのところに立っていた。,"Линь Пяньпянь стояла лишь в паре шагов от меня, с зелёным зонтом в руках."
,,,,,,,,,,默认157,,,,哦……,哦……,Oh...,おっと……,А...
,,,,,,,,,,默认158,,,,是她。,是她。,She.,やはり彼女か。,Это она.
,,林翩翩约会,兴奋,,,,,,,默认159,,林翩翩/30_林翩翩_001,,[知宥，果然是你！没想到你也在这儿……咦？下着雨呢，你怎么不打伞？],[知宥，果然是你！沒想到你也在這裡……咦？下著雨呢，你怎麼不打傘？],"""Zhiyou, it really is you! I never thought I'd see you here... Oh? It's raining—why aren't you using an umbrella?""",「やっぱり知宥だった！こんな所で奇遇ね……って、雨が降ってるのに、傘はどうしたの？」,"""Чжию, это ты! Я и не думала тебя встретить... А? Дождь же идёт, ты чего без зонтика?"""
,,,,,,,,,,默认160,,,,林翩翩先是笑着向我打招呼，继而她注意到我没有打伞，便疑惑地询问。,林翩翩先是笑著向我打招呼，繼而她注意到我沒有打傘，便疑惑地詢問。,"Lin Pianpian first greeted me cheerfully, then noticed my lack of umbrella and asked with puzzled concern.",翩翩が笑いながら挨拶をする。そして私が傘を差していないことに気付き、怪訝な顔になった。,"Радостно поприветствовав меня, она заметила отсутствие зонта и обеспокоенно поинтересовалась."
,,方知宥,,,,,,,,默认161,,方知宥/30_方知宥_09,,[毛毛细雨而已，不打也行。],[毛毛細雨而已，不打也行。],"""It's just a light drizzle—no need for one.""",「この程度の小雨なら、差す必要もないさ」,"""Да какая-то морось - можно и обойтись без него спокойно."""
,,,,,,,,,,默认162,,,,我扯了扯嘴角，勉强微笑，却显得有些疲惫。,我扯了扯嘴角，勉強微笑，卻顯得有些疲憊。,"I managed a weary smile, my lips curling faintly.",口元を引きつらせながらなんとか笑うものの、かえって疲れたように見えたかもしれない。,Устало улыбнулся я.
,,林翩翩约会,羡慕,,,,,,,默认163,,林翩翩/30_林翩翩_002,,[那也不行，淋雨久了会染风寒的。],[那也不行，淋雨久了會染風寒的。],"""That won't do—you'll catch cold staying in the rain.""",「まあいいけど……ずっと雨に当たってると風邪ひくわよ」,"""Ну уж нет, ты так простудишься."""
,,,,,,,,,,默认164,,,,她摇了摇头，随后便走到了我的身侧，将她的伞分了我一半。,她搖了搖頭，隨後便走到了我的身側，將她的傘分了我一半。,"She shook her head, then stepped to my side and shared half of her umbrella with me.",彼女が首を振り、私の傍に来たかと思うと、傘の空間を半分私にくれた。,"Покачав головой, она подошла ко мне и поделилась половинкой своего зонта."
,,,,,,,,,,默认165,,,,伞遮在了我的头顶，头上凉丝丝的感觉消失了。,傘遮在了我的頭頂，頭上涼絲絲的感覺消失了。,"The umbrella covered my head, and the cool tingling on my scalp faded.",傘が私の頭を覆い、頭上のひんやりとした感触がなくなった。,Зонт прикрыл мне голову и холодное покалывание на макушке прекратилось.
,,林翩翩约会,好奇,,,,,,,默认166,,林翩翩/30_林翩翩_003,,[知宥，你来东关街做什么？］,[知宥，你來東關街做什麼？］,"""Zhiyou, what brings you to Dongguan Street?""",「知宥、東関街に何しに来たの？」,"""Чжию, а что ты тут делаешь?"""
,,,,,,,,,,默认167,,,,她好奇地问。,她好奇地問。,She asked with curiosity.,彼女が私に尋ねる。,Поинтересовалась она.
,,方知宥,,,,,,,,默认168,,方知宥/30_方知宥_10,,[我想找一家刻珠手串的铺子，取之前订的手串，领完后去二十四桥。］,[我想找一家刻珠手串的鋪子，取之前訂的手串，領完後去二十四橋。］,"""I’m looking for a carved bead bracelet shop to collect an order I placed earlier. After that, I’ll go to the Twenty-Four Bridges.""",「数珠を彫ってくれる店を探してるんだ、この前注文したものを取りにね。受け取ったら二十四橋に行く」,"""Ищу ларёк, где заказывал резные браслеты из бус. А потом пойду к Двадцать четвёртому мосту."""
,,林翩翩约会,开心,,,,,,,默认169,,林翩翩/30_林翩翩_004,,[喔，正好我也要回二十四桥……那不如一起？我有伞。］,[喔，正好我也要回二十四橋……那不如一起？我有傘。］,"""Oh, I'm heading to Twenty-Four Bridges too... Shall we go together? I have an umbrella.""",「あら、あたしもちょうど二十四橋に戻るところよ……一緒に行く？傘もあるし」,"""О, я тоже к мосту иду... Может, вместе пойдём? У меня вот и зонтик есть."""
,,方知宥,,,,,,,,默认170,,方知宥/30_方知宥_11,,[好啊，那多谢了。］,[好啊，那多謝了。］,"""Alright, thank you then.""",「そうだな、では遠慮なく」,"""Хорошо, спасибо."""
,,,,,,,,,,默认171,,,,我点了点头，也没有再推辞。,我點了點頭，也沒有再推辭。,I nodded and stopped refusing.,こくりと頷き、彼女の提案に乗ることにした。,"Кивнув, я не стал отпираться."
,CharacterOff,,,,,,,,,,,,,
,Sprite,黑,,特效前,,,0.5,,,,,,,,,,,
,Tween,黑,ColorTo,alpha=0 time=0,,,,,,,,,,,,,,
,Tween,黑,ColorTo,alpha=0.4 time=0,,,,,NoWait,,,,,,,,,
,Wait,,,,,,0,,,,,,,,,,,
,,,,,,,,,,默认172,,,,与她同行也好。,與她同行也好。,It would be nice to walk with her.,ま、彼女と歩くのも悪くない。,Было бы неплохо с ней поговорить.
,,,,,,,,,,默认173,,,,近日，我总是独自在方院之中写作。,近日，我總是獨自在方院之中寫作。,"Lately, I've been writing alone in Fang's Courtyard.",最近、ずっと方院でひとりきりで書き物に集中していた。,"Последнее время я то и делал, что писал в одиночестве."
,,,,,,,,,,默认174,,,,待久了，人愈发显得孤闷，方才说话时都有一种难以调动表情和动作的感觉。,呆久了，人越來越顯得孤悶，方才說話時都有一種難以調動表情和動作的感覺。,"After prolonged solitude, I've grown increasingly despondent. Just now when speaking, I struggled to summon proper expressions or gestures.",長らくそうしていると、さらに陰気になってしまう。先ほど話していた時だって、表情や動きがぎこちなかった。,"После столь долгого одиночества я ощущал ещё большее уныние. Даже сейчас, когда я говорил, то было ощущение, словно выражения лица и жесты мне даются с трудом."
,,,,,,,,,,默认175,,,,与她在路上多说一下话，也好让我早些找回与人交流的感觉，一会儿若是去泠音阁……大概也不会显得那么木讷笨拙。,與她在路上多說一下話，也好讓我早些找回與人交流的感覺，一會若是去泠音閣……大概也不會顯得那麼木訥笨拙。,Conversing more with her along the way might help me regain my social bearings. When I visit <ruby=泠音>Lingyin</ruby> Pavilion later... perhaps I won't seem quite so stiff and awkward.,彼女と道すがら話していれば、人付き合いの感覚も取り戻せることだろう。後で泠音閣に行くとしても……そこまでぎくしゃくしないはずだ。,"Если я поговорю с ней по дороге, то, это поможет мне несколько восстановить навыки общения с людьми. Тогда, когда я приду в ""Мелодичный павильон""... то не буду выглядеть напряжённым и неловким."
,SpriteOff,黑,,,,,0.5,,NoWait,,,,,,,,,
,Wait,,,,,,0.5,,,,,,,,,,,
,,方知宥,,,,,,,,默认176,,,,[……],[……],"""...""",「……」,"""..."""
,,林翩翩约会,,,,,,,,默认177,,,,[……],[……],"""...""",「……」,"""..."""
,,,,,,,,,,默认178,,,,雨声依旧，我与林翩翩共打一伞，走在东关街上。,雨聲依舊，我與林翩翩共打一傘，走在東關街上。,"The rain persisted as Lin Pianpian and I shared an umbrella, walking along Dongguan Street.",依然として雨がしとしとと降っている。私は翩翩と一つの傘を共にし、東関街を歩いた。,"Пока мы с Линь Пяньпянь шли под одним зонтом по улице Восточной заставы, дождь так и продолжал идти."
,,,,,,,,,,默认179,,,,她的伞并不大，完全遮住两人有些难。,她的傘並不大，完全遮住兩人有些難。,Her umbrella wasn't large enough to completely shelter us both.,彼女の傘はあまり大きくない。二人を完全に覆うのは難しかった。,"Её зонт был не настолько большим, чтобы укрыть нас двоих."
,,,,,,,,,,默认180,,,,我们并肩同行时，各有一肩无法被雨水遮住。,我們並肩同行時，各有一肩無法被雨水遮住。,"Walking side by side, one shoulder of each remained exposed to the rain.",並んで歩いていると、お互い片方の肩が雨に濡れてしまう。,Из-за этого у каждого из нас одно плечо мокло под дождём.
,,,,,,,,,,默认181,,,,我不愿她因我而淋到雨，弄湿了衣服。,我不願她因我而淋到雨，弄濕了衣服。,I didn’t want her to get caught in the rain because of me and ruin her clothes.,彼女が雨に打たれ服を濡らすのは忍びなかった。,"Я не хотел, чтобы из-за меня она попала под дождь и её одежда намокла."
,,,,,,,,,,默认182,,,,因此，走了一会儿后，我便提议只有我来打伞。,因此，走了一會後，我便提議只有我來打傘。,"So after walking for a while, I suggested that I should be the one to hold the umbrella.",そのため少ししてから、私が傘を持つことを提案した。,"Пройдя какое-то время, я предложил понести зонт сам."
,,,,,,,,,,默认183,,,,我打伞时，有意多遮向她，刻意让自己被淋得更多了一些，使她尽量不被淋到。,我打傘時，有意多遮向她，刻意讓自己被淋地更多了一些，使她盡量不被淋到。,"As I held the umbrella, I deliberately tilted it more toward her, letting myself get wetter so she could stay as dry as possible.",私が持っていれば彼女を多めに傘で隠すことができる。自分が余計に雨をかぶることで、彼女が濡れるのを防ぐことができる。,"Держа его в руках, я специально смещал его в её сторону, чтобы на неё дождь попадал как можно меньше, жертвуя своей сухостью."
,,,,,,,,,,默认184,,,,……,……,...,……,...
,,方知宥,,,,,,,,默认185,,方知宥/30_方知宥_12,,[话说，你这次来东关街是做什么的？］,[話說，你這次來東關街是做什麼的？］,"""By the way, what brings you to Dongguan Street this time?""",「ところで、君は東関街に何の用事だ？」,"""Кстати, что привело тебя сюда?"""
,,,,,,,,,,默认186,,,,走了一会儿后，我打破了沉默，先向她提问。,走了一會後，我打破了沉默，先向她提問。,"After walking for a while, I broke the silence by speaking to her first.",それからしばらくし、私の方から沈黙を破り、彼女に訊いた。,"Немного погодя, я решил нарушить тишину."
,,林翩翩约会,开心,,,,,,,默认187,,林翩翩/30_林翩翩_005,,[我想买一件新衣服，因为又有好事发生啦。］,[我想買一件新衣服，因為又有好事發生啦。］,"""I want to buy a new dress—something good has happened again.""",「新しい服を買いたくて。またいいことがあったから」,"""Платье хочу купить новое. Опять кое-что хорошее произошло."""
,,,,,,,,,,默认188,,,,她微微一笑，嘴角勾出了一个梨涡。,她微微一笑，嘴角勾出了一個梨渦。,"She smiled faintly, a dimple appearing at the corner of her lips.",ふふ、と彼女が微笑むと、頬にえくぼが浮かんだ。,"Улыбнулась она, в уголках рта появились ямочки."
,,方知宥,,,,,,,,默认189,,方知宥/30_方知宥_13,,[哦？],[哦？],"""Oh?""",「というと？」,"""А?"""
,,,,,,,,,,默认190,,,,我有些好奇地看向她。,我有些好奇地看向她。,I glanced at her curiously.,首をかしげ彼女に問う。,Я с любопытством посмотрел на неё.
,,林翩翩约会,,,,,,,,默认191,,林翩翩/30_林翩翩_006,,[嘿嘿，有家青楼的头牌姐姐看上我啦，约好明年让我去她那里做侍女。],[嘿嘿，有家青樓的頭牌姐姐看上我啦，約好明年讓我去她那裡做侍女。],"""Hehe, The leading courtesan at one of the pleasure houses has taken a fancy to me—she's arranged for me to become her maid next year.""",「えへへ……あたし、青楼の一番娘が目をつけてくれたの。それで、来年にでもあたしを侍女にしてくれるって約束してくれたのよ」,"""Хи-хи, ну я прославилась на 'Цветочной улице' и приглянулась одной 'девушке первого ранга' из одного 'зелёного терема' - и она устроила так, что в следующем году я стану её служанкой."""
,,方知宥,,,,,,,,默认192,,方知宥/30_方知宥_14,,[喔……听着不错，记得你先前说过通常要在花街呆满三年才能进青楼？不过……能快些总是好的。],[喔……聽著不錯，記得你先前說過通常要在花街呆滿三年才能進青樓？不過……能快些總是好的。],"""Oh... that sounds promising. I recall you once said it typically takes three years on Flower Street to enter a pleasure house? Still... sooner is always better.""",「おお……いい話じゃないか。たしか、ふつうは花街に三年はいないと青楼には行けないんじゃなかったか？だが……早めに決まるに越したことはない」,"""Ого... звучит многообещающе. Помнится, ты говорила, что обычно нужно три года на 'Цветочной улице', чтобы попасть в 'зелёный терем'. Но... чем раньше - тем лучше, в любом случае."""
,,林翩翩约会,不好意思,,,,,,,默认193,,林翩翩/30_林翩翩_007,,[是呀，挺好的，侍女虽然身份卑微，不能挑客人……但至少每日只需接一客，一般客人也更礼貌、有更多银子，一会儿顺路的话……我们一起去看看？],[是呀，挺好的，侍女雖然身份卑微，不能挑客人……但至少每日只需接一客，一般客人也更禮貌、有更多銀子，一會順路的話……我們一起去看看？],"""Yes, it’s quite fortunate. Though maids are of humble standing and can’t refuse clients... at least they only serve one patron a day, and those guests tend to be more courteous—and generous with silver. If we’re headed that way... would you like to stop by together?""",「そうね、とてもいいことよ。侍女は身分が低いしお客さんも選べないけど……一日に一人しか相手しないし、ふつうのお客さんも礼儀正しくてお金も持ってる。もし通りがかったら……一緒に見に行く？」,"""Ага, повезло. Хотя служанки - низшее звено и не могут выбирать себе клиентов... по крайней мере, они обслуживают лишь одного мужчину в день, а те обычно более учтивы и щедры на серебро. Раз уж нам по пути... может зайдёшь?"""
,,,,,,,,,,默认194,,,,她笑着提议。,她笑著提議。,She suggested with a smile.,微笑みながら、彼女がそう持ち掛ける。,"Улыбнувшись, предложила она."
,,方知宥,,,,,,,,默认195,,方知宥/30_方知宥_15,,[行啊，等我取完手串，先跟你去看看。],[行啊，等我取完手串，先跟你去看看。],"""Sure, after I get my bracelet, I’ll go with you to take a look first.""",「いいね。数珠を取りに行ったら、一緒に行ってみよう」,"""Ладно, как заберу браслеты, то пойду с тобой гляну, что там."""
,,,,,,,,,,默认196,,,,我答应了她，点了点头。,我答應了她，點了點頭。,I agreed and nodded.,私はそう答え、頷いた。,"Согласившись, кивнул я."
,CharacterOff,,,,,,,,,,,,,
,,,,,,,,,,默认208,,,,……,……,...,……,...
,,林翩翩约会,,,,,,,,,,,,
,,,,,,,,,,默认209,,,,我与林翩翩又在东关街逛了一个时辰。,我與林翩翩又在東關街逛了一個時辰。,Lin Pianpian and I wandered Dongguan Street for another two hours.,それから私と林翩翩は、東関街を一刻ほど散歩した。,Целую стражу я гулял с Линь Пяньпянь по улице Восточной заставы.
,,,,,,,,,,默认210,,,,她先是陪我找了找那家刻珠手串的小铺。,她先是陪我找了找那家刻珠手串的小鋪。,"First, she helped me look for that little shop selling carved bead bracelets.",まず彼女は彫刻数珠の屋台探しを手伝ってくれた。,"Сначала мы вместе попытались найти ларёк, где делали браслеты."
,,,,,,,,,,默认211,,,,我们找了很久，但依旧无果，最终我便提议放弃。,我們找了很久，但依舊無果，最終我便提議放棄。,"We searched for a long time but found nothing, so I finally suggested giving up.",だがいくら探しても見つからず、結局私の方から諦めようと提案した。,"Мы долго искали, но так ничего и не нашли и в конце концов махнули рукой."
,,,,,,,,,,默认212,,,,这之后，我陪她去挑了一件衣裳。,這之後，我陪她去挑了一件衣裳。,"Afterward, I went with her to pick out a dress.",その後、彼女の服選びに付き合った。,Потом я пошёл с ней подбирать платье.
,,,,,,,,,,默认213,,,,东关街有好几家裁缝店，有一条专门叫“彩衣街”的街。,東關街有好幾家裁縫店，有一條專門叫“彩衣街”的街。,"Dongguan Street has several tailor shops, including one lane specifically named ""Caiyi Street"".",東関街にはいくつもの服屋がある。その中に「<ruby=さいいがい>彩衣街</ruby>」と呼ばれる通りがあった。,"На улице Восточной заставы было много портных - у них даже имелась специальная улица под названием ""улица Пёстрых одеяний""."
,,林翩翩约会,惊讶,,,,,,,,,,,
,,,,,,,,,,默认214,,,,林翩翩路过那里后，立刻便被各式的衣裳吸引了。,林翩翩路過那裡後，立刻便被各式的衣裳吸引了。,"As Lin Pianpian passed through, she was instantly drawn to the array of clothing on display.",翩翩がそこを通りがかると、たちまち色とりどりの服に目を取られた。,"Проходя по местным рядам, Линь Пяньпянь сразу же была очарована разнообразными нарядами."
,,,,,,,,,,默认215,,,,她经常在一些店铺间驻足停留，频频对许多衣裳口出赞美之言，却始终没有下定决心买下一件。,她經常在一些店鋪間駐足停留，頻頻對許多衣裳口出讚美之言，卻始終沒有下定決心買下一件。,"She lingered at various shops, admiring many garments with frequent praise, yet never committed to purchasing one.",行く店の先々で足を止めると、口々に服について褒めていた。しかし買う決心はなかなかつかないようだった。,"Она часто останавливалась у витрин, не скупилась на похвалу в адрес многих нарядов, но всё так и не решалась купить себе что-нибудь."
,,林翩翩约会,羡慕,,,,,,,,,,,
,,,,,,,,,,默认216,,,,她小心翼翼地向看管裁缝店的掌柜询问价格，又细细询问我的意见，最后，在她的精挑细选下，便挑了一件与她先前的衣服颜色相衬的新衣裳。,她小心翼翼地向看管裁縫店的掌櫃詢問價格，又細細詢問我的意見，最後，在她的精挑細選下，便挑了一件與她先前的衣服顏色相襯的新衣裳。,"She carefully inquired about prices from the tailor shop's keeper, sought my opinion in detail, and ultimately—after much deliberation—selected a new dress that matched the hues of her existing wardrobe.",慎重な様子で服屋の店主に値段を訊いては、私の意見を細かく仰いだ。そうして最終的に、以前の服の色に合う新しい服を念入りに選び抜いた。,"Она долго расспрашивала лавочника о ценах, обращаясь ко мне за советом, а потом, после долгих колебаний, всё-таки купила новое платье - что по цвету сочеталось с её уже имеющейся одеждой."
,,林翩翩约会,微笑,,,,,,,,,,,
,,,,,,,,,,默认217,,,,她挑衣裳费时颇久，决定了后，付银两却很爽快。,她挑衣裳費時頗久，決定了後，付銀兩卻很爽快。,"She took quite some time selecting the clothes, but once decided, she paid the silver taels without hesitation.",服選びにはかなりの時間をかけたが、一度決めると支払いはとてもさっぱりしていた。,"Платье она выбирала долго, но определившись с выбором, она без каких-либо колебаний заплатила за него."
,,,,,,,,,,默认218,,,,她从翠绿荷包中摸出一些碎银，数好后便递给了掌柜。,她從翠綠荷包中摸出一些碎銀，數好後便遞給了掌櫃。,"She drew out some broken silver from her emerald-green pouch, counted it, and handed it to the shopkeeper.",彼女は翡翠色の小銭入れから銀を取り出すと、数を数えて店主に渡した。,"Достав ломаное серебро из зелёной сумочки, она пересчитала его и отдала лавочнику."
,,,,,,,,,,默认219,,,,……,……,...,……,...
,,林翩翩约会,开心,,,,,,,默认220,,林翩翩/30_林翩翩_008,,[嘿嘿，总算买好啦，只是这件会不会太过艳丽，不太像我穿的？],[嘿嘿，總算買好啦，只是這件會不會太過艷麗，不太像我穿的？],"""Hehe, finally bought it! But isn’t this too flashy? Doesn’t seem like something I’d wear.""",「ふふっ、やっと買い物が終わったわ。でもちょっと派手過ぎて、あたしには似合わないかしら？」,"""Хи-хи, наконец-то купила! Но не слишком уж ли оно яркое? Не особо в моём стиле."""
,,,,,,,,,,默认221,,,,林翩翩一边走，一边对我问道。,林翩翩一邊走，一邊對我問道。,Lin Pianpian asked me as she walked.,歩きながらそう訊く翩翩。,"Когда мы шли, Линь Пяньпянь спросила меня."
,,,,,,,,,,默认222,,,,她挑到新衣服后显得很开心，把用布包装的衣服抱在怀里，步履轻快。,她挑到新衣服後顯得很開心，把用布包裝的衣服抱在懷裡，步履輕快。,"After picking out new clothes, she seemed delighted, cradling the cloth-wrapped package in her arms as she walked with light steps.",新しい服を手に入れてご機嫌のようだ。布で包まれた服を胸に抱き、軽快な足取りだ。,"После того как она выбрала новую одежду, она выглядела очень радостной - шла с лёгкой, непринуждённой походкой, прижимая к себе завёрнутую в ткань покупку."
,,方知宥,,,,,,,,默认223,,方知宥/30_方知宥_16,,[还好吧，偶尔穿穿也不错……况且，你从柳巷转到花街没几年，从花街到青楼更快，照此下去早晚会是头牌，备件好衣裳也无妨。],[還好吧，偶爾穿穿也不錯……況且，你從柳巷轉到花街沒幾年，從花街到青樓更快，照此下去早晚會是頭牌，備件好衣裳也無妨。],"""It’s fine. Wearing it occasionally isn’t bad... Besides, you moved from Willow Lane to Flower Street not long ago, and from there to the Pleasure House even faster. At this rate, you’ll be the leading courtesan sooner or later—no harm in having a nice outfit ready.""",「いいんじゃないか？たまに着るのだって悪くない……それに柳巷から花街に移ってまだ数年なのに、青楼はもっと早い。この調子なら一番娘もすぐだろう。良い服を用意しておいて損はない」,"""Да брось, не всегда же в одном и том же ходить... К тому же ты так быстро с 'Ивового переулка' перебралась на 'Цветочную улицу', а уж в 'зелёном тереме' будешь ещё быстрее. Такими темпами рано или поздно ты станешь 'девушкой первого ранга' - так что обширный гардероб тебе не повредит."""
,,,,,,,,,,默认224,,,,我对她说道。,我對她說道。,I said to her.,彼女にそう言う。,Сказал я ей.
,,林翩翩约会,不好意思,,,,,,,默认225,,林翩翩/30_林翩翩_009,,[知宥真会说话……头牌哪是这么容易当的呀，每家的头牌都是这家的门面，我大字都不识几个，怎么当呀！],[知宥真會說話……頭牌哪是這麼容易當的呀，每家的頭牌都是這家的門面，我大字都不識幾個，怎麼當呀！],"""Zhiyou is so eloquent... Becoming the leading courtesan isn't easy. Every house's leading courtesan represents its face. I barely know any characters—how could I ever qualify?""",「お世辞が上手なんだから……一番娘はそう簡単になれるもんじゃないわ。どこの一番娘だってみんなその店の顔なのよ。字すらろくに読めないのに、なれっこないわ」,"""Чжию, ну ты мне льстишь, конечно... Быть 'девушкой первого ранга' не так уж и просто, ведь они - лицо 'зелёного терема'... а я едва пару иероглифов знаю - да как я ей вообще стану-то?"""
,,,,,,,,,,默认226,,,,林翩翩淡笑着感慨了一声。,林翩翩淡笑著感慨了一聲。,Lin Pianpian sighed softly with a faint smile.,ふっと笑いつつ、彼女が感慨深そうにそう言う。,"Вздохнула она, слабо улыбнувшись."
,,方知宥,,,,,,,,默认227,,方知宥/30_方知宥_17,,[我教你啊。],[我教你啊。],"""I'll teach you.""",「私が教えてあげるよ」,"""А я научу тебя."""
,,,,,,,,,,默认228,,,,我随口一说。,我隨口一說。,I remarked casually.,気軽にそう言う私。,Сказал я между делом.
,,,,,,,,,,默认229,,,,毕竟我可真有过教青楼头牌认字的履历，也算可靠。,畢竟我可真有過教青樓頭牌認字的履歷，也算可靠。,"After all, I do have experience teaching literacy to pleasure house leading courtesan—quite reliable credentials.",なにせ私は青楼の一番娘に読み書きを教えた身だ。説得力があるだろう。,"В конце-то концов, опыт у меня есть - я уже обучал грамоте некую 'девушку первого ранга', так что подхожу для этого как никто другой."
,,林翩翩约会,钦佩,,,,,,,默认230,,林翩翩/30_林翩翩_010,,[哦？知宥什么时候教？],[哦？知宥什麼時候教？],"""Oh? When will Zhiyou teach me?""",「え？そう？いつ教えてくれる？」,"""А? Ты меня научишь?"""
,,方知宥,,,,,,,,默认231,,方知宥/30_方知宥_18,,[看你有空的时候……在青楼做侍女会比以前忙吗？],[看你有空的時候……在青樓做侍女會比以前忙嗎？],"""When you're free... Will you be busier working as a maid in the pleasure house?""",「君が暇な時にでも……青楼の侍女となると、今まで以上に忙しくなるのかな」,"""Ну, в твоё свободное время... Когда станешь работать в 'зелёном тереме', у тебя, наверное, его меньше будет?"""
,,林翩翩约会,惊讶,,,,,,,默认232,,林翩翩/30_林翩翩_011,,[会好一些，那我之后若是空了，便再来找知宥。],[會好一些，那我之後若是空了，便再來找知宥。],"""Will be better. I'll come find Zhiyou when I'm free later.""",「少しはましになるはずよ。じゃあ暇ができたら、知宥のところに行くね」,"""Напротив. Когда будет свободное время - я зайду к тебе."""
,,方知宥,,,,,,,,默认233,,方知宥/30_方知宥_19,,[你还记得我家在哪吗？],[你還記得我家在哪嗎？],"""Do you still remember where my house is?""",「私の家の場所は覚えているか？」,"""Ты помнишь же, где я живу?"""
,,林翩翩约会,开心,,,,,,,默认234,,林翩翩/30_林翩翩_012,,[记得，我记性不差的。],[記得，我記性不差的。],"""I remember, my memory isn't that bad.""",「うん、記憶力には自信あるのよ」,"""Конечно помню, память у меня не настолько плохая."""
,,,,,,,,,,默认235,,,,林翩翩笑了笑。,林翩翩笑了笑。,Lin Pianpian smiled.,翩翩がからっと笑った。,Рассмеялась она.
,,林翩翩约会,微笑,,,,,,,默认236,,,,[……],[……],"""...""",「……」,"""..."""
,,方知宥,,,,,,,,默认237,,,,[……],[……],"""...""",「……」,"""..."""
,,,,,,,,,,默认238,,,,之后的一段路，我们短暂地没有说话。,之後的一段路，我們短暫的沒有說話。,"For a while after that, we walked in silence.",その後しばらく、私たちは何の言葉も交わさなかった。,После этого мы какое-то время шли в тишине.
,,林翩翩约会,,,,,,,,默认239,,林翩翩/30_林翩翩_013,,[对了，知宥。],[對了，知宥。],"""By the way, Zhiyou.""",「そうだ、知宥」,"""Кстати, Чжию."""
,,,,,,,,,,默认240,,,,走出东关街一段路后，她突然向我搭了话。,走出東關街一段路後，她突然向我搭了話。,"After we'd gone some distance from Dongguan Street, she suddenly spoke to me.",東関街を抜けて少しした頃、彼女が突然私に話を振った。,"После того, как мы отошли от улицы Восточной заставы, она вдруг снова заговорила."
,,方知宥,,,,,,,,默认241,,,,[……],[……],"""...""",「……」,"""..."""
,,,,,,,,,,默认242,,,,我看向了她，不知道她想说什么。,我看向了她，不知道她想說什麼。,"I looked at her, wondering what she wanted to say.",何の話をしたいかわからず、彼女の方を見る。,"Я взглянул на неё, интересуясь, что она хотела сказать."
,,林翩翩约会,好奇,,,,,,,默认243,,林翩翩/30_林翩翩_014,,[你这回去二十四桥……也是要找怜烟小姐吗？],[你這回去二十四橋……也是要找憐煙小姐嗎？],"""Are you going to the Twenty-Four Bridges... to see Lady Lianyan too?""",「二十四橋に戻るのって……憐煙さんに会いにいくため？」,"""Ты же к Двадцать четвёртому мосту идёшь... ради госпожи Ляньянь?"""
,,方知宥,,,,,,,,默认244,,,,[……],[……],"""...""",「……」,"""..."""
,,方知宥,,,,,,,,默认245,,方知宥/30_方知宥_20,,[是啊，我想去泠音阁见她。],[是啊，我想去泠音閣見她。],"""Yes, I want to visit <ruby=泠音>Lingyin</ruby> Pavilion to see her.""",「そうだ。泠音閣まで会いに行く」,"""Ага, я иду туда, чтобы встретиться с ней."""
,,,,,,,,,,默认246,,,,我坦诚相告。,我坦誠相告。,I answered truthfully.,正直にそう言う。,Честно ответил я.
,,林翩翩约会,惊讶,,,,,,,默认247,,林翩翩/30_林翩翩_015,,[咦？你能见到她？我听说她最近病了，好久都不见客……],[咦？你能見到她？我聽說她最近病了，好久都不見客……],"""Eh? You can see her? I heard she's been ill recently and hasn't received visitors for ages...""",「え？会えるの？噂じゃ、最近病気がちで長らくお客さんと会ってないとか……」,"""А? Тебе разрешают встречаться с ней? Я слышала, что она уже давно болеет и не принимает гостей..."""
,,方知宥,,,,,,,,默认248,,方知宥/30_方知宥_21,,[你也听说了……嗯，她是病了，许久都 不见客，今日……我想再去试试。],[你也聽說了……嗯，她是病了，許久都 不見客，今日……我想再去試試。],"""You've heard too... yes, she's been ill, refusing all visitors. Today... I want to try my luck again.""",「君も噂は知ってたか……ああ、病気で長いこと客の誰とも会ってない。だから今日……もう一度会いに行ってみるのさ」,"""Так ты тоже слышала об этом... Да, она болеет и давно уже ни с кем из гостей не видится. Но сегодня... я опять хочу попытаться."""
,,林翩翩约会,羡慕,,,,,,,默认249,,,,[……],[……],"""...""",「……」,"""..."""
,,林翩翩约会,不好意思,,,,,,,默认250,,林翩翩/30_林翩翩_016,,[那……那你等会儿别陪我了吧，既然要见她……去晚了不好],[那……那你等會別陪我了吧，既然要見她……去晚了不好],"""Then... then don't accompany me later. Since you're going to meet her... it wouldn't be good to be late.""",「じゃ……じゃあ一人にしたほうがいい？彼女と会うなら……遅れたらまずいし」,"""Тогда... не иди со мной. Раз ты к ней идёшь... то лучше не опаздывать."""
,,方知宥,,,,,,,,默认251,,方知宥/30_方知宥_22,,[无妨，不急，现在时辰还早，你抱着衣裳也不好打伞，我多送你一段路吧。],[無妨，不急，現在時辰還早，你抱著衣裳也不好打傘，我多送你一段路吧。],"""It's fine, no hurry. It's still early, and it's hard for you to hold the clothes and an umbrella. Let me walk with you a bit further.""",「構わないさ。まだ早いしそう急がなくていい。君だって服を持っていて傘を差しづらいだろう。私が送っていこう」,"""Да нет, всё в порядке. Я не спешу. Ещё рано, да и тебе будет трудно нести зонтик и платье. Пройдусь с тобой."""
,,,,,,,,,,默认252,,,,我说道，她点了点头，于是我们便继续向前走去。,我說道，她點了點頭，於是我們便繼續向前走去。,"I said, and she nodded, so we continued walking forward.",私がそう言うと彼女が頷き、そのまま足を進めた。,Сказал я. Она кивнула и мы продолжили путь.
,CharacterOff,,,,,,,,,,,,,
,,,,,,,,,,默认253,,,,这次，我们没有走花街柳巷那条路。,這次，我們沒有走花街柳巷那條路。,"This time, we didn't take the path through Flower Street and Willow Lane.",今回、私たちは花街や柳巷の界隈の道を通らなかった。,"В этот раз мы пошли не через ""Цветочную улицу"" и ""Ивовый переулок""."
,,,,,,,,,,默认254,,,,我们从东城区靠西的位置走，想从二十四桥上穿过，直接走到聚集着青楼的街区。,我們從東城區靠西的位置走，想從二十四橋上穿過，直接走到聚集著青樓的街區。,"We walked from the western part of the East District, intending to cross the Twenty-Four Bridges and head straight to the area where the pleasure houses were clustered.",東城区の西寄りから歩き出し、二十四橋を渡ってそのまま青楼の集まる区画まで行くつもりだった。,"А через Восточный квартал, чтобы пройти Двадцать четвёртый мост и сразу направиться к району, где стоят ""зелёные терема""."
,,,,,,,,,,默认255,,,,这里说的二十四桥，并非指的是整个街区，而是那座玉石雕砌的石拱桥。,這裡說得二十四橋，並非指的是整個街區，而是那座玉石雕砌的石拱橋。,"The Twenty-Four Bridges mentioned here doesn't refer to the entire district, but rather the jade-carved stone arch bridge.",ここで言う二十四橋とは区画全体ではなく、あの石造りの拱橋のことだ。,"Разумеется, под ""Двадцать четвёртым мостом"" я имел в виду не район, а сам мост из ""ханьского белого нефрита""."
,,,,,,,,,,默认256,,,,走了一会儿后，我们远远看到了那座石拱桥，却突然停住了脚步。,走了一會後，我們遠遠看到了那座石拱橋，卻突然停住了腳步。,"After walking for some time, we spotted the stone arch bridge in the distance but abruptly halted our steps.",少し歩いたところで、向こうの方に例の石橋が現れたが、私たちはそこでふと足を止めた。,"Пройдя некоторое время, мы заметили вдалеке белокаменный мост - но вскоре шаги наши внезапно остановились."
,FadeOut,black,,wipe_left,,,1,,,,,,,,,,,
,Bg,二十四桥雨无血,,,,,0,,,,,,,,,,,
,FadeIn,black,,wipe_right,,,1,,,,,,,,,,,
,,,,,,,,,,默认257,,,,……,……,...,……,...
,,,,,,,,,,默认258,,,,在二十四桥那座石桥旁边的河畔上，围了一圈又一圈的人。,在二十四橋那座石橋旁邊的河畔上，圍了一圈又一圈的人。,"Along the riverbank near the Twenty-Four Bridges stone bridge, crowds had formed in overlapping rings.",二十四橋の石橋の近くの川べりに人だかりができている。,"На берегу, около моста, собралась огромная толпа людей, выстроившихся в несколько кругов."
,,,,,,,,,,默认259,,,,外圈的人探着头往里面挤，里圈的人议论纷纷，他们窃窃私语、声如蚊蚋，似乎怕惊扰到什么。,外圈的人探著頭往裡面擠，裡圈的人議論紛紛，他們竊竊私語、聲如蚊蚋，似乎怕驚擾到什麼。,"People in the outer rings strained their necks to push inward, while those in the inner rings exchanged hushed whispers, their voices as faint as mosquito hums, as though wary of disturbing something.",外側にいる者たちが首を伸ばし、内側の者たちが騒ぎ立てる。彼らは小さな声でひそひそと何かを話し、何かを驚かせまいとしているようだった。,"Стоявшие снаружи люди вытягивали шеи и проталкивались вперёд, а те, кто находился внутри, о чём-то перешёптывались - тихими голосами, напоминавшими жужжание насекомых, словно они боялись что-то спугнуть."
,,,,,,,,,,默认260,,,,这里的许多人打着伞，那些伞互相拥挤着、堆叠着、密不透风，几乎不留出一丝的缝隙。,這裡的許多人打著傘，那些傘互相擁擠著、堆疊著、密不透風，幾乎不留出一絲的縫隙。,"Numerous umbrellas clustered here, pressing tightly against one another in dense layers that admitted almost no daylight.",人だかりのほとんどが傘を差している。その傘が押し合い重なり合い、ぴっちりと密着し、ほぼ隙間を見せなかった。,"Бесчисленные зонты плотно прижимались друг к другу, сквозь них едва пробивался дневной свет."
,,林翩翩约会,惊讶,,,,,,,默认261,,林翩翩/30_林翩翩_017,,[桥边怎么这么多人，出什么事了？],[橋邊怎麼這麼多人，出什麼事了？],"""Why are there so many people by the bridge? What happened?""",「なんだか橋の辺りが騒がしいわね。何かあったのかな？」,"""Что там случилось? Почему у моста так много людей?"""
,,,,,,,,,,默认262,,,,林翩翩疑惑地望去。,林翩翩疑惑地望去。,Lin Pianpian glanced over with puzzlement.,林翩翩が不思議そうに向こうを見る。,Озадаченно взглянула на них Линь Пяньпянь.
,,方知宥,,,,,,,,默认263,,,,[……],[……],"""...""",「……」,"""..."""
,CharacterOff,,,,,,,,,,,,,
,,,,,,,,,,默认264,,,,我也皱了皱眉，朝人群走了过去。,我也皺了皺眉，朝人群走了過去。,I furrowed my brow slightly and approached the crowd.,私も眉間に皺を寄せ、人だかりの方に歩いて行った。,"Нахмурив брови, я подошёл к толпе."
,,,,,,,,,,默认265,,,,这些人聚在此地做什么？,這些人聚在此地做什麼？,Why is everyone gathered here?,あんなところで何をしているのだろうか。,Ради чего они тут собрались?
,,围观民众甲,,左,,,,,,默认266,,围观民众甲/30_围观民众甲_01,,[怎么了？你们在看什么？],[怎麼了？你們在看什麼？],"""What's wrong? What are you all looking at?""",「どうした？何を見てるんだ？」,"""Что произошло? На что смотрите?"""
,,围观民众乙,,右,,,,,,默认267,,围观民众乙/30_围观民众乙_01,,[唉……死人了，有个姑娘淹死了……刚捞上来。],[唉……死人了，有個姑娘淹死了……剛撈上來。],"""Sigh... someone's dead. A girl drowned... they just pulled her out.""",「はぁ……人死にだよ。女が溺れて死んだんだ……さっき引き上げられたばかりだ」,"""Эх... да помер кто-то. Девчонка утопилась... достали вот."""
,,,,,,,,,,默认268,,,,外圈的人交谈着。,外圈的人交談著。,Those in the outer circle murmured among themselves.,外で取り巻いている者たちがそう話す。,"Говорили те, кто стоял с краю."
,CharacterOff,,,,,,,,,,,,,
,,方知宥,,,,,,,,默认269,,,,[……],[……],"""...""",「……」,"""..."""
,,,,,,,,,,默认270,,,,死人了？有个姑娘淹死了？,死人了？有個姑娘淹死了？,Someone died? A girl drowned?,死人？女が溺死？,Помер кто-то? Девчонка утопилась?
,,,,,,,,,,默认271,,,,我微微一愣，强烈的不安感自心底而生。,我微微一愣，強烈的不安感自心底而生。,"I froze momentarily, a profound unease welling up from deep within.",身構える私。ざわっと強烈な不安感に襲われた。,"Я замер, сильное чувство тревоги всплыло из глубины души."
,,,,,,,,,,默认272,,,,仿佛有一只手，突然穿过了我的胸腔，握住了我的心脏。,彷彿有一隻手，突然穿過了我的胸腔，握住了我的心臟。,It felt as though a hand had suddenly thrust through my chest and seized my heart.,まるでどこからともなく腕が伸びてきて、私の胸を貫き、丸ごと心臓を掴まれたような気分だ。,"Было чувство, будто кто-то пробил мою грудь и схватил рукой сердце."
,,方知宥,,,,,,,,默认273,,,,[……],[……],"""...""",「……」,"""..."""
,,,,,,,,,,默认274,,,,我愣愣地将伞递给了林翩翩，沉着脸，一步步挤过撑伞的人群，一点点挪移脚步，向前挤去。,我愣愣地將傘遞給了林翩翩，沉著臉，一步步擠過撐傘的人群，一點點挪移腳步，向前擠去。,"In a daze, I handed the umbrella to Lin Pianpian. With a grim expression, I squeezed through the crowd of umbrella-holders, shuffling forward step by step.",狼狽えつつ傘を翩翩に渡すと、無表情で傘を差している人ごみを一歩ずつかきわけ、よろよろとした足取りで前に進んでいく。,"Я растерянно отдал зонт Линь Пяньпянь. С помрачневшим лицом, шаг за шагом я стал пробираться сквозь толпу людей с зонтами."
,,围观民众丙,,左,,,,,,默认275,,围观民众丙/30_围观民众丙_01,,[可惜啊……这姑娘年纪轻轻就……唉！真是可惜……],[可惜啊……這姑娘年紀輕輕就……唉！真是可惜……],"""What a pity... this young girl, so youthful and yet... ah! Truly a pity...""",「残念なことだ……あんなに若いのに……はあ、なんと勿体ない……」,"""Жаль-то как... совсем ещё девчонка... такая молодая и... эх! Жаль..."""
,,围观民众丁,,右,,,,,,默认276,,围观民众丁/30_围观民众丁_01,,[这……我没看错的话……她应当是那家的花魁吧！乘画舫出行、很有名的那个！],[這……我沒看錯的話……她應當是那家的花魁吧！乘畫舫出行、很有名的那個！],"""This... unless I'm mistaken... she must be that celebrated courtesan! The one known for traveling on painted pleasure boat—quite famous!""",「ありゃ……俺の見間違いでなければ……あそこの花魁だろ！画舫で出かけてた、あの有名な！」,"""Ой... если не ошибаюсь, то это... та самая элитная куртизанка! Та, которая на расписной прогулочной лодке была... известная довольно!"""
,,,,,,,,,,默认277,,,,我僵硬地一步步向前挤着，耳畔人声纠缠，忽大忽小，令我耳中如有蜂鸣。,我僵硬地一步步向前擠著，耳畔人聲糾纏，忽大忽小，令我耳中如有蜂鳴。,"Stiffly, I pressed forward through the throng, the surrounding voices rising and falling, their clamor buzzing in my ears like a swarm of bees.",ぎこちなく進んでいく間も、人の声がまとわりつく。それは大きくなったり小さくなったり、耳元で蜂がぶんぶんと飛んでいるようだった。,"Я окостенело продвигался вперёд. Голоса переплетались вокруг меня, то усиливаясь, то затихая, словно над ушами у меня жужжали пчёлы."
,,方知宥,,,,,,,,默认278,,方知宥/30_方知宥_23,,[让让……请让一下……],[讓讓……請讓一下……],"""Move aside... please let me through...""",「ちょ、ちょ……ちょっと失礼……」,"""Пропустите... дайте пройти, пожалуйста..."""
,CharacterOff,,,,,,,,,,,,,
,,,,,,,,,,默认279,,,,我颤抖着声音，晃动着脚步，踉跄而慌乱地拨开一个个人。,我顫抖著聲音，晃動著腳步，踉蹌而慌亂地撥開一個個人。,"With a trembling voice and unsteady steps, I staggered through the crowd in panic.",震える声、よろめく足。それでも私はよろよろと慌てふためいて一人また一人と押しのけていった。,"С дрожащим голосом и подкашивающимися ногами я, спотыкаясь и теряя равновесие, пробирался через толпу."
,,,,,,,,,,默认280,,,,终于。,終於。,Finally.,そして。,Наконец.
,,,,,,,,,,默认281,,,,在我挤出人丛的那一刻——,在我擠出人叢的那一刻——,The moment I broke free from the crowd—,人ごみからようやく抜け出すと――,Когда я пробился через гущу людей...
,Bgm,重重墙囚,,,,0.2,1,,,,,,,,,,,
,,,,,,,,,,默认282,,,,我停住了脚步。,我停住了腳步。,I stopped dead.,私の足が止まった。,То встал как вкопанный.
,,,,,,,,,,默认283,,,,身与心，连同魂魄在一瞬间变作了那冰冷的石头，僵在了原地。,身與心，連同魂魄在一瞬間變作了那冰冷的石頭，僵在了原地。,"My body, mind, and soul turned to cold stone in an instant, frozen where I stood.",身も心も、魂までもが冷たい石にでもなってしまったかのように、その場から動けなくなってしまった。,"Тело, разум и душа сразу же превратились в ледяной кусок камня. Я не мог пошевелиться."
,,,,,,,,,,默认284,,,,……,……,...,……,...
,BgEvent,苏怜烟身死1,,,,,1,,,,,,,
,Tween,BG,ScaleTo,x=1.2 y=1.2 time=0,,,,,,,,,,
,,方知宥,,,,,,,,默认285,,,,[……],[……],"""...""",「……」,"""..."""
,,,,,,,,,,默认286,,,,河岸上，她静静地躺在那里。,河岸上，她靜靜地躺在那裡。,"On the riverbank, she lay motionless.",川べりに、彼女が静かに横たわっていた。,На берегу лежала она.
,,,,,,,,,,默认287,,,,她的头发湿漉漉地，贴在苍白的脸颊上，双目紧闭，像是睡着了一般。,她的頭髮濕漉漉地，貼在蒼白的臉頰上，雙目緊閉，像是睡著了一般。,"Her wet hair clung to pale cheeks, eyes closed as if merely sleeping.",ぐっしょりと濡れた髪が、真っ白な頬に貼りついている。まるで眠っているかのように、両目は閉じられていた。,"Её мокрые волосы прилипли к бледным щекам. Глаза были закрыты, словно она просто спала."
,,,,,,,,,,默认288,,,,她依然穿着那身紫白色的衣裙，衣裙被河水浸透，紧贴在她的身上，勾勒出她消瘦的身形。,她依然穿著那身紫白色的衣裙，衣裙被河水浸透，緊貼在她的身上，勾勒出她消瘦的身形。,"She was still wearing that purple and white dress, now soaked through by the river. It clung tightly to her body, outlining her slender figure.",着ているのは相変わらず薄紫の衣装だ。それは川の水が染み込み、ぴったりと彼女自身に貼りつき、細い体の線がくっきりと浮かび上がっている。,"Она была в том же самом светло-фиолетовом платье. Пропитанное речной водой, оно плотно прилегало к её телу, подчёркивая её худощавую фигуру."
,,,,,,,,,,默认289,,,,她的双手无力地垂在身侧，指节微微弯曲。,她的雙手無力地垂在身側，指節微微彎曲。,"Her hands hung limply at her sides, fingers slightly curled.",両手がだらりと体の両側に垂れ、指が僅かに丸まっている。,"Её руки вяло лежали вдоль тела, пальцы были слегка согнуты."
,Se,风吹树叶,,,,,,,,,,,,
,,,,,,,,,,默认290,,,,微风尝试吹起她的发丝和裙摆，除了一些细微之处在微微颤动，其余部分皆是纹丝不动，“宛如”死物。,微風嘗試吹起她的髮絲和裙襬，除了一些細微之處在微微顫動，其餘部分皆是紋絲不動，“宛如”死物。,"The breeze tried to lift her hair and skirt, but aside from a faint tremor, everything else remained perfectly still—""as if"" lifeless.",そよ風が彼女の髪と裾を揺らそうとしたものの、ほんの一部分がわずかにそよいだ程度で、大部分が「死んだように」ぴくりとも動かなかった。,"Ветерок пытался развеять её волосы и подол платья, но кроме едва заметных колыханий, всё оставалось безжизненно неподвижным."
,,,,,,,,,,默认291,,,,雁儿姐。,雁兒姐。,<ruby=Swan Goose>Sister Yan</ruby>.,雁姉。,Сестричка Лебёдушка.
,,,,,,,,,,默认292,,,,时隔数日，我终于与你重逢。,時隔數日，我終於與你重逢。,"After all these days, I’ve finally reunited with you.",いくつもの日を経て、ようやく君に会えた。,После стольких дней мне наконец-то удалось увидеть тебя.
,,,,,,,,,,默认293,,,,而如今，你却像是被画在了堤岸上，一动不动了。,而如今，你卻像是被畫在了堤岸上，一動不動了。,"Yet now, you seem painted onto the riverbank, utterly motionless.",なのに君は、岸に描かれた絵のように動こうとしてくれない。,"Но сейчас ты - словно картина, нарисованная на берегу, совершенно неподвижна."
,,林翩翩约会,<Off>,,,,,,,默认294,,林翩翩/30_林翩翩_018,,[知宥……那是怜烟小姐吗？],[知宥……那是憐煙小姐嗎？],"""Zhiyou... Is that Lady Lianyan?""",「知宥……あれって……憐煙さん？」,"""Чжию... это госпожа Ляньянь?"""
,,,,,,,,,,默认295,,,,林翩翩的声音自我的身后传来。,林翩翩的聲音自我的身後傳來。,Lin Pianpian's voice came from behind me.,後ろから翩翩の声が聞こえた。,Раздался голос Линь Пяньпянь позади меня.
,,方知宥,,,,,,,,默认296,,,,[……],[……],"""...""",「……」,"""..."""
,,,,,,,,,,默认297,,,,听到她的声音后，我猛地倒吸了一口气，仿佛是一个无法接受的事实被人戳破，令我极度恐惧。惊慌感一瞬间爬上我的脊背、爬遍了我的血肉。,聽到她的聲音後，我猛地倒吸了一口氣，彷彿是一個無法接受的事實被人戳破，令我極度恐懼、驚慌感一瞬間爬上我的脊背、爬遍了我的血肉。,"At the sound of her voice, I gasped sharply, as if an unbearable truth had been laid bare—terror and panic crawling up my spine and through my veins.",彼女の声を聞いた瞬間、呼吸が止まった。受け入れがたい事実を突きつけられたかのように……極限の恐怖と動転が一気に背筋を駆けあがり、全身の血肉に至るまで走っていく。,"От её голоса я стал резко глотать воздух, словно передо мной открылась невыносимая правда - ужас, смешанный с паникой, пробежал по позвоночнику и всему телу."
,,,,,,,,,,默认298,,,,我没有回答林翩翩。,我沒有回答林翩翩。,I didn't respond to Lin Pianpian.,私は何も答えなかった。,Я ничего не ответил.
,,,,,,,,,,默认299,,,,只是死死盯住雁儿姐的脸，一步步、困难地挪移着脚步走向她。,只是死死盯住雁兒姐的臉，一步步、困難地挪移著腳步走向她。,"I just kept staring fixedly at <ruby=Swan Goose>Sister Yan</ruby>'s face, dragging my feet toward her with great difficulty.",ただ死んだ目で雁姉の顔を見ながら、一歩、また一歩とよろけつつ彼女の方に歩いていく。,"Я лишь пристально уставился на лицо сестрички Лебёдушки, с усилием продолжая продвигаться к ней."
,,,,,,,,,,默认300,,,,那张曾经让我魂牵梦萦的脸，此刻却苍白得没有一丝血色。,那張曾經讓我魂牽夢縈的臉，此刻卻蒼白得沒有一絲血色。,"That face which had once haunted my dreams now looked deathly pale, devoid of any color.",かつて私の心を奪ったその顔は、まったく血の気のない土気色に変わってしまっていた。,"Лицо, которое некогда завораживало меня и заставляло постоянно устремляться к нему думами, теперь выглядело безжизненно белым, без единой кровинки."
,,,,,,,,,,默认301,,,,她的眼眸紧闭，嘴角却似乎带着一丝若有若无的笑意，像是想要对我说些什么，我却无法参透。,她的眼眸緊閉，嘴角卻似乎帶著一絲若有若無的笑意，像是想要對我說些什麼，我卻無法參透。,"Her eyes were shut tight, yet the corners of her lips seemed to curl into a faint, ambiguous smile—as if trying to convey something beyond my understanding.",瞳はぴったりと閉じられていたが、口元は微かに笑っているようだった。まるで私に何か伝えたそうにしているものの、その意図が私には理解できない。,"Её глаза были крепко закрыты, но на губах играла едва заметная улыбка... словно она хотела сказать мне что-то, что я был не силах уразуметь."
,Shake,Graphics,,x=100 y=60 time=0.4,,,,,PageWait,,,,,,,,,
,Se,摔倒,,,,,,,,,,,,
,BgEvent,苏怜烟身死2,,,,,,,,,,,,
,,,,,,,,,,默认302,,,,——嘭！,——嘭！,—Bang!,――ドシャッ,*Бух!*
,,,,,,,,,,默认303,,,,膝盖重重地跪在泥泞的河岸上。,膝蓋重重地跪在泥濘的河岸上。,My knees slammed heavily into the muddy riverbank.,ぬかるんだ川べりにがっくりと膝をついた。,Мои колени тяжело шлёпнулись в прибрежную грязь.
,,,,,,,,,,默认304,,,,我颤抖着伸出手，想要触碰雁儿姐的脸，却在即将碰到她的那一刻停了下来。,我顫抖著伸出手，想要觸碰雁兒姐的臉，卻在即將碰到她的那一刻停了下來。,"My trembling hand reached out to touch <ruby=Swan Goose>Sister Yan</ruby>'s face, but froze just before making contact.",震える手を伸ばし、雁姉の頬に触れようとした。しかしいざ触れる瞬間に、手が止まった。,"Дрожащей рукой я потянулся к лицу сестрички Лебёдушки, но замер в самый последний момент."
,,方知宥,,,,,,,,默认305,,,,[……],[……],"""...""",「……」,"""..."""
,FadeOut,black,,,,,1,,,,,,,,,,,
,BgEvent,方崩溃1,,,,,,,,,,,,
,FadeIn,black,,Circle,,,2,,,,,,,,,,,
,Bgm,饥荒绝望,,,,0.2,3,,,,,,,,,,,
,,,,,,,,,,默认306,,,,我的手悬在半空中，像是被某种无形的力量阻挡住了。,我的手懸在半空中，像是被某種無形的力量阻擋住了。,"My hand hung in mid-air, as if blocked by an invisible force.",見えない力に阻まれるかのように、手が宙をかいた。,"Моя рука застыла в воздухе, будто ей что-то мешало."
,Sprite,黑,,特效前,,,0.5,,,,,,,,,,,
,Tween,黑,ColorTo,alpha=0 time=0,,,,,,,,,,,,,,
,Tween,黑,ColorTo,alpha=0.4 time=0,,,,,NoWait,,,,,,,,,
,Wait,,,,,,0,,,,,,,,,,,
,,,,,,,,,,默认307,,,,我不敢碰她。,我不敢碰她。,I dared not touch her.,触れられない。,Я не мог потрогать её.
,,,,,,,,,,默认308,,,,我怕一碰她，她的死亡就会成为事实。,我怕一碰她，她的死亡就會成為事實。,I feared that touching her would make her death real.,触れてしまえば、死んだことが事実になってしまう。,"Я боялся, что если дотронусь до неё, это докажет, что она действительно мертва."
,,,,,,,,,,默认309,,,,我怕她会像泡影一般消失不见。,我怕她會像泡影一般消失不見。,I feared she would vanish like a bubble.,彼女が泡沫のように消えてしまうことが耐えられなかった。,"Я боялся, что она исчезнет, растворится, словно тень на воде."
,SpriteOff,黑,,,,,0.5,,NoWait,,,,,,,,,
,Wait,,,,,,0.5,,,,,,,,,,,
,,,,,,,,,,默认314,,,,最终，我伸出手，逼迫着自己，轻轻用手抚上了她的脸。,最終，我伸出手，逼迫著自己，輕輕用手撫上了她的臉。,"Finally, I reached out, forcing myself to gently touch her face.",そうして結局、私は自分を奮い立たせて彼女の頬にそっと手を触れた。,Я всё же заставил себя дотронуться до её лица.
,,,,,,,,,,默认315,,,,冰冷的触感从指尖传来。,冰冷的觸感從指尖傳來。,A cold sensation radiated from my fingertips.,ひんやりとした感触が指先から伝わる。,По кончикам пальцев распространилось морозное ощущение.
,,,,,,,,,,默认316,,,,她的肌肤冰凉而僵硬，没有一丝温度，正如我所看到的那样。,她的肌膚冰涼而僵硬，沒有一絲溫度，正如我所看到的那樣。,"Her skin was icy and stiff, utterly devoid of warmth, just as I had seen.",冷たく、固い、まったく温度の感じない肌だ。私が見たのと同じように。,"Её тело было ледяным и окоченевшим, без капли тепла, которое у неё было раньше."
,,,,,,,,,,默认317,,,,她死了。,她死了。,She was dead.,彼女は、死んだ。,Она мертва.
,,,,,,,,,,默认318,,,,确实是死了。,確實是死了。,She was truly dead.,言い訳の余地なく、死んだ。,Она была действительно мертва.
,,围观民众丙,,,,,,,,默认319,,围观民众丙/30_围观民众丙_02,,[喂……你干嘛呢？不能乱动人家姑娘的尸身，要等官差来！],[喂……你幹嘛呢？不能亂動人家姑娘的屍身，要等官差來！],"""Hey... what are you doing? Don't disturb the girl's body—wait for the authorities!""",「おい……何してる？役人が来るまでむやみに女の死体に触るな！」,"""Эй... ты чего удумал? Не трогай тело - жди стражников!"""
,,,,,,,,,,默认320,,,,有人注意到我碰雁儿姐，便上前一步，来劝阻我。,有人注意到我碰雁兒姐，便上前一步，來勸阻我。,Someone noticed me touching <ruby=Swan Goose>Sister Yan</ruby> and stepped forward to stop me.,私が雁姉に触っていることに気付き、ある者がこちらに進み出て止めようとする。,"Заметив, что я трогаю сестричку Лебёдушку, кто-то подошёл ко мне, чтобы остановить меня."
,Se,拍肩膀,,,,,,,,,,,,
,Shake,Graphics,,x=100 y=60 time=0.4,,,,,PageWait,,,,,,,,,
,,,,,,,,,,默认321,,,,——啪。,——啪。,—Smack.,――パン,*Шмяк.*
,,,,,,,,,,默认322,,,,他的手抓住了我的手。,他的手抓住了我的手。,His hand seized mine.,彼が私の手を掴んだ。,Он схватил мою руку.
,,,,,,,,,,默认323,,,,我惊惶地一看，那手竟长满了野兽的毛。,我驚惶地一看，那手竟長滿了野獸的毛。,"I looked up in alarm—that hand was covered in coarse, beast-like fur.",驚いてそれを見る。彼の手は、長い獣の毛に覆われていた。,"Я испуганно взглянул на неё. Она была покрыта шерстью, как у животного."
,,,,,,,,,,默认324,,,,我吓得回头一望，那人竟然长着马头。,我嚇得回頭一望，那人竟然長著馬頭。,"Startled, I turned to look—the man actually had the head of a horse.",仰天して振り返ると、驚いたことに馬の頭をしているではないか。,"Опешив, я поднял голову... У того человека была морда коня."
,,方知宥,,,,,,,,默认325,,方知宥/30_方知宥_24,,[你是……来接雁儿姐的马面？],[你是……來接雁兒姐的馬面？],"""Are you... the Horse-Face who came to fetch <ruby=Swan Goose>Sister Yan</ruby>?""",「あなたは……雁姉を迎えに来た<ruby=めず>馬面</ruby>か？」,"""Ты что... конеглавый страж, что пришёл забрать сестричку Лебёдушку на тот свет?"""
,,,,,,,,,,默认326,,,,我愣愣地看着长着马头的人，指着他问道。,我愣愣地看著長著馬頭的人，指著他問道。,I stared blankly at the man with the horse's head and pointed at him as I asked.,ぼんやりと馬頭を指さし、彼に問う。,"Ошеломлённо уставившись на мужчину с лицом коня, спросил я, указывая на него пальцем."
,,围观民众丙,,,,,,,,默认327,,围观民众丙/30_围观民众丙_03,,[什么马面！你胡说什么？],[什麼馬面！你胡說什麼？],"""What Horse-Face! What nonsense are you spouting?""",「<ruby=うまづら>馬面</ruby>だとこの野郎！何言ってやがる！」,"""Какой ещё конеглавый страж?! Что за бред ты несёшь?"""
,,,,,,,,,,默认328,,,,他愤怒地反问了我一声。,他憤怒地反問了我一聲。,He retorted angrily.,彼は激怒してそう返してきた。,Сердито ответил тот.
,CharacterOff,,,,,,,,,,,,,
,Bgm,妖兵入城,,,,3,3,,,,,,,,,,,
,,方知宥,,,,,,,,默认329,,,,[……],[……],"""...""",「……」,"""..."""
,,,,,,,,,,默认330,,,,我没有理他。,我沒有理他。,I ignored him.,それ以上彼に構っていられなかった。,Я ничего ему не ответил.
,,,,,,,,,,默认331,,,,此时，我头昏目眩，不适感逼迫我睁开眼睛又快速闭上。,此時，我頭昏目眩，不適感逼迫我睜開眼睛又快速閉上。,"At that moment, my head spun, and the discomfort forced me to open my eyes only to shut them again quickly.",頭がくらくらし、不快感のせいで目を開けてもまたすぐに閉じてしまった。,В тот же миг у меня закружилась голова - мне пришлось открыть глаза и тут же снова их зажмурить.
,,,,,,,,,,默认332,,,,我的大脑发烫，一切仿佛在快速地变化着……,我的大腦發燙，一切彷彿在快速地變化著……,My brain burned as everything seemed to shift rapidly...,頭が熱い。何もかもがぐるぐると変化していく……,"Сознание будто охватил жар, пока всё вокруг стремительно менялось..."
,,,,,,,,,,默认333,,,,周围的人，他们的脸在雨中显得模糊不清……,周圍的人，他們的臉在雨中顯得模糊不清……,The faces of the people around me grew indistinct in the rain...,周囲の者が、彼らの顔が雨の中、ぼんやりと霞んでいった……,Лица людей вокруг меня в дожде стали почти неразличимы...
,,,,,,,,,,默认334,,,,他们的脸逐渐开始扭曲变形，有人变成了羊头，有人变成了牛头，也有人变成了鸟头。,他們的臉逐漸開始扭曲變形，有人變成了羊頭，有人變成了牛頭，也有人變成了鳥頭。,"Their faces began to twist and deform—some into sheep heads, others into ox heads, and still others into bird heads.",彼らの顔が徐々にぐにゃりと歪み、ある者は羊の頭に、ある者は牛の頭に、またある者は鳥の頭へと変形していった。,"Они начали искривляться и деформироваться - у одних появились морды баранов, у других - быков, а у третьих - птиц."
,,,,,,,,,,默认335,,,,所有人……所有人都变成了兽头人身的怪物。他们的瞳仁中闪烁着诡异的光芒，嘴角挂着狰狞的笑容。,所有人……所有人都變成了獸頭人身的怪物。他們的瞳仁中閃爍著詭異的光芒，嘴角掛著猙獰的笑容。,"Everyone... everyone had transformed into beast-headed humanoid monsters. Their pupils gleamed with an eerie light, their mouths twisted into sinister grins.",全て……全ての者が、人の体に獣の頭を持つ化け物に変わってしまった。彼らの瞳には不気味な光が揺らめき、口元には獰猛な笑みが浮かんでいた。,"Все... все стали человекоподобными монстрами с мордами животных. Зрачки их светились жутким светом, а рты искривлялись в зловещих усмешках."
,Se,心跳,,,,,,,,,,,,,,,,
,,,,,,,,,,默认336,,,,笑！,笑！,Laughing!,笑っている！,Смеются!
,,,,,,,,,,默认337,,,,他们在笑！,他們在笑！,They're laughing!,あいつら、笑っているぞ！,Они смеются!
,,,,,,,,,,默认338,,,,他们嘲笑着我！他们的声音尖锐而刺耳！,他們嘲笑著我！他們的聲音尖銳而刺耳！,They're mocking me! Their voices were shrill and piercing!,私のことを嘲笑している！きんきんとした声で頭が割れそうだ！,Они смеются надо мной! Их голоса оглушают меня!
,BgEvent,方崩溃2,,,,,,,,,,,,
,Shake,Graphics,,x=100 y=60 time=0.4,,,,,PageWait,,,,,,,,,
,,,,,,,,,,默认341,,,,你来晚了。,你來晚了。,You're late.,遅すぎた。,Ты опоздал.
,,,,,,,,,,默认342,,,,你来晚了。,你來晚了。,You're late.,遅すぎた。,Ты опоздал.
,,,,,,,,,,默认343,,,,你来晚了。,你來晚了。,You're late.,遅すぎた。,Ты опоздал.
,,,,,,,,,,默认344,,,,她死了。,她死了。,She's dead.,死んだ。,Она мертва.
,,,,,,,,,,默认345,,,,她死了。,她死了。,She's dead.,死んだ。,Она мертва.
,,,,,,,,,,默认346,,,,她死了。,她死了。,She's dead.,死んだ。,Она мертва.
,,,,,,,,,,默认347,,,,他们持续不断地低语着，我捂住耳朵，用手不断挠着头发。,他們持續不斷地低語著，我捂住耳朵，用手不斷撓著頭髮。,They kept whispering incessantly; I covered my ears and kept clawing at my hair.,そいつらがしきりに私に囁き続ける。私は耳を押さえ、髪を掻きむしった。,От их бесконечных перешёптываний я закрыл уши и начал нервно теребить волосы.
,,,,,,,,,,默认348,,,,我停不下来，我只想逃离这些声音！,我停不下來，我只想逃離這些聲音！,I can't stop—I just want to escape these voices!,もう止まれない。私はただこの声から逃れたいだけなのに！,"Я не мог остановиться, мне хотелось сбежать от них!"
,,,,,,,,,,默认349,,,,狮驼国！,獅駝國!,Lion Camel Kingdom!,獅駝国だ！,Королевство Льва и Верблюда!
,,,,,,,,,,默认350,,,,这里不是真的，一切都不是真的！,這裡不是真的，一切都不是真的！,This place isn't real—none of this is real!,ここは現実じゃない。ぜんぶ現実じゃないんだ！,Это место нереально - ничего из этого нереально!
,,,,,,,,,,默认351,,,,我只是写书写痴了，把自己写到狮驼国去了！,我只是寫書寫痴了，把自己寫到獅駝國去了！,"I've just gone mad from writing, written myself straight into the Lion Camel Kingdom!",本を書くうちにおかしくなってしまい、自分まで獅駝国に書き加えてしまったのだ！,"Я, сойдя с ума от книгописательства, вписал себя в собственную же книгу!"
,,,,,,,,,,默认352,,,,雁儿姐没有死！只要逃出狮驼国，我便能见到她！,雁兒姐沒有死！只要逃出獅駝國，我便能見到她！,"<ruby=Swan Goose>Sister Yan</ruby> isn't dead! If I can just escape the Lion Camel Kingdom, I'll see her again!",雁姉は死んでいない！獅駝国から逃げ出しさえすれば、また彼女に会えるはずだ！,"Сестричка Лебёдушка не умерла! Если я сбегу из королевства Льва и Верблюда, то снова смогу увидеть её!"
,,,,,,,,,,默认353,,,,狮驼国！我要逃出去！逃出狮驼国！,獅駝國！我要逃出去！逃出獅駝國！,Lion Camel Kingdom! I must escape! Escape the Lion Camel Kingdom!,獅駝国！ここから逃げなければ！獅駝国から逃げなければ！,Я должен сбежать отсюда! Я должен сбежать из королевства Льва и Верблюда!
,,方知宥,,,,,,,,默认354,,方知宥/30_方知宥_25,,[啊！],[啊！],"""Agh!""",「うわあああああ！」,"""А-а-а-а-а!"""
,,,,,,,,,,默认355,,,,我猛地叫了一声，推开这些兽头人身的妖怪，跌跌撞撞地朝远处跑去！,我猛地叫了一聲，推開這些獸頭人身的妖怪，跌跌撞撞地朝遠處跑去！,"With a sudden cry, I shoved aside those beast-headed monsters and stumbled blindly into the distance!",私は叫んで人身獣頭の妖怪たちを押しのけ、ばたばたと遠くを目指して走り出した。,"Внезапно заорав, я, расталкивая яогуаев с мордами животных, вслепую бросился бежать!"
,,,,,,,,,,默认356,,,,逃吧！,逃吧！,Run!,逃げなければ！,Сбежать!
,,,,,,,,,,默认357,,,,逃！,逃！,Run!,逃げろ！,Сбежать!
,,,,,,,,,,默认358,,,,和她逃！,和她逃！,Run with her!,彼女と逃げるんだ！,Сбежать вместе с ней!
,,,,,,,,,,默认359,,,,逃到她在的地方去！,逃到她在的地方去！,Run to where she is!,彼女のいる場所へ！,Сбежать к ней!
,,,,,,,,,,默认360,,,,我推开这一个个妖怪！在他们的笑声和咒骂声中越跑越远。,我推開這一個個妖怪！在他們的笑聲和咒罵聲中越跑越遠。,"I pushed aside these monsters one by one! Amidst their laughter and curses, I ran farther and farther away.",妖怪を一人ひとり押しのけ、彼らの笑い声と罵声の中、遠くへひたすら遠くへ走り続けた。,"Отталкивая одного яогуая за другим, под их смех и ругань, я бежал всё дальше и дальше."
,FadeOut,black,,wipe_left,,,0.5,,,,,,,,,,,
,Bg,二十四桥雨无血,,,,,0,,,,,,,,,,,
,FadeIn,black,,wipe_right,,,0.5,,,,,,,,,,,
,Wait,,,,,,1,,,,,,,
,Bg,扬州小巷雨天,,,,,0.5,,,,,,,
,Wait,,,,,,1,,,,,,,
,Bg,集市雨,,,,,0.5,,,,,,,
,,,,,,,,,,默认361,,,,我快速地跑过一个个街道，纷乱的雨滴无法追上我的步伐，我想将一切过去都抛向身后。,我快速地跑過一個個街道，紛亂的雨滴無法追上我的步伐，我想將一切過去都拋向身後。,"I dashed swiftly through street after street, the chaotic raindrops unable to keep pace with me, as I sought to leave the past behind.",次々と街道を飛び越えていく。降りしきる雨の水滴すら私の足に追いつけない。すべての過去を置き去りにしたかった。,"Я бежал сквозь улицы, пересекая одну за другой - даже капли дождя не могли угнаться за мной, пока я пытался сбежать от прошлого."
,,林翩翩约会,<Off>,,,,,,,默认362,,林翩翩/30_林翩翩_019,,[知宥！],[知宥！],"""Zhiyou!""",「知宥！」,"""Чжию!"""
,CharacterOff,,,,,,,,,,,,,
,,,,,,,,,,默认363,,,,恍惚中，我似乎听到了林翩翩的声音。,恍惚中，我似乎聽到了林翩翩的聲音。,"In my daze, I thought I heard Lin Pianpian's voice.",恍惚状態の中、林翩翩の声が聞こえた、気がした。,Смутно мне послышался голос Линь Пяньпянь.
,,方知宥,,,,,,,,默认364,,,,[……],[……],"""...""",「……」,"""..."""
,,,,,,,,,,默认365,,,,哪怕是听到她的声音，我的脚步也并未有丝毫的停留。,哪怕是聽到她的聲音，我的腳步也並未有絲毫的停留。,Even hearing her voice didn't slow my steps in the slightest.,彼女の声が聞こえようと、私の足が止まることはなかった。,"Но даже услышав её голос, я не замедлился."
,,,,,,,,,,默认366,,,,我头也不回、却又漫无目的地向前逃去，,我頭也不回、卻又漫無目的地向前逃去，,"Without looking back, yet aimlessly, I fled onward,",振り返ることもせず、しかし当てもなく前へ前へと逃げていく。,"Не оглядываясь, я слепо бежал вперёд."
,Sprite,黑,,特效前,,,0.5,,,,,,,,,,,
,Tween,黑,ColorTo,alpha=0 time=0,,,,,,,,,,,,,,
,Tween,黑,ColorTo,alpha=0.4 time=0,,,,,NoWait,,,,,,,,,
,Wait,,,,,,0,,,,,,,,,,,
,,,,,,,,,,默认367,,,,自这一日起。,自這一日起。,From that day forth.,この日。,В этот день.
,,,,,,,,,,默认368,,,,雁儿姐死了。,雁兒姐死了。,<ruby=Swan Goose>Sister Yan</ruby> was dead.,雁姉が死んだ。,Сестричка Лебёдушка умерла.
,,,,,,,,,,默认369,,,,从此之后，我常将世人看作兽头人身的怪物。,從此之後，我常將世人看作獸頭人身的怪物。,"Ever since then, I often saw people as monsters with beastly heads and human bodies.",この後、人が獣の頭をした化け物に見えるようになった。,И с тех пор я стал видеть людей с мордами животных и человеческими телами.
,,,,,,,,,,默认374,,,,直到……,直到……,Until...,その日が来るまで……,"До тех пор, пока..."
,SpriteOff,黑,,,,,0.5,,NoWait,,,,,,,,,
,Wait,,,,,,0.5,,,,,,,,,,,
,StopBgm,,,,,,3,,,,,,,,,,,
,FadeOut,black,,,,,2,,,,,,,,,,,
,AddSteamAchiKey,Achieve_map_y14
,Jump,*记-第十七回
