#SHEET_NAME,忆-第二回
,Command,Arg1,Arg2,Arg3,Arg4,Arg5,Arg6,Arg7,WaitType,Text,PageCtrl,Voice,WindowType,SC,TC,English,Japanese,Russian
,ChapterAnimation,BG_Yi_2,chapter_bg_Y,chapter_title_Y2,Liang,265,,,,,,,,,,,,
,*map_yi_2,,,,,,,,,,,,,,,,,
,UnlockPlotMap,map_yi_2,,,,,,,,,,,,,,,,
,SetChapterName,忆-第二回,,,,,,,,,,,,,,,,
,Wait,,,,,,1,,,,,,,,,,,
,FadeOut,black,,,,,0
,Bgm,烟云消散,,,,0.2,3,,,,,,,,,,,
,Bg,客栈外,,,,,
,FadeIn,black,,square,,,1,,,,,,,,,,,
,AutoSave,,,,,,,,,,,,,,,
,,,,,,,,,,默认1,,,,我和她相识在十三年前。,我和她相識在十三年前。,I met her thirteen years ago.,彼女と出会ったのは、十三年前になる。,Я познакомился с ней тринадцать лет назад.
,,,,,,,,,,默认2,,,,那是崇祯五年，李闯的兵刚打进晋地。,那是崇禎五年，李闖的兵剛打進晉地。,"It was the fifth year of Chongzhen's reign, just after Li Chuang's troops had invaded the lands of Jin.",崇禎五年、李自成の兵が晋の地を攻め入った頃の話だ。,"Это был <ruby=1632 гг.>пятый год правления Чунчжэня</ruby>, тогда войско Ли, ""Идущего на пролом"", только-только вторглось в Шаньси."
,,,,,,,,,,默认3,,,,那年，我九岁，她十一岁，我们在晋地盐池的一家客栈，等着被送去扬州。,那年，我九歲，她十一歲，我們在晉地鹽池的一家客棧，等著被送去揚州。,"That year, I was nine, she was eleven, and we were waiting at an inn in Jin's Salt Pond, to be sent to Yangzhou.",当時の私は九歳で、彼女は十一歳だった。晋の塩湖にある宿で、揚州に送られるのを待っていた。,"Мне тогда было девять, а ей одиннадцать. Мы ждали в трактире у соляных прудов в Шаньси, пока нас не отправят в Янчжоу."
,,,,,,,,,,默认4,,,,记得那一日，我哭得很厉害。,記得那一日，我哭得很厲害。,"I remember well that day, when my tears fell without cease.",あの日、私はひどく泣いていたことを覚えている。,"Помню, что я очень горько плакал."
,CharacterOff,,,,,,1,,,,,,,,,,,
,HideMessageWindow,,,,,,,,,,,,,,,,,
,CaptureImage,截图,SpriteCamera,背景截图,,,,,,,,,,,,,,
,Bg,客栈,,,,,,,,,,,,,,,,
,RuleFadeOut,截图,FadeCircle,,Linear,,1,,PageWait,,,,,,,,,
,Wait,,,,,,1,,,,,,,,,,,
,ShowMessageWindow,,,,,,,,,,,,,,,,,
,,,,,,,,,,默认6,,,,……,……,...,……,...
,,方知宥,,,,,,,,默认7,,小方知宥/04_小方知宥_01,,[爹！娘！呜呜呜呜呜呜……我要娘！我要爹！我不要去扬州！],[爹！娘！嗚嗚嗚嗚嗚嗚……我要娘！我要爹！我不要去揚州！],"""Dad! Mom! Waaaaah... I want Mom! I want Dad! I don’t want to go to Yangzhou!""",「父さん！母さん！うわあああん……やだよ！父さん母さんがいなきゃ嫌だ！揚州なんか行きたくない！」,"""Папуля, мамуля! Уа-а-а-а... Я хочу мамулю и папулю! Я не хочу в Янчжоу!"""
,,方家老仆,,,,,1,,,默认8,,方家老仆/04_方家老仆_01,,[哎！我的小祖宗！快别哭啦！去扬州是住你大伯家，你大伯把你当亲儿子疼，好吃好喝供着，干嘛不想去呀！],[哎！我的小祖宗！快別哭啦！去揚州是住你大伯家，你大伯把你當親兒子疼，好吃好喝供著，幹嘛不想去呀！],"""Oh, dear! Stop crying already! You’re going to Yangzhou to live with your Eldest Uncle—he’ll treat you like his own son, feed you well, and care for you. Why wouldn’t you want to go?""",「こら！坊ちゃん！泣くのはおやめなさい！揚州はあなたの伯父様のお住まいがある所、我が子のように飲み食いを世話して、可愛がってくれるのですぞ。行きたくないとは何事ですか！」,"""Ох, беспокойное ты дитя, ну не плачь! Ты поедешь в Янчжоу, к дяде. Он тебя как родного примет, будет развлекать тебя и баловать вкусной едой. Почему ты ехать не хочешь?"""
,,方知宥,,,,,,,,默认9,,小方知宥/04_小方知宥_02,,[不行！我要留在这儿！不去大伯那儿！],[不行！我要留在這裡！不去大伯那裡！],"""No! I want to stay here! I won't go to Eldest Uncle's!""",「嫌だ！ここにいたい！伯父なんて知るもんか！」,"""Нет! Я не хочу ехать к нему! Я тут хочу остаться!"""
,,方家老仆,,,,,,,,默认10,,方家老仆/04_方家老仆_02,,[这……哎呀，你爹娘其实没死，他们现在就在扬州等你呢！你真不去找他们？],[這……哎呀，你爹娘其實沒死，他們現在就在揚州等你呢！你真不去找他們？],"""Well... Oh dear, your Father and Mother aren't actually dead—they're waiting for you in Yangzhou right now! Won't you go to them?""",「ああ……まったく。実はご両親は生きておられます。揚州であなたを待っておるのですぞ！それでも行きたくないと言うのですか？」,"""Хм... Ой, а знаешь, твои мама и папа ведь вовсе не умерли... Они тебя в Янчжоу ждут! Разве ты не хочешь их увидеть?"""
,,方知宥,,,,,,,,默认11,,小方知宥/04_小方知宥_03,,[骗人！你骗人！我早知道爹娘都被人杀了！回不来了！］,[騙人！你騙人！我早知道爹娘都被人殺了！回不來了！］,"""Liar! You're lying! I've known all along that Father and Mother were killed! They're never coming back!""",「嘘つき！おまえは嘘つきだ！父さんも母さんも殺されたのは知ってるぞ！戻ってはこないんだ！」,"""Врёшь, врёшь ты всё! Я знаю, что их убили! Они никогда уже не вернутся!"""
,,方家老仆,,,,,,,,默认12,,方家老仆/04_方家老仆_03,,[唉！这是听谁胡说的！东家他们福大命大，哪会……],[唉！這是聽誰胡說的！東家他們福大命大，哪會……],"""Sigh! Who filled your head with such nonsense? The master and mistress were blessed—they'd never...""",「ああ！どこの誰がそんなホラを吹いたんだか！お二方はまさに聖人といえるご夫婦、そのようなことは……」,"""Эх-х, да кто тебе сказал такую ерунду? Хозяину и хозяйке всегда сопуствовала удача, как бы такое было..."""
,,方知宥,,,,,,,,默认13,,小方知宥/04_小方知宥_04,,[就是死了！早有人告诉我了！你骗人！呜呜呜呜呜……],[就是死了！早有人告訴我了！你騙人！嗚嗚嗚嗚嗚……],"""They're dead! Someone told me ages ago! You're lying! Waaah...""",「死んだものは死んだんだ！とっくに他の人から聞いてるぞ！この嘘つき！うわああん……」,"""Убили их! Мне давно уже рассказали! Ты мне врёшь! Уа-а-а-а..."""
,CharacterOff,,,,,,0.5,,,,,,,,,,,
,Sprite,黑,,特效前,,,0.5,,,,,,,,,,,
,Tween,黑,ColorTo,alpha=0 time=0,,,,,,,,,,,,,,
,Tween,黑,ColorTo,alpha=0.4 time=0,,,,,NoWait,,,,,,,,,
,Wait,,,,,,0,,,,,,,,,,,
,,,,,,,,,,默认14,,,,九岁的我，坐在客栈大堂的椅子上。,九歲的我，坐在客棧大堂的椅子上。,"At nine years old, I sat on a chair in the inn's main hall.",九歳の私は、宿の待合室の椅子に座っていた。,Девятилетний я сидел на стуле в главном зале трактира.
,,,,,,,,,,默认15,,,,家里的老仆趁我睡着，把我抱到了这里。,家裡的老僕趁我睡著，把我抱到了這裡。,The family's old servant had carried me here while I slept.,家の老いた使用人が私が眠ったのを見計らい、ここまで抱えて連れてきたのだ。,"Старый семейный слуга принёс меня сюда, пока я спал."
,,,,,,,,,,默认17,,,,我蹬着腿，摇摆着手臂，仰头哇哇大哭，把老仆塞给我的小玩物胡乱扔开。,我蹬著腿，搖擺著手臂，仰頭哇哇大哭，把老僕塞給我的小玩物胡亂扔開。,"I kicked my legs, flailed my arms, and wailed with my head thrown back, hurling away the little toy the old servant had given me.",私は足をばたつかせて腕を振り回し、大声で泣きわめいて、爺やのよこした玩具を乱暴に投げ捨てた。,"Я брыкался ногами, размахивая руками, и, запрокинув голову, горько рыдал. Маленькую игрушку, всученную мне слугой, я отшвырнул прочь."
,,,,,,,,,,默认18,,,,几日前，在城里等爹娘消息的我接到了噩耗。,幾日前，在城裡等爹娘消息的我接到了噩耗。,"A few days earlier, while waiting in the city for news of Father and Mother, I received the tragic tidings.",数日前、町で両親の知らせを待っていた私は訃報を受け取った。,"Несколько дней назад я, сидя в городе, ожидал весточки от родителей - но получил лишь трагические вести."
,,,,,,,,,,默认19,,,,爹娘在城外接货时，被恶人杀了。,爹娘在城外接貨時，遇上劫道的匪徒，被殺了。,Father and Mother were killed by bandits who ambushed them while receiving goods outside the city.,町の外で荷を受け渡ししている時に、追剥ぎに遭って殺されたのだ。,"Когда родители получали товар за городом, разбойники устроили засаду и убили их."
,,,,,,,,,,默认20,,,,这之后，家里的人商量了一下，决定把我过继给大伯。,這之後，家裡的人商量了一下，決定把我過繼給大伯。,"Afterward, the family deliberated and decided to have me adopted by Eldest Uncle.",その後、家の者たちが相談し、私は伯父の養子に迎えられることになった。,"После этого моя родня посовещалась и приняла решение, что меня должен усыновить дядя."
,,,,,,,,,,默认21,,,,大伯和爹娘都是盐商，爹娘常年在晋地这边收盐，再沿河运到江南给大伯去卖。,大伯和爹娘都是鹽商，爹娘常年在晉地這邊收鹽，再沿河運到江南給大伯去賣。,"Eldest Uncle, Father, and Mother were all salt merchants. Father and Mother spent years procuring salt in Jin territory, then shipped it along the river to Jiangnan for Eldest Uncle to sell.",伯父も両親も塩商であり、両親はいつも晋で塩を買い付け、川沿いに運んで江南の伯父に売っていた。,"Дядя и родители торговали солью. Родители добывали её здесь, в Шаньси, а потом сплавляли на юг от реки Янцзы, где дядя продавал эту соль."
,,,,,,,,,,默认22,,,,下人们管我的爹娘叫“小东家”，管大伯叫“大东家”。,下人們管我的爹娘叫“小東家”，管大伯叫“大東家”。,"The servants called my Father and Mother ""Young Master and Mistress"", and Eldest Uncle ""Great Master"".",「旦那様」,"Слуги называли родителей ""молодые господин и госпожа"", а дядю - ""старший господин""."
,,,,,,,,,,默认23,,,,如今，爹娘一死，我便成了孤儿。,如今，爹娘一死，我便成了孤兒。,"Now that Father and Mother are gone, I’ve become an orphan.",だが両親は死に、私は孤児となった。,"Теперь же, когда родителей не стало, я остался сиротой."
,,,,,,,,,,默认24,,,,下人们商量了许多天，和大伯通了几次书信，最后决定送我去江南，过继给大伯当儿子。,下人們商量了許多天，和大伯通了幾次書信，最後決定送我去江南，過繼給大伯當兒子。,"After days of discussion and several letters exchanged with Eldest Uncle, the servants decided to send me to Jiangnan to be adopted as his son.",下人たちは何日も相談し、また伯父と何度も手紙を交わした。そしてようやく、私を江南に送って伯父の養子にすることが決まったのだ。,"После нескольких дней обсуждений и обмена письмами с дядей меня решили отправить меня на юг от реки Янцзы, чтобы он мог меня усыновить."
,,,,,,,,,,默认25,,,,不行！我不愿意！,不行！我不願意！,No! I won’t!,ふざけるな、絶対にいやだ！,"Нет, не хочу!"
,,,,,,,,,,默认26,,,,我不想去什么江南、去什么扬州！,我不想去什麼江南、去什麼揚州！,I don’t want to go to Jiangnan or Yangzhou!,なにが江南だ、なにが揚州だ。そんなの行くものか！,"Не хочу я ехать ни в этот проклятый Янчжоу, ни на этот юг!"
,,,,,,,,,,默认27,,,,大伯就是大伯，他不能当我的新爹！,大伯就是大伯，他不能當我的新爹！,Eldest Uncle is just an uncle—he can’t replace my Father!,伯父は伯父、新しい父になんかなれっこない。,Дядя не заменит мне родителей!
,,,,,,,,,,默认28,,,,爹娘死在盐池附近，我要留在这里陪他们！,爹娘死在鹽池附近，我要留在這裡陪他們！,Father and Mother died near the Salt Pond. I want to stay here with them!,父も母も塩湖で死んだ。ならここに一緒に留まるのが子だ！,"Они умерли возле соляных прудов, и я хочу остаться здесь, рядом с ними!"
,SpriteOff,黑,,,,,0.5,,NoWait,,,,,,,,,
,Wait,,,,,,0.5,,,,,,,,,,,
,,赵老头,,,,,1,,,默认29,,赵老头/04_赵老头_01,,[来来来，方少爷，莫哭了，吃一口糖丸，嘴里甜了，心里就不苦喽~],[來來來，方少爺，莫哭了，吃一口糖丸，嘴裡甜了，心裡就不苦囉~],"""Come now, Young Master Fang, don’t cry. Have a sugar plum—sweeten your mouth, and your heart won’t feel so bitter~""",「これこれ、ぼっちゃま、泣きなさるな。さあ飴玉でもどうぞ。お口が甘ければ、心も甘くなりますぞ」,"""Ну-ну, юный господин Фан, не надо плакать. Вот, скушайте засахаренную сливу - на языке станет сладко, и горечь уйдёт из сердца."""
,,,,,,,,,,默认30,,,,我正哭着，一个老头凑了过来。,我正哭著，一個老頭湊了過來。,"As I was crying, an old man approached.",私が駄々をこねて泣いていると、一人の老人が近付いてきた。,К плачущему мне подошёл старик.
,,,,,,,,,,默认31,,,,他是这家客栈的掌柜，姓赵。,他是這家客棧的掌櫃，姓趙。,"He was the shopkeeper of this inn, a man named Zhao.",彼はこの宿の番頭で、姓を趙という。,"Он был владельцем этого трактира, по фамилии Чжао."
,,,,,,,,,,默认32,,,,他穿着一身蓝衣，戴着一个小毡帽，看起来五十岁上下，笑眯眯的，眼睛眯成了一条缝，看着便不像什么好人。,他穿著一身藍衣，戴著一個小氈帽，看起來五十歲上下，笑眯眯的，眼睛眯成了一條縫，看著便不像什麼好人。,"Dressed in blue with a small felt hat, he looked about fifty, smiling so broadly that it narrowed his eyes to mere slits—the very picture of untrustworthiness.",青い衣に身を包み、頭にはちょこんと帽子を乗せている。見た目は五十くらいだろうか。糸目でにたにたと笑う姿は、お世辞にも良い人には見えない。,"Одетый в синюю одежду, с маленькой войлочной шапочкой на голове, на вид лет пятидесяти. Он улыбался, прищурив глаза так, что они превратились в щёлочки - вид его был весьма подозрительный."
,,,,,,,,,,默认33,,,,爹妈在世时，曾带我来过这里一回，在他这里买过一个下人。,爹媽在世時，曾帶我來過這裡一回，在他這裡買過一個下人。,"When Father and Mother were alive, they’d brought me here once to purchase a servant from him.",両親が存命だった頃、一度ここへ来て下人を一人買ったことがある。,"Когда родители были ещё живы, они однажды привели меня сюда, чтобы купить у него слугу."
,,,,,,,,,,默认34,,,,爹娘曾叮嘱过我，千万要小心此人，不要吃他的东西，不要跟他走！若是他强抱我，一定要喊：“人牙子、人牙子！救命！”,爹娘曾叮囑過我，千萬要小心此人，不要吃他的東西，不要跟他走！若是他強抱我，一定要喊：“人牙子、人牙子！救命！”,"Father and Mother had warned me: 'Be wary of this man—don’t eat his food, don’t follow him! If he tries to seize you, scream: ""Human trafficker! Help!""",「人買いだ！人買いだ！助けて！」,"И тогда они предупредили меня: ""Не доверяй ему, ничего у него не бери и не ходи за ним. А если он попытается схватить тебя - кричи: 'Торговец людьми, помогите!'"""
,,方知宥,,,,,,,,默认35,,小方知宥/04_小方知宥_05,,[我不要！],[我不要！],"""I don't want!""",「やだ！」,"""Не хочу!"""
,Shake,Graphics,,x=100 y=60 time=0.4,,,,,PageWait,,,,,,,,,
,Se,巴掌声,,,,,,,,默认36,,,,我伸出手，拍掉了赵老头递过来的糖。,我伸出手，拍掉了趙老頭遞過來的糖。,I reached out and swatted away the candy Old Man Zhao offered.,私は手を伸ばし、趙老人の差し出した飴を叩き落とした。,"Я протянул руку, отмахнувшись от его угощения."
,,赵老头,大笑,,,,,,,默认37,,赵老头/04_赵老头_02,,[那给你个拨浪鼓玩玩？],[那給你個手搖鼓玩玩？],"""How about a rattle drum to play with?""",「では……でんでん太鼓などいかがですかな？」,"""А может погремушку-барабанчик хочешь?"""
,,方知宥,,,,,,,,默认38,,小方知宥/04_小方知宥_06,,[不要！走开！我不要你的东西！],[不要！走開！我不要你的東西！],"""No! Go away! I don't want anything from you!""",「いらない！どっか行け！おまえのものなんて、何もいらない！」,"""Нет, не хочу! Уходи! Мне от тебя ничего не надо!"""
,,,,,,,,,,默认39,,,,我没好气地推开他递来的拨浪鼓。,我沒好氣地推開他遞來的手搖鼓。,I shoved aside the rattle drum he offered in irritation.,私は不機嫌そうに、彼が差し出したでんでん太鼓を押し返した。,"Я с раздражением бросил погремушку-барабанчик, которую он предлагал мне."
,,,,,,,,,,默认40,,,,赵老头也不气恼，背着手呵呵笑了两声。,趙老頭也不氣惱，背著手呵呵笑了兩聲。,"Unfazed, Old Man Zhao chuckled twice with his hands clasped behind his back.",それでも趙老人は腹を立てた様子もなく、後ろ手でくつくつと笑った。,"Он не повёл даже и бровью, а лишь, заложив руки за спину, издал два коротких смешка."
,,方家老仆,,,,,,,,默认41,,方家老仆/04_方家老仆_04,,[唉！赵爷！知道你会哄小娃子！可我家这小祖宗倔得很，听不进劝！……唉！这该如何是好啊……],[唉！趙爺！知道你會哄小娃子！可我家這小祖宗倔得很，聽不進勸！……唉！這該如何是好啊……],"""Ah! Master Zhao! I know you're good with children! But this little lord of mine is stubborn as an ox and won't listen to reason!...Ah! What should we do...""",「ああ、趙どの！子供をあやすのが得意なのは、ようく知っております！しかしうちの坊ちゃんはどうも強情で、なかなか言うことを聞かんのです……はぁ、どうすればよいのやら……」,"""Ах, господин Чжао! Знаю, что вы ладите с детьми! Но этот мой маленький барчук упрям, словно бык, и слушать нас не желает!.. Ох, что же нам делать..."""
,,赵老头,奸笑,,,,,,,默认42,,赵老头/04_赵老头_03,,[呵呵呵……小孩子嘛，总会闹脾气，过了岁数便好了……],[呵呵呵……小孩子嘛，總會鬧脾氣，過了歲數便好了……],"""Hehehe...Children will be children—they'll always throw tantrums, but they'll grow out of it in time...""",「くくく……子供というのはやんちゃなものです。あと少し歳をとればおさまりますとも……」,"""Хе-хе-хе... Дети есть дети - всегда капризничают, но с годами пройдёт..."""
,,,,,,,,,,默认43,,,,赵老头又笑了两声，踱回柜台后面坐下了。,趙老頭又笑了兩聲，踱回櫃臺後面坐下了。,Old Man Zhao chuckled twice more before sauntering back behind the counter to sit down.,そうして趙老人はまたくつくつと笑うと、踵を返して勘定台の向こうに座った。,"Старик Чжао ещё пару раз усмехнулся и, не спеша, вернулся за прилавок."
,,方知宥,,,,,,,,默认44,,,,[……],[……],"""...""",「……」,"""..."""
,,,,,,,,,,默认45,,,,我气鼓鼓地瞪了他一眼。,我氣鼓鼓地瞪了他一眼。,I glared at him indignantly.,私は、キッと彼を睨みつけた。,Я воззрился на него с негодованием.
,,,,,,,,,,默认46,,,,咦？,咦？,Eh?,ん？,А?
,Sprite,黑,,特效前,,,0.5,,,,,,,,,,,
,Tween,黑,ColorTo,alpha=0 time=0,,,,,,,,,,,,,,
,Tween,黑,ColorTo,alpha=0.4 time=0,,,,,NoWait,,,,,,,,,
,Wait,,,,,,0,,,,,,,,,,,
,,,,,,,,,,默认47,,,,往柜台看去时，我才发觉那里不知何时还坐了一老一小。,往櫃臺看去時，我才發覺那裡不知何時還坐了一老一小。,"When I looked toward the counter, I noticed an old person and a child sitting there—I hadn’t seen them arrive.",勘定台の方を見ると、いつの間にか別の老人と子供が腰かけていた。,"Когда я взглянул на прилавок, то заметил там старуху и ребёнка - я и не заметил, как они пришли."
,,,,,,,,,,默认48,,,,老的是个穿黄衫的妇人，看着像赵老头的老婆。,老的是個穿黃衫的婦人，看著像趙老頭的老婆。,"The elder was a woman in a yellow robe, likely Old Man Zhao’s wife.",老人の方は黄衫を着た女性で、おそらくは趙老人の妻だろう。,"Старуха в жёлтом балахоне, скорее всего, была женой старика Чжао."
,,,,,,,,,,默认49,,,,至于小的那个，看打扮像个男娃。,至於小的那個，看打扮像個男娃。,"As for the younger one, his attire suggested a boy.",子供の方は、少年のような装いをしている。,"А ребёнок - скорее всего мальчик, судя по его одежде."
,,,,,,,,,,默认50,,,,他穿着一身紫色的破衣，戴着斗笠遮着脸，似乎是短发。,他穿著一身紫色的破衣，戴著斗笠遮著臉，似乎是短髮。,He wore tattered purple clothes and a bamboo hat that hid his face; his hair appeared short.,紫色のぼろを纏い、顔は笠で隠れている。短髪のようだ。,"На нём были лиловые обноски и бамбуковая шляпа, скрывавшая лицо; волосы, кажется, у него были короткими."
,,,,,,,,,,默认51,,,,他懒洋洋地趴在柜台上，一动不动，像是睡着了。,他懶洋洋地趴在櫃臺上，一動不動，像是睡著了。,"He lay lazily sprawled across the counter, motionless, as if asleep.",勘定台にもたれかかったまま、ぴくりとも動かない。眠っているらしい。,"Он лениво раскинулся на прилавке, почти не двигаясь, словно спал."
,,,,,,,,,,默认52,,,,他是被赵家这对人牙子夫妻拐来的孩子吗？,他是被趙家這對人牙子夫妻拐來的孩子嗎？,"Was he the child kidnapped by that Zhao couple, the human trafficker?",あの子が人さらいの趙夫妻に拐かされた子供だろうか？,Его похитили эти двое?
,,,,,,,,,,默认53,,,,哼……他看起来倒挺乖。,哼……他看起來倒挺乖。,Hmph... He seems quite well-behaved.,ふぅん……意外とおとなしいな。,"Хм, а он похоже послушный."
,,,,,,,,,,默认54,,,,明明是被赵老头拐了，比我还惨，竟然没哭！,明明是被趙老頭拐了，比我還慘，竟然沒哭！,Clearly kidnapped by Old Man Zhao—worse off than me—yet he didn't even cry!,趙老人に連れ去られるとは、私より悲惨だろうに、泣き声ひとつ上げないなんて。,"Ему гораздо хуже чем мне, ведь его похитили - а он даже не плачет!"
,SpriteOff,黑,,,,,0.5,,NoWait,,,,,,,,,
,Wait,,,,,,0.5,,,,,,,,,,,
,CharacterOff,,,,,,,,,,,,,,,,,
,,,,,,,,,,默认55,,,,……,……,...,……,...
,,赵掌柜,影,右,,,,,,,,,,,,,,
,,气度不凡的女人,微笑,左,,,1,,,,,,,,,,,
,,气度不凡的女人,微笑,左,,,1,,,默认56,,鸢/04_气度不凡的女人_01,,[喂，赵老头，找你办件事——我知道你路子广，帮我联系大同那边的人。],[喂，趙老頭，找你辦件事——我知道你路子廣，幫我聯繫大同那邊的人。],"""Hey, Old Man Zhao, I need a favor—I know you’ve got connections. Help me reach someone in Datong.""",「趙の爺さん、ちょいと頼みがあるんだけど――顔が広いんでしょ？大同に連絡をつけてくれないかい？」,"""Привет, старик Чжао. Услужи-ка мне - знаю, связи у тебя есть. Помоги связаться с кое-кем в Датуне."""
,,,,,,,,,,默认57,,,,我正看着柜台，一个女人的声音突然响起，那声音透着一股不凡的气度。,我正看著櫃臺，一個女人的聲音突然響起，那聲音透著一股不凡的氣度。,"As I gazed toward the counter, a woman’s voice suddenly cut through the air, brimming with uncommon authority.",勘定台を見ていると、女の声がした。話し方からして、ただ者ではない雰囲気を感じる。,"Глядя на прилавок, вдруг услышал я женский голос. Он звучал властно, выделяясь среди остальных людей."
,,,,,,,,,,默认58,,,,她从门外径直走进来，找赵老头说话。,她從門外徑直走進來，找趙老頭說話。,She strode in from outside and headed straight for Old Man Zhao.,彼女は宿屋の外から入ってくると、そのまま趙老人の方に話しかけた。,Она вошла с улицы и подошла прямо к старику Чжао.
,,气度不凡的女人,影,,,,,,,,,,,,,,,
,,赵掌柜,通常,右,,,1,,,默认59,,赵老头/04_赵老头_04,,[哦？联系大同的人？],[哦？聯繫大同的人？],"""Oh? Contact someone in Datong?""",「む？大同の者と話をしたいのですか？」,"""А? И с кем же?"""
,,赵掌柜,影,,,,,,,,,,,,,,,
,,气度不凡的女人,疑问,,,,,,,默认60,,鸢/04_气度不凡的女人_02,,[嗯，我这有个女娃，她的爹娘在大同，我要先给他们去一封信，问问他们愿不愿意付路费接人。],[嗯，我這有個女娃，她的爹娘在大同，我要先給他們去一封信，問問他們願不願意付路費接人。],"""Yes, I have a little girl here. Her father and mother are in Datong. I need to send them a letter first—see if they’ll pay to bring her home.""",「ああ。うちで女の子を預かってるんだけど、両親が大同にいてね。路銀を払って彼女を迎えるかどうか、手紙を送って聞かなきゃいけないんだよ」,"""У меня тут девочка есть, а её родители в Датуне. Надо письмишко им послать - узнать, смогут ли покрыть расходы на дорогу, если я верну её."""
,,气度不凡的女人,影,,,,,,,,,,,,,,,
,,赵掌柜,大笑,,,,,,,默认61,,赵老头/04_赵老头_05,,[要是他们不愿意付呢？],[要是他們不願意付呢？],"""What if they refuse to pay?""",「断ると先方が言ったら？」,"""А если не заплатят?"""
,,赵掌柜,影,,,,,,,,,,,,,,,
,,气度不凡的女人,通常,,,,,,,默认62,,鸢/04_气度不凡的女人_03,,[不愿付，女娃跟我走。],[不願付，女娃跟我走。],"""If they won't pay, the little girl comes with me.""",「そうなったら、うちで引き取るさ」,"""Если не заплатят - то моей будет."""
,,气度不凡的女人,影,,,,,,,,,,,,,,,
,,赵掌柜,奸笑,,,,,,,默认63,,赵老头/04_赵老头_06,,[哈哈，你没怎么带过娃子吧，若是他们不要，不如卖给我算了！],[哈哈，你沒怎麼帶過娃子吧，若是他們不要，不如賣給我算了！],"""Haha, you don’t have much experience with children, do you? If they don’t want her, you might as well sell her to me!""",「ほっほっ、子どもの世話などしたことないでしょう。彼らがいらないと言ったら、うちに売ってはどうです」,"""Хе-хе-хе, опыта с детишками у тебя маловато будет, угадал? Если не заплатят за неё, может, продашь мне?"""
,,赵掌柜,影,,,,,,,,,,,,,,,
,,气度不凡的女人,严肃,,,,,,,默认64,,鸢/04_气度不凡的女人_04,,[不成！我劝你少打她的主意，她是我一个很记仇的恶匪安排过来的，定要给她安置妥当！],[不成！我勸你少打她的主意，她是我一個很記仇惡匪安排過來的，定要給她安排妥當！],"""Absolutely not! I’d advise you to drop that idea. She was sent here by a grudge-holding bandit—we must settle her properly!""",「ふん、お断りだね。あの子には手を出さないほうがいいよ。あの子をあたしに預けた奴は、かなり根に持つ悪党だからね。ちょっかい出して火傷したって知らないよ！」,"""Размечтался! Советую тебе оставить подобные мысли в её отношении. Мне поручил её один злопамятный разбойник, так что надо сделать всё как надо."""
,,气度不凡的女人,影,,,,,,,,,,,,,,,
,,赵掌柜,大笑,,,,,,,默认65,,赵老头/04_赵老头_07,,[啧啧啧……很记仇的恶匪，哈！那我可不敢惦记了……],[嘖嘖嘖……很記仇的惡匪，哈！那我可不敢惦記了……],"""Tsk tsk tsk... A grudge-holding bandit, huh! Well, I wouldn’t dare covet her then...""",「ひっひっひ……根に持つ悪党、ですか。そりゃおっかないことで……」,"""Тц-тц-тц... злопамятный разбойник, а? Ладно-ладно, тогда оставлю эту идею..."""
,CharacterOff,赵掌柜,,,,,1,,,默认66,,赵老头/04_赵老头_08,,[唉！这小女娃长得这么水灵，跟我刚收的娃子有的一比，可惜……可惜了啊……],[唉！這小女娃長得這麼水靈，跟我剛收的娃子有的一比，可惜……可惜了啊……],"""Sigh! This little girl is so lovely, just like the child I recently took in. What a pity... what a pity...""",「いやはや、わしが引き取ったばかりの子供に比べても劣らぬほどみずみずしい子なのに……惜しい……惜しいなぁ……」,"""Эх, а такая миленькая… Я недавно такую же заполучил… Жалко… очень жалко."""
,,,,,,,,,,默认67,,,,赵掌柜叹了一口气，这倒是勾起了我的好奇心。,趙老頭嘆了一口氣，這倒是勾起了我的好奇心。,"Shopkeeper Zhao sighed, which piqued my curiosity.",趙老人は溜息をつく。その様子が私の好奇心をそそった。,"Вздохнул старик Чжао. Это, как ни странно, раззадорило моё любопытство."
,,,,,,,,,,默认68,,,,我的嚎啕大哭变作了断断续续的抽噎，分了些心神去听背后的对话。,我的嚎啕大哭變作了斷斷續續的抽噎，分了些心神去聽背後的對話。,My wailing gradually turned into intermittent sobs as I strained to listen to the conversation behind me.,私の大泣きは徐々にすすり泣きに変わり、泣きながら背後の会話に耳を澄ませた。,"Я унял свой плач до тихих всхлипов и перевёл внимание к разговору, что шёл у меня за спиной."
,,长相水灵的女娃,失落,,,,,,,默认69,,琼华/04_琼华_01,,[鸢姐姐……真能找到我爹娘吗？],[鳶姐姐……真能找到我爹娘嗎？],"""Sister Kite... will you really find Father and Mother?""",「鳶姉……本当に父さんと母さんは見つかるの？」,"""Сестричка Юань... а вы правда сможете найти маму и папу?"""
,,长相水灵的女娃,影,,,,,,,,,,,,,,,
,,气度不凡的女人,微笑,,,,,,,默认70,,鸢/04_气度不凡的女人_05,,[放心，一定能。],[放心，一定能。],"""Don't worry—we definitely will.""",「心配しなくていい……必ず見つかるさ」,"""Конечно найдём, не бойся."""
,,气度不凡的女人,影,,,,,,,,,,,,,,,
,,长相水灵的女娃,害怕,,,,,,,默认71,,琼华/04_琼华_02,,[鸢姐姐……你不会走吧？],[鳶姐姐……你不會走吧？],"""Sister Kite... you won't leave me, will you?""",「鳶姉は……行かないよね？」,"""Сестричка Юань... а вы не бросите меня?"""
,,长相水灵的女娃,影,,,,,,,,,,,,,,,
,,气度不凡的女人,通常,,,,,,,默认72,,鸢/04_气度不凡的女人_06,,[不走，翠儿红儿有小张叔照看，我不用操心……放心吧，琼华，在安排好你之前，我不会离开盐池的。],[不走，翠兒紅兒有小張叔看顧，我不用操心……放心吧，瓊華，在安排好你之前，我不會離開鹽池的。],"""I won't. Uncle Zhang is watching over Cui'er and Hong'er, so I'm free... Rest assured, Qionghua, I won't leave Salt Pond until you're properly settled.""",「もちろん。翠児と紅児は張おじさんが見てくれてるから大丈夫だよ……安心しな、瓊華。どうなるか決まるまで、ちゃんとあたしが面倒を見てあげるから」,"""Не брошу. За Цуй'эр и Хун'эр сейчас присматривает Сяо Чжан, так что я свободна. Не бойся, Цюнхуа, я не уеду из Яньчи, пока не позабочусь о тебе.""  <i>(""эр"" - уменьшительно-ласкательный суффикс для детей)</i>"
,,气度不凡的女人,影,,,,,,,,,,,,,,,
,,长相水灵的女娃,,,,,,,,默认73,,琼华/04_琼华_03,,[嗯……],[嗯……],"""Hmm...""",「うん……」,"""Хорошо..."""
,,,,,,,,,,默认74,,,,那个叫琼华的女孩轻轻应了一声。,那個叫瓊華的女孩輕輕應了一聲。,The girl called Qionghua gave a soft reply.,瓊華と呼ばれた少女は軽く返事をした。,"Тихо ответила девочка, которую звали Цюнхуа."
,,,,,,,,,,默认75,,,,她的声音乖巧而轻灵，加上赵老头刚刚说的“水灵”，让我愈发好奇她的模样。,她的聲音乖巧而輕靈，加上趙老頭剛剛說的“水靈”，讓我越來越好奇她的模樣。,"Her voice was sweet and airy, and paired with Old Man Zhao's earlier comment about her being ""radiant"", it only deepened my curiosity about her looks.",「みずみずしい」,"Её сладкий и нежный голос, а так же слова старика Чжао о ""её милоте"" лишь подогрели к ней моё любопытство."
,,,,,,,,,,默认76,,,,于是，我抹了抹眼泪，转过头，装作不经意般地侧眼一瞥，看向刚来的那两人——,於是，我抹了抹眼淚，轉過頭，裝作不經意般地側眼一瞥，看向剛來的那兩人——,"So I wiped away my tears, turned my head, and pretended to glance casually at the two newcomers—",だから私は涙ぐんだ目をこすって振り返り、何気なさを装って先ほど来た二人を一瞥する――,"Я вытер слёзы, обернулся и украдкой бросил взгляд на этих двоих."
,,,,,,,,,,默认77,,,,那个气度不凡的女人，好像叫鸢。,那個氣度不凡的女人，好像叫鳶。,That remarkable woman seemed to be named Kite.,あの姉御肌の女性が、鳶のようだ。,"Ту женщину с выдающимся нравом, похоже, звали Юань."
,,,,,,,,,,默认78,,,,她二十多岁，穿着淡紫色长裙，比我娘还漂亮。,她二十多歲，穿著淡紫色長裙，比我娘還漂亮。,"She was in her twenties, dressed in a pale purple gown, even more beautiful than my Mother.",年の頃は二十そこそこだろうか。紫陽花色の裳を穿いた姿は、母よりも美しい。,"Ей было двадцать с чем-то лет, она была одета в светло-фиолетовое платье, и была даже красивее моей мамы."
,,,,,,,,,,默认79,,,,而在她的身边，乖乖地站着那个叫“琼华”的女孩。,而在她的身邊，乖乖地站著那個叫“瓊華”的女孩。,"And beside her stood the girl named ""Qionghua"", quiet and obedient.",「瓊華」,"Рядом с ней тихо и послушно стояла та девочка по имени ""Цюнхуа""."
,,,,,,,,,,默认80,,,,她跟我年纪相仿，长得清秀可人。,她跟我年紀相仿，長得清秀可人。,"She was about my age, with delicate, lovely features.",私と同じくらいの歳で、清楚な佇まいをしている。,"Она была примерно моего возраста, выглядела изящной и миловидной."
,CharacterOff,,,,,,0.5,,,,,,,,,,,
,,琼华,,,,,1,,,,,,,,,,,
,,,,,,,,,,默认81,,,,我看她时，她也正好转过头，圆溜溜的眼睛看向了我。,我看她時，她也正好轉過頭，圓溜溜的眼睛看向了我。,"As I looked at her, she turned her head as well, her round eyes meeting mine.",彼女を見ると、向こうもこちらを振り向き、まん丸な目で私のことを見た。,"Пока я смотрел на неё, она повернула голову, и её круглые глазки встретились с моими."
,,方知宥,,,,,,,,默认82,,,,[……],[……],"""...""",「……」,"""..."""
,,,,,,,,,,默认83,,,,被她这么一看，我倒不好意思再哭了。,被她這麼一看，我倒不好意思再哭了。,"Under her gaze, I suddenly felt too embarrassed to keep crying.",あんな目で見られては、恥ずかしくてもう泣くこともできない。,От её взгляда мне стало стыдно продолжать плакать.
,,,,,,,,,,默认84,,,,于是，我眼圈红红地、呆呆地望着她。,於是，我眼圈紅紅地、呆呆地望著她。,"So, with reddened eyes, I stared blankly at her.",目の周りを赤くしながら、私はぼんやりと彼女を眺めた。,Так что я просто уставился на неё с покрасневшими глазами.
,,方知宥,,,,,,,,默认85,,,,[……],[……],"""...""",「……」,"""..."""
,,,,,,,,,,默认86,,,,突然，我意识到嘴巴前还挂着一小串鼻涕，是刚刚哭的时候留下的。,突然，我意識到嘴巴前還掛著一小串鼻涕，是剛剛哭的時候留下的。,"Suddenly, I noticed a thin strand of snot yet clung to my mouth—leftover from earlier tears.",不意に、鼻水が伝ってきていることに気付いた。先ほど泣いていたときのものだ。,"Вдруг я заметил, что у меня перед ртом повисла сопля - оставшаяся от плача только что."
,Se,吸鼻涕,,,,,,,,,,,,,,,,
,,,,,,,,,,默认87,,,,——呲溜！,——呲溜！,—Sniff!,――ジュルッ！,*Шмыг!*
,,,,,,,,,,默认88,,,,我使劲一吸，将鼻涕猛地全吸到了鼻子里。,我使勁一吸，將鼻涕猛地全吸到了鼻子裡。,"I gave a sharp inhale, sucking the snot back up.",勢いよく啜ると、鼻水は鼻に収まった。,"Я шмыгнул носом, затянув соплю обратно."
,,,,,,,,,,默认89,,,,……,……,...,……,...
,,琼华,开心,,,,,,,默认90,,琼华/04_琼华_04,,[你几岁呀？],[你幾歲呀？],"""How old are you?""",「あなたはおいくつで？」,"""А тебе сколько лет?"""
,,方知宥,,,,,,,,默认91,,小方知宥/04_小方知宥_07,,[九岁，你呢？],[九歲，你呢？],"""Nine. And you?""",「九歳だけど、君は？」,"""Девять. А тебе?"""
,,琼华,通常,,,,,,,默认92,,琼华/04_琼华_05,,[也九岁，不过快满十岁了。],[也九歲，不過快滿十歲了。],"""Nine too, but I’ll be ten soon.""",「私もです。もうすぐ十歳ですが」,"""Тоже девять, но скоро будет десять."""
,,方知宥,,,,,,,,默认93,,小方知宥/04_小方知宥_08,,[哦，那我该比你小点，不能叫你琼妹妹，得叫你琼姐姐。],[哦，那我該比你小點，不能叫你瓊妹妹，得叫你瓊姐姐。],"""Oh, then I must be younger. I can’t call you ‘Little Qiong’—it’s ‘Sister Qiong’ now.""",「へぇ、じゃあ僕のほうが年下だね。呼び捨てじゃなくて、お姉ちゃんって呼ばなきゃ」,"""Ой, так ты старше меня. Так что я не смогу называть тебя Цюн'эр... буду называть тебя сестричка Цюн!"""
,,琼华,非常害羞,,,,,,,默认94,,琼华/04_琼华_06,,[唔……琼姐姐听着怪别扭的，你就叫我琼华吧……],[唔……瓊姐姐聽著怪彆扭的，你就叫我瓊華吧……],"""Ugh... Sister Qiong feels odd. Just call me Qionghua...""",「うーん……『瓊お姉ちゃん』も変ですし、瓊華でいいです……」,"""Хм-м-м, 'сестричка Цюн' звучит странно... Зови меня просто Цюнхуа."""
,,方知宥,,,,,,,,默认95,,小方知宥/04_小方知宥_09,,[好，那就叫琼华！哈哈！],[好，那就叫瓊華！哈哈！],"""Good, then I'll call you Qionghua! Haha!""",「わかった。じゃあ瓊華ね！」,"""Хорошо, тогда буду звать тебя так! Хи-хи-хи!"""
,AutoSave,,,,,,,,,,,,,,,,,
,Sprite,黑,,特效前,,,0.5,,,,,,,,,,,
,Tween,黑,ColorTo,alpha=0 time=0,,,,,,,,,,,,,,
,Tween,黑,ColorTo,alpha=0.4 time=0,,,,,NoWait,,,,,,,,,
,Wait,,,,,,0,,,,,,,,,,,
,,,,,,,,,,默认96,,,,我咧嘴笑了笑，看着她说道。,我咧嘴笑了笑，看著她說道。,I grinned and spoke to her.,私はへらへらと笑いながら彼女にそう言った。,"Улыбнувшись, сказал я."
,,,,,,,,,,默认97,,,,因为都是小娃子，我和琼华很快便说起了话。,因為都是小娃子，我和瓊華很快便說起了話。,"Since we were both children, Qionghua and I quickly started talking.",どちらも幼い子供である。瓊華とはすぐに話が合った。,"Мы оба были детьми, так что мы с Цюнхуа быстро нашли общий язык."
,,,,,,,,,,默认98,,,,起初，是我很自来熟地擦干了眼泪，摇晃着走了几步，一挪屁股便坐到了她的旁边。,起初，是我很自來熟地擦乾了眼淚，搖晃著走了幾步，一挪屁股便坐到了她的旁邊。,"At first, I wiped away my tears with an easy familiarity, staggered a few steps, and plopped down beside her.",初めに距離を縮めたのは私の方だ。目の涙を拭くと、いそいそと彼女の方へ行き、彼女の隣にちょこんと座った。,"Прежде всего, я привычным движением вытер слёзы, неловкой походкой подошёл к ней и уселся рядом."
,,,,,,,,,,默认99,,,,我问她是怎么到这里来的。,我問她是怎麼到這裡來的。,I asked her how she got here.,そして、ここに来た経緯を聞いてみた。,"Я спросил, как она сюда попала."
,,,,,,,,,,默认100,,,,她很老实地告诉我：她爹娘原来是大官，因为亲戚犯事而被牵连，贬到边境去了。,她很老實地告訴我：她爹娘原來是大官，因為親戚犯事而被牽連，貶到邊境去了。,"She told me honestly: Her Father and Mother had been high-ranking officials, but after a relative committed a crime, they were implicated and exiled to the borderlands.",彼女は素直に答えてくれた。曰く、両親は官吏だったが、親戚の罪のせいで連座で捕まり、辺境に飛ばされたのだという。,"Она всё рассказала: её родители были высокопоставленными чиновниками, но после преступления родственника они тоже попали под удар, и их сослали на границу."
,,,,,,,,,,默认101,,,,后来，她被扮成官兵的人牙子抱走，蒙上眼睛，塞住嘴，扔到一个马车里，一路运到了华州。,後來，她被扮成官兵的人牙子抱走，蒙上眼睛，塞住嘴，扔到一個馬車裡，一路運到了華州。,"Later, human traffickers disguised as soldiers took her, blindfolded and gagged her, then threw her into a carriage and transported her all the way to Huazhou.",その後、彼女は官兵に扮した人買いにさらわれた。そして目隠しと猿轡をされ、馬車に放り込まれて華州まで連れられてきたそうだ。,"Затем торговцы людьми, притворявшиеся солдатами, схватили её, вставили кляп, завязали глаза, бросили в повозку и отвезли до Хуачжоу."
,,,,,,,,,,默认102,,,,接着，她讲了一段听起来很传奇的经历。,接著，她講了一段聽起來很傳奇的經歷。,"Then, she recounted what sounded like a legendary tale.",瓊華は続けて、数奇な経緯を語った。,"То, что она рассказала затем, напоминало какую-то историю из легенд."
,,,,,,,,,,默认103,,,,她和另外三个小女娃一起，要从华州被送到洛阳，据说要被送到一个大户人家那里做养女，过吃喝不愁的生活。,她和另外三個小女娃一起，要從華州被送到洛陽，據說要被送到一個大戶人家那裡做養女，過吃喝不愁的生活。,"She and three other little girls were to be sent from Huazhou to Luoyang, supposedly to become adopted daughters of a wealthy family and live a life free from want.",ほかの三人の娘と一緒に華州から洛陽まで送られるはずだった。金持ちの養女になり、そこで食うに困らない生活をすることになっていた。,Её вместе с тремя другими девочками должны были отвести из Хуачжоу в Лоян - якобы чтобы стать приёмными дочерьми богатой семьи и жить припеваючи.
,,,,,,,,,,默认104,,,,押送她们的是两个被人牙子雇佣的镖师，一个叫兴爷，一个叫良爷。,押送她們的是兩個鏢師，一個叫興爺，一個叫良爺。,"They were escorted by two armed guards—one called Master Xing, the other Master Liang.",「興様」,"Их сопровождали два разбойника, одного звали господин Син, а другого - господин Лян."
,,,,,,,,,,默认105,,,,半道上，那个叫兴爷的镖师突然走了，而那个叫良爷的镖师告诉她们不该去洛阳，会给她们找更好的去处。,半道上，那個叫興爺的鏢師突然走了，而那個叫良爺的鏢師告訴她們不該去洛陽，會給她們找更好的去處。,"Midway, the guard called Master Xing suddenly left, and the one called Master Liang told them they shouldn’t go to Luoyang, promising to find them a better place.",「洛陽には行くべきではない。それよりも良い場所に連れて行く」,"На полпути один из разбойников, господин Син, внезапно покинул их, а господин Лян сказал девочкам, что в Лоян они не пойдут, и пообещал найти место получше."
,,,,,,,,,,默认106,,,,最后，良爷带她们去了解州的一家客栈，交给了这位鸢姐姐。,最後，良爺帶她們去了解州的一家客棧，交給了這位鳶姐姐。,"In the end, Master Liang took them to an inn in Jiezhou and entrusted them to Sister Kite.",そして、良氏は解州の宿屋に彼女たちを連れてきて、鳶に引き渡した。,"В итоге господин Лян привёл их в трактир в Хайчжоу, где оставил их на попечение сестрички Юань."
,,,,,,,,,,默认107,,,,鸢姐姐收了红儿翠儿给客栈帮忙，答应帮琼华联系爹娘。,鳶姐姐收了紅兒翠兒給客棧幫忙，答應幫瓊華聯繫爹娘。,"Sister Kite took in Hong'er and Cui'er to help at the inn, promising to help Qionghua contact her Father and Mother.",鳶は紅児と翠児を宿の手伝いにやり、瓊華の両親に連絡を取ることを約束したのだった。,"Сестричка Юань взяла Хун'эр и Цуй'эр на попечение, чтобы они помогали в трактире, а самой Цюнхуа пообещала написать её родителям."
,,,,,,,,,,默认108,,,,至于良爷和一个叫穗姐姐的女娃，他们后来似乎是去洛阳了。,至於良爺和一個叫穗姐姐的女娃，他們後來似乎是去洛陽了。,"As for Master Liang and a little girl called Sister Sui, they later seemed to have gone to Luoyang.",穂と名乗る娘と良氏は、後に洛陽に向かったそうだ。,"Затем господин Лян и одна из девочек, которую звали сестричка Суй, вроде как вместе отправились в Лоян."
,,,,,,,,,,默认109,,,,琼华絮絮叨叨讲着路上发生的事，一开始讲时坐姿端正，浑身紧绷，讲到后面开始晃着双腿，悠闲自然了许多。,瓊華絮絮叨叨講著路上發生的事，一開始講時坐姿端正，渾身緊繃，講到後面開始晃著雙腿，悠閒自然了許多。,"Qionghua chattered on about what happened during the journey. At first, she sat upright, her whole body tense, but as she continued, she began swinging her legs, appearing much more relaxed and natural.",瓊華は延々とその道中で起きたことを話し続けた。はじめはきっちりと座っていたものの、徐々に姿勢を崩し、話し終わる頃には両足をぶらぶらさせて、かなり悠々とした様子だった。,"Цюнхуа без умолку рассказывала обо всём, что случалось в дороге. Сначала она сидела ровно и напряжённо, но постепенно начала покачивать ногами и стала выглядеть спокойнее и естественнее."
,,,,,,,,,,默认110,,,,她提到了很多次的穗姐姐，也提到了很多次的良爷。,她提到了很多次的穗姐姐，也提到了很多次的良爺。,"She mentioned Sister Sui many times, as well as Master Liang.",「穂姉さん」,Она много раз упоминала сестричку Суй и господина Ляна.
,,,,,,,,,,默认111,,,,在她的描述里，穗姐姐是个很聪明的小女娃，有着远超年龄的智慧。,在她的描述裡，穗姐姐是個很聰明的小女娃，有著遠超年齡的智慧。,"In her description, Sister Sui was a very clever little girl, with wisdom far beyond her years.",瓊華の話では、穂は歳に似合わぬほど賢い娘だったらしい。,"Судя по её описанию, сестричка Суй была очень умной, по мудрости значительно превосходившей свой возраст."
,,,,,,,,,,默认112,,,,而那个叫良爷的，是一个沉默寡言，武功高强，如同大侠一般的人。,而那個叫良爺的，是一個沉默寡言，武功高強，如同大俠一般的人。,"That man called Master Liang was a taciturn figure with formidable martial arts skills, like a chivalrous hero of old.",そして良の方は寡黙で腕っぷしが強く、正義感に溢れる男だったそうだ。,"А тот мужчина, которого звали господин Лян, был молчалив, но очень хорошо дрался с мечом, словно герой из сказок."
,,,,,,,,,,默认113,,,,她很喜欢良爷和穗姐姐。,她很喜歡良爺和穗姐姐。,She was very fond of both Master Liang and Sister Sui.,「良様」,"Похоже, они ей очень понравились."
,SpriteOff,黑,,,,,0.5,,NoWait,,,,,,,,,
,Wait,,,,,,0.5,,,,,,,,,,,
,,,,,,,,,,默认114,,,,……,……,...,……,...
,,琼华,疑问,,,,,,,默认115,,琼华/04_琼华_07,,[对了，还没问……你叫什么名字呀？],[對了，還沒問……你叫什麼名字呀？],"""By the way, I haven't asked... what's your name?""",「そうだ、まだ聞いていませんでしたが……お名前は？」,"""Кстати, я так и не спросила, а как тебя зовут?"""
,,,,,,,,,,默认116,,,,聊了很久后，琼华忽然问起我的名字。,聊了很久後，瓊華忽然問起我的名字。,"After talking for a long while, Qionghua suddenly asked my name.",しばらく話した後、ふと瓊華がそう訊いた。,После долгого разговора Цюнхуа вдруг спросила меня.
,,方知宥,,,,,,,,默认117,,小方知宥/04_小方知宥_10,,[方知宥。],[方知宥。],"""Fang Zhiyou.""",「方知宥」,"""Фан Чжию."""
,,琼华,睡眼惺忪,,,,,,,默认118,,琼华/04_琼华_08,,[知宥？是哪两个字？],[知宥？是哪兩個字？],"""Zhiyou? Which characters are those?""",「知宥？どういう字ですか？」,"""Чжию? А как оно пишется?"""
,,方知宥,,,,,,,,默认119,,小方知宥/04_小方知宥_11,,[我写给你看。],[我寫給你看。],"""I'll write it for you.""",「書いてあげる」,"""Давай покажу."""
,,琼华,通常,,,,,,,,,,,,,,,
,,,,,,,,,,默认120,,,,我拿来一个茶壶，往桌上倒了点水，用手指蘸着水，把我的名字写给琼华看。,我拿來一個茶壺，往桌上倒了點水，用手指蘸著水，把我的名字寫給瓊華看。,"I took a teapot, poured some water onto the table, dipped my finger in it, and traced my name for Qionghua to see.",私は茶壺を手に取ると少し水を垂らし、指でなぞって名前を書いて、瓊華に見せてやることにした。,"Я взял чайник, вылил немного воды на стол, макнул палец и начертил имя, чтобы показать Цюнхуа."
,,,,,,,,,,默认121,,,,——哗啦——哗啦,——嘩啦——嘩啦,—Splash—splash—,――キュッ――キュッ,"*Плюх*, *плюх.*"
,,,,,,,,,,默认122,,,,指尖蘸水，在桌上留下一道道痕迹。,指尖蘸水，在桌上留下一道道痕跡。,"My fingertip dipped in water, leaving faint trails on the table.",指先が水に触れ、卓に跡が残る。,"Палец, смоченный водой, оставлял на столе едва заметные следы."
,,,,,,,,,,默认123,,,,前两个字我写得比较小，最后的“宥”字，因为笔画比较多，我只能写得比较大。,前兩個字我寫的比較小，最後的“宥”字，因為筆畫比較多，我只能寫得比較大。,"I wrote the first two characters quite small, but the final character, ""You"" had so many strokes, I had to write it larger.",「宥」,"Первые два иероглифа я начертил мелко, но последний иероглиф, <ruby=宥>""ю""</ruby>, из-за того, что в нём было много черт, получился заметно больше."
,,琼华,,,,,,1,,默认124,,琼华/04_琼华_09,,[唔……你的名字真少见，特别是这个“宥”，爹娘为何要给你这么取名呀？],[唔……你的名字筆畫真多，特別是這個“宥”，幾乎看不清了，爹娘為何要給你這麼取名呀？],"""Ugh... your name has so many strokes, especially this ""You"" character—it's barely legible. Why did your Father and Mother give you such a name?""",「へぇ……あまり見ない字ですね。とくに『宥』、どんな意味なのかわかりません。ご両親はどうしてそんな名前をつけたんですか？」,"""О, в твоём имени много чёрточек, особенно в этом иероглифе <ruby=宥>'ю'</ruby> - его даже так сразу и не прочитаешь. Почему родители дали тебе такое имя?"""
,,,,,,,,,,默认125,,,,琼华端详着我写的名字，好奇地问。,瓊華端詳著我寫的名字，好奇地問。,Qionghua studied the name I'd written and asked curiously.,瓊華がしげしげと私の書いた字を見ながら問う。,"Спросила с любопытством Цюнхуа, разглядывая написанное мной имя."
,,方知宥,,,,,,,,默认126,,小方知宥/04_小方知宥_12,,[爹说过，宥，意为宽也……他给我取这个名字，是想提醒我要多宽容待人……正所谓做人留一线，日后好相见……呜……],[爹說過，宥，意為寬也……他給我取這個名字，是想提醒我要多寬容待人……正所謂做人留一線，日後好相見……嗚……],"""Father said, ""You"" means to forgive... He gave me this name to remind me to be forgiving toward others... As the saying goes, leave room for reconciliation, as you'll meet again someday... sniff...""",「『宥』は『寛容』という意味だって、父さんが言ってた。人に寛容であってほしいんだって……『情けは人のためならず』だからって……うっ……」,"""Папа говорил, что <ruby=宥>'ю'</ruby> означает 'великодушие'... Он дал мне такое имя в назидание, чтобы я был великодушен к другим людям..."""
,,,,,,,,,,默认127,,,,没聊几句，我想起爹爹，眼圈便又红了，声音也有些哽咽。,沒聊幾句，我想起爹爹，眼圈便又紅了，聲音也有些哽咽。,"After just a few words, I thought of Father again. My eyes reddened, and my voice grew thick.",話しているうちに父を思い出し、目の周りが再び赤くなってきた。声も少し震える。,"Сказав это, я сразу вспомнил о папе. Мои глаза стали краснеть, а голос ломаться."
,,,,,,,,,,默认128,,,,刚听闻爹娘的死讯时，我还没觉得有这么难过。,剛聽聞爹娘的死訊時，我還沒覺得有這麼難過。,"When I first heard of Father and Mother's passing, I didn't feel this sorrowful.",両親の訃報を聞いた時はまだ、これほど辛くはなかった。,"Когда я впервые узнал о смерти родителей, мне не было так грустно."
,,,,,,,,,,默认129,,,,可此时此刻，我又念起爹爹告诉我的话，想到以后再也见不到他，便让我觉得鼻子一酸，眼泪快要掉下来了。,可此時此刻，我又念起爹爹告訴我的話，想到以後再也見不到他，便讓我覺得鼻子一酸，眼淚快要掉下來了。,"But now, recalling Father's words and knowing I'll never see him again—My nose stung and tears threatened to fall.",しかし父が言ったことを口にしていると、二度と現実を突きつけられて、胸が詰まり涙がこぼれそうになった。,"Но теперь, вспоминая слова папы и понимая, что я больше никогда его не увижу, мой нос стало щипать, а к глазам начали подступать слёзы."
,,琼华,惊讶,,,,,,,默认130,,琼华/04_琼华_10,,[咦？知宥！你怎么……],[咦？知宥！你怎麼……],"""Huh? Zhiyou! You're...""",「えっ……知宥！どうしたんですか……」,"""А? Чжию! Что с тобой?"""
,,琼华,疑问,,,,,,,,,,,,,,,
,,,,,,,,,,默认131,,,,琼华察觉到了我的情绪，愣住了。,瓊華察覺到了我的情緒，愣住了。,Qionghua noticed my distress and froze.,瓊華が私の異変を察し、呆気にとられた。,"Цюнхуа растерялась, заметив, что я расстроился."
,CharacterOff,,,,,,,1,,,,,,,,,,
,,方知宥,,,,,,,,默认132,,小方知宥/04_小方知宥_13,,[呜……我爹不在了……你还能见到你爹爹……我却怎么都见不到了……],[嗚……我爹不在了……你還能見到你爹爹……我卻怎麼都見不到了……],"""Sniff...my Father's gone...you still have yours...but I'll never see mine again...""",「グスッ……父さんは、もういないんだ……君はまだ会えるけど……僕は、二度と会えない……」,"""*Шмыг*... Моего папы уже нет... ты-то со своим ещё сможешь увидеться... а я никогда больше его не увижу..."""
,,,,,,,,,,默认133,,,,我抹着眼泪，很想让自己不哭，却忍不住哭了出来。,我抹著眼淚，很想讓自己不哭，卻忍不住哭了出來。,"I wiped my tears, fighting not to cry, but the sobs broke through anyway.",私は涙を拭った。どれだけ泣くまいとしても、涙が次から次へと溢れてくる。,"Я вытер слёзы, стараясь не плакать, но это было нелегко, и несколько слёз всё же прорвались."
,,方知宥,,,,,,,,默认134,,小方知宥/04_小方知宥_14,,[我不想见伯伯！我不想去扬州！他们逼着我，非得让我去扬州！我不想去！我要离开这里！我要逃！！！],[我不想見伯伯！我不想去揚州！他們逼著我，非得讓我去揚州！我不想去！我要離開這裡！我要逃！！！],"""I don’t want to see Uncle! I don’t want to go to Yangzhou! They’re forcing me to go! I don't want! I want to leave! I’ll run away!!!""",「伯父なんかに会いたくない！揚州には行きたくない！でもあいつらが、無理やり行かせようとするんだ！いやだ！ここから離れたくない！もう逃げたいよ！！」,"""Не хочу к дяде! Не хочу я в Янчжоу! Они заставляют меня, а я не хочу! Я просто хочу сбежать от них!"""
,,,,,,,,,,默认135,,,,我哭了出来，开始蹬着腿哭，闹得越来越大声。,我哭了出來，開始蹬著腿哭，鬧的越來越大聲。,"I burst into tears, kicking and wailing, the commotion growing louder.",私はついに泣き出した。その場で地団駄を踏み、わんわんと大声を上げる。,"Я снова расплакался, начал брыкаться ногами, мой плач был всё громче и громче."
,,,,,,,,,,默认136,,,,就在这时——,就在這時——,Just then—,その時――,Но вдруг...
,Se,陶瓷破碎,,,,,,,,默认137,,,,——哗啦！,——嘩啦！,—Crash!,――カシャン！,*Дзынь!*
,Shake,Graphics,,x=100 y=60 time=0.4,,,,,PageWait,,,,,,,,,
,,,,,,,,,,默认138,,,,茶杯被摔碎的声音响起。,茶杯被摔碎的聲音響起。,The sound of a teacup shattering echoed.,茶碗が割れた音が響いた。,По трактиру раздался звон разбитой чашки.
,,,,,,,,,,默认139,,,,柜台那边，那个戴斗笠的“男娃”猛地蹿了起来！,櫃臺那邊，那個戴斗笠的“男娃”猛地竄了起來！,"At the counter, the bamboo-hatted ""boy"" suddenly leapt up!",「少年」,Мальчик в бамбуковой шляпе внезапно вскочил из-за прилавка.
,,,,,,,,,,默认140,,,,他猛地咬了一口看管着他的黄衫老太婆！拔腿就跑！,他猛地咬了一口看管著他的黃衫老太婆！拔腿就跑！,He sank his teeth into the yellow-robed crone guarding him and bolted!,彼は守りをしていた黄衫の老女に噛みつくと、猛然と逃げ出した。,"Он укусил старуху в жёлтом балахоне, присматривавшую за ним, а затем рванул ко мне."
,,黄衫老太婆,,,,,,,,默认141,,黄衫老太婆/04_黄衫老太婆_01,,[啊啊啊！这死崽子，敢咬老娘！你们快拦住她！拦住她！],[啊啊啊！這死崽子，敢咬老娘！你們快攔住她！攔住她！],"""Aaaah! This damned brat bit me! Stop her! Catch her!""",「あああっ！このくそがき、あたしに噛みつくなんて！さっさと捕まえな！早く！」,"""А-а-а-а-а! Эта мразь укусила меня! Ловите скорей! Ловите!"""
,,,,,,,,,,默认142,,,,啊？,啊？,Ah?,え？,А?
,,,,,,,,,,默认143,,,,我一愣，便看着那个男娃子突然朝我冲了过来。,我一愣，便看著那個男娃子突然朝我衝了過來。,I froze as the boy suddenly rushed toward me.,唖然としていると、その少年は私の方に突っ込んできた。,"Я застыл в оцепенении, когда мальчик побежал ко мне."
,,,,,,,,,,默认144,,,,他跑到我身边，一把拉住了我的手。,他跑到我身邊，一把拉住了我的手。,He ran up and seized my hand.,そして私の傍まで来ると、手を引いた。,"Подбежав, он схватил мою руку."
,,,,,,,,,,默认145,,,,……,……,...,……,...
,Shake,Graphics,,x=30 y=40 time=0.4,,,,,PageWait,,,,,,,,,
,Bgm,与雁同行,,,,0.2,3,,,,,,,,,,,
,,,,,,,,,,默认146,,,,啪。,啪。,Snap.,パシッ。,*Хвать.*
,,,,,,,,,,默认147,,,,他的手紧紧抓住了我，手心相贴，十指相扣。,他的手緊緊抓住了我，手心相貼，十指相扣。,"His hand clasped mine tightly, palm to palm, fingers intertwined.",彼はきつく私の手を握りしめた。手のひら同士がくっつき、指が絡み合う。,"Он крепко держал меня за руку, а наши пальцы переплелись."
,,,,,,,,,,默认148,,,,他的手很柔软，温暖间带着一丝凉意。,他的手很柔軟，溫暖間帶著一絲涼意。,His hand was soft—warm yet faintly cool.,とても柔らかい手だ。温かさの中に、ほんのりとした冷たさが混じる。,"Его рука была мягкой и тёплой, но в то же время слегка прохладной."
,,,,,,,,,,默认149,,,,那奇怪凉意，显得他的身体有些奇怪，天生就要比其他人更冰凉。,那奇怪涼意，顯得他的身體有些奇怪，天生就要比其他人更冰涼。,"That peculiar chill made his body seem unusual, naturally colder than most.",その奇妙な冷たさは、この子の体が生まれつき他の者たちよりも冷たいように感じた。,"Из-за этой странной прохлады казалось, что его тело было другим, более холодным, нежели у других людей."
,,,,,,,,,,默认150,,,,同时——在他抓住我的瞬间，他的斗笠飞了起来，露出了他的脸。,同時——在他抓住我的瞬間，他的斗笠飛了起來，露出了他的臉。,"Simultaneously—as he grabbed me, his bamboo hat flew off, revealing his face.",そして――彼が私の手をとった瞬間、笠がふわりと舞い、顔が見えた。,"В тот момент, когда он схватил мою руку, его бамбуковая шляпа улетела прочь, открывая его лицо."
,FadeOut,black,,,,,1,,,,,,,,,,,
,Bg,逃,,,,,,,,,,,,,,,,
,Thread,*BG拉远10,,,,,,,,,,,,,,,,
,FadeIn,black,,punch,,,1,,,,,,,,,,,
,Sprite,黑,,特效前,,,0.5,,,,,,,,,,,
,Tween,黑,ColorTo,alpha=0 time=0,,,,,,,,,,,,,,
,Tween,黑,ColorTo,alpha=0.4 time=0,,,,,NoWait,,,,,,,,,
,Wait,,,,,,0,,,,,,,,,,,
,,,,,,,,,,默认151,,,,他。,他。,He.,彼。,Его...
,,,,,,,,,,默认152,,,,不对。,不對。,No.,いや。,Нет.
,,,,,,,,,,默认153,,,,是她。,是她。,She.,彼女だ。,Её.
,,,,,,,,,,默认154,,,,她不是男娃。,她不是男娃。,She wasn't a boy.,少年ではなく。,Тот мальчик...
,,,,,,,,,,默认155,,,,是女娃。,是女娃。,She was a little girl.,少女だった。,Оказался девочкой.
,SpriteOff,黑,,,,,0.5,,NoWait,,,,,,,,,
,Wait,,,,,,0.5,,,,,,,,,,,
,,,,,,,,,,默认156,,,,……,……,...,……,...
,,方知宥,,,,,,,,默认157,,,,[……],[……],"""...""",「……」,"""..."""
,,,,,,,,,,默认158,,,,这女娃有着完全不输琼华的相貌，一样清秀好看。,這女娃有著完全不輸瓊華的相貌，一樣清秀好看。,This little girl had beauty no less striking than Qionghua's—just as delicate and lovely.,その少女は、瓊華に負けず劣らず美形だった。,"Она была не менее красивой, чем Цюнхуа, такая же изящная и миловидная."
,,,,,,,,,,默认159,,,,但和琼华不同，她的眼神里完全没有女娃子的那种温婉，倒像是一个雷厉风行的男娃。,但和瓊華不同，她的眼神裡完全沒有女娃子的那種溫婉，倒像是一個雷厲風行的男娃。,"But unlike Qionghua, her eyes held none of a girl's gentleness; instead, they burned with the boldness of a boy.",しかし瓊華と違い、彼女の眼は少女のような穏やかさなどなく、さながら嵐のような激しさを秘めた少年のそれだった。,"Но в отличие от Цюнхуа, в её глазах не было девичьей мягкости - вместо этого они пылали мальчишеской решимостью."
,,女娃,,,,,,,,默认160,,小雁儿/04_小雁儿_01,,[喂！你不是想逃吗？],[喂！你不是想逃嗎？],"""Hey! Don’t you want to run?""",「ほら！逃げるんじゃないの？」,"""Эй, ты разве не хотел сбежать?!"""
,,,,,,,,,,默认161,,,,她大声在我耳边喊。,她大聲在我耳邊喊。,She yelled right into my ear.,彼女が私の耳元で大声を出す,Прокричала она мне в ухо.
,,方知宥,,,,,,,,默认162,,小方知宥/04_小方知宥_15,,[逃？],[逃？],"""Run?""",「逃げ……？」,"""Сбежать..?"""
,,,,,,,,,,默认163,,,,我一愣。,我一愣。,I froze.,呆気にとられた。,Я опешил.
,,女娃,,,,,,,,默认164,,小雁儿/04_小雁儿_02,,[对啊！],[對啊！],"""Yeah!""",「そうよ！逃げるんでしょ！」,"""Ну да!"""
,,方知宥,,,,,,,,默认165,,小方知宥/04_小方知宥_16,,[可是……我……],[可是……我……],"""But... I...""",「でも……」,"""Но... я..."""
,,女娃,,,,,,,,默认166,,小雁儿/04_小雁儿_03,,[快走！！！],[快走！！！],"""Go, NOW!!!""",「さっさと行くわよ！！」,"""Так побежали!"""
,,方知宥,,,,,,,,默认167,,小方知宥/04_小方知宥_17,,[等……等等！],[等……等等！],"""W-wait...!""",「ちょ……待ってよ！」,"""П-погоди..!"""
,,,,,,,,,,默认168,,,,……,……,...,……,...
,Sprite,黑,,特效前,,,0.5,,,,,,,,,,,
,Tween,黑,ColorTo,alpha=0 time=0,,,,,,,,,,,,,,
,Tween,黑,ColorTo,alpha=0.4 time=0,,,,,NoWait,,,,,,,,,
,Wait,,,,,,0,,,,,,,,,,,
,,,,,,,,,,默认169,,,,不等我说完，她便紧攥住我的手，拉着我冲过门槛，跑出客栈，一头扎进外面的世界。,不等我說完，她便緊攥住我的手，拉著我衝過門檻、跑出客棧、一頭扎進外面的世界。,"Before I could finish, she seized my hand and dragged me past the threshold, out of the inn, and straight into the unknown beyond.",私が言い終わらないうちに、彼女は私の手を握りしめたまま駆け出した。そのまま私の手を引いて宿屋から飛び出し、まっすぐ外へと走る。,"Прежде чем я успел договорить, она схватила мою руку и вытащила меня через порог трактира, одним рывком вытолкнув меня во внешний мир."
,,,,,,,,,,默认170,,,,她看着前方，坚定地看着前方的路，目光不曾偏移。,她看著前方，堅定地看著前方的路，目光不曾偏移。,"She gazed steadfastly ahead, her eyes fixed unwaveringly on the road before her.",彼女は前を見ている。脇目も振らず、ただひたすらに目の前の道だけを見ている。,"Она пристально смотрела вперёд, её глаза непоколебимо были устремлены на дорогу перед нами."
,,,,,,,,,,默认171,,,,我没有看路，而是呆呆地看着她。,我沒有看路，而是呆呆地看著她。,"I wasn't watching the path, but staring transfixed at her instead.",一方の私は道など見ず、呆けた顔で彼女を見る。,"Я же на дорогу не смотрел, я смотрел на неё."
,,,,,,,,,,默认172,,,,一边跑着，我一边看着向前冲去的侧背影。,一邊跑著，我一邊看著向前衝去的側背影。,"As I ran, I kept watching her silhouette charging forward ahead of me.",走りながら、まっすぐに前を見据える横顔を見つめていた。,На бегу я разглядывал её несущийся чуть впереди меня силуэт.
,SpriteOff,黑,,,,,0.5,,NoWait,,,,,,,,,
,Wait,,,,,,0.5,,,,,,,,,,,
,,,,,,,,,,默认173,,,,……,……,...,……,...
,,,,,,,,,,默认174,,,,无论过去多少年，我都记得她这时的模样。,無論過去多少年，我都記得她這時的模樣。,"No matter how many years pass, I'll always remember her exactly as she was in this moment.",あれからどれだけ経っても、あの時の彼女の姿ははっきりと覚えている。,"Сколько бы лет не прошло, я отчётливо помнил её в этот момент."
,,,,,,,,,,默认175,,,,她目光炯炯，眼神坚定。,她目光炯炯，眼神堅定。,Her eyes burned bright with unshakable resolve.,鋭い目つきで、確固たる意志が宿っていた。,Её глаза горели ярким огнём непоколебимой решимости.
,,,,,,,,,,默认176,,,,两侧的风呼呼在我们耳边吹过，她头发上的系带随风飞扬，像是鸿雁的羽翼。,兩側的風呼呼在我們耳邊吹過，她頭髮上的繫帶隨風飛揚，像是鴻雁的羽翼。,"The wind roared past our ears on both sides, the ribbons in her hair streaming like a wild goose's wings.",びゅうびゅうと風が私たちの両耳を通り抜け、彼女の髪を結っていた帯がふわりと舞う。その様相は、まるで雁の翼のようだった。,"С обеих сторон ветер свистел в наши уши, а бантик в её волосах развевался на бегу, словно крылья дикого лебедя."
,,,,,,,,,,默认177,,,,她头也不回，拉着我奋力向前，仿佛要带我逃至天涯海角。,她頭也不回，拉著我奮力向前，彷彿要帶我逃至天涯海角。,"Without a backward glance, she dragged me forward with desperate strength, as if determined to flee with me to the ends of the earth.",彼女は振り返ることなく、私の手を引いたまま前へ、ひたすら前へと走った。まるでこの世の果てまで連れて行かんとばかりに。,"Не оглядываясь, она изо всех сил тащила меня вперёд, словно собираясь сбежать со мной хоть на край света."
,StopBgm,,,,,,3,,,,,,,,,,,
,FadeOut,black,,,,,3,,,,,,,,,,,
,BgEventOff,逃,,,,,1,,,,,,,,,,,
,Jump,*记-第三回
