#SHEET_NAME,结局-通海
,Command,Arg1,Arg2,Arg3,Arg4,Arg5,Arg6,Arg7,WaitType,Text,PageCtrl,Voice,WindowType,SC,TC,English,Japanese,Russian
,*map_commonEnd_6,,,,,,,,,,,,,,,,
,UnlockPlotMap,map_commonEnd_6,,,,,,,,,,,,,,,
,SetChapterName,结局-通海,,,,,,
,Wait,,,,,,1,
,FadeOut,black,,,,,0,
,BgEvent,哭庙1,,,,,1,,,,,,,
,FadeIn,black,,,,,2,,,,,,,,,,,
,Bgm,曲终人散,,,,0.2,3,,,,,,,,,,,
,,,,,,,,,,默认1,,,,自五月五日起，扬州城的秩序便基本恢复了。,自五月五日起，揚州城的秩序便基本恢復了。,"Since the fifth day of the fifth month, order in Yangzhou had largely been restored.",五月五日を境に、揚州の町の秩序はおおよそ回復していった。,К пятому числу пятого месяца порядок в Янчжоу был по большей части восстановлен.
,,,,,,,,,,默认2,,,,那些曾经城中的恶兵与恶匪都已散去，只留下一具具尸首被抬到街上，百姓们或沉默、或哭泣地将它们堆叠起来，再而点燃。,那些曾經城中的惡兵與惡匪都已散去，只留下一具具屍首被抬到街上，百姓們或沉默、或哭泣地將它們堆疊起來，再而點燃。,"The marauding soldiers and bandits who once terrorized the city had all fled, leaving only corpses to be carried into the streets, where the townsfolk stacked them silently or tearfully before setting them alight.",町を荒らした悪兵や悪党たちは散っていき、残されたのは運び出された無数の死体だけだった。町民たちはみな黙したまま、あるいは泣き顔で彼らの死体を積み上げ、それに火をつけた。,"Наводившие на город ужас солдаты и бандиты ушли, осталось только множество трупов, которые вынесли на улицы. Жители молча или с плачем складывали их в груду, а затем поджигали."
,,,,,,,,,,默认3,,,,火光跃动间，那些躯壳的一部分化作了上升的青烟，另一部分则是化作了沉落的灰烬。,火光躍動間，那些軀殼的一部分化作了上升的青煙，另一部分則是化作了沉落的灰燼。,"In the flickering flames, some of those remains became rising smoke, while others turned to falling ash.",ふらりと炎が揺れ、骸の一部はもうもうと昇る煙となり、残りは積もる灰となった。,"В трепещущем пламени тела частью обращались в синий дым, вздымающийся вверх, частью же становились осыпающимся серым пеплом."
,,,,,,,,,,默认4,,,,待城中安定下来时，我与王生都回到了各自的屋宅。,待城中安定下來時，我與王生都回到了各自的屋宅。,"When calm finally returned to the city, both Scholar Wang and I retreated to our respective homes.",町の情勢が安定してくると、私と王書生はそれぞれ自分の家へと帰った。,"После того, как в городе стало спокойнее, мы с учёным Ваном вернулись каждый в свои дома."
,FadeOut,black,,,,,1,,,,,,,,,,,
,BgEvent,烬志1,,,,,0,,,,,,,,,,,
,FadeIn,black,,,,,1,,,,,,,,,,,
,Wait,,,,,,0.5,,,,,,,,,,,
,,,,,,,,,,默认5,,,,我回到方院后，查看了房中的一切，一时哭笑不得，也不知该感慨幸运还是不幸。,我回到方院後，查看了房中的一切，一時哭笑不得，也不知該感慨幸運還是不幸。,"After returning to Fang's Courtyard, I surveyed my room and found myself torn between laughter and tears, uncertain whether to count myself fortunate or unfortunate.",方院に戻り、中を見渡して思わず苦笑した。これを幸運と呼ぶべきなのか不幸と呼ぶべきなのか。,"Вернувшись во двор семьи Фан и увидев его состояние, я даже не знал, плакать мне или смеяться, считать себя удачливым или неудачливым."
,,,,,,,,,,默认6,,,,幸运的是，方院并未被整个烧毁，大体保持着原貌。,幸運的是，方院並未被整個燒毀，大體保持著原貌。,"Fortunately, Fang's Courtyard wasn't entirely burned down and mostly kept its original form.",幸運なことに、方院は焼け落ちておらず、ほぼ原形を保っていた。,"В чём мне повезло, так это в том, что двор семьи Фан вовсе не оказался сожжён дотла и в целом сохранил свой прежний вид."
,,,,,,,,,,默认7,,,,那个曾被我锁在屋内的妖兵早已不知所踪。,那個曾被我鎖在屋內的妖兵早已不知所蹤。,The demon soldier I'd locked in that room had long vanished without a trace.,傍屋に閉じ込めておいた妖兵は、いつの間にかいなくなっていた。,"Яогуай, которого я запер во флигеле, уже давно куда-то делся."
,,,,,,,,,,默认8,,,,也许是他脱身后急着去追我无暇他顾，也许是他脱身后急着去抢劫——他走得很匆忙，离开时并未一把火烧了方院。,也許是他脫身後急著去追我無暇他顧、也許是他脫身後急著去搶劫——他走得很匆忙，離開時並未一把火燒了方院。,"maybe after escaping he was too busy chasing me to care—or maybe he ran off to loot—either way, he left in such a hurry that Fang's Courtyard escaped the torch.",脱出してから私を追うことで頭がいっぱいだったのか、それとも強盗に勤しんでいたのか――とにかく慌てて出て行ったようで、火を放っていくことはなかった。,"Возможно, после того, как он смог освободиться, все его мысли занимало то, как бы меня догнать, либо же он стремился награбить побольше - в любом случае, он быстро ушёл отсюда и не стал заморачиваться над тем, чтобы предать двор огню."
,,,,,,,,,,默认9,,,,不幸的是，我曾珍藏的那些书籍，要么被撕毁了，要么便散失无踪，徒留被翻开的柜子，以及散落一地的碎纸屑。,不幸的是，我曾珍藏的那些書籍，要嘛被撕毀了，要嘛便散失無蹤，徒留被翻開的櫃子，以及散落一地的碎紙屑。,"Sadly, my treasured books were either torn apart or lost completely, leaving only gaping cabinets and paper fragments littering the floor.",そして不幸なことに、私が大切に収蔵していた本は破り捨てられたり行方知れずとなったりである。残っていたのは開け放たれた箪笥と、ばらばらになった紙屑だ。,"В чём мне не повезло - те бережно хранимые мной книги либо были уничтожены, либо просто пропали бесследно. Остались только развороченные шкафы и разбросанные по полу обрывки бумаги."
,FadeOut,black,,,,,1,,,,,,,,,,,
,BgEvent,哭庙2,,,,,0,,,,,,,,,,,
,FadeIn,black,,,,,1,,,,,,,,,,,
,Wait,,,,,,0.5,,,,,,,,,,,
,,,,,,,,,,默认10,,,,我猜，那些被撕的书，是他被我困在房屋时做得，大概是为了发泄他的情绪。,我猜，那些被撕的書，是他被我困在房屋時做得，大概是為了發洩他的情緒。,I suppose those torn books were his doing when I had him trapped in the room—likely a way to vent his emotions.,おそらく破られた本は、私が閉じ込めた際にあいつがやったのだろう。鬱憤を晴らすために。,"Скорее всего, те разорванные книги - это было его рук дело: так он вымещал свою злобу после того, как я его запер внутри."
,,,,,,,,,,默认11,,,,这么想来，王生倒是比我更幸运。,這麼想來，王生倒是比我更幸運。,"Thinking about it this way, Scholar Wang was actually luckier than I was.",そういう意味では、王は私よりも幸運だった。,"Если так подумать, то учёному Вану повезло больше, чем мне."
,,,,,,,,,,默认12,,,,他的屋中竟还留着不少旧书，甚至能从犄角旮旯中翻出完好的笔墨。,他的屋中竟還留著不少舊書，甚至能從犄角旮旯中翻出完好的筆墨。,"His house still held quite a few old books, and you could even find intact brushes and ink tucked away in the corners.",彼の家には古本がまだ多く残されており、部屋の隅などから無事な筆や墨も見つかった。,"В его доме всё-таки сохранилось немало старых книг, а в укромных уголках можно было даже найти неповреждённые кисти и чернила."
,FadeOut,black,,,,,1,,,,,,,,,,,
,BgEvent,烬志2,,,,,0,,,,,,,,,,,
,FadeIn,black,,,,,1,,,,,,,,,,,
,Wait,,,,,,0.5,,,,,,,,,,,
,,,,,,,,,,默认13,,,,他一边苦笑，一边调侃抄他家的恶兵都是不识货的粗人。,他一邊苦笑，一邊調侃抄他家的惡兵都是不識貨的粗人。,"With a bitter smile, he joked that the brutish soldiers who ransacked his home were uncultured fools who couldn’t recognize quality.",彼は苦笑しつつ、彼の家を家捜しした悪兵どもは見る目のない野蛮人だと冗談を言った。,"С усмешкой он отметил, что грабившие его дом солдаты, видимо, были полными невеждами и не знали толк в ценностях."
,,,,,,,,,,默认14,,,,随后，他用那些遗留的笔墨开始写书——正是那本《扬州十日记》。,隨後，他用那些遺留的筆墨開始寫書——正是那本《揚州十日記》。,"Later, he began writing a book with the remaining brushes and ink—precisely that ""Ten Days of Yangzhou"".",その後、彼は残った筆と墨で本を書き始めた――『揚州十日記』だ。,"После этого он, используя сохранившиеся кисть и тушь, приступил к написанию книги - той самой, под названием ""Десять дней в Янчжоу"". <i>(Прообраз учёного Вана - реальный автор по имени Ван Сючу, ""Десять дней в Янчжоу"" - единственное известное его произведение)</i>"
,,,,,,,,,,默认15,,,,《扬州十日记》毕竟只记载了王生所见的十日见闻，篇幅长不到哪去。,《揚州十日記》畢竟只記載了王生所見的十日見聞，篇幅長不到哪去。,"After all, ""Ten Days of Yangzhou"" only recorded Scholar Wang’s ten-day observations, so it wasn’t particularly long.",『揚州十日記』は王の目から見た十日間の見聞が書かれているだけで、そう長い話ではない。,"Поскольку книга ""Десять дней в Янчжоу"" описывала только то, что учёный Ван видел и слышал сам за эти десять дней, она не вышла особенно длинной."
,,,,,,,,,,默认16,,,,王生大概写了十日便完稿了，整本书一共有数千字。,王生大概寫了十日便完稿了，整本書一共有數千字。,"Scholar Wang took about ten days to complete the manuscript, which totaled several thousand characters.",およそ十日ほどで彼は書き終わってしまった。本全体でも数千字程度だ。,"Где-то за десять дней он завершил рукопись, в общем вышло на несколько тысяч иероглифов."
,,,,,,,,,,默认17,,,,他写完后，携带完稿的书和笔墨纸砚，专门赶到我的方院请我帮他润色。,他寫完後，攜帶完稿的書和筆墨紙硯，專門趕到我的方院請我幫他潤色。,"After finishing, he brought the completed book along with his writing tools and made a special trip to my Fang's Courtyard, asking me to polish it for him.",書き終わった後、彼は文房具を持って、脚色をしてほしいとわざわざ方院まで頼みに来た。,"Закончив, он принёс готовую рукопись вместе с письменными принадлежностями ко мне, чтобы попросить меня о помощи в редактуре."
,,,,,,,,,,默认18,,,,我细细读过，替他改了许多处细节，又亲手誊抄了一份。,我細細讀過，替他改了許多處細節，又親手謄抄了一份。,"I read it carefully, revised many details for him, and even personally copied out a clean version.",私は細部までそれを読み込み、多くの細部を手直しし、また書き加えてやった。,"Внимательно прочитав, я подправил там немало деталей и лично переписал дубликат."
,FadeOut,black,,,,,1,,,,,,,,,,,
,BgEvent,哭庙3,,,,,0,,,,,,,,,,,
,FadeIn,black,,,,,1,,,,,,,,,,,
,Wait,,,,,,0.5,,,,,,,,,,,
,,,,,,,,,,默认19,,,,自此，我们二人各持一稿带在身边，算是各自守住了一段不容遗忘的历史。,自此，我們二人各持一稿帶在身邊，算是各自守住了一段不容遺忘的歷史。,"From then on, each of us kept a copy with us, as if safeguarding a piece of history that must not be forgotten.",それ以来、私たちは二人で一稿ずつ、忘れてはならない歴史の一部を保管することにした。,"После этого каждый из нас взял с собой по экземпляру - можно сказать, тем самым сохраняя часть истории, которую следовало помнить."
,,,,,,,,,,默认20,,,,……,……,...,……,...
,,,,,,,,,,默认21,,,,五月十六日，我向王生辞行，表明明日便会离开扬州。,五月十六日，我向王生辭行，表明明日便會離開揚州。,"On the sixteenth of the fifth month, I bid farewell to Scholar Wang, telling him I would leave Yangzhou the next day.",五月十六日、私は王書生に明日揚州を去ると言って別れを告げた。,"В шестнадцатый день пятого месяца я попрощался с учёным Ваном и сообщил ему, что завтра собираюсь покинуть Янчжоу."
,,,,,,,,,,默认22,,,,王生有些震惊，他说见我这些时日留在城中，还以为我已改了主意。,王生有些震驚，他說見我這些時日留在城中，還以為我已改了主意。,"Scholar Wang was somewhat shocked. He said that seeing me stay in the city all this time, he had assumed I'd changed my mind.",彼は少し驚いたようだ。私がこの数日ずっと町に留まっているのを見て、気が変わったのかと思っていたらしい。,"Тот был удивлён - он сказал, что, видя, как я оставался в городе все эти дни, решил было, что я передумал."
,,,,,,,,,,默认23,,,,我笑了笑，告诉他多留这些天，本就是为了帮他修书。,我笑了笑，告訴他多留這些天，本就是為了幫他修書。,I smiled and told him I'd only stayed these extra days to help him revise his book.,ここにいた数日は、彼の本の校正をするためであったことを笑いながら話した。,"Я с улыбкой сообщил ему, что задержался специально для того, чтобы помочь ему с книгой."
,,,,,,,,,,默认24,,,,如今《扬州十日记》已经写成，我也该动身离开了。,如今《揚州十日記》已經寫成，我也該動身離開了。,"Now that ""Ten Days of Yangzhou"" is complete, I should be on my way.",『揚州十日記』も完成した。そろそろ去るべき時だ。,"Теперь же, когда труд ""Десять дней в Янчжоу"" завершён, мне пришла пора отправляться в путь."
,,,,,,,,,,默认25,,,,……,……,...,……,...
,FadeOut,black,,,,,1,,,,,,,,,,,
,BgEvent,哭庙4,,,,,0,,,,,,,,,,,
,FadeIn,black,,,,,1,,,,,,,,,,,
,Wait,,,,,,0.5,,,,,,,,,,,
,,,,,,,,,,默认25,,,,……,……,,,...
,FadeOut,black,,,,,1,,,,,,,,,,,
,BgEvent,通海1,,,,,0,,,,,,,,,,,
,FadeIn,black,,,,,1,,,,,,,,,,,
,Wait,,,,,,0.5,,,,,,,,,,,
,,,,,,,,,,默认26,,,,接下来，我的目的地是南京。,接下來，我的目的地是南京。,"Next, I'm headed to Nanjing.",次の目的地は南京だった。,Путь мой лежит в Нанкин.
,,,,,,,,,,默认27,,,,南京也称金陵、南直隶、京师，曾是大明朝的两京之一。,南京也稱金陵、南直隸、京師，曾是大明朝的兩京之一。,"Nanjing, also called Jinling, Southern Zhili, or the Capital, was once one of the Ming Dynasty's two capitals.",南京は<ruby=きんりょう>金陵</ruby>、<ruby=なんちょくれい>南直隷</ruby>、<ruby=けいし>京師</ruby>とも呼ばれ、かつての大明王朝における二つの都のうちの一つだ。,"Нанкин, также именуемый Цзинлин, ""южный город прямого подчинения"" и ""столичный город"", некогда одна из двух столиц Великой Мин."
,,,,,,,,,,默认28,,,,当年科考时我曾到过那里，那座城的繁华景象令我印象深刻、至今难忘。,當年科考時我曾到過那裡，那座城的繁華景象令我印象深刻、至今難忘。,"I visited during the imperial examinations years ago, and the city's vibrant scenes left an indelible impression that lingers even now.",科挙を受けた時に行ったことがあるが、あの華やかな景色は、未だに頭から離れないほど印象に残っている。,В своё время я приезжал сюда сдавать экзамены - великолепие этого города оставило у меня глубокое и незабываемое впечатление.
,,,,,,,,,,默认29,,,,南京有许多古老的寺庙，有高大的楼阁，更有秦淮河畔的众多才子佳人。,南京有許多古老的寺廟，有高大的樓閣，更有秦淮河畔的眾多才子佳人。,"Nanjing boasts ancient temples, towering pavilions, and countless scholars and beauties along the Qinhuai River.",南京には多くの古い寺や、高くそびえる楼閣がある。そして<ruby=しんわいが>秦淮河</ruby>のほとりには多くの才子佳人が住んでいる。,"В Нанкине множество старинных храмов, высоких зданий, а по берегам реки Циньхуай здесь проживает множество талантливых юношей и писаных красавиц."
,,,,,,,,,,默认30,,,,大概正因为天下有南京，南京有秦淮河畔，广陵二十四桥从来不敢自称为冠绝天下的风月之地。,大概正因為天下有南京，南京有秦淮河畔，廣陵二十四橋從來不敢自稱為冠絕天下的風月之地。,"Perhaps precisely because Nanjing exists with its Qinhuai Riverside, Guangling's Twenty-Four Bridges never dared proclaim itself the world's supreme pleasure capital.",天下に南京あり、南京に秦淮河あり。ゆえに広陵二十四橋は決して天下一の色町を称することがなかったのだろう。,"Пожалуй, именно из-за того, что в Поднебесной есть Нанкин, а в Нанкине есть набережная реки Циньхуай, Двадцать четвёртый мост в Гуанлине так никогда и не мог претендовать на звание самого изысканного места удовольствий в Поднебесной."
,,,,,,,,,,默认31,,,,秦淮河畔流传着众多才子佳人的佳话，整个天下都知道那里的许多风流韵事。,秦淮河畔流傳著眾多才子佳人的佳話，整個天下都知道那裡的許多風流韻事。,The Qinhuai Riverside is famed for countless romantic tales of scholars and beauties—stories known throughout the land.,秦淮河は才子と佳人の美談に事欠かない。天下の誰もがその地の色恋話を知っているのだ。,"Берега реки Циньхуай полнятся захватывающими сюжетами о талантливых молодых людях и прекрасных женщинах; любовные истории, разворачивавшиеся там, во множестве известны по всей Поднебесной."
,,,,,,,,,,默认32,,,,柳如是、董小宛、李香君、顾横波，这些名妓的故事我早有耳闻。,柳如是、董小宛、李香君、顧橫波，這些名妓的故事我早有耳聞。,"I've long heard stories of famous courtesans like Liu Rushi, Dong Xiaowan, Li Xiangjun, and Gu Hengbo.",<ruby=りゅうじょし>柳如是</ruby>、<ruby=とうしょうえん>董小宛</ruby>、<ruby=りこうくん>李香君</ruby>、<ruby=こおうは>顧横波</ruby>……この名妓の逸話は私の耳にも入っている。,"Лю Жуши, Дун Сяовань, Ли Сянцзюнь, Гу Хэнбо - истории об этих прославленных куртизанках я слышал уже давно."
,,,,,,,,,,默认33,,,,当然，自雁儿姐离世之后，我已无心再去青楼，没有理由再逛那些风月场所了。,當然，自雁兒姐離世之後，我已無心再去青樓，沒有理由再逛那些風月場所了。,"After <ruby=Swan Goose>Sister Yan</ruby>'s death, I lost all interest in pleasure houses—no reason to visit those romantic quarters anymore.",雁姉が死んでからは青楼に行く気もなくなり、そのような色町をぶらつく理由もないが。,"Конечно, с тех пор, как сестричка Лебёдушка умерла, у меня больше не было настроения ходить в ""зелёные терема"", как и в принципе не было причины наведываться в весёлые кварталы."
,,,,,,,,,,默认34,,,,我选择去南京，只是想去看看这个据说比扬州还要繁华的地方，只是想在那里住一段时间。,我選擇去南京，只是想去看看這個據說比揚州還要繁華的地方，只是想在那裡住一段時間。,"I chose Nanjing simply to see this place said to surpass Yangzhou's prosperity, just to stay there awhile.",南京を選んだのは、揚州よりも華やかと言われるその場所を見物し、少し腰を据えてみたかったからだ。,"Я выбрал поехать в Нанкин просто для того, чтобы взглянуть на место, которое по слухам было ещё величественней Янчжоу, и просто пожить там некоторое время."
,,,,,,,,,,默认35,,,,更大的地方，才有更多的出路。,更大的地方，才有更多的出路。,Only in bigger places can one find more opportunities.,大きな街こそ、可能性も広がる。,Больше место - больше и возможностей.
,,,,,,,,,,默认36,,,,或许，我能在南京找到新的人生方向。,或許，我能在南京找到新的人生方向。,Perhaps I can find a new path in life in Nanjing.,もしかしたら、南京で新たな人生の方向性を見つけられるかもしれない。,"Кто знает - может, в Нанкине мне удастся найти себе новый жизненный путь."
,,,,,,,,,,默认37,,,,……,……,...,……,...
,FadeOut,black,,,,,1,,,,,,,,,,,
,,,,,,,,,,默认38,,,,去南京的路途并不太平，自扬州出城后，沿途多有逃兵盗匪，许多船家都不肯出航。,去南京的路途並不太平，自揚州出城後，沿途多有逃兵盜匪，許多船家都不肯出航。,"The journey to Nanjing was far from safe. After leaving Yangzhou, the roads were overrun with deserters and bandits, and most boatmen refused to sail.",南京への旅路は一筋縄ではいかなかった。揚州を出てからというもの、道中には逃走兵や盗賊がうろついていたし、何度も船の出航を拒まれた。,"Путь в Нанкин был отнюдь не спокойным, по дороге из Янчжоу был немалый риск наткнуться на дезертиров и разбойников, и многие лодочники отказывались туда плыть."
,,,,,,,,,,默认39,,,,我在码头徘徊数整日，终于找到一个愿意冒险绕过瓜洲去南京的老船夫。,我在碼頭徘徊數整日，終於找到一個願意冒險繞過瓜洲去南京的老船夫。,I lingered at the dock for days before finally finding an old boatman willing to risk the detour past Guazhou to Nanjing.,埠頭で徘徊すること数日、ようやく瓜州を迂回して南京に行く危険を冒してくれる老船頭を見つけることができた。,"Проторчав в порту несколько суток, я в конце концов смог отыскать старого лодочника, готового рискнуть отправиться до Нанкина через Гуачжоу."
,,,,,,,,,,默认40,,,,船行数日，抵达南京时，这里的景象与我想象中的大不相同。,船行數日，抵達南京時，這裡的景象與我想像中的大不相同。,"After days on the water, Nanjing looked nothing like I’d imagined when we arrived.",船に乗ること数日。南京に着くと、そこの景色は私の想像と大きく異なっていた。,"Проплыв несколько дней, мы прибыли в Нанкин - и вид здесь оказался совсем не таким, как я себе представлял."
,,,,,,,,,,默认41,,,,前些日子，琼华曾说东虏之后便要去攻打南京，我本以为会战况惨烈，但等我到时，这里却和我记忆中的模样别无二致——几乎与和平时期没有任何变化。,前些日子，瓊華曾說東虜之後便要去攻打南京，我本以為會戰況慘烈，但等我到時，這裡卻和我記憶中的模樣別無二致——幾乎與和平時期沒有任何變化。,"Days earlier, Qionghua had said the Eastern Barbarians would march on Nanjing next. I expected devastation, but when I arrived, the city stood unchanged—just as I remembered it in peacetime.",東虜はこの後南京に打って出るという話を数日前に瓊華がしていた。てっきり凄まじい戦況になっていると思っていたが、いざ着いてみると記憶の姿とほぼ同じだった――つまり、平和な時と変わっていなかったのだ。,"Цюнхуа несколько дней назад говорила, что ""восточные лу"" следующим собираются напасть на Нанкин, и я переживал, что здесь может царить разруха - но по прибытии я обнаружил, что облик города нисколько не отличается от того, когда я был здесь в прошлый раз."
,,,,,,,,,,默认42,,,,一番打听后，我才知道南京城根本没有如扬州那般被屠城——因为他们从未有过抵抗。,一番打聽後，我才知道南京城根本沒有如揚州那般被屠城——因為他們從未有過抵抗。,"After some inquiries, I learned Nanjing City was never massacred like Yangzhou—because they never resisted.",聞き込みをしてみてようやくわかったのだが、南京はそもそも揚州のような虐殺の憂き目に遭っていなかった――なぜなら、彼らは抵抗しなかったからだ。,"Порасспрашивав, я узнал, что в Нанкине не случилось и намёка на ту резню, что была в Янчжоу - так как они совсем не оказали никакого сопротивления."
,,,,,,,,,,默认43,,,,东虏兵临城下时，兵不血刃就进了城，很快便接管了这里。,東虜兵臨城下時，兵不血刃就進了城，很快便接管了這裡。,"When the Eastern Barbarian troops reached the city gates, they entered without bloodshed and swiftly took control.",東虜が城下にやってくると、血を流すことなくそのまま町に入り、すぐにこの地を掌握した。,"""Восточные лу"" подступили к городу, вошли в него без капли крови и очень быстро взяли его под свой контроль."
,,,,,,,,,,默认44,,,,弘光帝，与阁老马士英早在东虏来之前就逃之夭夭。,弘光帝，與閣老馬士英早在東虜來之前就逃之夭夭。,The Hongguang Emperor and Grand Secretary Ma Shiying had already fled long before the Eastern Barbarians arrived.,弘光帝は閣老の<ruby=ばしえい>馬士英</ruby>と共に、東虜が来る前にとっくに逃げ出していた。,Император Хунгуан и старейшина канцелярии Ма Шиин сбежали из города ещё задолго до прибытия захватчиков.
,FadeOut,black,,,,,1,,,,,,,,,,,
,BgEvent,通海2,,,,,0,,,,,,,,,,,
,FadeIn,black,,,,,1,,,,,,,,,,,
,Wait,,,,,,0.5,,,,,,,,,,,
,,,,,,,,,,默认45,,,,而那些口口声声要以死殉国的文武百官，早已在南京城的城门口跪成两列，争着要做东虏的奴才。,而那些口口聲聲要以死殉國的文武百官，早已在南京城的城門口跪成兩列，爭著要做東虜的奴才。,"As for those civil and military officials who had vowed to die for their country, they were already kneeling in two rows at Nanjing's gates, competing to become the Eastern Barbarians' slaves.",死をもって国に殉じると声高に叫んでいた文官武官たちは、南京の城門前で二列になって跪き、先を争って東虜の奴隷に成り下がった。,"А те гражданские и военные чиновники, разглагольствовавшие, что готовы умереть за страну, тут же в два ряда выстроились у ворот Нанкина на колени, соревнуясь за право стать рабами ""восточных лу""."
,,,,,,,,,,默认46,,,,东虏的战马在他们面前穿行而过，东虏俘虏的女人在他们面前穿行而过。,東虜的戰馬在他們面前穿行而過，東虜俘虜的女人在他們面前穿行而過。,Eastern Barbarian warhorses filed past them; women taken prisoner by the Eastern Barbarians filed past them.,東虜の戦馬が彼らの前を通り過ぎ、東虜に捕らわれた女たちも彼らの前を通り過ぎていく。,"Перед их лицом прошли боевые кони ""восточных лу"", прошла вереница женщин, взятых теми в плен."
,,,,,,,,,,默认47,,,,战马的铁蹄踏起泥泞，将泥点子溅射到那些大官的红袍之上，而他们只是低着头，屈辱着，默不作声。,戰馬的鐵蹄踏起泥濘，將泥點子濺射到那些大官的紅袍之上，而他們只是低著頭，屈辱著，默不作聲。,"The iron hooves of warhorses churned up mud, splattering flecks onto the red robes of those high officials, who merely hung their heads in silent humiliation.",馬の蹄が泥を踏み、官僚たちの紅袍にかかったが、彼らはただうつむき、黙り込んで屈辱に耐えていた。,"С лошадиных подков брызгала грязь, пачкая красные мантии этих высокопоставленных чиновников - а те лишь склоняли головы в унижении и молчали."
,,,,,,,,,,默认48,,,,……,……,...,……,...
,FadeOut,black,,,,,1,,,,,,,,,,,
,BgEvent,通海3,,,,,0,,,,,,,,,,,
,FadeIn,black,,,,,1,,,,,,,,,,,
,Wait,,,,,,0.5,,,,,,,,,,,
,,,,,,,,,,默认49,,,,最令人哭笑不得的，大概是我曾经十分仰慕的钱谦益老先生了。,最令人哭笑不得的，大概是我曾經十分仰慕的錢謙益老先生了。,"The most bitterly ironic case was perhaps old scholar Qian Qianyi, whom I once greatly admired.",最も反応に困ったのは、とても私が尊敬していた<ruby=せんけんえき>銭謙益</ruby>大先生のことだろう。,"Больше всего разочарования и смеха вызывал, пожалуй, пожилой господин Цянь Цяньи, которым я некогда очень восхищался."
,,,,,,,,,,默认50,,,,在扬州时，我常听闻他的大名。,在揚州時，我常聽聞他的大名。,"In Yangzhou, I often heard of his reputation.",揚州にいた時、彼の名はいつも聞いていた。,"Ещё будучи в Янчжоу, я часто слышал его громкое имя."
,,,,,,,,,,默认51,,,,有人说他是当世第一文人，有人说他最有忠君爱国的风骨，有人说他不顾成见明媒正娶柳如是，可谓心胸开阔！,有人說他是當世第一文人，有人說他最有忠君愛國的風骨，有人說他不顧成見明媒正娶柳如是，可謂心胸開闊！,"Some called him the greatest scholar of our time; others praised his unwavering loyalty to throne and country, while some admired his open-mindedness for defying convention to properly marry Liu Rushi.",ある者は彼をこの世で一番の文人だと言い、ある者は彼を最も忠君愛国の徒だと言い、またある者は世間の目など気にせず色町の女を娶った度量の広い男だと言った。,"Кто-то называл его величайшим литератором своего времени, кто-то говорил, что это самый преданный императору и любящий Родину человек, а кто-то отмечал, что он, невзирая на предрассудки, сочетался законным браком с прославленной куртизанкой Лю Жуши - что свидетельствует о его широких взглядах!"
,,,,,,,,,,默认52,,,5,他曾经的种种都让我钦佩，我也听说，南京城破之前，许多人都以为他会如史阁部那般以死殉国。,他曾經的種種都讓我欽佩，我也聽說，南京城破之前，許多人都以為他會如史閣部那般以死殉國。,"All his past deeds filled me with admiration, and I'd heard that before Nanjing City fell, many expected him to follow Minister Shi's example and die for his country.",そんな彼の数々の逸話が私を感服させたのだ。南京が落ちる前には、史閣部のように彼もまた国に殉じるだろうと多くの者が思っていたと聞いている。,"Многие его поступки в своё время вызывали у меня восхищение, и я слышал, что перед падением Нанкина многие полагали, что он, подобно министру Ши, пожертвует собой ради страны."
,BgEvent,通海4,,,,,1,,,,,,,
,,,,,,,,,,默认53,,,,然而，据说在城破之时，他跪在了所有官员的最前面，随后更是带头给“金翅大鹏王”领路。,然而，據說在城破之時，他跪在了所有官員的最前面，隨後更是帶頭給“金翅大鵬王”帶路。,"Yet, it's said that when the city fell, he knelt at the forefront of all officials, even leading the way for the ""Golden Eagle King"".",しかしいざ南京が陥落すると、彼は全ての官僚の先頭に跪き、さらには「金翼鵬王」の案内まで務めたという。,"Однако, по рассказам, когда город пал, он преклонил колени впереди всех прочих чиновников - а потом и вовсе стал главным проводником ""Великого Златокрылого Кондора"" по городу."
,FadeOut,black,,,,,1,,,,,,,,,,,
,BgEvent,通海5,,,,,0,,,,,,,,,,,
,FadeIn,black,,,,,1,,,,,,,,,,,
,Wait,,,,,,0.5,,,,,,,,,,,
,,,,,,,,,,默认54,,,,据说，他那名妓妻子柳如是曾劝他一起投河殉国，他以“水太凉”为由拒绝，气得柳如是当场自己跳了河。,據說，他那名妓妻子柳如是曾勸他一起投河殉國，他以“水太涼”為由拒絕，氣得柳如是當場自己跳了河。,"They say his courtesan wife, Liu Rushi, urged him to drown together for their country, but he refused, claiming ""the water's too cold""—prompting her to leap into the river in fury.",また、名妓にして彼の妻である柳如是は、一緒に川に身を投げて国に殉ずるよう彼に勧めたが、「水が冷たい」という理由で断り、怒った柳如是はその場で自ら川に飛び込んだという。,"По слухам, его жена, прославленная куртизанка Лю Жуши, в своё время предлагала ему вместе броситься в реку, чтобы умереть с честью - но тот отказался под предлогом, что ""вода слишком холодная"", и та настолько разозлилась, что тут же прыгнула в реку сама."
,,,,,,,,,,默认55,,,,……,……,...,……,...
,FadeOut,black,,,,,1,,,,,,,,,,,
,BgEvent,通海6,,,,,0,,,,,,,,,,,
,FadeIn,black,,,,,1,,,,,,,,,,,
,Wait,,,,,,0.5,,,,,,,,,,,
,,,,,,,,,,默认56,,,6,我到了南京城后，以秀才的身份，很快便找到了一份抄书的差事。,我到了南京城後，以秀才的身份，很快便找到了一份抄書的差事。,"After arriving in Nanjing City, I soon found work as a book copyist, thanks to my Scholar status.",南京に着くと、秀才の身分のおかげで、すぐに写本の仕事を見つけた。,"Прибыв в Нанкин, я, благодаря своей степени сюцая, довольно быстро устроился на службу переписчиком."
,,,,,,,,,,默认57,,,,说来可笑，我那雇主正是钱老先生，我成了他府上的一名临时家仆。,說來可笑，我那雇主正是錢老先生，我成了他府上的一名臨時家僕。,"Ironically, my employer turned out to be Old Master Qian, and I became a temporary servant in his household.",皮肉な話だが、雇い主がまさにその銭大先生で、私は彼の屋敷で臨時の使用人になった。,"Как бы забавно это ни звучало, моим нанимателем оказался сам пожилой господин Цянь - я стал временно прислуживать в его доме."
,,,,,,,,,,默认58,,,,钱老先生钱财颇多，府上有近千名家仆。,錢老先生錢財頗多，府上有近千名家僕。,"Old Master Qian was immensely wealthy, maintaining nearly a thousand servants in his estate.",銭先生はとても金持ちで、屋敷には千人近くの使用人がいた。,"Пожилой господин Цянь был весьма богат, и в его поместье служило почти тысяча человек."
,,,,,,,,,,默认59,,,,我想，这大概也是他在名损如塌房后，得以保全自身的原因之一。,我想，這大概也是他在名損如塌房後，得以保全自身的原因之一。,I suppose this was likely one reason he managed to preserve himself after his reputation crumbled like a collapsing house.,おそらくこれが、醜聞で名を傷つけた後も立場を失わなかった理由の一つだろう。,"Думаю, это было и одной из причин того, почему ему удалось сохранить своё положение даже после того, как его репутация посыпалась прахом."
,,,,,,,,,,默认60,,,,这份工作没做多久，便传来了东虏颁布的“剃发易服令”的消息。,這份工作沒做多久，便傳來了東虜頒布的“剃髮易服令”的消息。,"I hadn't held this job long when news arrived that the Eastern Barbarians had proclaimed the ""Order to Shave Hair and Change Attire"".",この仕事を始めてから程なくして、東虜が公布した「剃髪令」の知らせが届いた。,"Когда я немного проработал на этой должности, пришла весть о том, что ""восточные лу"" издали указ о ""бритье головы и смене одежды""."
,,,,,,,,,,默认61,,,,东虏下令所有汉人都要跟随他们的风俗习惯，必须剃发易服，不在十日内照规做事——便要没命。,東虜下令所有漢人都要跟隨他們的風俗習慣，必須剃髮易服，不在十日內照規做事——便要沒命。,"The Eastern Barbarians decreed that all Han people must adopt their customs—shaving their hair and changing attire, with death awaiting those who failed to comply within ten days.",東虜は全ての漢人に対し、彼らの髪を剃り服を改め、伝統や習慣を改めるよう命令を下したのだ。十日以内に言う通りにしなければ――命はない。,"Они велели всем ханьцам следовать их собственным обычаям, брить голову по-маньчжурски и одеваться в маньчжурский наряд, и на следование указу давалось десять дней - иначе казнь."
,,,,,,,,,,默认62,,,,为了保命，城中众人纷纷剃发，钱老先生消息灵通，动作也快。,為了保命，城中眾人紛紛剃髮，錢老先生消息靈通，動作也快。,"To save their lives, the townspeople rushed to shave their hair. Old Master Qian, ever well-informed and swift, was no exception.",命を守るため、町の者たちはこぞって頭を剃った。銭先生は耳が早く、行動も早かった。,"Чтобы спасти свою жизнь, жители города поспешно начали менять свою причёску. Ну а пожилой господин Цянь получил весть об указе одним из первых и действовал тоже быстро."
,,,,,,,,,,默认63,,,,他在剃发易服令颁布不久前便闭门不出，想来早早就为了保命提前遵守了规定。,他在剃髮易服令頒布不久前便閉門不出，想來早早就為了保命提前遵守了規定。,"He had withdrawn from public life even before the Order to Shave Hair and Change Attire was announced, presumably complying early to secure his survival.",彼は剃髪令が公布されるよりも少し前に屋敷に閉じこもった。おそらくは我が身可愛さで、早めにこの決まりを守っていたのだろう。,"Еще до того, как указ был официально обнародован, он перестал выходить из дома, и, судя по всему, заранее подчинился предписаниям, чтобы спасти свою жизнь."
,,,,,,,,,,默认64,,,,在钱府待得越久，我对这位昔日敬仰的老先生便越来越失望。,在錢府待得越久，我對這位昔日敬仰的老先生便越來越失望。,"The longer I stayed at the Qian residence, the more disappointed I grew with Old Master Qian, whom I had once deeply admired.",銭の屋敷にいればいるほど、私はかつて尊敬していた大先生に対して失望を抱いていった。,"Чем дольше я находился в поместье семьи Цянь, тем больше разочаровывался в этом пожилом господине, которого когда-то так уважал."
,,,,,,,,,,默认65,,,,不过，我倒是在他府上结识了一位与众不同的人——,不過，我倒是在他府上結識了一位與眾不同的人——,"Yet, I did meet someone extraordinary at his household—",しかし、私はこの屋敷で他の者とは一風変わった人物に出会った――,Однако в его доме мне посчастливилось свести знакомство с одной незаурядной личностью:
,FadeOut,black,,,,,1,,,,,,,,,,,
,BgEvent,通海7_1,,,,,0,,,,,,,,,,,
,FadeIn,black,,,,,1,,,,,,,,,,,
,Wait,,,,,,0.5,,,,,,,,,,,
,,,,,,,,,,默认66,,,7 1,那人是钱老先生的学生——郑森。,那人是錢老先生的學生——鄭森。,That person was Old Master Qian's student—Zheng Sen.,銭先生の教え子――<ruby=ていしん>鄭森</ruby>だ。,"Это был ученик пожилого господина, именем Чжэн Сэнь."
,,,,,,,,,,默认67,,,,郑森与我年纪相仿，却因极其显赫的家世，有着远超于我的见识与抱负。,鄭森與我年紀相仿，卻因極其顯赫的家世，有著遠超於我的見識與抱負。,"Zheng Sen was about my age, but his illustrious family background granted him far greater knowledge and ambitions than I possessed.",鄭森と私は歳が近かったが、とんでもない良家の出だったため、私よりも遥かに多くの知見や志を持っていた。,"Чжэн Сэнь был примерно одного со мной возраста, но благодаря своему чрезвычайно знатному происхождению обладал гораздо более обширными знаниями и амбициями, чем я."
,,,,,,,,,,默认68,,,,他起初沉默寡言，并不会与我多说话。,他起初沉默寡言，並不會與我多說話。,"Initially, he was reserved and rarely spoke to me.",初めのうちの彼は寡黙で、あまり私と話をしなかった。,Поначалу он был молчалив и не особо разговаривал со мной.
,,,,,,,,,,默认69,,,,而在几次交流后，我们的话题逐渐深入，我们渐渐相熟，成为朋友。他开始与我交流他的生平经历、与我谈及他内心深处的真实想法——,而在幾次交流後，我們的話題逐漸深入，我們漸漸相熟，成為朋友。他開始與我交流他的生平經歷、與我談及他內心深處的真實想法——,"After several conversations, our discussions deepened, and we gradually became friends. He began sharing his life experiences and revealing his innermost thoughts—",しかし何度か交流していくうちに、徐々に深く話すようになり、親しくなって友人同士になった。やがて彼は自分の人生について語り始め、心の底にある本音を打ち明けるようになっていった――,"Но после того, как мы перекинулись несколько раз словами, наши с ним разговоры становились всё более глубокими, мы постепенно сблизились и даже стали друзьями. Он начал делиться со мной историей своей жизни и рассказывать о своих сокровенных мыслях:"
,,,,,,,,,,默认70,,,4,郑森所在的家族是当世最有名的海商家族郑家，他的父亲是郑家家长郑芝龙。,鄭森所在的家族是當世最有名的海商家族鄭家，他的父親是鄭家家長鄭芝龍。,"Zheng Sen came from the Zheng family, the most prominent maritime merchant clan of that era, with his father Zheng Zhilong serving as the family patriarch.",鄭森の家族は世間で最も有名な海商のあの鄭家だ。彼の父はその鄭家の家長である<ruby=ていしりゅう>鄭芝龍</ruby>だ。,"Чжэн Сэнь был из самой именитой семьи морских торговцев, его отец был главой семьи, звали его Чжэн Чжилун."
,,,,,,,,,,默认71,,,,郑森对当今时局极为不满，他认为东虏的统治不会长久，大明朝仍有复国的希望。,鄭森對當今時局極為不滿，他認為東虜的統治不會長久，大明朝仍有復國的希望。,"Zheng Sen was profoundly discontent with the current political climate, convinced the Eastern Barbarians' rule wouldn't endure and that the Ming Dynasty still held hope for restoration.",鄭森は今の情勢にとても不満を感じており、東虜の統治は長く続かず、大明王朝の復国を夢見ている。,"Чжэн Сэнь был крайне недоволен существующим положением дел, также он считал, что власть ""восточных лу"" не продержится долго, и всё ещё есть надежда на то, что Великая Мин воспрянет вновь."
,,,,,,,,,,默认72,,,,我虽然对他说的“复国”一事心存疑虑，但仍表示愿意支持他。,我雖然對他說的“復國”一事心存疑慮，但仍表示願意支持他。,"Though skeptical about his ""restoration"" plans, I nevertheless voiced my support.",彼の言う「復国」について私は疑問を抱いているが、それでも彼の考えは支持した。,"Пусть я и был несколько скептичен по отношению к его словам о ""возрождении династии"", тем не менее, я всё равно выразил ему поддержку."
,,,,,,,,,,默认73,,,,于是，他便邀我同行，希望我能在他身边当个幕僚，随他夜逃南京，乘船入海，共图抗虏大业。,於是，他便邀我同行，希望我能在他身邊當個幕僚，隨他夜逃南京，乘船入海，共圖抗虜大業。,"He then invited me to accompany him as his advisor - to flee Nanjing under night's cover, board a ship, and jointly plan resistance against the invaders.",すると彼は、私を幕僚にし、南京から逃げ出し、共に海を渡って抗虜の偉業を成し遂げないかと持ち掛けてきた。,"И тогда он предложил мне отправиться вместе с ним, чтобы я служил при нём в качестве советника. Ночью мы бы сбежали из Нанкина, вышли бы на корабле в море и приступили бы к великому делу борьбы с ""восточными лу""."
,FadeOut,black,,,,,1,,,,,,,,,,,
,BgEvent,通海8,,,,,0,,,,,,,,,,,
,FadeIn,black,,,,,1,,,,,,,,,,,
,Wait,,,,,,0.5,,,,,,,,,,,
,,,,,,,,,,默认74,,,8,那一夜，我犹豫了。,那一夜，我猶豫了。,"That night, I wavered.",その晩、私は悩みに悩んだ。,Той ночью меня обуревали сомнения.
,,,,,,,,,,默认75,,,,从未见过大海的我，一时不敢随他前往海上，对未知的前路充满恐惧。,從未見過大海的我，一時不敢隨他前往海上，對未知的前路充滿恐懼。,"Never having seen the ocean, I feared the unknown journey too much to follow him to sea immediately.",海を見たことがない私は、彼と海を渡る勇気もなく、未知の前途に恐怖を感じていた。,"Никогда не видавший в своей жизни моря, я не чувствовал в себе решимости отправиться туда вместе с ним и страшился неизведанного доселе пути."
,,,,,,,,,,默认76,,,,我婉拒了他，说想再考虑一些时日。,我婉拒了他，說想再考慮一些時日。,"I politely declined, saying I needed more time to consider.",もう少し考える時間が欲しいと、私はやんわり断ることにした。,"Так что я мягко отклонил его предложение, попросив дать мне ещё времени на размышления."
,,,,,,,,,,默认77,,,,他没有等我。,他沒有等我。,He didn't wait for me.,しかし彼は待たなかった。,Но он не стал дожидаться меня.
,,,,,,,,,,默认78,,,,毕竟，我这等并不稀缺的秀才，自然不值得他耽误时间、三顾茅庐。,畢竟，我這等並不稀缺的秀才，自然不值得他耽誤時間、三顧茅廬。,"After all, an unremarkable scholar like me wasn't worth his time or repeated visits.",私のようなありふれた秀才など、彼がわざわざ時間を無駄にして三顧の礼を尽くす必要などないのだ。,"Ведь таких сюцаев, как я, хватало повсюду - и, естественно, я не стоил того, чтобы он тратил на меня лишнее время и пытался раз за разом звать меня на службу, как Лю Бэй Чжугэ Ляна."
,,,,,,,,,,默认79,,,,郑森很快便离开了南京，他前往了海上，组织起了抗虏的军队。,鄭森很快便離開了南京，他前往了海上，組織起了抗虜的軍隊。,"Zheng Sen soon left Nanjing for the seas, where he raised an army to resist the barbarians.",鄭森はすぐに南京を離れると、海に向かい、抗虜の軍勢を組織した。,"Очень скоро Чжэн Сэнь покинул Нанкин и отправился в море, приступив к формированию войска для сопротивления захватчикам."
,,,,,,,,,,默认80,,,,他打着“反清复明”的旗号，被隆武帝赐予国姓，世人开始称他为明朝的“国姓爷”。,他打著“反清復明”的旗號，被隆武帝賜予國姓，世人開始稱他為明朝的“國姓爺”。,"Flying the banner of ""Resist the Qing and restore the Ming"", he was granted the imperial surname by Emperor Longwu, and the world began calling him the Ming dynasty's ""Lord of the Imperial Surname"".",「反清復明」の標語を掲げると、<ruby=りゅうぶてい>隆武帝</ruby>から国姓を賜り、世間は彼を明王朝の「国姓爺」と呼び始めた。,"Под знаменем ""борьбы против Цин и за восстановление Мин"" он был тепло принят императором Лунъу, тот даровал ему свою императорскую фамилию - и люди стали называть его ""Господин с императорской фамилией"" при династии Мин."
,,,,,,,,,,默认81,,,,从此，他漂泊海上，组织军队不断进攻东虏的根据地，有时能酣畅大胜，有时却惨战惜败。,從此，他漂泊海上，組織軍隊不斷進攻東虜的根據地，有時能酣暢大勝，有時卻慘戰惜敗。,"From then on, he roamed the seas, leading his army in relentless attacks against the Eastern Barbarians' strongholds—sometimes achieving glorious victories, other times suffering bitter defeats.",それからというもの、彼は海で暮らし、軍を組織し東虜の居座っている土地に攻撃を続けた。痛快な大勝を上げることもあれば、惨敗することもあり、戦績はまちまちだった。,"С тех самых пор он плавал по морям, собранное им войско непрестанно нападало на опорные пункты ""восточных лу"". Временами он одерживал блестящие победы, временами терпел горькие поражения."
,FadeOut,black,,,,,1,,,,,,,,,,,
,BgEvent,通海7,,,,,0,,,,,,,,,,,
,FadeIn,black,,,,,1,,,,,,,,,,,
,Wait,,,,,,0.5,,,,,,,,,,,
,,,,,,,,,,默认82,,,7,从此，他不再叫郑森了。,從此，他不再叫鄭森了。,"From then on, he was no longer called Zheng Sen.",以降、彼を鄭森と呼ぶ者はいなくなった。,С тех самых пор его больше не звали Чжэн Сэнь.
,,,,,,,,,,默认83,,,,各地都开始流传他的战报，流传他的传说。,各地都開始流傳他的戰報，流傳他的傳說。,Tales of his battles and legends about him began to spread far and wide.,各地で彼の戦いが報じられ、彼の伝説が広まっていった。,Слава о его боевых подвигах и легенды о нём стали распространяться по всей стране.
,,,,,,,,,,默认84,,,,人们开始称为郑成功——或者说是朱成功，视他为民族的英雄。,人們開始稱為鄭成功——或者說是朱成功，視他為民族的英雄。,"People began calling him Zheng Chenggong—or Zhu Chenggong, considering him a national hero.",人々は彼のことを<ruby=ていせいこう>鄭成功</ruby>――あるいは<ruby=しゅせいこう>朱成功</ruby>と呼び、漢民族の英雄ともてはやした。,"Люди стали звать его Чжэн Чэнгун - либо же Чжу Чэнгун <i>(Чжу - императорская фамилия династии Мин)</i> - и почитать как народного героя. <i>(В западной историографии Чжэн Чэнгун известен как ""Коксинга"")</i>"
,,,,,,,,,,默认85,,,,……,……,...,……,...
,FadeOut,black,,,,,1,,,,,,,,,,,
,BgEvent,通海9,,,,,0,,,,,,,,,,,
,FadeIn,black,,,,,1,,,,,,,,,,,
,Wait,,,,,,0.5,,,,,,,,,,,
,,,,,,,,,,默认86,,,9,接下来的十几年间。,接下來的十幾年間。,"Over the next decade or so,",その後の十数年。,Шли следующие десять с лишним лет.
,,,,,,,,,,默认87,,,,天下大势渐趋平稳，我成了一名教书先生。,天下大勢漸趨平穩，我成了一名教書先生。,"As the world gradually stabilized, I became a schoolteacher.",世の情勢も徐々に落ち着き、私は教師となった。,"Ситуация в Поднебесной постепенно приходила в норму, а я стал работать учителем."
,,,,,,,,,,默认88,,,,这些年来，我辗转江南各地，南京、苏州、扬州，最终却选择在常州附近安顿下来。,這些年來，我輾轉江南各地，南京、蘇州、揚州、最終卻選擇在常州附近安頓下來。,"Over the years, I wandered through Jiangnan—Nanjing, Suzhou, Yangzhou—but eventually settled near Changzhou.",この数年、私は江南の各地を転々とし、南京、蘇州、揚州を渡り歩き、常州のあたりで腰を据えることになった。,"За эти годы я проехал по всем землям к югу от Янцзы, живя и в Нанкине, и в Сучжоу, и в Янчжоу - пока, наконец, не выбрал в качестве постоянного пристанища окрестности Чанчжоу."
,,,,,,,,,,默认89,,,,我没有娶妻生子，始终独自一人。,我沒有娶妻生子，始終獨自一人。,"I never married or had children, remaining alone all my life.",妻も子もなく、ずっと独りで。,"Я так и не завёл жены и детей, всё время оставался одиночкой."
,,,,,,,,,,默认90,,,,我没有再遇见早年结识的故人，甚至自郑森之后，连可以交心的朋友都没有再遇到了。,我沒有再遇見早年結識的故人，甚至自鄭森之後，連可以交心的朋友都沒有再遇到了。,"I never reunited with the old acquaintances from my youth, and after Zheng Sen, I didn’t even have any close friends left to confide in.",かつての知り合いに会うこともなかった。鄭森の件以来、心を通わす友人ができることもなかった。,"Мне так и не удалось больше встретиться со старыми друзьями - более того, после Чжэн Сэня мне так и не удалось завести ни одного друга, которому я мог бы доверять."
,,,,,,,,,,默认91,,,,这些年的夜深人静之时，我常常会想起许多往事，继而会因后悔的心绪而彻夜辗转反侧，难以入眠。,這些年的夜深人靜之時，我常常會想起許多往事，繼而會因後悔的心緒而徹夜輾轉反側，難以入眠。,"During these years' quiet nights, I've often found myself reminiscing about the past, then lying awake all night tormented by regret.",夜が更け人が寝静まる頃になると、しばしば昔のことを思い出し、後悔の念に駆られて寝返りを打つばかりで、なかなか寝付けなかった。,"Когда наступала глубокая ночь и вокруг воцарялась тишина, я часто вспоминал о прошлом, а затем, охваченный чувством сожаления, до утра ворочался в постели, не находя покоя."
,,,,,,,,,,默认92,,,,我后悔没有与雁儿姐、林翩翩、王生好好告别。,我後悔沒有與雁兒姐、林翩翩、王生好好告別。,"I regret not bidding proper farewells to <ruby=Swan Goose>Sister Yan</ruby>, Lin Pianpian, and Scholar Wang.",雁姉に、林翩翩に、王書生にちゃんと別れを告げなかったことを後悔している。,"Я сожалел о том, что мне так и не удалось как следует попрощаться с сестричкой Лебёдушкой, Линь Пяньпянь, учёным Ваном."
,,,,,,,,,,默认93,,,,我后悔没有打探良叔与琼华之后的去处，再无相见的机会。,我後悔沒有打探良叔與瓊華之後的去處，再無相見的機會。,I regret never learning where Uncle Liang and Qionghua went afterward - that lost chance to see them again.,良と瓊華の行く先を訊かず、再会する機会を失ったことを後悔している。,"Я сожалел о том, что так и не узнал, куда отправились дядюшка Лян и Цюнхуа, лишив себя возможности встретить их снова."
,,,,,,,,,,默认94,,,,我后悔当年没有鼓起勇气，随郑成功出逃南京，后悔错过了一件此生仅有一次机会、真正值得热血相搏的事。,我後悔當年沒有鼓起勇氣，隨鄭成功出逃南京，後悔錯過了一件此生僅有一次機會、真正值得熱血相搏的事。,I regret lacking the courage to escape Nanjing with Zheng Chenggong when I had the chance - that singular opportunity worth staking everything on.,あの時勇気を振り絞って鄭成功と共に南京に逃げ出さなかったことを後悔している。人生でたった一度きりの、血沸き肉躍るような価値のある機を逃したことを後悔している。,"Я сожалел о том, что в своё время не набрался достаточно смелости, чтобы отправиться вслед за Чжэн Чэнгуном, сожалел, что упустил единственный в жизни шанс поучаствовать в великом деле, за которое действительно стоило сражаться со всей страстью."
,,,,,,,,,,默认95,,,,……,……,...,……,...
,FadeOut,black,,,,,1,,,,,,,,,,,
,BgEvent,通海10,,,,,0,,,,,,,,,,,
,FadeIn,black,,,,,1,,,,,,,,,,,
,Wait,,,,,,0.5,,,,,,,,,,,
,,,,,,,,,,默认96,,,,顺治末年，我突然被人举报，之后因罪入狱。,順治末年，我突然被人檢舉，之後因罪入獄。,"In Shunzhi's final years, I was denounced and imprisoned for alleged crimes.",順治の末期、私は突如として誰かに告発され、罪を問われて投獄された。,"На закате эпохи Шуньчжи <i>(около 1661 года)</i> на меня вдруг донесли, и я угодил в тюрьму."
,,,,,,,,,,默认97,,,,说来也是好笑。,說來也是好笑。,It's rather laughable when you think about it.,ばかばかしい話だ。,"Если честно, это даже смешно."
,,,,,,,,,,默认98,,,,我完全是被冤枉了，被判决了一个罪名——通海。,我完全是被冤枉了，被判決了一個罪名——通海。,"I was completely wronged, convicted of collaborating with the coastal rebels.",完全な冤罪――海に出た罪の判決が下った。,"Обвинили меня совершенно несправедливо, и при этом преступлением, которое мне вменяли, было - ""пособничество пиратам""."
,,,,,,,,,,默认99,,,,有人检举我私通已十余年没见过的郑成功，我被莫名其妙地株连清算，吃了这个莫须有的官司。,有人檢舉我私通已十餘年沒見過的鄭成功，我被莫名其妙地株連清算，吃了這個莫須有的官司。,"Someone accused me of conspiring with Zheng Chenggong, whom I hadn't seen in over ten years. I was inexplicably implicated in this baseless prosecution.",十年余りも会っていない鄭成功と密通していると誰かが密告したのだ。わけがわからぬまま巻き添えを食らい、でっちあげの訴えを起こされたのだ。,"Кто-то донёс, что я якобы поддерживал тайные связи с Чжэн Чэнгуном, которого сам я не видел уже более десяти лет. Не понимая, в чём дело, я попал под раздачу и стал участником сфабрикованного дела."
,,,,,,,,,,默认100,,,,我在狱中被关了数月后，逃过了死刑，却被判流放宁古塔。,我在獄中被關了數月後，逃過了死刑，卻被判流放寧古塔。,"After months in prison, I escaped execution but was sentenced to exile in Ningguta.",獄中に押し込められてから数か月後、死刑こそ免れたが、<ruby=ねいことう>寧古塔</ruby>への流刑を言い渡された。,"Я просидел в тюрьме несколько месяцев. Казни мне удалось избежать, но меня приговорили к ссылке в местность под названием Нингута. <i>(Историческая область, занимавшая восточную часть провинции Хэйлунцзян и южную часть российского Дальнего Востока)</i>"
,,,,,,,,,,默认101,,,,呵……,呵……,Heh...,ふっ……,Хех...
,,,,,,,,,,默认102,,,,我就这么蹉跎了光阴，荒废了十几年，最终却要被冤枉，被流放到一个鸟不拉屎的苦寒之地。,我就這麼蹉跎了光陰，荒廢了十幾年，最終卻要被冤枉，被流放到一個鳥不拉屎的苦寒之地。,"Thus I wasted my years, squandering over a decade, only to end up wronged and exiled to this godforsaken frozen wasteland.",こうして私は十数年もの歳月を無駄にした挙句、冤罪によって鳥も糞を落とさぬような寒冷の地に放り出されることになった。,"Вот так я и растратил своё время, прожигая жизнь впустую более десяти лет, чтобы в итоге стать ложно обвинённым и сосланным в эту морозную всеми забытую глухомань."
,,,,,,,,,,默认103,,,,早知如此，我更后悔当初没有选择“通海”了。,早知如此，我更後悔當初沒有選擇“通海”了。,"Had I known this would happen, I'd regret even more not choosing to ""collaborate with the coastal rebels"" back then.",最初からこうなることがわかっていれば、私はなおのこと「海に出る」選択をしなかったことを後悔しただろう。,"Знал бы я об этом раньше - ещё сильнее бы пожалел, что в своё время на самом деле не стал ""пособником пиратов""."
,,,,,,,,,,默认104,,,,……,……,...,……,...
,,,,,,,,,,默认105,,,,我没有通海的罪，却早有通海的心。,我沒有通海的罪，卻早有通海的心。,"I am not guilty of collaborating with the coastal rebels, yet I have long harbored the heart for it.",海に出た罪はないが、海に出たいという思いは前からあった。,"Но, хоть я и не совершал этого преступления, мысли о том, чтобы отправиться с Чжэн Чэнгуном, меня посещали."
,,,,,,,,,,默认106,,,,这么一想，这罪也不算完全冤枉。,這麼一想，這罪也不算完全冤枉。,"Thinking this way, the accusation isn't entirely unjust.",そう考えると、この罪もまったくの冤罪というわけではない。,"Если так подумать, возможно, это обвинение и не является полностью несправедливым."
,,,,,,,,,,默认107,,,,……,……,...,……,...
,FadeOut,black,,,,,1,,,,,,,,,,,
,BgEvent,通海11,,,,,0,,,,,,,,,,,
,FadeIn,black,,,,,1,,,,,,,,,,,
,Wait,,,,,,0.5,,,,,,,,,,,
,,,,,,,,,,默认108,,,,前往宁古塔的路上，寒风刺骨，我侧头望向远方。,前往寧古塔的路上，寒風刺骨，我側頭望向遠方。,"On the road to Ningguta, the biting wind pierced my bones as I gazed into the distance.",寧古塔への道中、寒さが骨に染み入った。ふと顔を上げ、向こうを見る。,"По пути в Нингуту холодный ветер пробирал меня до костей. Повернув голову, я смотрел вдаль."
,,,,,,,,,,默认109,,,,透过那重重山峦，我仿佛看见了那波涛起伏的海洋，那千帆驶过的壮景。,透過那重重山巒，我彷彿看見了那波濤起伏的海洋，那千帆駛過的壯景。,"Through the layers of mountains, I glimpsed the undulating waves of the ocean, the magnificent sight of a thousand sails passing by.",重なる山越しに、私は波立つ海と、無数の帆が通っていく壮観な景色を見たような気がした。,Сквозь нескончаемые горные хребты я будто бы увидел бурлящее море и величественное зрелище плывущей через него флотилии.
,,,,,,,,,,默认110,,,,郑森……郑成功……或者说是国姓爷……,鄭森……鄭成功……或者說是國姓爺……,"Zheng Sen... Zheng Chenggong... or rather, the Lord of the Imperial Surname...",鄭森……鄭成功……あるいは国姓爺……,"Чжэн Сэнь... Чжэн Чэнгун... Или же ""Господин с императорской фамилией""..."
,,,,,,,,,,默认111,,,,有朝一日，你真的能打过来吗？,有朝一日，你真的能打過來嗎？,Will you truly fight your way here one day?,いつか君は勝利を収めることができるのだろうか？,Сможешь ли ты когда-нибудь с боем прорваться до этих мест?
,,,,,,,,,,默认112,,,,我笑了笑，却知道自己大概永远等不到答案了。,我笑了笑，卻知道自己大概永遠等不到答案了。,"I smiled, knowing I would likely never live to see the answer.",私はふっと笑い、永遠にそれを知ることができないことを悟った。,"Я улыбнулся, но понимал, что ответ на этот вопрос я вряд ли когда-нибудь узнаю."
,FadeOut,black,,,,,1,,,,,,,,,,,
,BgEvent,通海结局前,,,,,0,,,,,,,,,,,
,FadeIn,black,,,,,1,,,,,,,,,,,
,Wait,,,,,,0.5,,,,,,,,,,,
,Wait,,,,,,1,,,,,,,
,CharacterOff,,,,,,2,,,,,,,,,,,
,HideMessageWindow,,,,,,,,,,,,,,,,,
,CaptureImage,截图,SpriteCamera,背景截图,,,,,,,,,,,,,,
,Bg,通海结局,,,,,,,,,,,,,,,,
,RuleFadeOut,截图,CloudWindTop,,Linear,,2,,PageWait,,,,,,,,,
,Wait,,,,,,1,,,,,,,,,,,
,ShowMessageWindow,,,,,,,,,,,,,,,,,
,,,,,,,,,,默认113,,,,我这个懦弱着一直不敢赴死的凡庸之辈，如今只得在苍凉的风中，脚戴镣铐，身陷桎梏，一步步走向那个无望的结局……,我這個懦弱著一直不敢赴死的凡庸之輩，如今只得在蒼涼的風中，腳戴鐐銬，身陷桎梏，一步步走向那個無望的結局……,"A coward like me, too timid to even seek death, now trudges shackled and bound in the desolate wind, step by step toward that hopeless end...",この臆病で死に急げない凡庸な輩は、今や荒涼とした風が吹きすさぶ中、手足に枷を嵌められ、一歩ずつ希望のない終わりへと歩いている……,"Такой трусливой, вечно боявшейся смерти посредственности, как мне, ныне только и остаётся, что на промозглом ветру, с кандалами на руках и ногах, с телом в колодках, мало-помалу двигаться к своей безнадёжной развязке."
,,,,,,,,,,默认114,,,,我能活着走到宁古塔吗？,我能活著走到寧古塔嗎？,Can I survive the journey to Ningguta?,生きて寧古塔に辿り着けるのだろうか。,Смогу ли я добраться до Нингуты живым?
,,,,,,,,,,默认115,,,,到了那里又会怎样？,到了那裡又會怎樣？,What awaits me there?,辿り着いたとてどうするのだ。,И что там вообще будет со мной?
,,,,,,,,,,默认116,,,,我不知道。,我不知道。,I don't know.,わからない。,Я не знаю.
,,,,,,,,,,默认117,,,,也不想知道。,也不想知道。,Nor do I wish to know.,わかりたくもない。,И знать не хочу.
,,,,,,,,,,默认135,,,,【结局：通海】,【結局：通海】,——(Ending Six: Collaborate with the coastal rebels - The End),――（エンディング6：通海 完）,【Концовка: Пособник пиратов】
,Wait,,,,,,2
,FadeOut,black,,,,,1,,,,,,,,,,,
,ScreenText,1,White,2,1.5,2,72,,,结语3
,BgEvent,约稿1,,,,,,,,,,,,,,,,
,AddSteamAchiKey,Achieve_map_commonEnd_6
,If,!IsDead
,AddSteamAchiKey,Achieve_NoDead
,EndIf,
,UnlockPlotMap,map_other_1
,EndScenario
