#SHEET_NAME,结局-新朝
,Command,Arg1,Arg2,Arg3,Arg4,Arg5,Arg6,Arg7,WaitType,Text,PageCtrl,Voice,WindowType,SC,TC,English,Japanese,Russian
,*map_commonEnd_4,,,,,,,,,,,,,,,,
,UnlockPlotMap,map_commonEnd_4,,,,,,,,,,,,,,,
,SetChapterName,结局-新朝,,,,,,
,Wait,,,,,,1,
,FadeOut,black,,,,,0,
,Bg,王家大院街道夜,,,,,,,,,,,,,,,
,Bgm,曲终人散,,,,0.2,3,,,,,,,,,,,
,FadeOut,black,,,,,1,,,,,,,,,,,
,,,,,,,,,,默认1,,,,乙酉年五月初一，残夏未尽，扬州城的血腥味也未散尽。,乙酉年五月初一，殘夏未盡，揚州城的血腥味也未散盡。,"On the first day of the fifth month, Yiyou year, the waning summer heat persisted, and the stench of blood still hung over Yangzhou.",乙酉の年、五月一日。夏の終わりの暑さがいまだに尾を引き、揚州の血の臭いもまだ消えず残っている。,"В первый день пятого месяца года <ruby=1645>Синего Петуха</ruby> летняя жара всё ещё не спала, как не спадал ещё запах крови в городе Янчжоу."
,,,,,,,,,,默认2,,,,这一日，我跟随王家的部队离开了扬州城。,這一日，我跟隨王家的部隊離開了揚州城。,"That day, I departed Yangzhou with General Wang's troops.",この日、私は王家の隊と共に揚州を去った。,В этот день я вместе с войсками под командованием семьи Ван покинул город.
,,,,,,,,,,默认3,,,,从此，我成了王小将军帐下的一名幕僚，为他撰写文书、参赞军务，随军辗转征战。,從此，我成了王小將軍帳下的一名幕僚，為他撰寫文書、參贊軍務，隨軍輾轉征戰。,"Thereafter, I served as an aide to Little General Wang, drafting documents and advising on military strategy as we marched from battle to battle.",こうして私は王小将軍配下の幕僚となり、文書を書き、軍務に助言し、軍に付いて各地で戦いを繰り広げた。,"С тех пор я стал советником в ставке генерала Вана-младшего, составлял для него военные документы, участвовал в совещаниях по военным делам, следуя за войском от одного похода к другому."
,,,,,,,,,,默认4,,,,王将军一家虽是汉人、是东虏阵营之中算得上温和的派系……但我心底总是横着一根刺——不时便想到我和他都是在为“东虏”的异族皇帝效力。,王將軍一家雖是漢人、是東虜陣營之中算得上溫和的派系……但我心底總是橫著一根刺——不時便想到我和他都是在為“東虜”的異族皇帝效力。,"Though General Wang's family were Han and belonged to a relatively moderate faction among the Eastern Barbarians... a thorn always pricked my heart—I couldn't shake the thought that both he and I served the foreign emperor of those ""Eastern Barbarians"".",王将軍の一家は漢人であり、東虜の陣営でも比較的穏健派ではある……しかしいつも胸にちくりと刺さったような気分になる――時折、私も彼も「東虜」という異民族の皇帝に仕えていることを思い出すのだ。,"Пусть семья Ван и была из ханьцев и среди ""восточных лу"", можно сказать, была достаточно умеренной фракцией... Но в моём сердце всё ещё оставалась заноза - я не мог избавиться от мысли о том, что мы с ним оба служим иноземному ""варварскому"" императору."
,,,,,,,,,,默认5,,,,夜深人静时，我常常辗转难眠，一闭上眼，眼前总会浮现那些被我幻视成妖兵的东虏血屠扬州的画面。,夜深人靜時，我常常輾轉難眠，，一閉上眼，眼前總會浮現那些被我幻視成妖兵的東虜血屠揚州的畫面。,"In the stillness of night, I often lie awake, restless. The moment I close my eyes, visions flood my mind—the Eastern Barbarians' bloody massacre of Yangzhou, which I hallucinated as demon soldiers.",夜が更け皆が寝静まる頃も、私はよく寝返りを打って寝付けなかった。目をつぶると、幻覚で妖兵となった東虜が揚州を血の海にする場面が浮かんできてしまうのだ。,"В ночные часы я часто ворочался, не в силах уснуть - стоило мне закрыть глаза, как перед глазами вспыхивали сцены резни в Ячнжоу теми самыми ""восточными лу"", что виделись мне в образе яогуаев."
,BgEvent,新朝2,,,,,,,,,,,,
,FadeIn,black,,,,,1,,,,,,,,,,,
,,,,,,,,,,默认6,,,,他们劫杀男人，凌辱女人，他们用枪尖挑起老者，用马蹄践踏婴儿。,他們劫殺男人，凌辱女人，他們用槍尖挑起老者，用馬蹄踐踏嬰兒。,"They slaughtered men, violated women, impaled elders on spears, and crushed infants beneath horses' hooves.",男を殺し、女を犯し、老人を槍で突き上げ、馬で赤子を踏み潰す。,"Они грабили и убивали мужчин, бесчестили женщин, пронзали стариков копьями и топтали младенцев копытами лошадей."
,,,,,,,,,,默认7,,,,这些画面如烙印般深深刻在我的脑海中，化作了梦魇。,這些畫面如烙印般深深刻在我的腦海中，化作了夢魘。,"These scenes are branded into my mind, becoming nightmares.",あの光景が私の頭に烙印のように焼き付き、悪夢を見せる。,"Эти сцены были выжжены в моей памяти словно клеймо, став пищей для ночных кошмаров."
,,,,,,,,,,默认8,,,,那些人、那些声音夜夜拷问着我，怒吼着问我为何要为杀他们的人效力，这更令我难以心安。,那些人、那些聲音夜夜拷問著我，怒吼著問我為何要為殺他們的人效力，這更令我難以心安。,"Those people, those voices torment me night after night, roaring and demanding why I serve those who killed them—this weighs even heavier on my conscience.",彼らが、彼らの声が、夜な夜な私を責め立てる。なぜ自分たちを殺した連中に与するのかと怒鳴る。そのせいで心が休まることがなかった。,"Эти люди, эти голоса ночь за ночью яростно вопрошали меня, почему я служу тем самым людям, которые их убили, не давая покоя моему сердцу."
,,,,,,,,,,默认9,,,,不过，虽然一直被梦魇所扰，日子还是得继续过——我并未从王小将军这里辞官而去，而是继续做我的幕僚。,不過，雖然一直被夢魘所擾，日子還是得繼續過——我並未從王小將軍這裡辭官而去，而是繼續做我的幕僚。,"Yet, though haunted by nightmares, life must go on—I did not resign from Little General Wang’s service but continued as his advisor.",しかし悪夢に悩まされながらも日々は流れていく――王小将軍の下を離れることなく、引き続き幕僚の仕事を務めた。,"Тем не менее, пусть меня и обуревали эти кошмары, но нужно было как-то жить дальше - я не стал отказываться от службы генералу Вану-младшему и продолжал работать его советником."
,,,,,,,,,,默认10,,,,在得知了雁儿姐死亡的真相后，我失去了写作的动力，也不知道此生还能为何而活。,在得知了雁兒姐死亡的真相後，我失去了寫作的動力，也不知道此生還能為何而活。,"After learning the truth of <ruby=Swan Goose>Sister Yan</ruby>’s death, I lost all motivation to write and no longer knew what to live for.",雁姉の死の真相を知ってから、本を書く気力を失い、何のために生きているのかわからなくなってしまった。,"Узнав правду о смерти сестрички Лебёдушки, я утратил мотивацию писать и не знал, ради чего же мне теперь стоит жить."
,,,,,,,,,,默认11,,,,琼华姐和王小将军认可了我，给我指引了一条活下去的道路。,瓊華姐和王小將軍認可了我，給我指引了一條活下去的道路。,Sister Qionghua and Little General Wang acknowledged me and showed me a path forward.,瓊華と王将軍はそんな私を認め、生きる道を示してくれた。,"А сестричка Цюнхуа и генерал Ван-младший, приняв меня к себе, тем самым указали мне новый жизненный путь."
,,,,,,,,,,默认12,,,,我在认真考虑后选取了这条道路，自然也应当坚持。,我在認真考慮後選取了這條道路，自然也應當堅持。,"Having carefully considered this path, I naturally must persevere.",真剣に考えた末にこの道を進むと決めたのだ。それは貫かなければならない。,"Я выбрал этот путь после тщательных размышлений и, само собой, мне стоит продолжать следовать ему дальше."
,,,,,,,,,,默认13,,,,哪怕会遭一些人的唾弃、哪怕会让内心更为煎熬……我也不想放弃。,哪怕會遭一些人的唾棄、哪怕會讓內心更為煎熬……我也不想放棄。,"Even if it means being scorned by some, even if it brings more torment to my heart... I don't want to give up.",たとえ誰かに軽蔑されようと、自分の心が磨り減ろうと……諦めるつもりはない。,"Даже если это вызовет презрение некоторых, даже если это усугубит мои внутренние мучения... я не собираюсь от него отказываться."
,,,,,,,,,,默认14,,,,再说了，王家人确实不错。,再說了，王家人確實不錯。,"Besides, the Wang family is truly decent.",それに、王家の人たちはとてもよくしてくれている。,"К тому же, семья Ван - действительно неплохие люди."
,,,,,,,,,,默认15,,,,王老将军待人宽厚，算得上半个好人。,王老將軍待人寬厚，算得上半個好人。,Old General Wang treats people with kindness and could be considered half a good man.,王老将軍は寛大で、善人寄りだ。,"Генерал Ван-старший великодушен к людям, можно сказать, наполовину он добрый человек."
,,,,,,,,,,默认16,,,,王小将军虽为东虏皇帝效力，却并非暴虐之徒，从未伤害平民。,王小將軍雖為東虜皇帝效力，卻並非暴虐之徒，從未傷害平民。,"Though Little General Wang serves the Eastern Barbarians' emperor, he is no tyrant and has never harmed civilians.",王小将軍は東虜の皇帝に仕えてこそいるが、暴虐の徒などではなく、無辜の民を傷つけることは決してない。,"Генерал Ван-младший хоть и служит императору ""восточных лу"", но совсем не является каким-то деспотом и никогда не причинял вреда мирному населению."
,,,,,,,,,,默认17,,,,至于琼华姐，更是心地纯善，如同乱世中的一盏明灯。,至於瓊華姐，更是心底純善，如同亂世中的一盞明燈。,"As for Sister Qionghua, she is pure-hearted and kind—a beacon of light in these troubled times.",瓊華は心の底から純然な人だ。この乱世に灯る希望の光だ。,"Что же до сестрички Цюнхуа, то она и вовсе чиста и добра сердцем, её можно назвать лучом света в эту мрачную эпоху."
,,,,,,,,,,默认18,,,,留在王家，虽谈不上行侠仗义，却也不至于被判定为助纣为虐。,留在王家，雖談不上行俠仗義，卻也不至於被判定為助紂為虐。,"Staying with the Wang family may not count as heroic deeds, but it hardly qualifies as aiding tyranny either.",王家にいることが義侠とは言えないが、だからと言って悪の味方とも言えない。,"То, что я остаюсь с семьёй Ван, возможно, и не самый благородный поступок - но и содействием злодеям и тиранам это точно не назвать."
,,,,,,,,,,默认19,,,,我应当……应当能活得心安理得。,我應當……應當能活得心安理得。,I should... should be able to live with a clear conscience.,きっと……心安らかに生きていけるはずだ。,Я должен... я должен быть способен жить с чистой совестью.
,,,,,,,,,,默认20,,,,……,……,...,……,...
,FadeOut,black,,,,,1,,,,,,,,,,,
,BgEvent,新朝1,,,,,0,,,,,,,,,,,
,FadeIn,black,,,,,1,,,,,,,,,,,
,Wait,,,,,,0.5,,,,,,,,,,,
,,,,,,,,,,默认21,,,,岁月匆匆如白驹过隙，一眨眼便过去了七年。,歲月匆匆如白駒過隙，一眨眼便過去了七年。,Time flew like a white steed's shadow—seven years passed in the blink of an eye.,瞬く間に歳月が過ぎ、気付けば七年経っていた。,"Время летело вперёд, словно быстроногий скакун, - в мгновение ока миновало семь лет."
,,,,,,,,,,默认22,,,,这七年的幕僚生涯，我大多在军帐与公文间度过。,這七年的幕僚生涯，我大多在軍帳與公文間度過。,I spent most of those seven years as an aide between military tents and official documents.,この七年の幕僚生活は、そのほとんどを軍営と文書で過ごした。,Эти семь лет моей службы советником я проводил большую часть времени между военными шатрами и официальными документами.
,,,,,,,,,,默认23,,,,每日清晨，我都要整理前线军报，替王小将军起草文书。,每日清晨，我都要整理前線軍報，替王小將軍起草文書。,"Each morning, I organized frontline reports and drafted documents for Little General Wang.",毎朝前線の軍報を整理し、王小将軍のかわりに文書をしたためる。,Каждый день с раннего утра я сортировал отчёты с передовой и составлял для генерала Вана-младшего черновики писем.
,,,,,,,,,,默认24,,,,他对我颇为信任，也觉得我字写得好看，有时甚至会让我为他代笔一些家书。,他對我頗為信任，也覺得我字寫得好看，有時甚至也會讓我為他代筆一些家書。,"He trusted me greatly and admired my elegant handwriting, sometimes even having me write personal letters for him.",彼は私のことをかなり信用してくれていた。私の字の綺麗さを気に入ったこともあり、家族への手紙を代筆させることもあった。,"Он очень доверял мне, а также считал, что у меня красивый почерк. Иногда он даже поручал мне писать письма родственникам от его имени."
,,,,,,,,,,默认25,,,,每到一地驻防，我总要在油灯下熬至深夜，将战况写成辞藻工整的呈文。,每到一地駐防，我總要在油燈下熬至深夜，將戰況寫成辭藻工整的呈文。,"At every new garrison, I would work late into the night by oil lamp, composing meticulously worded battle reports.",各地に駐屯するたび、私は深夜まで灯りをつけて、きれいにまとめた戦況の報告書を書いた。,"Где бы мы ни останавливались гарнизоном, я часто работал до самой ночи при свете лампы, составляя тщательные и написанные красивым языком отчёты о боевой обстановке."
,,,,,,,,,,默认26,,,,王小将军虽不擅文墨，有时却也爱读书。,王小將軍雖不擅文墨，有時卻也愛讀書。,"Though Little General Wang lacked literary skill, he occasionally enjoyed reading.",王小将軍は書くのは得意ではなかったが、読むのは好きな方だった。,"Хоть генерал Ван-младший и не был хорош в работе кистью и тушью, читать на досуге он любил."
,,,,,,,,,,默认27,,,,他很喜欢读《三国演义》，时常与我讨论，每每讨论起《三国》中的人物时，他的眼中总会闪现出不同于平日的神采。,他很喜歡讀《三國演義》，時常與我討論，每每討論起《三國》中的人物時，他的眼中總會閃現出不同於平日的神采。,"He was very fond of reading ""Romance of the Three Kingdoms"" and often discussed it with me. Whenever the characters from ""Three Kingdoms"" were brought up, a distinctive spark, different from his usual demeanor, would always flash in his eyes.",彼は『三国志演義』を愛読し、しばしば私と議論を交わした。『三国志』の人物について話す時、彼の目が普段とは違うきらきらしたものになった。,"Особенно он любил ""Троецарствие"" и часто обсуждал его со мной. Всякий раз, когда мы говорили о персонажах романа, его глаза загорались необычным для него блеском."
,FadeOut,black,,,,,1,,,,,,,,,,,
,BgEvent,新朝5,,,,,0,,,,,,,,,,,
,FadeIn,black,,,,,1,,,,,,,,,,,
,Wait,,,,,,0.5,,,,,,,,,,,
,,,,,,,,,,默认28,,,,而琼华姐，她也时常与我见面，与我有许多接触。,而瓊華姐，她也時常與我見面，與我有許多接觸。,"As for Sister Qionghua, she also met with me frequently and we had many interactions.",瓊華ともよく会い、一緒に過ごすことが多かった。,"Что касается сестрички Цюнхуа, то она тоже часто навещала меня, и мы проводили много времени вместе."
,,,,,,,,,,默认29,,,,她常在黄昏时分来到我的帐中，为我带来新沏的茶水，或是几样精致的点心。,她常在黃昏時分來到我的帳中，為我帶來新沏的茶水，或是幾樣精緻的點心。,"She often visited my tent at dusk, bringing freshly brewed tea or delicate pastries.",彼女はいつも夕方ごろになると私の天幕に来て、淹れたての茶や上品な菓子などをくれた。,"Она часто приходила в мою палатку в сумерках, принося мне свежезаваренный чай или несколько пирожных изысканного вида."
,,,,,,,,,,默认30,,,,有时她见我伏案太久，便会轻声劝我歇息。,有時她見我伏案太久，便會輕聲勸我歇息。,"Sometimes, noticing I'd been hunched over my desk too long, she'd gently urge me to rest.",また私がずっと机に突っ伏していると、少し休むよう勧めてくれた。,"Временами, замечая, что я слишком долго сижу за столом, она мягко предлагала мне сделать перерыв."
,,,,,,,,,,默认31,,,,有时，她心情烦闷了，也会约我与她一同散步。,有時，她心情煩悶了，也會約我與她一同散步。,"Other times, when troubled, she'd ask me to join her for a walk.",逆に彼女が悩んでいる時は、一緒に散歩に出た。,"Временами, когда ей бывало тоскливо на душе, она приглашала меня прогуляться вместе."
,,,,,,,,,,默认32,,,,琼华姐与王小将军的共同点，大概是都爱读书，与王小将军爱聊《三国》不同的是，琼华姐更喜欢一些戏文小章，或是历史故事。,瓊華姐與王小將軍的共同點，大概是都愛讀書，與王小將軍愛聊《三國》不同的是，瓊華姐更喜歡一些戲文小章，或是歷史故事。,"Sister Qionghua and Little General Wang shared a love for reading. But while he enjoyed discussing ""Romance of the Three Kingdoms"", she preferred opera scripts, short stories, or historical tales.",瓊華と王小将軍の共通点は、どちらも本好きであることだろう。王小将軍が『三国志』を好むのと異なり、瓊華は戯曲や歴史物語を好んだ。,"Что сестричка Цюнхуа, что генерал Ван-младший оба любили читать. Однако в отличие от увлечения последнего ""Троецарствием"", сестричка Цюнхуа предпочитала короткие пьесы или исторические рассказы."
,,,,,,,,,,默认33,,,,行军中不便买书看，她便经常要我讲一些历史故事给她听，每每听时，她都神色专注，常会用温柔的语气和我讨论一些信息，令我也觉得讲得很愉快。,行軍中不便買書看，她便經常要我講一些歷史故事給她聽，每每聽時，她都神色專注，常會用溫柔地語氣和我討論一些資訊，令我也覺得講得很愉快。,"During the march, it was inconvenient to buy books, so she often asked me to tell her historical stories. Whenever she listened, she would be completely absorbed, discussing details with me in a gentle tone—making the storytelling quite enjoyable for me too.",行軍中はなかなか本を買えないため、彼女はいつも歴史の話を聞かせてほしいとせがんだ。私の話を集中して聞き、優しい口調であれやこれやと議論を交わす。私も話しているのが楽しかった。,"В военных походах покупать книги было несподручно, поэтому она часто просила меня рассказать ей что-нибудь из истории. Каждый раз она слушала с упоением, часто обсуждая мягким тоном со мной детали, что делало это занятие очень приятным и для меня."
,,,,,,,,,,默认34,,,,……,……,...,……,...
,FadeOut,black,,,,,1,,,,,,,,,,,
,BgEvent,新朝3,,,,,0,,,,,,,,,,,
,FadeIn,black,,,,,1,,,,,,,,,,,
,Wait,,,,,,0.5,,,,,,,,,,,
,,,,,,,,,,默认35,,,,这七年来，与王家朝夕相处，我也渐渐知晓了一些深藏的秘密。,這七年來，與王家朝夕相處，我也漸漸知曉了一些深藏的秘密。,"Over these seven years, living closely with the Wang family, I gradually uncovered some deeply hidden secrets.",この七年、いつも王家と共に過ごしていたため、次第に彼らに秘められた秘密に気付くこととなった。,"За эти семь лет, постоянно находясь при семье Ван, я постепенно начал узнавать некоторые скрытые тайны:"
,,,,,,,,,,默认36,,,,——原来，王小将军与琼华姐虽然名义上是夫妻，却从未有过夫妻之实。,——原來，王小將軍與瓊華姐雖然名義上是夫妻，卻從未有過夫妻之實。,"—As it turned out, Little General Wang and Sister Qionghua, though nominally married, had never actually been intimate as husband and wife.",――王小将軍と瓊華は、名目上は夫婦であるものの、実の夫婦関係は一度もなかったのだ。,"Оказывается, хоть генерал Ван-младший с сестричкой Цюнхуа формально являются мужем и женой, но никогда не вступали в брачные отношения."
,,,,,,,,,,默认37,,,,王小将军虽然作战勇猛，却在一些地方不似男子。,王小將軍雖然作戰勇猛，卻在一些地方不似男子。,"Though Little General Wang was brave in battle, in some ways he was not like other men.",王小将軍は勇猛果敢な男ではあるが、どこか男っぽくないところがあった。,"Пусть генерал был и отважным воином, но в некоторых моментах он не очень походил на мужчину."
,,,,,,,,,,默认38,,,,他生得一副女相，喜欢女子的饰品和衣物，对军中一些俊朗少年也格外关注。,他生得一副女相，喜歡女子的飾品和衣物，對軍中一些俊朗少年也格外關注。,"He had delicate feminine features, adored women's accessories and clothing, and paid particular attention to some handsome young men in the army.",女のような顔をし、女の飾り物や服を好み、軍にいる顔の良い少年を特に気にかける、そんな人だった。,"Будучи сам с лицом, подобным женскому, он любил женские украшения и одежды, а также проявлял повышенное внимание к красивым юношам из войска."
,,,,,,,,,,默认39,,,,……,……,...,……,...
,FadeOut,black,,,,,1,,,,,,,,,,,
,BgEvent,新朝4,,,,,0,,,,,,,,,,,
,FadeIn,black,,,,,1,,,,,,,,,,,
,Wait,,,,,,0.5,,,,,,,,,,,
,,,,,,,,,,默认40,,,,说来好笑，我刚跟随王小将军不久后，便察觉到他对我的态度并不寻常。,說來好笑，我剛跟隨王小將軍不久後，便察覺到他對我的態度並不尋常。,"It's rather amusing—not long after I began serving under Little General Wang, I noticed his attitude toward me was... unusual.",笑える話だが、王小将軍についてすぐ、彼の私に対する態度が普通ではないと気付いてはいた。,"Смешно сказать, но я и сам, когда ещё только начал служить под началом генерала Вана-младшего, заметил, что его отношение ко мне было довольно необычным."
,,,,,,,,,,默认41,,,,不过，时日久了，他知道我并非和他一样，志不在此……于是便放下了某个想法，与我保持了恰如其分的上下级关系。,不過，時日久了，他知道我並非和他一樣，志不在此……於是便放下了某個想法，與我保持了恰如其分的上下級關係。,"But with time, he realized I wasn't like him—my ambitions lay elsewhere... So he abandoned certain notions and maintained a proper superior-subordinate relationship with me.",しかし月日は流れ、私にその気が無いことを悟ると……彼はそういう考えを諦め、程よい上下関係を維持してくれた。,"Однако со временем он понял, что я не таков, как он, и не питаю к этому интереса... Тогда он оставил подобные идеи и поддерживал со мной вполне обычные отношения между начальником и подчинённым."
,,,,,,,,,,默认42,,,,至于琼华姐，她温柔、守礼、善良，是这乱世中的难得的至纯之人。,至於瓊華姐，她溫柔、守禮、善良，是這亂世中的難得的至純之人。,"As for Sister Qionghua, she was gentle, proper, and kind—a rare soul of pure goodness in these turbulent times.",一方の瓊華は、心優しく、礼儀正しく、善良で、この乱世では珍しいくらいの純粋な人だった。,"Что касается сестрички Цюнхуа, она была нежной, вежливой и доброй - редкая чистая душа в эти смутные времена."
,,,,,,,,,,默认43,,,,多年相处，我与她的感情也愈加深厚。,多年相處，我與她的感情也愈加深厚。,"Over the years, my bond with her grew ever deeper.",長年の付き合いで、彼女に対する感情もますます深まっていった。,С годами связь между нами становилась всё глубже.
,,,,,,,,,,默认44,,,,不过，每当我对她产生了半分逾越于友情的好感时，我的心底总会浮现那一抹在画舫上弹奏琵琶的身影，继而让我对男女之事再无半分心思。,不過，每當我對她產生了半分逾越於友情的好感時，我的心底總會浮現那一抹在畫舫上彈奏琵琶的身影，繼而讓我對男女之事再無半分心思。,"Yet whenever I felt the slightest romantic inclination beyond friendship toward her, the memory of that pipa player on the painted boat would surface in my heart, leaving no room for thoughts of romance.",しかし、彼女に友情を越えた好意を抱くたび、画舫で琵琶を弾く姿を思い描いてしまい、情事のことなど微塵も考えられなくなってしまうのだった。,"Однако всякий раз, когда я чувствовал к ней малейшую привязанность, выходящую за рамки дружбы, в глубине моего сердца возникала фигура, играющая на пипе на борту расписной лодки - после чего любые мысли об отношениях с женщинами, которые у меня могли быть, угасали."
,,,,,,,,,,默认45,,,,……,……,...,……,...
,FadeOut,black,,,,,1,,,,,,,,,,,
,BgEvent,新朝6,,,,,0,,,,,,,,,,,
,FadeIn,black,,,,,1,,,,,,,,,,,
,Wait,,,,,,0.5,,,,,,,,,,,
,,,,,,,,,,默认46,,,,说来可叹。,說來可嘆。,How lamentable it is.,なんとも嘆かわしい話だ。,Как бы прискорбно это ни звучало.
,,,,,,,,,,默认47,,,,这七年里，我竟然逐渐对“东虏之兵”褪去了最初的憎恶与恐惧，放下了成见。,這七年裡，我竟然逐漸對“東虜之兵”褪去了最初的憎惡於恐懼，放下了成見。,"During these seven years, I gradually lost my initial hatred and fear of the ""Eastern Barbarians"", letting go of my prejudices.",この七年で、「東虜の兵」に対する当初の憎しみや恐怖が薄れていき、偏見がなくなってしまったのだ。,"За эти семь лет ненависть и страх к ""восточным лу"", что была у меня в самом начале, постепенно угасли, и я оставил свои предубеждения о них."
,,,,,,,,,,默认48,,,,我不再视他们为疯病中所见的“狮驼国”妖魔，而是接受了他们真正的名号——“清”。,"我不再視他們為瘋病中所見的""獅駝國""妖魔，而是接受了他們真正的名號——""清""。","I ceased viewing them as the demons from my fever-dreamed ""Lion Camel Kingdom"", and instead accepted their true identity—""Qing"".",もはや彼らのことを病に罹っていた頃に見た「獅駝国」の妖魔とは見なさず、彼らの真の名――「清」を受け入れるようになった。,"Я больше уже не относился к ним, как к яогуаям из ""Королевства Льва и Верблюда"", что виделись мне в моём безумии - а принял их настоящий титул: ""Цин""."
,,,,,,,,,,默认49,,,,“清”是一个由满人君临天下，由满、蒙、汉贵族共治的新王朝。,“清”是一個由滿人君臨天下，由滿、蒙、漢貴族共治的新王朝。,"The ""Qing"" is a new dynasty where Manchus rule supreme, governed collectively by Manchu, Mongol, and Han nobility.",「清」は満人が治める天下で、満と蒙そして漢の貴族が共同で統治している新たな王朝だ。,"""Цин"" была новой династией, возглавляемой маньчжурским правителем и совместно управляемой маньчжурской, монгольской и ханьской знатью."
,,,,,,,,,,默认50,,,,这个新王朝自吴三桂引兵入关后南征北战，逐渐替代了前朝的“明”。,這個新王朝自吳三桂引兵入關後南征北戰，逐漸替代了前朝的“明”。,"This new dynasty gradually replaced the former ""Ming"" dynasty after Wu Sangui led troops through the Shanhai Pass and waged wars across the land.",この新王朝は<ruby=ごさんけい>呉三桂</ruby>が降伏し、山海関の門を開けて以降、各地で戦ううちに前王朝の「明」に取って代わっていった。,"С тех пор, как У Саньгуй провёл цинские войска через Шаньхайгуаньскую заставу Великой Китайской стены, эта династия вела битвы на севере и юге, постепенно вытесняя собой предыдущую ""Мин""."
,,,,,,,,,,默认51,,,,……,……,...,……,...
,,,,,,,,,,默认52,,,,不知不觉，今年已是顺治八年。,不知不覺，今年已是順治八年。,"Before I knew it, it was already the eighth year of Shunzhi's reign.",知らず知らずのうちに、もう順治八年だ。,Незаметно наступил <ruby=1651>восьмой</ruby> год Шуньчжи.
,,,,,,,,,,默认53,,,,"清朝天子入关后的首个年号是""顺治""。","清朝天子入關後的首個年號是""順治""。","The first reign name after the Qing emperor crossed the Shanhai Pass was ""Shunzhi"".",「清」の皇帝が乗り込んできた最初の年号が「順治」だ。,"""Шуньчжи"" было девизом первого Сына Неба из династии Цин после того, как они проникли на Центральную равнину."
,,,,,,,,,,默认54,,,,这个年号竟与“李闯”的“大顺”一样，带了个“顺”字，正暗合了民间流传的“明遇顺则止”的谶语。,"這個年號竟與“李闖”的“大順”一樣，帶了個“順字”，正暗合了民間流傳的""明遇順則止""的讖語。","This reign name unexpectedly shared the character ""Shun"" with ""Li Chuang's"" ""Dashun"", coincidentally fulfilling the folk prophecy that ""Ming shall end when meeting Shun"".",この年号は「李自成」の「大順」と同じく「順」の字を冠している。奇遇にも民間に伝わる「明が順と遭えばすなわち止む」という噂に合致していた。,"Этот девиз по странности был созвучен с названием династии, которую в своё время объявил Ли ""Идущий Напролом"" - ""Великая Шунь"". И совпадал с ходившим в народе предсказанием о том, что ""Мин закончится на Шунь""."
,,,,,,,,,,默认55,,,,我逐渐习惯了前朝大明的覆灭，习惯了新朝“清”的诞生，也许先前的一切，都是改朝换代所要经历的……,我逐漸習慣了前朝大明的覆滅，習慣了新朝“清”的誕生，也許先前的一切，都是改朝換代所要經歷的……,"I gradually grew accustomed to the fall of the former Great Ming and the rise of the new ""Qing"" dynasty. Perhaps all that came before was simply part of the dynastic cycle...",徐々に前王朝の明の滅びと、新王朝の「清」の誕生に順応して、これまでの全ては、王朝の交代に必要なことだったのかもしれないと受け入れていった……,"Я постепенно свыкся с тем, что Великая Мин пала, свыкся с рождением новой династии ""Цин"". Возможно, всё, что происходило до этого, было неизбежно в ходе смены династий..."
,,,,,,,,,,默认56,,,,……,……,...,……,...
,,,,,,,,,,默认57,,,,有一事说来畅快， 不得不提。,有一事說來暢快， 不得不提。,There's one particular matter that brings me great relief and must be mentioned.,そういえば一つ、どうしても話しておきたい痛快な話があった。,"Не могу не упомянуть кое о чём, что меня порадовало."
,,,,,,,,,,默认58,,,,这些年，清廷中作恶最甚的“狮驼岭三妖”，竟从前年开始相继殒命。,這些年，清廷中作惡最甚的“獅駝嶺三妖”，竟從前年開始相繼殞命。,"In recent years, the ""Three Evils of Lion Camel Ridge"" - those who committed the worst atrocities in the Qing Court - have all perished one after another since the year before last.",この数年のうちに、清で最も悪さを働いていた「獅駝嶺三妖王」が、数年前から相次いでくたばったのだ。,"Те из династии Цин, что творили больше всего зла - ""три вождя яогуаев с Львино-Верблюжего хребта"" - начиная с позапрошлого года, один за другим получили то, что им причиталось."
,FadeOut,black,,,,,1,,,,,,,,,,,
,BgEvent,新朝9,,,,,0,,,,,,,,,,,
,FadeIn,black,,,,,1,,,,,,,,,,,
,Wait,,,,,,0.5,,,,,,,,,,,
,,,,,,,,,,默认59,,,,顺治六年，血洗扬州的金翅大鹏王死了，因感染天花而亡。,順治六年，血洗揚州的金翅大鵬王死了，因感染天花而亡。,"In the 6th Year of Shunzhi, the Golden Eagle King who bathed Yangzhou in blood died of smallpox.",順治六年、揚州を血祭りに上げた金翼鵬王が<ruby=天然痘>天花</ruby>に罹って死んだ。,"На шестой год Шуньчжи утопивший Янчжоу в крови ""Великий Златокрылый Кондор"" умер, заразившись оспой. <i>(Примечание: князь Айсиньгёро Додо умер от оспы в 1649 году)</i>"
,Wait,,,,,,0.8,,,,,,,
,FadeOut,black,,,,,1,,,,,,,,,,,
,BgEvent,新朝11,,,,,0,,,,,,,,,,,
,FadeIn,black,,,,,1,,,,,,,,,,,
,Wait,,,,,,0.5,,,,,,,,,,,
,,,,,,,,,,默认60,,,,顺治七年，颁布剃发令的白象死了，因在围猎时坠马而亡。,順治七年，頒布剃發令的白象死了，因在圍獵時墜馬而亡。,"In the 7th Year of Shunzhi, the White Elephant who enforced the Hair Shaving Order met his end falling from a horse during a hunt.",順治七年、剃髪令を敷いた白象が狩りの最中に落馬して死んだ。,"На седьмой год Шуньчжи ""Белый Слон"", издавший указ, обязующий ханьцев брить головы по маньчжурскому обычаю, умер на охоте, упав с лошади. <i>(Примечание: князь Айсиньгёро Доргонь погиб на охоте при загадочных обстоятельствах в 1650 году)</i>"
,Wait,,,,,,0.8,,,,,,,
,FadeOut,black,,,,,1,,,,,,,,,,,
,BgEvent,新朝10,,,,,0,,,,,,,,,,,
,FadeIn,black,,,,,1,,,,,,,,,,,
,Wait,,,,,,0.5,,,,,,,,,,,
,,,,,,,,,,默认61,,,,今年，顺治八年，那暴虐的青狮也死在了狱中，据说是因妄图摄政，被顺治帝赐死狱中。,今年，順治八年，那暴虐的青獅也死在了獄中，據說是因妄圖攝政，被順治帝賜死獄中。,"Now in the 8th Year of Shunzhi, that brutal Green Lion too died in prison, said to have been executed by Emperor Shunzhi for conspiring to seize power.",そして今年の順治八年、かの暴虐の青獅子も獄中で果てた。噂では、政治を乗っ取ろうと企み、順治帝によって獄死させられたそうだ。,"Наконец, в нынешнем, восьмом году Шуньчжи злобный ""Зелёный Лев"" умер в тюрьме - по слухам, он неудачно попытался захватить должность регента при императоре Шуньчжи и был принуждён им покончить с собой. <i>(Примечание: князь Айсиньгёро Аджигэ был принуждён к самоубийству в 1651 году)</i>"
,,,,,,,,,,默认62,,,,他们三人的死亡，看起来都并非善终，甚至有些荒唐。,他們三人的死亡，看起來都並非善終，甚至有些荒唐。,"All three met unnatural deaths, their demises bordering on the absurd.",彼ら三人の死は、いずれもまともな最期ではなかったようだ。むしろ間抜けにすら思える。,"Ни у одного из них конец нельзя было назвать славным - можно даже сказать, он вышел каким-то нелепым."
,,,,,,,,,,默认63,,,,我只觉得天道好轮回，这些恶人终究是遭了报应，也算是恶有恶报。,我只覺得天道好輪迴，這些惡人終究是遭了報應，也算是惡有惡報。,"I only feel that the heavens are just—these evildoers have finally met their retribution. Truly, what goes around comes around.",天の理は巡り巡るものなのだなと私は感じた。あの悪人たちも結局は報いを受けたのだ。因果応報というやつだろう。,"Я лишь ощутил в этом неотвратимость законов Неба - эти злодеи в конце концов получили свою расплату, можно сказать, зло вернулось к ним самим."
,FadeOut,black,,,,,1,,,,,,,,,,,
,,,,,,,,,,默认64,,,,……,……,...,……,...
,,,,,,,,,,默认65,,,,不过，虽说如此，在对此事称快之时，心下却不免牵挂起一人——,不過，雖說如此，在對此事稱快之時，心下卻不免牽掛起一人——,"Yet even as I rejoice at this outcome, I can't help but worry about one person—",とはいえ、この件を喜ぶ一方、ある者のことがどうしても気がかりだった――,"Тем не менее, пусть такой поворот событий и был радостным, мои мысли неизбежно обращались к одному человеку:"
,BgEvent,新朝7,,,,,,,,,,,,
,FadeIn,black,,,,,1,,,,,,,,,,,
,,,,,,,,,,默认66,,,,林翩翩。,林翩翩。,Lin Pianpian.,林翩翩だ。,Линь Пяньпянь.
,,,,,,,,,,默认67,,,,当年，她在扬州陷落后被金翅大鹏王收做女俘，或许成了他的奴婢，或许成了他的妾室。,當年，她在揚州陷落後被金翅大鵬王收做女俘，或許成了他的奴婢，或許成了他的妾室。,"Back then, after Yangzhou fell, she was taken captive by the Golden Eagle King—perhaps as his servant, or even his concubine.",揚州が陥落したあの時、彼女は金翼鵬王に女囚として捕らえられ、奴隷なり側室なりにさせられた。,"После падения Янчжоу она стала одной из пленниц Великого Златокрылого Кондора. Возможно, она стала его прислужницей, а возможно, и наложницей."
,,,,,,,,,,默认68,,,,以她的姿容与机敏，我更倾向于后者，甚至她极有可能是金翅大鹏王府中最为受宠的妾室。,以她的姿容與機敏，我更傾向於後者，甚至她極有可能是金翅大鵬王府中最為受寵的妾室。,"Given her beauty and wit, I suspect the latter. In fact, she was likely the most favored concubine in the Golden Eagle King's household.",彼女の美貌と機転からすれば、後者であると私は考える。金翼鵬王の寵愛を最も受ける妾になっていた可能性も十分にある。,"Учитывая её красоту и смекалку, я склоняюсь к последнему - вполне возможно, она и вовсе стала в его поместье самой любимой из наложниц."
,,,,,,,,,,默认69,,,,如今，靠山已倒，她的命运又会如何？,如今，靠山已倒，她的命運又會如何？,"Now that her pillar of support has fallen, what will become of her fate?",だが今やその後ろ盾も失い、彼女の運命はどうなるのやら。,"Но теперь, когда её опора рухнула, какая судьба её ждёт?"
,,,,,,,,,,默认70,,,,她是会随之殉葬？还是会被打入冷宫？,她是會隨之殉葬？還是會被打入冷宮？,Will she follow it to the grave? Or will she be banished to the cold palace?,後を追って殉葬されるのだろうか。それとも冷宮に放り込まれるのだろうか。,"Отправили ли её вслед за ним на тот свет? Или сослали доживать свой век в ""холодном дворце""?"
,,,,,,,,,,默认71,,,,亦或是会侥幸得释，被遣散回籍、安度晚年？,亦或是會僥倖得釋，被遣散回籍、安度晚年？,Or perhaps she'll be fortunate enough to be released and sent back to her hometown to live out her remaining years in peace?,あるいは運よく見逃され、故郷に送り返されて穏やかな余生を過ごすのだろうか。,"Или, может быть, ей посчастливилось добиться освобождения, и ей разрешили вернуться в родной город и жить в покое до конца своих дней?"
,,,,,,,,,,默认72,,,,这一切，我无从得知，恐怕今生也难有答案了。,這一切，我無從得知，恐怕今生也難有答案了。,"All this, I cannot know, and I fear I may never find the answer in this lifetime.",私に知る由はないし、一生かかっても知ることは難しいだろう。,"Всё это остаётся для меня неизвестным - боюсь, я никогда не узнаю в этой жизни ответов на эти вопросы."
,,,,,,,,,,默认73,,,,只是在睡觉的时候，我时常会梦到她。,只是在睡覺的時候，我時常會夢到她。,Only in sleep do I often dream of her.,しかし眠っていると、よく彼女の夢を見る。,Лишь в часы сна я нередко вижу её.
,,,,,,,,,,默认74,,,,我会梦到那穿着一身破烂的衣服，蜷缩在雨后的街上，眼底的深处藏着自卑的她。,我會夢到那穿著一身破爛的衣服，蜷縮在雨後的街上，眼底的深處藏著自卑的她。,"I dream of her wearing tattered clothes, curled up on the rain-soaked street, her eyes betraying deep-seated inferiority.",ぼろぼろの服で雨上がりの路地にうずくまり、瞳の奥に劣等感を秘めた彼女の姿を。,"Ту её, что была одета в потрёпанную одежду, что сидела, свернувшись в комочек, на промокшей от дождя улице, в чьём взгляде читалось презрение к самой себе."
,,,,,,,,,,默认75,,,,也会梦到那穿着一身华丽的长裙，裙袂翻飞，眉眼如画，使我再也看不透的她……,也會夢到那穿著一身華麗的長裙，裙袂翻飛，眉眼如畫，使我再也看不透的她……,"And I dream too of her wearing a magnificent gown, its hem fluttering, her brows and eyes like a painting—now someone I can no longer comprehend...",あるいは華麗な裳を纏い、裾をひらりと翻す、絵のように美しい、二度と見ることができない彼女の姿を……,"И ту её, что была одета в роскошном платье, с порхающим подолом и рукавами, с чертами лица, как у прелестной картины, ту, что я уже не мог разглядеть насквозь..."
,,,,,,,,,,默认76,,,,她大概是对我隐瞒了什么——直觉总是会这么告诉我。,她大概是對我隱瞞了什麼——直覺總是會這麼告訴我。,She must be hiding something from me—my intuition always whispers this truth.,おそらく彼女は私に何かを隠していた――私の直感がそう囁いている。,Она наверняка что-то скрыла от меня - так всё время подсказывало мне внутреннее чутьё.
,,,,,,,,,,默认77,,,,然而，那些秘密，大约将随岁月一同沉埋，我永远无法知晓了……,然而，那些秘密，大約將隨歲月一同沉埋，我永遠無法知曉了……,"Yet those secrets will likely sink with the tides of time, forever lost to me...",しかしその秘密は歳月と共に埋もれていき、永遠に知ることはできない……,"Однако этот секрет, скорее всего, так и будет похоронен с течением лет, навсегда ускользнув от меня..."
,,,,,,,,,,默认78,,,,……,……,...,……,...
,FadeOut,black,,,,,1,,,,,,,,,,,
,BgEvent,新朝12,,,,,0,,,,,,,,,,,
,FadeIn,black,,,,,1,,,,,,,,,,,
,Wait,,,,,,0.5,,,,,,,,,,,
,,,,,,,,,,默认79,,,,时光匆匆，寒来暑往。,時光匆匆，寒來暑往。,"Time flows swiftly, as winters harden into summers.",時が流れ、季節が移ろう。,"Время летело без остановки, времена года сменяли друг друга."
,,,,,,,,,,默认80,,,,南飞的雁儿去了又回，回了又去。,南飛的雁兒去了又回，回了又去。,"The migratory geese depart southward and return, in endless cycles.",南へ飛んでいった雁が戻り、また飛んでいった。,"Перелётные лебеди отправлялись на юг, возвращались обратно, снова улетали."
,,,,,,,,,,默认81,,,,恍惚间，又过了许多年。,恍惚間，又過了許多年。,"In a haze, decades slipped through my fingers.",気付けばそれから何年も経っていた。,Так незаметно миновало множество лет.
,,,,,,,,,,默认82,,,,某一年，顺治帝驾崩，幼帝康熙继位，清国的年号也从顺治变作了康熙。,某一年，順治帝駕崩，幼帝康熙繼位，清國的年號也從順治變作了康熙。,"One year, Emperor Shunzhi died, and the child Kangxi Emperor took the throne, marking the Qing dynasty's transition from Shunzhi to Kangxi era.",ある年、順治帝が崩御し、幼き<ruby=こうき>康熙</ruby>が帝位を継いだ。清の年号も順治から康熙に変わった。,"В <ruby=1661 г.>один год</ruby> почил император Шуньчжи, на смену ему заступил малолетний император, принявший девиз ""Канси""."
,,,,,,,,,,默认83,,,,这些年，王家听从命令，四处平叛前朝的叛乱。,這些年，王家聽從命令，四處平叛前朝的叛亂。,"Through these years, the Wang family obeyed imperial commands to quell former dynasty uprisings throughout the realm.",その間王家は命令に従い、前王朝の反乱を鎮圧するために各地へと赴いた。,"Все эти годы семья Ван, следуя приказам, подавляла восстания прежней династии, где бы они ни возникали."
,,,,,,,,,,默认84,,,,我们与海寇交过手，也与流贼时常作战。,我們與海寇交過手，也與流賊時常作戰。,We have clashed with pirates and frequently engaged rebel forces in battle.,海賊と戦ったこともあれば、水匪とも頻繁に剣を交えた。,"Мы также нередко сражались и с пиратами, и с бродячими шайками разбойников."
,,,,,,,,,,默认85,,,,连年征战，我的心态发生了转变。,連年征戰，我的心態發生了轉變。,Years of unending warfare have transformed my outlook.,連年の戦いを経て、私の心境に変化が起き始めた。,За непрестанные годы сражений в моём мировоззрении произошли изменения.
,,,,,,,,,,默认86,,,,如今，我彻底不再视大明为正统了，也不对那负隅顽抗的残明势力抱有希望。,如今，我徹底不再視大明為正統了，也不對那負隅頑抗的殘明勢力抱有希望。,"Now, I no longer consider the Great Ming legitimate, nor do I harbor any hope for its stubbornly resisting remnants.",もはや明が正統であると思うことをやめ、頑固に抵抗を続ける明の残党勢力にも何の希望も抱かなくなった。,"Теперь я уже больше не считал Великую Мин законной династией, как и не питал никаких надежд на отчаянно сопротивлявшиеся из последних сил остатки минского сопротивления."
,,,,,,,,,,默认87,,,,我开始由衷地认为朝代更替是必然的，大清一统江山势在必然，只有大清能使天下安定，效忠大清的我们必是顺应天命。,我開始由衷地認為朝代更替是必然的，大清一統江山勢在必然，只有大清能使天下安定，效忠大清的我們必是順應天命。,"I’ve grown convinced that dynastic transition is inevitable—the Great Qing’s unification of the realm is fated. Only the Qing can bring stability, and by pledging loyalty, we align with Heaven’s will.",王朝の交代は必然のことであると思うようになった。清の天下統一は必然の流れであり、清こそが天下に平穏をもたらし、清に忠を誓う我々こそが天命に従う者であると、本気でそう思うようになった。,"Я начал искренне верить, что смена династии была неизбежностью, что объединение земель под началом Великой Цин предначертано судьбой, что только Великая Цин способна принести стабильность в Поднебесную. И мы, присягающие на верность Великой Цин, несомненно следуем велению Неба."
,,,,,,,,,,默认88,,,,那些顽固不归顺的，都是让民众无法休养生息的罪人。,那些頑固不歸順的，都是讓民眾無法休養生息的罪人。,"Those who obstinately refuse submission are mere criminals, denying the people respite and recovery.",頑なに服従しない者はみな、民の平穏な暮らしを妨げる罪人だ。,"Те, кто упорно отказывается подчиняться, являются преступниками, мешающими народу наслаждаться миром и процветанием."
,,,,,,,,,,默认89,,,,为了天下的安定与和平，这些人还是趁早被剿灭罢。,為了天下安定的和平，這些人還是趁早被剿滅罷。,"For the peace and stability of the realm, such men ought to be swiftly eradicated.",天下の安定と平和のために、早急に討伐しなければ。,Ради стабильности и мира в Поднебесной пусть лучше эти люди будут как можно скорее искоренены.
,,,,,,,,,,默认90,,,,……,……,...,……,...
,FadeOut,black,,,,,1,,,,,,,,,,,
,BgEvent,新朝4,,,,,0,,,,,,,,,,,
,FadeIn,black,,,,,1,,,,,,,,,,,
,Wait,,,,,,0.5,,,,,,,,,,,
,,,,,,,,,,默认91,,,,不久前，王老将军溘然长逝。王小将军承袭了爵位。,不久前，王老將軍溘然長逝。王小將軍承襲了爵位。,"Not long ago, old General Wang passed away suddenly. Little General Wang inherited the noble title.",少し前、王老将軍が急逝し、王小将軍が爵位を継いだ。,"Не так давно скоропостижно скончался генерал Ван-старший, и его сын унаследовал его титул."
,,,,,,,,,,默认92,,,,一日深夜，他唤我至帐中，烛火摇曳下，他神色平静却坚定地对我说道——,一日深夜，他喚我至帳中，燭火搖曳下，他神色平靜卻堅定地對我說道——,"One late night, he summoned me to his tent. In the flickering candlelight, he spoke with calm yet resolute determination—",とある日の夜更け。彼は私を天幕に招いた。蝋燭の灯りが揺れ、彼は穏やかながらもはっきりとした口調で、私にこう言うのだった――,"Однажды поздно ночью он позвал меня к себе в шатёр. В мерцании огней он со спокойным, но твёрдым выражением лица сообщил мне:"
,,,,,,,,,,默认93,,,,“我爹走了，如今再无人能约束我。你带琼华走吧，予她自由，也还我自在。”,“我爹走了，如今再無人能約束我。你帶瓊華走吧，予她自由，也還我自在。”,"""My father is gone. Now there's no one left to restrain me. Take Qionghua away. Grant her freedom, and grant me mine as well.""",「父も逝ってしまった。もはや私を縛る者はいない。瓊華を自由にしてやってくれ。そして、私にも自由を返してくれ」,"""Мой отец покинул нас, и теперь более никто не властен надо мной. Забирай с собой Цюнхуа и уходи. Я даю ей свободу и возвращаю себе мою собственную."""
,,,,,,,,,,默认94,,,,我一开始以为听错了，怔怔看着他不敢回复。,我一開始以為聽錯了，怔怔看著他不敢回復。,"At first I thought I'd misheard. I stood frozen, not daring to respond.",はじめは聞き間違いかと思い、ぼんやりと彼を見つめたまま、何も答えることができなかった。,"Поначалу я думал, что ослышался, и в недоумении смотрел на него, не решаясь что-либо ответить."
,FadeOut,black,,,,,1,,,,,,,,,,,
,BgEvent,新朝13,,,,,0,,,,,,,,,,,
,FadeIn,black,,,,,1,,,,,,,,,,,
,Wait,,,,,,0.5,,,,,,,,,,,
,,,,,,,,,,默认95,,,,他却雷厉风行，当即命人为我们收拾行装，并亲手写下一纸休书。,他卻雷厲風行，當即命人為我們收拾行裝，並親手寫下一紙休書。,"But he acted decisively, immediately ordering servants to pack our belongings while personally drafting a letter of divorce.",彼はてきぱきと私たちの荷物をまとめるよう部下に言い渡し、自らの手で<ruby=離縁状>休書</ruby>をしたためる。,"Но тот молниеносно приступил к действию, сразу же приказав слугам собирать наши вещи и лично написав письмо о расторжении брака."
,,,,,,,,,,默认96,,,,琼华起初不肯，但经他一番恳谈，最终含泪应允。,瓊華起初不肯，但經他一番懇談，最終含淚應允。,"Qionghua initially refused, but after his earnest persuasion, she finally agreed with tearful eyes.",はじめのうちは認めようとしない瓊華だったが、彼のどうしてもという説得に押され、涙を浮かべてそれを呑んだ。,"Цюнхуа поначалу не соглашалась, но после его искреннего уговора она наконец со слезами на глазах уступила."
,FadeOut,black,,,,,1,,,,,,,,,,,
,BgEvent,新朝13_1,,,,,0,,,,,,,,,,,
,FadeIn,black,,,,,1,,,,,,,,,,,
,Wait,,,,,,0.5,,,,,,,,,,,
,,,,,,,,,,默认97,,,,……,……,...,……,...
,,,,,,,,,,默认98,,,,于是，我便带着琼华走了。,於是，我便帶著瓊華走了。,So I took Qionghua and left.,こうして、私は瓊華と共に彼の元を去った。,"Таким образом, мы вместе с Цюнхуа покинули его."
,,,,,,,,,,默认99,,,,我们远离纷乱，在一个小山村安了家，过起了田园牧歌的生活。,我們遠離紛亂，在一個小山村安了家，過起了田園牧歌的生活。,"We escaped the turmoil and settled in a small mountain village, living an idyllic life.",喧騒から逃れ、小さな山村に家を構えると、牧歌的な生活を送った。,Мы поселились вдали от шума и суеты в маленькой горной деревне и зажили пасторальной жизнью.
,,,,,,,,,,默认100,,,,我们的屋前有一片菜园，屋后种了几株梨树。,我們的屋前有一片菜園，屋後種了幾株梨樹。,Our house had a vegetable garden in front and a few pear trees planted in the back.,家の前には野菜畑があり、裏には梨の木を植えた。,"Перед домом у нас был огород, а за домом мы посадили несколько грушевых деревьев."
,,,,,,,,,,默认101,,,,说来奇怪，出身更好的琼华却比我更快适应了乡间的生活。,說來奇怪，出身更好的瓊華卻比我更快適應了鄉間的生活。,"Strangely, Qionghua - though from better circumstances - adapted to country life faster than I did.",妙な話だが、育ちの良い瓊華の方が私よりも田舎の生活に馴染んでいた。,"Как ни странно, Цюнхуа, будучи более благородного происхождения, тем не менее, приспособилась к деревенской жизни быстрее меня."
,,,,,,,,,,默认102,,,,她学会了种菜、养鸡，甚至还向村里的妇人学了一手好绣工。,她學會了種菜、養雞，甚至還向村裡的婦人學了一手好繡工。,"She learned vegetable gardening, chicken raising, and even mastered embroidery from the village women.",彼女は畑や鶏の育て方を学び、時には村の女たちから刺繍を教えてもらった。,"Она научилась садоводству и разведению кур, и даже выучилась у деревенских женщин навыкам вышивания."
,,,,,,,,,,默认103,,,,每当夜幕降临，我们常常对坐在院中，她绣花，我读书，偶尔交谈几句，更多则是默契的沉默。,每當夜幕降臨，我們常常對坐在院中，她繡花，我讀書，偶爾交談幾句，更多則是默契的沉默。,"At nightfall, we'd often sit facing each other in the yard - she embroidering while I read, exchanging occasional words but mostly sharing a companionable silence.",夜になると私たちはいつも庭に座り込み、彼女は刺繡を、私は読書をした。時折言葉を交わすものの、言葉を交わさずとも通じ合っていたため、無言だった。,"Когда наступала ночь, мы часто сидели друг напротив друга во дворе: она вышивала, я читал. Время от времени мы обмениваясь редкими словами, но чаще всего между нами царило дружеское молчание."
,,,,,,,,,,默认104,,,,……,……,...,……,...
,,,,,,,,,,默认105,,,,我们并非如同天赐良缘的佳配，,我們並非如同天賜良緣的佳配，,"We were never a match made in heaven,",私たちは天によって結ばれたような組み合わせではない。,"Мы вовсе не были идеальной парой, будто уготованной друг другу Небесами."
,,,,,,,,,,默认106,,,,但是，世事本就无常，乱世更是如此。,但是，世事本就無常，亂世更是如此。,But such is life's impermanence - especially in turbulent times.,しかしこの世は無常なものだ。乱世の今ならなおさらである。,"Но жизнь - штука непостоянная, особенно в такие неспокойные времена."
,,,,,,,,,,默认107,,,,没想到。,沒想到。,Never expected this.,まさか。,Кто бы мог подумать.
,,,,,,,,,,默认108,,,,在最后，竟然是我们一起度过余生。,在最後，竟然是我們一起度過餘生。,"In the end, we were the ones who spent our remaining years together.",最後の最後に、共に生涯を過ごすことになるとは。,Что в конце концов нам будет суждено остаток жизни провести вместе.
,FadeOut,black,,,,,1,,,,,,,,,,,
,BgEvent,新朝14,,,,,0,,,,,,,,,,,
,FadeIn,black,,,,,1,,,,,,,,,,,
,Wait,,,,,,0.5,,,,,,,,,,,
,,,,,,,,,,默认109,,,,……,……,...,……,...
,,,,,,,,,,默认110,,,,十七年后。,十七年後。,Seventeen years later.,十七年後。,Семнадцать лет спустя.
,,,,,,,,,,默认111,,,,远方捎来来信，我得知了王小将军战死的消息。,遠方捎來來信，我得知了王小將軍戰死的消息。,News arrived from afar: Little General Wang had fallen in battle.,遠方から届いた手紙で、王小将軍が戦死したという知らせを受けた。,Из далёких краёв пришло письмо - из него я узнал о смерти генерала Вана-младшего на поле боя.
,,,,,,,,,,默认112,,,,平西王吴三桂造反，王小将军镇守一座孤城两月之久，最终弹尽粮绝、城破不服劝降而死。,平西王吳三桂造反，王小將軍鎮守一座孤城兩月之久，最終彈盡糧絕、城破不服勸降而死。,"When Pingxi King Wu Sangui rebelled, Little General Wang held a lone city for two months until, exhausted of supplies and troops, he refused surrender when the walls fell, choosing death instead.",平西王である<ruby=ごさんけい>呉三桂</ruby>が反乱を起こしたのだ。王小将軍は二月あまりもの間孤城を守り抜いたが、最後は弾も食料も尽き、城が落ちると降伏の勧めにも耳を貸さず果てた。,"""Князь - усмиритель Запада"" У Саньгуй поднял восстание, и генерал Ван-младший в течение двух месяцев оборонял от него одиночную крепость. В конце концов, когда боеприпасы и провизия иссякли, город пал. Отказавшись сдаться, генерал встретил свою смерть."
,,,,,,,,,,默认113,,,,次年，琼华也逝世了。,次年，瓊華也逝世了。,"The next year, Qionghua too passed away.",その次の年、瓊華も逝ってしまった。,На следующий год скончалась и Цюнхуа.
,,,,,,,,,,默认114,,,,我们二人在这些年来一直被邻里视作夫妻，却相敬如宾，始终没有子嗣。,我們二人在這些年來一直被鄰里視作夫妻，卻相敬如賓，始終沒有子嗣。,"All those years, our neighbors saw us as husband and wife, yet we maintained respectful distance and never had children.",この数年、私たちは近所では夫婦と思われていたが、互いを尊重し、終ぞ子をなすことはなかった。,Все эти годы соседи считали нас мужем и женой - но мы с ней соблюдали уважительную дистанцию и так и не завели детей.
,,,,,,,,,,默认115,,,,在她离世后，我替她立了一个坟墓，置办了后事。,在她離世後，我替她立了一個墳墓，置辦了後事。,"After her passing, I erected a gravestone and handled the funeral arrangements.",彼女がこの世を去った後、私は墓を立て、葬式の手配をした。,После её кончины я возвёл ей могилу и организовал похоронные обряды.
,,,,,,,,,,默认116,,,,再而，我收拾起简单的行囊，重返了扬州。,再而，我收拾起簡單的行囊，重返了揚州。,Then I packed my meager belongings and returned to Yangzhou.,そして簡素な荷物をまとめると、再び揚州に戻った。,"После чего, собрав скудные пожитки, вернулся в Янчжоу."
,FadeOut,black,,,,,1,,,,,,,,,,,
,,,,,,,,,,默认117,,,,……,……,...,……,...
,,,,,,,,,,默认118,,,,然而，故地重游，一切却早已物是人非。,然而，故地重遊，一切卻早已物是人非。,"Yet when I revisited the old place, everything had changed beyond recognition.",しかし懐かしの地へ帰ったものの、すっかり変わってしまっていた。,"Однако, вернувшись в родные места, я встретил лишь разительные перемены."
,,,,,,,,,,默认119,,,,昔日的宅院早已化为废墟，繁华的二十四桥周遭店铺林立，招牌换了一茬又一茬。,昔日的宅院早已化為廢墟，繁華的二十四橋周遭店鋪林立，招牌換了一茬又一茬。,"The former estate had long crumbled into ruins, while the once-bustling Twenty-Four Bridges area now thrived with shops, their signs changing with each passing year.",かつての家は廃墟となり、賑やかだった二十四橋の周囲には店がずらりと並び、看板はがらりと入れ替わっている。,"Старый двор давно обратился в руины, а оживлённый район Двадцать четвёртого моста теперь был окружён магазинами, вывески которых менялись с каждым сезоном."
,,,,,,,,,,默认120,,,,故人老去，新人到来。,故人老去，新人到來。,"The old generation passed on, a new one arrived.",かつての者は去り、新たな者がやって来ていた。,"Ушли в небытие старые знакомые, пришли новые лица."
,,,,,,,,,,默认121,,,,扬州城的景变了，人也变了——,揚州城的景變了，人也變了——,"Yangzhou's scenery had changed, and so had its people—",揚州の町の景色は変わった。人も変わった――,"Вид Янчжоу изменился, как изменились и люди в нём -"
,,,,,,,,,,默认122,,,,这里认不出我，我也认不出这里了。,這裡認不出我，我也認不出這裡了。,"This place no longer knew me, nor I it.",ここは私のことを知らない。私もここを知らない。,"Это место не узнавало меня, как и я не узнавал его."
,,,,,,,,,,默认123,,,,……,……,...,……,...
,,,,,,,,,,默认124,,,,我在扬州北城租下一间破旧小屋栖身，偶尔会去附近一个破败的梨园听听戏，顺便探问旧人消息。,我在揚州北城租下一間破舊小屋棲身，偶爾會去附近一個破敗的梨園聽聽戲，順便探問舊人消息。,"I rented a ramshackle cottage in northern Yangzhou, occasionally visiting a decaying pear garden theater nearby to enjoy operas and ask after old friends.",私は揚州の北城で、古びた小屋を借りて住むことにした。時たま近所のみすぼらしい<ruby=劇場>梨園</ruby>で芝居を聞き、ついでに古い知り合いについて尋ねて回る。,"В Северном квартале Янчжоу я снял ветхую лачугу, чтобы было где преклонить голову. Время от времени я ходил в обветшалый театр по соседству послушать выступления, а заодно разузнать что-нибудь о знакомых."
,,,,,,,,,,默认125,,,,辗转打听数月，王生、红儿、翠儿……这些旧人的消息皆如石沉大海，杳无音信。,輾轉打聽數月，王生、紅兒、翠兒……這些舊人的消息皆如石沉大海，杳無音信。,"After months of searching, news of these old acquaintances—Scholar Wang, Hong'er, Cui'er... had all vanished without a trace, like stones sinking into the sea.",聞き込みは数か月に及んだ。王書生も、紅児も、翠児も……昔の面々は、海に投げ込まれた石のように、まったく居所がわからなくなっていた。,"Месяцами пытался я отыскать что-нибудь об учёном Ване, Хун'эр, Цуй'эр... Однако все они как будто в воду канули - никаких вестей добыть не удалось."
,,,,,,,,,,默认126,,,,“或许他们尚在人间，只是我认不出他们，他们也认不出我了罢。”,“或許他們尚在人間，只是我認不出他們，他們也認不出我了罷。”,"""Perhaps they are still alive, but I no longer recognize them, and they no longer recognize me.""",「彼らはまだ生きているかもしれない。しかし今や彼らだとわからないだろうし、彼らの方も私のことなどわからないだろう」,"""Возможно, они всё ещё живы, просто ни мне их не узнать, ни им меня."""
,BgEvent,新朝15,,,,,,,,,,,,
,FadeIn,black,,,,,1,,,,,,,,,,,
,,,,,,,,,,默认127,,,,我时常对镜自叹，铜镜中映出的是一张布满皱纹、不再年轻的面容。,我時常對鏡自嘆，銅鏡中映出的是一張布滿皺紋、不再年輕的面容。,"I often sigh at my reflection in the bronze mirror, gazing at a face lined with wrinkles, no longer youthful.",時々鏡に向かってそう溜息をつく。銅の鏡に映るのは、皺だらけになり、若い頃の面影をうしなった顔だ。,"Я часто вздыхал, глядя в зеркало. В медной поверхности отражалось покрытое морщинами лицо, давно уже не молодое."
,,,,,,,,,,默认128,,,,然而，就在这苍老的面孔上，那双眼睛却重新燃起了久违的光芒——,然而，就在這蒼老的面孔上，那雙眼睛卻重新燃起了久違的光芒——,"Yet, on this aged face, those eyes have rekindled a long-lost light—",しかしその老いた顔の双眼に、長らく失われていた光が再び灯った――,Однако в глазах на этом старческом лице вдруг снова зажёгся давно было утраченный блеск:
,,,,,,,,,,默认129,,,,——我也不知怎的，突然便想动笔写作了。,——我也不知怎的，突然便想動筆寫作了。,"—I don’t know why, but I suddenly felt the urge to start writing.",――なぜだかわからないが、唐突に筆を執りたくなった。,Откуда-то у меня снова возникло желание писать книги.
,,,,,,,,,,默认130,,,,拖着这年老的身躯，我大概也写不出什么长篇巨著。,拖著這年老的身軀，我大概也寫不出什麼長篇巨著。,"With this old body of mine, I doubt I’ll manage any grand, lengthy works.",この老いた体では、きっと長編の大作は書けないだろう。,С этим постаревшим телом я вряд ли смогу осилить масштабное и грандиозное произведение.
,,,,,,,,,,默认131,,,,但是应该还能写些短点的。,但是應該還能寫些短點的。,But I should still write shorter pieces.,しかし短い話であれば、まだ書ける。,"Но что-то покороче, пожалуй, смогу написать."
,,,,,,,,,,默认132,,,,我可以将一生的见闻付诸笔墨，卖给梨园，若是能流传下去一篇，也算是不枉此生了。,我可以將一生的見聞付諸筆墨，賣給梨園，若是能流傳下去一篇，也算是不枉此生了。,"I can commit my lifetime's experiences to paper and sell them to the Pear Garden theater. If even one work survives, it would make this life worthwhile.",この一生の見聞をしたため、梨園に売ろう。たとえ一篇でも世に出るのなら、生きた甲斐があったというものだ。,"Я изложу на бумаге то, что довелось мне услышать и увидеть за эту жизнь, после чего продам эту историю в театр. И если хотя бы одна история останется в памяти потомков - значит, моя жизнь не была прожита впустую."
,CharacterOff,,,,,,2,,,,,,,,,,,
,HideMessageWindow,,,,,,,,,,,,,,,,,
,CaptureImage,截图,SpriteCamera,背景截图,,,,,,,,,,,,,,
,Bg,新朝结局,,,,,,,,,,,,,,,,
,RuleFadeOut,截图,CloudWindTop,,Linear,,2,,PageWait,,,,,,,,,
,Wait,,,,,,1,,,,,,,,,,,
,ShowMessageWindow,,,,,,,,,,,,,,,,,
,,,,,,,,,,默认133,,,,于是，我忆起昔日与王小将军灯下谈论的旧事，忆起这半生亲历的风云变幻，终于铺开纸张，研墨提笔，写下了第一个故事——,於是，我憶起昔日與王小將軍燈下談論的舊事，憶起這半生親歷的風雲變幻，終於鋪開紙張，研墨提筆，寫下了第一個故事——,"Thus, I recalled those evenings discussing literature by lamplight with Little General Wang, remembered the tumultuous changes I'd witnessed in half a lifetime, then spread out my paper, ground the ink, and wrote the first story—",こうして、かつて王小将軍と灯りの下で語り合ったことを、この半生で経験した目まぐるしい変化を記憶から引っ張り出し、ついに紙を広げて墨を磨り、筆を執って始めの物語を書き出した――,"Я вспоминал истории прошлого, что мы обсуждали при свете лампы с генералом Ваном-младшим, вспоминал перемены судьбы, свидетелем которых я был на протяжении половины своей жизни. Наконец, я разложил бумагу, растёр чернила и окунул в них кисть, приступая к написанию первой истории:"
,,,,,,,,,,默认134,,,,《铁冠图》。,《鐵冠圖》。,"""The Iron Crown"".",『鉄冠図』,"""Предсказание Железной Короны"". <i>(Примечание: реальное произведение эпохи Цин, написанное анонимным автором. Повествует о смене династии Мин на династию Цин, начиная с восстания Ли Цзычэна.)</i>"
,,,,,,,,,,默认135,,,,【结局：新朝】,【結局：新朝】,(Ending 4: New Dynasty Complete),（エンディング4：新朝 完）,【Концовка: Новая династия】
,Wait,,,,,,2
,StopBgm,,,,,,3,,,,,,,,,,,
,UnlockPlotMap,map_other_1
,AddSteamAchiKey,Achieve_map_commonEnd_4
,FadeOut,black,,,,,1,,,,,,,,,,,
,BgEvent,约稿1,,,,,,,,,,,,,,,,
,ScreenText,1,White,2,2,2,72,,,结语3
,If,!IsDead
,AddSteamAchiKey,Achieve_NoDead
,EndIf,
,EndScenario
