#SHEET_NAME,结局-寻闯
,Command,Arg1,Arg2,Arg3,Arg4,Arg5,Arg6,Arg7,WaitType,Text,PageCtrl,Voice,WindowType,SC,TC,English,Japanese,Russian
,*map_commonEnd_1,,,,,,,,,,,,,,,,
,UnlockPlotMap,map_commonEnd_1,,,,,,,,,,,,,,,
,SetChapterName,结局-寻闯,,,,,,
,Wait,,,,,,1,
,FadeOut,black,,,,,0,
,Bg,泰州渡口夜,,,,,,,,,,,,,,,
,FadeIn,black,,,,,1,,,,,,,,,,,
,Ambience,室外主风
,,良,,,,,0.5
,,方知宥,,,,,,,,默认1,,方知宥/32-1-1_方知宥_01,,[良叔，大概我们要在此分别了——我想往西去找闯王。],[良叔，大概我們要在此分別了——我想往西去找闖王。],"""Uncle Liang, it seems we must part ways here—I intend to head west to join Dashing King Li.""",「良さん、ここでお別れのようだ――私は西へ、<ruby=ちんおう>闖王</ruby>を探しに行く」,"""Дядюшка Лян, думаю, здесь нам стоит разделиться - я хочу отправиться на запад искать Короля, Идущего Напролом.""",
,,,,,,,,,,默认2,,,,泰州渡口前，江风猎猎，吹动着我和良叔的衣袍。,泰州渡口前，江風獵獵，吹動著我和良叔的衣袍。,"At the Taizhou ferry, the river wind howled, whipping through Uncle Liang's and my robes.",<ruby=たいしゅう>泰州</ruby>の渡し場。川風がびょうと吹き、私と良の服を翻した。,"У переправы в Тайчжоу завывал речной ветер, раздувая наши с дядюшкой Ляном одежды.",
,,,,,,,,,,默认3,,,,我向他说出了我的决定。,我向他說出了我的決定。,I told him of my decision.,彼に向かって、自分の決意を話す。,Я сообщил ему своё решение.,
,,良,张嘴愣住,,,,,,,默认4,,良/32-1-1_良_01,,[哦？去找闯王作甚？],[哦？去找闖王做什麼？],"""Oh? Why seek out Dashing King Li?""",「ほう？闖王を尋ねてどうするんだ？」,"""А? Зачем тебе его искать?""",
,,,,,,,,,,默认5,,,,良叔驻足，转身望向我，眼中带着疑惑。,良叔駐足，轉身望向我，眼中帶著疑惑。,"Uncle Liang stopped, turning to face me with questioning eyes.",良が足を止め、不思議そうに私を見た。,"Дядюшка Лян остановился и обернулся ко мне, его глаза были полны недоумения.",
,,方知宥,,,,,,,,默认6,,方知宥/32-1-1_方知宥_02,,[为了写书。],[為了寫書。],"""To write a book.""",「本を書くのさ」,"""Чтобы написать книгу.""",
,,,,,,,,,,默认7,,,,我扯了扯嘴角，露出一抹淡笑。,我扯了扯嘴角，露出一抹淡笑。,I curled the corner of my lips into a faint smile.,口の端を上げ、微かに微笑む。,Растянул я уголки рта в слабой улыбке.,
,,良,惊喜,,,,,,,默认8,,,,[……],[……],"""...""",「……」,"""...""",
,,方知宥,,,,,,,,默认9,,方知宥/32-1-1_方知宥_03,,[良叔，你听说过《三国演义》吗？],[良叔，你聽說過《三國演義》嗎？],"""Uncle Liang, have you heard of 'Romance of the Three Kingdoms'?""",「良さん、『三国志演義』は知ってるか？」,"""Дядюшка Лян, слышали ли Вы про роман 'Троецарствие'?""",
,,良,好奇,,,,,,,默认10,,良/32-1-1_良_02,,[当然，这本书我全书都读过。],[當然，這本書我全書都讀過。],"""Of course, I've read the entire work.""",「もちろんだ。全部読んだ」,"""Конечно, я эту книгу даже полностью читал.""",
,,方知宥,,,,,,,,默认11,,,,[……],[……],"""...""",「……」,"""...""",
,,,,,,,,,,默认12,,,,我一愣，脸上难掩惊讶的神色。,我一愣，臉上難掩驚訝的神色。,"I froze, unable to conceal my astonishment.",思わず驚いた顔を見せてしまった。,"Я оторопел, не в силах скрыть удивление на своем лице.",
,,良,通常,,,,,,,默认13,,良/32-1-1_良_03,,[呃……你为何用如此惊讶的眼神看我？呵……我虽然看着不像读书人，但其实上过私塾，甚至有一个童生的身份。],[呃……你為何用如此驚訝地眼神看我？呵……我雖然看著不像讀書人，但其實上過私塾，甚至有一個童生的身份。],"""Uh... why are you looking at me with such surprise? Heh... I may not look like a scholar, but I attended a private school—even earned the title of child scholar.""",「おいおい……そんな驚いた目で見るなよ。ふっ……本を読むようには見えないだろうが、塾にも通っていたし、これでも童生の身分だぞ」,"""Э... Чего ты так удивлённо смотришь? Кхм... Я хоть и не слишком похож на книгочея, но на самом деле мне доводилось посещать частную школу, у меня даже был статус туншэна."" <i>(Туншэн - ученик, готовящийся сдать конфуцианские экзамены кэцзюй.)</i>",
,,,,,,,,,,默认14,,,,良叔语气平静，仿佛在说一件再寻常不过的事，而我却有些震惊。,良叔語氣平靜，彷彿在說一件再尋常不過的事，而我卻有些震驚。,"Uncle Liang spoke calmly, as if discussing the most ordinary matter, while I stood there, stunned.",ごくごく当たり前のことのように、さらりとそう言う良。しかし一方の私にとっては衝撃の事実だ。,"Спокойным тоном поведал он, словно рассказывал нечто совершенно обыденное - я же всё равно был поражён.",
,,,,,,,,,,默认15,,,,我完全无法想象到他身穿学童服饰、端坐私塾中、摇头晃脑诵读经文的模样。,我完全無法想像到他身穿學童服飾、端坐私塾中、搖頭晃腦誦讀經文的模樣。,"I couldn’t fathom him in a schoolboy’s attire, seated primly in a private school, reciting classics with a swaying head.",彼が学童服を着て、塾で大人しく座り、首を振りながら経を読む場面など、まったく想像がつかなかった。,"У меня в голове совершенно не укладывался образ того, как он, одетый в ученическую форму, восседает в частной школе и с важным видом зачитывает строки из конфуцианского канона.",
,,,,,,,,,,默认16,,,,不过既然如此，既然良叔读过《三国演义》，倒省了我一番解释。,不過既然如此，既然良叔讀過《三國演義》，倒省了我一番解釋。,"But since Uncle Liang has read ""Romance of the Three Kingdoms"", it spared me the need for explanation.",まあ、『三国志演義』を読んだことがあるのなら、説明の手間が省けて助かる。,"Тем не менее, раз уж дядюшка Лян читал ""Троецарствие"", это избавляет меня от необходимости дополнительных объяснений.",
,,方知宥,,,,,,,,默认17,,方知宥/32-1-1_方知宥_04,,[《三国演义》应是当世最有名的书之一了，我毕生的梦想，就是写一本像它那样的书。],[《三國演義》應是當世最有名的書之一了，我畢生的夢想，就是寫一本像它那樣的書。],"""'Romance of the Three Kingdoms' is surely among the most celebrated books of our age. My life’s ambition is to pen a work like it.""",「『三国志演義』は今、最も有名な本のうちの一つだ。私の生涯の夢は、この本に匹敵するような本を書くことだ」,"""'Троецарствие' - это, пожалуй, одна из самых известных книг в современности - и мечтой всей моей жизни является написать нечто подобное.""",
,,方知宥,,,,,,,,默认18,,方知宥/32-1-1_方知宥_05,,[我听说此书作者罗贯中，曾在张士诚帐下担任幕僚，故而书中诸多场面写得尤为真切，使人读来身临其境。],[我聽說此書作者羅貫中，曾在張士誠帳下擔任幕僚，故而書中諸多場面寫得尤為真切，使人讀來身臨其境。],"""I heard that the author of this book, Luo Guanzhong, once served as an advisor under Zhang Shicheng’s command, which is why so many scenes in the book feel strikingly vivid, immersing the reader as if they were there.""",「この本の作者である<ruby=らかんちゅう>羅貫中</ruby>は、かつて<ruby=ちょうしせい>張士誠</ruby>の軍師であったと聞く。ゆえに本の描写が真に迫り、まるでその場にいるかのような没入感がある」,"""И, насколько мне известно, его автор Ло Гуаньчжун в своё время был советником в ставке Чжан Шичэна - именно благодаря этому сцены в его книге описаны так достоверно, что читатель словно сам оказывается в месте действия."" <i>(Чжан Шичэн - один из предводителей восстания Красных повязок, свергнувшего в 1368 году власть монголов в лице династии Юань.)</i>",
,,良,,,,,,,,默认19,,,,[……],[……],"""...""",「……」,"""...""",
,,方知宥,,,,,,,,默认20,,方知宥/32-1-1_方知宥_06,,[所以，我也想去找闯王，在他身边谋求个幕僚的职位……呵……也是正巧之前听你说过，闯王身边能征善战的武将不少，为他出谋划策的智囊却不多。],[所以，我也想去找闖王，在他身邊謀求個幕僚的職位……呵……也是正巧之前聽你說過，闖王身邊能征善戰的武將不少，為他出謀劃策的智囊卻不多。],"""Thus, I too wish to seek out Dashing King Li and secure a position as his advisor... Ah... It’s also fortunate that I’d heard from you earlier that while Dashing King Li has many valiant warriors at his side, he lacks strategists to counsel him.""",「だから私も闖王のところで軍師になりたいんだ……ふっ……ちょうど良さんからも、闖王の武将は腕が立つ者は多いものの、頭が回る者は少ないと聞いたしな」,"""Поэтому я и хочу отправиться к 'Королю, Идущему Напролом', чтобы попроситься к нему в советники... Хех... Вы как раз весьма кстати мне рассказали, что у него нет недостатка в способных бойцах, но вот толковых стратегов ему не хватает.""",
,,方知宥,,,,,,,,默认21,,方知宥/32-1-1_方知宥_07,,[我敬佩他的志向，虽才疏学浅，也愿在他身旁尽一份微薄之力……若是能成事自然好，哪怕最后事不成，我也算是为写书积攒些经历，不枉此行。],[我敬佩他的志向，雖才疏學淺，也願在他身旁盡一份微薄之力……若是能成事自然好，哪怕最後事不成，我也算是為寫書積攢些經歷，不枉此行。],"""I admire his ambition, and though my talents are meager, I’d gladly lend what little strength I have by his side... If we succeed, all the better. Even if we fail, I’d still have gathered experiences for my writing, making this journey worthwhile.""",「彼の志には敬服している。浅学菲才の身ではあるが、少しでも彼の力になってやりたいんだ……うまくいけば重畳だが、失敗しても本を書くための経験が積めたと思えば安いものだ」,"""Я восхищаюсь его устремлениями. Пусть мои таланты ограничены, а знания поверхностны, я всё же хотел бы предложить ему свою скромную помощь... Если что-то из этого выйдет, тем лучше. А даже если в конечном итоге мы потерпим неудачу, я приобрету опыт для своих произведений, и эта затея в любом случае будет не напрасной.""",
,,,,,,,,,,默认22,,,,我紧握双拳，目光炯炯地向良叔诉说这我心中的志向。,我緊握雙拳，目光炯炯地向良叔訴說這我心中的志向。,"I clenched my fists, eyes ablaze with resolve as I poured out my aspirations to Uncle Liang.",ぎゅっと拳を握り、目を輝かせながら私の目標を熱く語った。,"Сжав кулаки, я с горящим взором изложил дядюшке Ляну свои чаяния.",
,,良,坚定,,,,,,,默认23,,,,[……],[……],"""...""",「……」,"""...""",
,,,,,,,,,,默认24,,,,不料，良叔并没有被我的斗志所感染，依然是一副阴着脸，有些严肃的模样。,不料，良叔並沒有被我的鬥志所感染，依然是一副陰著臉，有些嚴肅地模樣。,"Yet Uncle Liang remained untouched by my fervor, his expression still grim and solemn.",しかし、良は私の熱意にほだされることもなく、相変わらず仏頂面なものの、神妙な面持ちになっていた。,Однако тот вовсе не был впечатлён моим боевым настроем - он всё так же сохранял мрачное и суровое выражение лица.,
,,,,,,,,,,默认25,,,,他思索几息后，眉头微蹙，对我劝道——,他思索幾息後，眉頭微蹙，對我勸道——,"After a brief pause, he frowned slightly and cautioned me—",彼は少し考えた後、神妙な顔で私に忠告した――,"Немного поразмыслив, он начал хмуро поучать меня:",
,,良,,,,,,,,默认26,,良/32-1-1_良_04,,[知幼，你想得太简单了，随军征战远比你想的要凶险……闯王并非没有过幕僚，但数年下来，能活下来的寥寥无几。],[知幼，你想得太簡單了，隨軍征戰遠比你想的要凶險……闖王並非沒有過幕僚，但數年下來，能活下來的寥寥無幾。],"""Zhiyo, you underestimate the dangers. Following Dashing King Li into battle is far deadlier than you think... He’s never lacked counselors, yet scarcely any survive the years.""",「知優、楽観的に考え過ぎだ。軍について戦場を回るのは、おまえが思う以上の危険を伴う……闖王にも軍師がいたが、数年持った奴は一握りだ」,"""Чжию, ты мыслишь слишком наивно. Сопровождать войска в походе - это куда более опасное предприятие, чем тебе кажется... У Короля, Идущего Напролом, советники вполне себе водились - но тех среди них, кому за эти годы удалось выжить, можно по пальцам пересчитать.""",
,,方知宥,,,,,,,,默认27,,方知宥/32-1-1_方知宥_08,,[无妨，若是能死在写书的路上，倒也值得。],[無妨，若是能死在寫書的路上，倒也值得。],"""It matters not. If I perish while pursuing this book, it would still be a worthy end.""",「構わない。物書きとして死ねるなら本望だ」,"""Ну и ладно - если даже умру на пути книгописательства, это всё равно того стоит.""",
,,,,,,,,,,默认28,,,,我笑了笑，神色间透出几分对生死的淡漠。,我笑了笑，神色間透出幾分對生死的淡漠。,"I smiled faintly, my demeanor betraying a quiet disregard for life and death.",私は微笑み、生死に対する淡々とした態度を示した。,Улыбнулся я. Во взгляде моём сквозило безразличие к жизни и смерти.,
,,,,,,,,,,默认29,,,,是啊，我在这世间本就没什么家人和牵挂。,是啊，我在這世間本就沒什麼家人和牽掛。,"Indeed, I've never had much family or attachments in this world.",そうだ。この世には家族も気に掛けるべき相手もいない。,Действительно - у меня в этом мире толком не было каких-то родственников и привязанностей.,
,,,,,,,,,,默认30,,,,错过与雁儿姐的殉情后，生死于我，早已看得淡了。,錯過與雁兒姐的殉情後，生死於我，早已看得淡了。,"After missing the chance to die with <ruby=Swan Goose>Sister Yan</ruby>, life and death have long since lost their meaning to me.",雁姉との情死を逃した私にとって、生死などもはや取るに足らないものだった。,"Упустив шанс отправиться в мир иной в компании сестрички Лебёдушки, я давно стал равнодушен к перспективе жизни или смерти.",
,,良,无奈叹息,,,,,,,默认31,,良/32-1-1_良_05,,[唉，旁人当幕僚多为求取功名利禄，你倒算是头一个为了写书而去的……行吧！人各有志，你想去就去！这个给你！],[唉，旁人當幕僚多為求取功名利祿，你倒算是頭一個為了寫書而去的……行吧！人各有志，你想去就去！這個給你！],"""Sigh, most who become advisors seek fame and fortune—you're the first I've met who does it to write a book... Very well! Each to their own ambition—go if you must! Take this!""",「やれやれ、名を上げたいがゆえに軍師を目指す者は多いが、本を書くためというのは初めて聞いた……まあいいさ。誰にだって志はある。やりたきゃやってこい！こいつは餞別だ！」,"""Ха, обычно советниками становятся ради того, чтобы добыть себе славу и деньги - ты, наверно, первый, кто решил этим заняться ради книги... Ладно! Путь у каждого свой, хочешь идти - так иди! Возьми тогда вот это!""",
,,良,通常,,,,,,,,,,,
,,,,,,,,,,默认32,,,,良叔轻叹了一声后，大概是知道劝不住我，便不劝了。,良叔輕嘆了一聲後，大概是知道勸不住我，便不勸了。,"Uncle Liang let out a soft sigh, realizing persuasion was futile, and ceased his efforts.",軽く溜息をつくと、止めても無駄だと思ったのか、それ以上説得することはなかった。,"Вздохнув, дядюшка Лян перестал меня отговаривать, видимо, поняв бесполезность этого.",
,,,,,,,,,,默认33,,,,只见他往怀中一掏，取出一物摊在掌心。,只見他往懷中一掏，取出一物攤在掌心。,"He reached into his robe and produced an object, laying it flat on his palm.",彼が懐中から何かを取り出し、手に広げて見せた。,Он вытащил что-то из-за пазухи и вложил мне в ладонь.,
,CharacterOff,,,,,,0.7,,,,,,,,,,,
,Sprite,记-闯军令牌,,,,,1,,,,,,,,,,,
,Wait,,,,,,1.5,,,,,,,,,,,
,SpriteOff,,,,,,1,,,,,,,,,,,
,,,,,,,,,,默认34,,,,那是一块枣木令牌，色泽沉黯，正面刻着一个“闯”字，背面则刻着“护卫”二字，其上遍布斑驳刮痕，显然此物是有一些年岁的旧物。,那是一塊棗木令牌，色澤沉黯，正面刻著一個“闖”字，背面則刻著“護衛”二字，其上遍布斑駁刮痕，顯然此物是有一些年歲的舊物。,"It was a jujube wood token, its hue darkened with age. The front bore the character ""Chuang"", while the back was carved with ""Guard"". Its surface was marred by countless scratches, clearly marking it as a relic of bygone years.",それは<ruby=なつめ>棗</ruby>の木でできた令牌だった。表には「闖」の字が、裏には「護衛」の二文字が刻まれている。表面はいくつもの擦れた痕があり、かなり年季の入ったものであることがわかる。,"Это была потемневшая верительная дощечка из древесины китайского финика. На лицевой стороне был выгравирован иероглиф <ruby=闖>""Чуан""</ruby> - ""идти напролом"", на обратной стороне - иероглифы, означающие <ruby=護衛>""защита""</ruby>. Поверхность её была потёртой и исцарапанной - было очевидно, что этой вещи уже много лет.",
,,良,笑,,,,,,,默认35,,良/32-1-1_良_06,,[这是我当年的护卫令牌，你带上它，见到闯王后也好让他收留你。],[這是我當年的護衛令牌，你帶它一起去，見到闖王后也好讓他收留你。],"""This was my old guard token. Take it—it'll help convince Dashing King Li to take you in.""",「俺がいた頃の護衛の令牌だ。こいつを持っていけば、闖王に会った時に面倒を見てくれるだろう」,"""Это моя защитная верительная дощечка тех лет. Возьми её - покажешь Королю, Идущему Напролом, при встрече, и он тебя примет.""",
,,,,,,,,,,默认36,,,,良叔将令牌递与我。,良叔將令牌遞與我。,Uncle Liang handed the token to me.,良が令牌をくれた。,Он передал мне её.,
,,方知宥,,,,,,,,默认37,,方知宥/32-1-1_方知宥_09,,[谢了良叔，此物定然大有帮助。],[謝了良叔，此物定然大有幫助。],"""Thank you, Uncle Liang. This will surely be of great help.""",「ありがとう、良さん。きっと役に立ってくれるはずだ」,"""Спасибо, дядюшка Лян, эта вещь определённо сослужит мне немалую службу.""",
,,,,,,,,,,默认38,,,,我也不推辞，接过了令牌。,我也不推辭，接過了令牌。,I accepted the token without ceremony.,遠慮なくその令牌を受け取る。,Я без колебаний принял дощечку.,
,,良,通常,,,,,,,默认39,,良/32-1-1_良_07,,[还有……临行前，琼华又塞给我一些银两，分你一些。],[還有……臨行前，瓊華又塞給我一些銀兩，分你一些。],"""Also... Before I leave, Qionghua gave me some taels. Here’s your share.""",「それと……出発前に、瓊華が金を持たせてくれたのでな、おまえにも分けておく」,"""И вот ещё... перед уходом Цюнхуа дала мне немного серебра, возьми себе часть.""",
,,,,,,,,,,默认40,,,,良叔又从怀中掏出些许银两，递给了我。,良叔又從懷中掏出些許銀兩，遞給了我。,Uncle Liang drew a few taels from his robe and pressed them into my hand.,再び懐に手を突っ込むと、金を取り出し、私に渡した。,"Достав из-за пазухи некоторое количество серебра, дядюшка Лян передал мне его.",
,,方知宥,,,,,,,,默认41,,,,[……],[……],"""...""",「……」,"""...""",
,,,,,,,,,,默认42,,,,我接过了他的银两，并未多言客套，只是将这份恩情默默记在心里。,我接過了他的銀兩，並未多言客套，只是將這份恩情默默記在心裡。,"I took the silver tael without polite refusals, silently etching this kindness into my heart.",素直に金を受け取り、形式ばった礼ではなく、この恩を静かに心に刻み付けた。,Я принял деньги без излишних церемоний - лишь накрепко запечатлев эту доброту в своём сердце.,
,,良,笑,,,,,,,默认43,,良/32-1-1_良_08,,[多保重。],[多保重。],"""Take care.""",「元気でな」,"""Береги себя.""",
,,,,,,,,,,默认44,,,,最后，良叔重重地拍了拍我的肩膀，旋即转身，大步走向远方的船。,最後，良叔重重地拍了拍我的肩膀，旋即轉身，大步走向遠方的船。,"At last, Uncle Liang gave my shoulder a firm pat, then turned and strode toward the distant ship.",そして良がぱんぱんと私の肩を叩くと、身を翻して大股で船の方に向かっていった。,"Наконец, крепко похлопав меня по плечу, дядюшка Лян повернулся и широким шагом направился к стоявшей вдалеке лодке.",
,,,,,,,,,,默认45,,,,那艘船船头向东，向着杭州。,那艘船船頭向東，向著杭州。,"The bow of that ship faced eastward, toward Hangzhou.",その船の頭は東の杭州に向いている。,"Нос лодки был повёрнут на восток, в сторону Ханчжоу.",
,,方知宥,,,,,,,,默认46,,方知宥/32-1-1_方知宥_10,,[嗯，你也多保重。],[嗯，你也多保重。],"""Mm, you take care as well.""",「ああ、良さんもお元気で」,"""Ага, Вы тоже себя берегите.""",
,CharacterOff,,,,,,0.4,,,,,,,
,,,,,,,,,,默认47,,,,我点了点头，深吸一口气，转身迈向旁边那艘船。,我點了點頭，深吸一口氣，轉身邁向旁邊那艘船。,"I nodded, drew a deep breath, and turned toward the ship nearby.",私は頷いて息を吸い込むと、彼の隣の船へと歩き出した。,"Кивнул я, сделал глубокий вдох и, развернувшись, направился к лодке, стоявшей рядом.",
,,,,,,,,,,默认48,,,,这艘船船头向西，向着闯王所在的地方。,這艘船船頭向西，向著闖王所在的地方。,"This ship's bow pointed westward, toward Dashing King Li's territory.",その船の頭は闖王の居場所に向いている。,"Её нос был повёрнут на запад - туда, где был Король, Идущий Напролом.",
,,,,,,,,,,默认49,,,,……,……,...,……,...,
,,,,,,,,,,默认50,,,,分别之时，我们表现得云淡风轻，仿佛日后自有重逢之期。,分別之時，我們表現得雲淡風輕，彷彿日後自有重逢之期。,"When we parted, we kept it light, as if certain we'd meet again someday.",私たちの別れの挨拶はさっぱりとしたものだった。まるで、またいつか会えるかのように。,"Прощание наше вышло таким простым, словно рано или поздно мы бы встретились вновь.",
,,,,,,,,,,默认51,,,,然而，我心底清楚，此一别，山高水长，我们今后很难再相见了。,然而，我心底清楚，此一別，山高水長，我們今後很難再相見了。,"Yet I knew in my heart - with mountains and rivers between us, we'd likely never cross paths again.",しかし心の底では、この別れが永遠の別れになるだろうことをよくわかっていた。,Но в глубине души я понимал - мы удаляемся друг от друга за тридевять земель и вряд ли когда-то ещё увидимся.,
,,,,,,,,,,默认52,,,,良叔为了践行他的约定，要去找那名叫满穗的女子。,良叔為了踐行他的約定，要去找那名叫滿穗的女子。,"To honor his promise, Uncle Liang set out to find the woman called Man Sui.",良は約束を果たすため、<ruby=まんすい>満穂</ruby>という女のところへ向かう。,Во имя исполнения своего обещания дядюшка Лян отправился к девушке по имени Маньсуй.,
,,,,,,,,,,默认53,,,,我为了实现我的梦想，将去投奔那素未谋面的闯王。,我為了實現我的夢想，將去投奔那素未謀面的闖王。,"As for me, pursuing my dream meant joining the rebel leader Dashing King Li whom I'd never met.",私は己の夢を果たすため、未だ相まみえていない闖王に身を寄せる。,"Я же во имя исполнения своей мечты отправился к никогда не виданному мной Королю, Идущему Напролом.",
,,,,,,,,,,默认54,,,,……,……,...,……,...,
,FadeOut,black,,,,,1,,,,,,,,,,,
,BgEvent,寻闯1,,,,,0,,,,,,,,,,,
,FadeIn,black,,,,,1,,,,,,,,,,,
,Wait,,,,,,0.5,,,,,,,,,,,
,Bgm,曲终人散,,,,0.2,3,,,,,,,,,,,
,,,,,,,,,,默认55,,,,此后二十余日，我孑然一身，踏上西行之路。,此後二十餘日，我孑然一身，踏上西行之路。,"For over twenty days thereafter, I journeyed westward alone, a solitary figure on the road.",その後の二十日余り、私は孤独に西への旅路を進んだ。,Последующие двадцать с чем-то дней я в одиночестве ступал на запад.,
,,,,,,,,,,默认56,,,,我先是从泰州沿江漂流，一路抵达六安，再而辗转黄州，最终行至武昌。,我先是從泰州沿江漂流，一路抵達六安，再而輾轉黃州，最終行至武昌。,"I first drifted along the river from Taizhou, reaching Lu'an, then wandered through Huangzhou, and finally arrived at Wuchang.",まずは泰州から川に沿って下り、六安まで。そこからさらに黄州へ渡り、武昌に辿り着いた。,"Сначала я плыл по реке из Тайчжоу, по пути достигнув Луаня, затем направился в Хуанчжоу и, наконец, добрался до Учана.",
,BgEvent,寻闯2,,,,,1,,,,,,,
,,,,,,,,,,默认57,,,,一路之上，我逢人便打听闯王的消息。,一路之上，我逢人便打聽闖王的消息。,"Along the way, I inquired of every soul I met for news of Dashing King Li.",道中、私は誰かに会うと闖王について訊いて回った。,"По пути я наводил у людей справки про Короля, Идущего Напролом.",
,,,,,,,,,,默认58,,,,有人说他在武昌大捷，刚击退了威名赫赫的左良玉。,有人說他在武昌大捷，剛擊退了威名赫赫的左良玉。,"Some said he had triumphed at Wuchang, having just repelled the renowned Zuo Liangyu.",ある者は武昌で大勝を収めたと言う。かの有名な<ruby=さりょうぎょく>左良玉</ruby>を打ち破ったと。,"Кто-то утверждал, что тот в Учане одержал славную победу, заставив отступить прославленного минского генерала Цзо Лянъюя.",
,,,,,,,,,,默认59,,,,又有人说他在武昌兵败，刚输给了某个善战的东虏王爷。,又有人說他在武昌兵敗，剛輸給了某個善戰的東虜王爺。,"Others claimed he had suffered defeat at Wuchang, bested by some formidable Manchu prince.",またある者は武昌で敗れたと言う。戦略に長けた東虜の親王に敗れたと。,"Другие же утверждали, что под Учаном он, наоборот, потерпел поражение от некоего князя ""восточных лу"", искусного в бою.",
,,,,,,,,,,默认60,,,,各处的消息很多，很杂，很乱，可谓是众说纷纭，莫衷一是。,各處的消息很多，很雜，很亂，可謂是眾說紛紜，莫衷一是。,"The tidings from all quarters were many, muddled, and contradictory—a cacophony of voices with no consensus.",様々な情報が入り乱れ、どれが正しい話なのかわからなかった。,"Сведения из разных мест были многочисленны, запутанны, хаотичны - каждый говорил кто во что горазд, составить единую картину было невозможно.",
,,,,,,,,,,默认61,,,,我想弄明白真相，便前往了武昌城。,我想弄明白真相，便前往了武昌城。,"Determined to uncover the truth, I made my way to Wuchang City.",その真実を明かすため、私は武昌の町に向かった。,"Дабы добиться правды, я решил отправиться к Учану.",
,,,,,,,,,,默认62,,,,而待我真正踏入武昌地界，眼前的景象却让我心头骤冷。,而待我真正踏入武昌地界，眼前的景象卻讓我心頭驟冷。,"Yet when I truly set foot within Wuchang's borders, the sight before me sent a sudden chill through my heart.",しかしいざ武昌に足を踏み入れると、目に入った光景に言葉を失った。,"Но когда я достиг пределов города, от увиденной картины у меня всё похолодело внутри.",
,,,,,,,,,,默认63,,,,武昌城，已化作了一片死寂的废墟。,武昌城，已化作了一片死寂的廢墟。,Wuchang City had become a silent wasteland of ruins.,武昌は、寂れた廃墟となっていた。,Город Учан был превращён в безмолвные руины.,
,,,,,,,,,,默认64,,,,这里如扬州一样被屠了城，其惨状却比扬州更为令人惊骇。,這裡如揚州一樣被屠了城，其慘狀卻比揚州更為令人驚駭。,"Like Yangzhou, this place had been put to the sword, yet its devastation was even more horrifying.",揚州と同じように皆殺しにされていた。しかしその惨状は揚州と比べ物にならないほどおぞましい。,"Как и в Янчжоу, здесь произошла резня - однако вид здесь был дажё ещё более устрашающий, чем там.",
,,,,,,,,,,默认65,,,,几日前，当我走在被屠城了五日的扬州城的路上时……时常能听到哀嚎声、寻人声、求饶声……,幾日前，當我走在被屠城了五日的揚州城的路上時……時常能聽到哀嚎聲、尋人聲、求饒聲……,"Days ago, as I walked the roads of Yangzhou—five days after its massacre—I could still hear wails, cries for lost kin, and pleas for mercy...",数日前、五日間に渡る虐殺を受けた揚州の町を歩いていた時は……常にどこかしらから泣き声や誰かを探す叫び声、許しを乞う声などが聞こえていた……,"Когда я в те времена на протяжении пяти дней резни ходил по улицам Янчжоу... время от времени я слышал, как люди рыдают, ищут друг друга, молят о пощаде...",
,,,,,,,,,,默认66,,,,这些声音交织在一起，令我仿佛身处人间的地狱。,這些聲音交織在一起，令我彷彿身處人間的地獄。,"These voices intertwined, making me feel as though I stood in the very hell of the mortal world.",声という声が混ざり合い、この世の地獄にいるかのような気分だった。,"Это переплетение звуков создавало ощущение, будто я находился в аду на земле.",
,,,,,,,,,,默认67,,,,而武昌城，什么声音都没有。,而武昌城，什麼聲音都沒有。,"But in Wuchang City, there was no sound at all.",しかしこの武昌は、何の声も聞こえない。,Но в Учане не доносилось ни единого звука.,
,,,,,,,,,,默认68,,,,这座城仿佛死了一般，看不到人，也听不见声音。,這座城彷彿死了一般，看不到人，也聽不見聲音。,"The city seemed dead—no people in sight, no voices to be heard.",まるで町ごと死んだかのように、人の姿もなければ声も聞こえない。,"Он будто совершенно вымер - никого не было видно, ничего не было слышно.",
,BgEvent,寻闯5,,,,,1,,,,,,,
,,,,,,,,,,默认69,,,,城门前横着一辆倾覆的牛车，车辕上吊着腐烂的黑红色血肉，风一吹便轻轻打转，引来成片的乌鸦盘旋。,城門前橫著一輛傾覆的牛車，車轅上吊著腐爛的黑紅色血肉，風一吹便輕輕打轉，引來成片的烏鴉盤旋。,"Before the city gates lay an overturned oxcart, its shafts hung with rotting black-red flesh that swayed faintly in the wind, drawing flocks of circling crows.",城門の前に、ひっくり返った牛車が転がっている。荷台には腐った赤黒い肉の塊が吊り下げられ、風に揺られてくるくると回り、鴉がそれを啄もうと旋回している。,"Перед городскими воротами лежала перевёрнутая телега, на осях которой была подвешена гниющая чёрно-красная плоть. Ветер слегка покачивал её, привлекая стаи кружащих вокруг ворон.",
,,,,,,,,,,默认70,,,,护城河里堆满了尸体，那些浮肿的尸体拥挤在一起，完全没有了人形。,護城河裡堆滿了屍體，那些浮腫的屍體擁擠在一起，完全沒有了人形。,"The moat was choked with corpses, their bloated forms pressed together until they no longer resembled men.",堀には死体が山積みになっていた。むくんだ死体が所狭しと詰め込まれ、もはや人の形をしていない。,"Крепостной ров был завален трупами - опухшие тела были свалены в кучу, полностью утратив человеческий облик.",
,,,,,,,,,,默认71,,,,石砖缝隙里染血的绣鞋，挂在残枪上的肚兜，废墟里被烧焦的毡帽，各种被人用过的东西，此时都如同一幅画那样被封在那里，寂静无声。,石磚縫隙裡染血的繡鞋，掛在殘槍上的肚兜，廢墟裡被燒焦的氈帽，各種被人用過的東西，此時都如同一幅畫那樣被封在那裡，寂靜無聲。,"Bloodstained embroidered shoes wedged between stone bricks, a child's bellyband caught on a broken spear, a charred felt hat amid the ruins—all these remnants of lives once lived now lay frozen in silence, like some macabre tableau.",石畳の隙間には血の染みた靴、折れた槍にかけられた前掛け、焼け焦げた廃墟に残された毛糸の帽子……今まで誰かが使っていた物が、一枚の絵のようにその場に閉じ込められ、音もなく鎮座している。,"Окровавленные вышитые туфли, застрявшие между каменными кирпичами, женский нагрудник, висящий на сломанном копье, обожжённая войлочная шапка среди руин - все эти некогда использовавшиеся людьми вещи ныне словно застыли внутри картины, посреди полной тишины.",
,,,,,,,,,,默认72,,,,我愣愣地驻足，看着这座死城。,我愣愣地駐足，看著這座死城。,"I stood transfixed, gazing upon this city of the dead.",呆然と立ち止まり、この死の町を見渡す。,"Я стоял как завороженный, взирая на мёртвый город.",
,,,,,,,,,,默认73,,,,一切都静默着，仿佛被死亡噎住了喉咙。,一切都靜默著，彷彿被死亡噎住了喉嚨。,"All was silent, as though death had strangled every last voice.",死を喉に詰まらせたかのように、何もかもが静かだった。,"Всё пребывало в молчании, будто сжатое за горло самой смертью, лишённое возможности дышать.",
,,,,,,,,,,默认74,,,,这时我才知道，扬州城那哀鸿遍野，也算不得最可怕的地狱。,這時我才知道，揚州城那哀鴻遍野，也算不得最可怕的地獄。,Only then did I understand: even Yangzhou's sea of weeping swans paled before this most terrible hell.,揚州で響いていた悲鳴も最も恐ろしい地獄ではなかったと、この時ようやく知った。,"Только тут я осознал, что Янчжоу, где люди были, словно стая плачущих неприкаянных лебедей, пожалуй, не был самым страшным из адов.",
,,,,,,,,,,默认75,,,,最可怕的地狱，怕不是这完全被掐灭了声音的武昌城。,最可怕的地獄，怕不是這完全被掐滅了聲音的武昌城。,"The most terrifying hell is perhaps this Wuchang City, utterly silenced.",最も恐ろしい地獄とは、声という声がすべて潰された武昌のことを言うのだ。,"Самым страшным адом как раз был этот самый город Учан, полностью лишённый любого звука.",
,,,,,,,,,,默认76,,,,……,……,...,……,...,
,,,,,,,,,,默认77,,,,武昌城被屠了，不知是被谁屠的。,武昌城被屠了，不知是被誰屠的。,Wuchang City was massacred—no one knows by whom.,武昌の町は皆殺しにされていた。誰がやったのかはわからない。,Кто устроил в Учане резню - было неясно.,
,,,,,,,,,,默认78,,,,我渴望知道这个答案，却在城里找不到一个人为我诉说。,我渴望知道這個答案，卻在城裡找不到一個人為我訴說。,"I yearn to know the answer, yet cannot find a single soul in the city to tell me.",答えを知りたいものの、訊く相手がここには誰もいない。,"Я жаждал найти ответ на этот вопрос - но в городе не было никого, кто бы мне это объяснил.",
,,,,,,,,,,默认79,,,,……,……,...,……,...,
,FadeOut,black,,,,,1,,,,,,,,,,,
,BgEvent,寻闯3,,,,,0,,,,,,,,,,,
,FadeIn,black,,,,,1,,,,,,,,,,,
,Wait,,,,,,0.5,,,,,,,,,,,
,,,,,,,,,,默认80,,,,两日后，我继续往西行，终于见到了人烟。,兩日後，我繼續往西行，終於見到了人煙。,"Two days later, I journeyed westward and finally encountered signs of life.",二日後。ひたすら西に進み続けると、ようやく人の気配があった。,После ещё двух дней пути на запад я наконец-то заприметил следы жизни людей.,
,,,,,,,,,,默认81,,,,我到了一个村子，这村子里有几个从武昌城逃难而来的幸存者。,我到了一個村子，這村子裡有幾個從武昌城逃難而來的倖存者。,I arrived at a village where several survivors from Wuchang City had taken refuge.,とある村に私は辿り着いた。この村には武昌から逃れてきた生存者たちが何人かいた。,"Я добрался до деревни, где оказалось несколько сбежавших из Учана выживших.",
,,,,,,,,,,默认82,,,,我从他们手中买了一些充饥的干粮，又向他们询问了武昌城的事，并打听闯军的动向。,我從他們手中買了一些充飢的乾糧，又向他們詢問了武昌城的事，並打聽闖軍的動向。,"I bought dried rations from them, inquired about Wuchang’s fate, and asked after the Dashing Army’s movements.",彼らから飢えをしのげるだけの干し米を買うと、武昌の件と闖軍の動向を訊ねてみた。,"Купив сухих лепёшек, чтобы утолить голод, я расспросил у них о судьбе Учана и о том, куда мог направиться Король, Идущий Напролом.",
,,,,,,,,,,默认83,,,,他们说，武昌城是被左将军的兵屠的。,他們說，武昌城是被左將軍的兵屠的。,They said Wuchang City had been massacred by General Zuo’s troops.,彼ら曰く、武昌の町は左将軍の兵によってやられたそうだ。,"Они рассказали, что резню в городе учинили солдаты генерала Цзо.",
,,,,,,,,,,默认84,,,,两年前，崇祯年间的时候，被称为“献贼”的张献忠就在武昌屠过一次城。,兩年前，崇禎年間的時候，被稱為“獻賊”的張獻忠就在武昌屠過一次城。,"Two years ago, during the Chongzhen era, Zhang Xianzhong, known as the ""Bandit King"", once massacred the city of Wuchang.",二年前、まだ暦が崇禎だった頃、「献賊」こと<ruby=ちょうけんちゅう>張献忠</ruby>が武昌で虐殺を行った。,"Два года тому назад, ещё во времена императора Чунчжэня, предводитель повстанцев Чжан Сяньчжун, известный как ""лиходей Сянь"", уже устраивал в Учане резню.",
,,,,,,,,,,默认85,,,,那次，城中人口被屠了一大半。,那次，城中人口被屠了一大半。,"On that occasion, over half the city's population was slaughtered.",その時に町の人口の半分が殺された。,Тогда в городе вырезали пол-населения.,
,,,,,,,,,,默认86,,,,在那之后，左将军来了，他倒是没有屠城，而是以此为根据地扎营，不时向民众筹集粮饷，以安顿他的左家军。,在那之後，左將軍來了，他倒是沒有屠城，而是以此為根據地紮營，不時向民眾籌集糧餉，以安頓他的左家軍。,"Afterward, General Zuo arrived. He refrained from massacring the city, instead establishing it as his base and periodically requisitioning provisions from the people to sustain his Zuo Army.",その後、左将軍がやってきた。しかし彼は虐殺などせず、その場所を拠点とし、時々民から食い物を徴収して左家軍を駐屯させた。,"Затем пришёл генерал Цзо - резню тогда он устраивать не стал, а установил в городе свой лагерь, время от времени собирая с жителей дань провизией на воинские нужды.",
,,,,,,,,,,默认87,,,,然而，不久之前，左将军却突然像是中了邪、发了疯。,然而，不久之前，左將軍卻突然像是中了邪、發了瘋。,"Yet not long ago, General Zuo suddenly seemed possessed, as if struck by madness.",しかし少し前に、突如として左将軍が乱心した。,"Но не так давно он вдруг взбесился, словно в него вселился злой дух.",
,,,,,,,,,,默认88,,,,他指责说城中之人皆是闯逆，然后便纵容“左家军”大开杀戒。,他指責說城中之人皆是闖逆，然後便縱容“左家軍”大開殺戒。,"He denounced the city's inhabitants as rebels loyal to Chuang Wang and unleashed his ""Zuo Army"" to slaughter indiscriminately.",町の者がみな闖に与する逆賊だと彼は非難し、「左家軍」の大虐殺を許してしまった。,"Он обвинил жителей города в том, что они все пособники ""Идущего Напролом"", и позволил своим войскам убивать кого им вздумается.",
,,,,,,,,,,默认89,,,,城中男女老幼因此被几乎杀尽。,城中男女老幼因此被幾乎殺盡。,"Thus, nearly every man, woman, and child in the city was put to the sword.",街は老若男女を問わず、ほぼ皆殺しにされた。,"Женщины, мужчины, старики и дети - практически все были вырезаны начисто.",
,,,,,,,,,,默认90,,,,只有寥寥数百个人活着。,只有少數幾百個人活著。,Only a few hundred survived.,生き残ったのは、わずか数百人だけだった。,Уцелело лишь несколько сотен людей.,
,,,,,,,,,,默认91,,,,这几百个人中，有些躲在了城中绝对无法被旁人想到的藏身之处，如老鼠一般苟活了下来……有些则是趁乱从城中逃了出来，流落到附近的村庄中。,這幾百個人中，有些躲在了城中絕對無法被旁人想到的藏身之處，如老鼠一般苟活了下來……有些則是趁亂從城中逃了出來，流落到附近的村莊中。,"Among these survivors, some hid in unthinkable crevices within the city, clinging to life like rats... while others exploited the chaos to escape, scattering to nearby villages.",その数百人のうち一部は、まともな頭では想像もつかないような場所に隠れ、鼠のようにしぶとく生き残った……また一部は町の混乱に乗じて逃げ出し、付近の村に落ち延びた。,"Кто-то из этих сотен прятался в тех местах города, где бы их точно никто даже не додумался отыскать, влача жалкое существование, подобное мышам... Кто-то же, пользуясь общим хаосом, сбежал по направлению к близлежащим деревням.",
,,,,,,,,,,默认92,,,,至于闯军，他们后来确实曾到过武昌城。,至於闖軍，他們後來確實曾到過武昌城。,"As for the Dashing Army, they did later reach Wuchang City.",闖軍については、確かに武昌に来た。,"Что же касается Войск, Идущих Напролом, впоследствии они действительно приходили в Учан.",
,,,,,,,,,,默认93,,,,他们被东虏追赶，本想借此城抵御妖兵，却因城中无草无粮，只留下了尸骸、废墟与疫病——因此，闯军立刻便弃此地而去。,他們被東虜追趕，本想藉此城抵禦妖兵，卻因城中無草無糧，只留下了屍骸、廢墟與疫病——因此，闖軍立刻便棄此地而去。,"Harried by the Eastern Barbarians, they had hoped to make a stand against the demon soldiers within the city. But the place was barren of provisions and fodder, holding nothing but corpses, ruins, and plague. Therefore, the Dashing Army abandoned it without delay.",彼らは東虜に追われ、この町で食い止めるつもりだったが、町にはぺんぺん草一本生えておらず、あるのは死体と廃墟と疫病だけだった――そのため、すぐにこの地を捨てて去っていったそうだ。,"Гонимые ""восточными лу"", они изначально планировали воспользоваться этим городом для обороны от них - но из-за того, что в городе не осталось ни крошки еды, лишь трупы, руины и чума, им ничего не оставалось, кроме как покинуть это место.",
,,,,,,,,,,默认94,,,,他们指路道，闯军此刻大概在九江口，他们在湖广与江西的交界处的九宫山一带。,他們指路道，闖軍此刻大概在九江口，他們在湖廣與江西的交界處的九宮山一帶。,"They pointed the way, saying the Dashing Army was likely at Jiujiangkou, around the Jiugong Mountain area where Huguang and Jiangxi borders meet.",村の者達が道を案内し、闖軍はおそらく、今ごろ湖広と江西の境にある<ruby=きゅうきゅうさん>九宮山</ruby>一帯にある<ruby=きゅうこうこう>九江口</ruby>にいるだろうと教えてくれた。,"Как мне показали эти люди, Войска, Идущие Напролом, сейчас, скорее всего, в Цзюцзянкоу, что в районе гор Цзюгун на пересечении провинций Хугуан и Цзянси. <i>(Хугуан - провинция времён династии Мин, объединявшая современные Хубэй и Хунань)</i>",
,,,,,,,,,,默认95,,,,于是，我便调转方向，朝着九宫山行进。,於是，我便調轉方向，朝著九宮山行進。,"Thus, I turned my course and made my way toward Jiugong Mountain.",そのため私は行き先を変え、九宮山のほうに向かって歩き出した。,"Сменив направление, я отправился к горам Цзюгун.",
,,,,,,,,,,默认96,,,,这一路上，路途难行，食物难寻，我经常在路上跌倒，也经常吃了一顿便没有下顿。,這一路上，路途難行，食物難尋，我經常在路上跌倒，也經常吃了一頓便沒有下頓。,"The journey was arduous, food scarce. I often stumbled along the road, and many a meal was followed by none at all.",この道中はなかなか厳しかった。食べ物もろくに調達できず、足場も悪くよく転んだ上、食事をとったら次の食事がないこともままあった。,"Дорога выдалась тяжёлой, еды постоянно не хватало. Я нередко падал по дороге и часто, съев одну порцию еды, не знал, когда удастся поесть вторую.",
,,,,,,,,,,默认97,,,,我靠着银两购买的粮食填充着疲惫的身体，靠着对将来的幻想充实着疲劳的精神。,我靠著銀兩購買的糧食填充著疲憊的身體，靠著對將來的幻想充實著疲勞的精神。,"I sustained my weary body with grain bought by silver taels, and nourished my fatigued spirit with dreams of what was to come.",金で買った食料で疲れた体を満たし、未来への幻想で疲れた心を満たした。,"Я поддерживал своё ослабевшее тело провизией, купленной на то серебро, и питал свой утомлённый дух видениями будущего.",
,,,,,,,,,,默认98,,,,我时常想象着这些事——,我時常想像著這些事——,"Often, I would lose myself in such thoughts—",よくこんな妄想をした――,Я постоянно представлял себе такую картину:,
,,,,,,,,,,默认99,,,,或许，我会在不久后见到李闯。,或許，我會在不久後見到李闖。,"Perhaps, before long, I would meet Li Chuang.",おそらく、もうすぐ李自成に会える。,"Возможно, ещё немного, и мне удастся дойти до Ли, Идущего Напролом.",
,,,,,,,,,,默认100,,,,我会拿出良叔的令牌，他大喜过望，立刻会认可我，继而便安排我在他的身边作了个幕僚。,我會拿出良叔的令牌，他大喜過望，立刻會認可我，繼而便安排我在他的身邊作了個幕僚。,"I will present Uncle Liang's token, and he will be overjoyed, immediately recognizing me and arranging for me to serve as an advisor by his side.",良からもらった令牌を取り出すと、彼は大喜びで私のことを認めてくれる。そしてそのまま幕僚として彼の側近に置いてくれるのだ。,"Я достану верительную дощечку от дядюшки Ляна, тот будет вне себя от радости и сразу же примет меня к себе, сделав своим приближённым советником.",
,,,,,,,,,,默认101,,,,我会为他出谋划策，同时在这一路上时而动笔，去写属于我的那本“书”。,我會為他出謀劃策，同時在這一路上時而動筆，去寫屬於我的那本“書”。,"I will devise strategies for him, while occasionally putting pen to paper along the way to write my own ""book"".",私は彼のために戦略を練りながら、道中筆を執り、私の「本」を書く。,"Я буду разрабатывать для него стратегии, а также по пути буду время от времени браться за перо, дабы написать свою собственную ""книгу"".",
,,,,,,,,,,默认102,,,,我所经历的事——与李闯一同南征北战时经历的事，会在多年后成为红儿翠儿影子戏中演的桥段，被人反复传唱……,我所經歷的事——與李闖一同南征北戰時經歷的事，會在多年後成為紅兒翠兒影子戲中演的橋段，被人反覆傳唱……,"The events I experience—those I endure while campaigning south and north with Li Chuang—will, years later, become the tales performed in Hong'er and Cui'er's shadow plays, sung and retold by many...",私の経験――李自成と共に北へ南へと戦いに赴いたことは、何年も経ってから紅児と翠児の影絵芝居の演目になり、人々に繰り返し語り継がれることになるだろう……,"События, через которые я пройду - те многочисленные сражения, в которых я поучаствую вместе с Ли, Идущим Напролом, - спустя много лет станут сценами в теневых спектаклях, что ставят Хун'эр и Цуй'эр, эти сцены будут петь и пересказывать снова и снова...",
,,,,,,,,,,默认103,,,,我所写的那本书——那本我答应雁儿姐所写的书，会在多年后成为王生或林翩翩某日读到的名作，被人反复翻阅……,我所寫的那本書——那本我答應雁兒姐所寫的書，會在多年後成為王生或林翩翩某日讀到的名作，被人反覆翻閱……,"The book I write—the one I promised <ruby=Swan Goose>Sister Yan</ruby> I would write—will, years later, become a celebrated work read by Scholar Wang or Lin Pianpian, pored over time and again...",私が書いた本――雁姉と約束した例の本は、何年も経ってから王書生や林翩翩も目にする名作となり、人々に読み継がれることになるだろう……,"Книга, которую я напишу - та, что я пообещал написать сестричке Лебёдушке - спустя много лет, став известным произведением, однажды будет прочитана учёным Ваном или Линь Пяньпянь, её будут читать и перечитывать...",
,,,,,,,,,,默认104,,,,我一直想象着这些事，将这些想象化作信念，一步步、一步步地前行着。,我一直想像著這些事，將這些想像化作信念，一步步、一步步地前行著。,"I have always envisioned these things, transforming these visions into convictions, advancing step by step, stride by stride.",ずっとそんな妄想を続け、妄想を信念に変えて、一歩また一歩と前進した。,"Постоянно представляя себе всё это, я превращал эти фантазии в убеждения и шаг за шагом двигался вперёд.",
,,,,,,,,,,默认105,,,,……,……,...,……,...,
,BgEvent,寻闯4,,,,,1,,,,,,,
,,,,,,,,,,默认106,,,,又过了些时日，临近五月末，我终于赶至了九宫山附近。,又過了些時日，臨近五月末，我終於趕至了九宮山附近。,"After some time had passed, nearing the end of the fifth month, I finally arrived near Jiugong Mountain.",そこからまた数日が過ぎ、五月も末に近付いた頃、ようやく九宮山に到着した。,"Прошло ещё какое-то время, приближался конец пятого месяца - и я наконец оказался неподалёку от гор Цзюгун.",
,,,,,,,,,,默认107,,,,我到九宫山时，天色阴沉，细雨如织，周围还起了雾，将九宫山笼罩在一片朦胧之中。,我到九宮山時，天色陰沉，細雨如織，周圍還起了霧，將九宮山籠罩在一片朦朧之中。,"When I reached Jiugong Mountain, the sky was overcast, a fine drizzle wove through the air, and a mist had risen, shrouding the mountain in a veil of haze.",私が着くと、天気はどんよりとしており、しとしとと小雨が降っていた。周囲には霧が立ち込め、九宮山全体をぼんやりと包み込んでいる。,"Когда я прибыл сюда, небо было затянуто тучами, моросил плотный дождь, вокруг поднимался туман, окутывавший горы туманной пеленой.",
,Se,踩泥,,,,,,,,,,,,
,,,,,,,,,,默认108,,,,——嗒——嗒。,——嗒——嗒。,—Tap—tap.,――ザッ――ザッ,"*Топ.*, *топ.*",
,,,,,,,,,,默认109,,,,我佝偻着背，深一脚浅一脚地踩在灌着泥浆的山道上，突然闻到湿润的空气中夹杂着一股若有若无的血腥气。,我佝僂著背，深一腳淺一腳地踩在灌著泥漿的山道上，突然聞到濕潤的空氣中夾雜著一股若有若無的血腥氣。,"Hunched over, I trudged through the muddy mountain path, my steps uneven, when suddenly I caught a faint whiff of blood lingering in the damp air.",背中を曲げ、でこぼこでぬかるんだ山道を必死に進んだ。するとふと、湿った空気に仄かに血の臭いが混じっていることに気が付いた。,"Сгорбившись, я с трудом пробирался по размытой горной тропе, мои ноги то и дело погружались в грязь. Вдруг, среди влажного воздуха, я уловил слабый, почти неуловимый запах крови.",
,,,,,,,,,,默认110,,,,奇怪？,奇怪？,Strange?,……妙だな。,Странно...,
,,,,,,,,,,默认111,,,,九宫山附近为何会有血腥气？,九宮山附近為何會有血腥氣？,Why is there the scent of blood near Jiugong Mountain?,なぜ九宮山で血の臭いが？,Откуда в окрестностях гор Цзюгун взяться такому запаху?,
,,,,,,,,,,默认112,,,,我疑惑地走向前，行至某处，周围陡然喧哗了起来。,我疑惑地走向前，行至某處，周圍陡然喧譁了起來。,"Puzzled, I stepped forward until, at a certain point, the surroundings suddenly erupted in clamor.",不思議に思いながらそれでも前進していると、にわかに周囲が騒がしくなった。,В недоумении я пробирался вперёд - и вдруг в какой-то момент вокруг стало шумно.,
,,,,,,,,,,默认113,,,,我本以为是军队经过，本想着找个地方躲避，不料那些穿过雾气撞向我的——竟然是大量的难民。,我本以為是軍隊經過，本想著找個地方躲避，不料那些穿過霧氣撞向我的——竟然是大量的難民。,"I had assumed it was the army passing through and thought to find shelter, but what emerged from the mist and collided with me—were hordes of refugees.",てっきり軍隊が通っていくと思い、どこかに隠れるつもりだった。しかし霧の向こうから現れたのは――大量の難民だった。,"Думая, что это ступает военный отряд, я хотел было отыскать, где спрятаться - но оказалось, что из тумана ко мне устремляется целая толпа беженцев.",
,BgEvent,寻闯6,,,,,1,,,,,,,
,,,,,,,,,,默认114,,,,我的两侧有匆匆的难民快步奔跑，观望了一会儿后，我截住了一位老伯，向他询问情况——,我的兩側有匆匆的難民快步跑步，觀望了一會後，我截住了一個老伯，向他詢問情況——,"Refugees hurried past me on both sides. After observing for a moment, I stopped an Old Man and inquired—",私の両脇を難民が慌ただしく通り過ぎていく。しばらくそれを眺めた後、私は老人を呼び止め、状況を訊くことにした――,"Беженцы пробегали мимо с обеих сторон от меня. Понаблюдав за ними некоторое время, я остановил одного старого дядюшку и спросил его, что происходит:",
,,方知宥,,,,,,,,默认115,,方知宥/32-1-1_方知宥_11,,[老伯，你们为何要逃啊？],[老伯，你們為何要逃啊？],"""Old Man, why are you fleeing?""",「ご老人、なぜ逃げているのだ？」,"""Дядюшка, почему вы все бежите?""",
,,老伯,,,,,,,,默认116,,老伯/32-1-1_老伯_01,,[杀人了！屠村了！不逃等死吗！],[殺人了！屠村了！不逃等死嗎！],"""Murder! The village was massacred! Should we stay and wait for death?!""",「人殺しだ！村狩りじゃよ！逃げなきゃ死ぬじゃろう！」,"""Людей убивают! Всю деревню режут! Не убежишь - убьют как пить дать!""",
,,,,,,,,,,默认117,,,,老伯语气急促，满面惊惶。,老伯語氣急促，滿面驚惶。,"The Old Man spoke hurriedly, his face filled with alarm.",老人は恐怖の表情で、早口でそう答えた。,"Сбивчиво говорил старик с лицом, полным ужаса.",
,,方知宥,,,,,,,,默认118,,方知宥/32-1-1_方知宥_12,,[屠村？谁干的？],[屠村？誰做的？],"""Massacre the village? Who did this?""",「村狩り？一体誰が？」,"""Режут деревню? А кто?""",
,,,,,,,,,,默认119,,,,我微微一愣。,我微微一愣。,I froze momentarily.,驚く私。,Я был поражён.,
,,,,,,,,,,默认120,,,,难道那屠了武昌的左家军杀到这里来了？,難道那屠了武昌的左家軍殺到這裡來了？,Could it be the Zuo Army that slaughtered Wuchang has come here?,まさか、武昌を滅ぼした左家軍がここまで来たのか？,"Неужели войско генерала Цзо, устроившее резню в Учане, добралось и сюда?",
,,,,,,,,,,默认121,,,,不对……左家军应当不敢来找李闯……那难道是追着李闯的东虏在屠村？,不對……左家軍應當不敢來找李闖……那難道是追著李闖的東虜在屠村？,No... the Zuo Army wouldn't dare pursue Li Chuang... Could it be the Eastern Barbarians chasing Li Chuang who massacred the village?,いや、左家軍が李自成を追う度胸などあるはずがない……まさか、李自成を追っていた東虜が村を襲っているのか？,"Нет... Войска Цзо не осмелились бы последовать за Ли ""Идущим Напролом""... Тогда что же получается, это ""восточные лу"", преследующие его, убивают деревенских?",
,,,,,,,,,,默认122,,,,我心生猜测，不料老伯却给了我一个从未想过的答案——,我心生猜測，不料老伯卻給了我一個從未想過的答案——,"I began to speculate, but the Old Man gave me an answer I'd never anticipated—",あれこれ推測したものの、老人から聞かされた答えは私の予想を超えていた――,"Пока я строил всевозможные догадки, старый дядюшка вдруг выдал мне совершенно неожиданный ответ:",
,,老伯,,,,,,,,默认123,,老伯/32-1-1_老伯_02,,[闯贼！是闯贼屠的村！他们说要为李闯报仇，要把这附近所有的村民一个不剩地都杀光！],[闖賊！是闖賊屠的村！他們說要為李闖報仇，要把所有這附近所有的村民一個不剩地都殺光！],"""The Dashing Bandits! It was the Dashing Bandits who massacred the village! They said they’d avenge Li Chuang and kill every last soul in the area!""",「<ruby=ちん>闖</ruby>賊じゃ！連中が村を襲ってるんじゃ！李自成の敵を討つため、近くの村人を手あたり次第皆殺しにしてるんじゃ！」,"""Это лиходеи 'Идущие Напролом'! Это они нас режут! Они хотят отомстить за своего Ли 'Идущего Напролом' - собираются перерезать всех жителей в окрестностях от мала до велика!""",
,,方知宥,,,,,,,,默认124,,方知宥/32-1-1_方知宥_13,,[闯贼……闯军屠的村？等下……李闯怎么了？],[闖賊……闖軍屠地村？等一下……李闖怎麼了？],"""The Dashing Bandits... The Dashing Army massacred the village? Wait... what happened to Li Chuang?""",「闖賊……闖軍が村を？いや、そんなことより……李自成に何があった？」,"""Лиходеи 'Идущие Напролом'... Войска, Идущие Напролом, устроили резню? Постойте... А что такое с Ли?""",
,,,,,,,,,,默认125,,,,我有些没有反应过来，语无伦次地问着老伯。,我有些沒有反應過來，語無倫次地問著老伯。,"I was too stunned to react properly, stammering my question to the Old Man.",頭が追い付かず、困惑気味に老人に問う。,"Сбитый с толку, невнятно спросил я у старого дядюшки.",
,,老伯,,,,,,,,默认126,,老伯/32-1-1_老伯_03,,[李闯死啦！据说是被几个种地的截住，拿锄头夯死了！],[李闖死啦！據說是被幾個種地的截住，拿鋤頭夯死了！],"""Li Chuang is dead! They say he was ambushed by some farmers and beaten to death with hoes!""",「李自成は死んだ！農夫に取り囲まれ、鍬で袋叩きにされたそうじゃ！」,"""Ли 'Идущий Напролом' мёртв! Говорят, его какие-то крестьяне забили мотыгами!""",
,,方知宥,,,,,,,,默认127,,方知宥/32-1-1_方知宥_14,,[拿锄头？他是被乡民杀死的吗？他们为何要杀李闯？],[拿鋤頭？他是被鄉民殺死的嗎？他們為何要殺李闖？],"""With hoes? He was killed by villagers? Why would they kill Li Chuang?""",「鍬で……？農民に殺されたのか？なぜ農民が李自成を？」,"""Мотыгами? Его убили крестьяне? Зачем они это сделали?""",
,,老伯,,,,,,,,默认128,,老伯/32-1-1_老伯_04,,[谁知道！也许是这些乡民都是从武昌逃来的，把李闯当成左家军报仇！没准他们就是图财，想扒一些盔甲和武器换钱！错把李闯杀了！],[誰知道！也許是這些鄉民都是從武昌逃來的，把李闖當成左家軍報仇！說不定他們就是圖財，想扒一些盔甲和武器換錢！錯把李闖殺了！],"""Who knows! Perhaps these villagers fled from Wuchang and mistook Li Chuang for Zuo Army, seeking revenge! Or maybe they just wanted loot, to strip his armor and weapons for money! And killed Li Chuang by mistake!""",「知るか！武昌から落ち延びた連中で、李自成を<ruby=さりょうぎょく>左良玉</ruby>と勘違いして仇討ちをしたのかもな。あるいは金目当てで、鎧や武器を銭に変えるつもりで、うっかり殺したのかもしれん」,"""Да кто ж знает-то! Может, они прибежали сюда из Учана, приняли Ли за одного из войска генерала Цзо и решили отомстить! Может, на доспехи с оружием позарились, захотели их на деньги обменять! И случайно убили Ли 'Идущего Напролом'!""",
,,老伯,,,,,,,,默认129,,老伯/32-1-1_老伯_05,,[反正李闯一死，所有的闯贼都发了疯，扬言说要把九宫山周遭的所有人都屠了，无论男女老幼，要屠个鸡犬不留！来给他们的万岁爷祭天！],[反正李闖一死，所有的闖賊都發了瘋，揚言說要把九宮山周遭的所有人都屠了，無論男女老幼，要屠個雞犬不留！來給他們的萬歲爺祭天！],"""Now that Li Chuang is dead, all of the Dashing Bandits have gone mad, vowing to slaughter everyone around Jiugong Mountain—sparing neither man, woman, nor child! Come to offer sacrifices to heaven for their Ten Thousand Years Emperor!""",「とにかく、頭の李自成が死んだことで、闖賊どもが狂ったように騒ぎ出し、九宮山の周りを老若男女問わず、家畜まで根絶やしにすると宣言しよった！皇帝への供物にすると言ってな！」,"""В любом случае, теперь он мёртв, а его лиходеи все помешались, говорят, что не оставят в живых у гор Цзюгун никого, ни единой живой души, даже скотину не пощадят! Всех принесут в жертву в память о Своём Величестве!""",
,,方知宥,,,,,,,,默认130,,,,[……],[……],"""...""",「……」,"""...""",
,BgEvent,寻闯7,,,,,1,,,,,,,
,,,,,,,,,,默认131,,,,我呆愣在原地，如遭雷击。,我呆愣在原地，如遭雷擊。,"I stood frozen in place, as if struck by lightning.",雷に打たれたかのような衝撃が走り、私はその場に立ちすくんだ。,"Я застыл на месте, словно громом поражённый.",
,,,,,,,,,,默认132,,,,周围的难民匆匆跑过，撞得我身形摇晃，我却挪不动半步。,周圍的難民匆匆跑過，撞得我身形搖晃，我卻挪不動半步。,"Refugees rushed past, jostling me until I swayed, yet I couldn't move a single step.",周囲の難民があたふたと逃げ回り、私に肩がぶつかったが、その場から動けなかった。,"Спасающиеся крестьяне вокруг продолжали убегать, толкая меня, но я не мог сделать и шагу.",
,,,,,,,,,,默认133,,,,我不知是该前行，还是后退。,我不知是該前行，還是後退。,I knew not whether to advance or retreat.,このまま進むべきなのか、戻るべきなのか、わからなかった。,"Я не понимал, идти ли мне вперёд или отступить назад.",
,,,,,,,,,,默认134,,,,李闯死了……？,李闖死了……？,Li Chuang is dead...?,死んだ……？,"Ли ""Идущий Напролом"" мёртв......?",
,,,,,,,,,,默认135,,,,李闯死了。,李闖死了。,Li Chuang is dead.,李自成が、死んだ。,"Ли ""Идущий Напролом"" мёртв.",
,,,,,,,,,,默认136,,,,我千里迢迢来投奔他，他竟然被几个乡民拿锄头砸死了？,我千里迢迢來投奔他，他竟然被幾個鄉民拿鋤頭砸死了？,"I traveled thousands of miles to join him, only to learn peasants had beaten him to death with hoes?",彼に身を寄せるため、はるばる千里を越えてきたというのに、農民に鍬で頭をかち割られて死んだ？,"Я прошёл тысячу ли, чтобы поступить к нему на службу - а он оказался убит какими-то крестьянами с мотыгами?",
,,,,,,,,,,默认137,,,,李闯……那个一度控制北方、逼死大明朝先帝、百战不殆的传奇，怎会死得比田埂上的野狗还要窝囊？,李闖……那個一度控制北方、逼死大明朝先帝、百戰不殆的傳奇，怎會死得比田埂上的野狗還要窩囊？,"Li Chuang...that legendary conqueror of the north, who drove the Great Ming Dynasty's late emperor to his death and never lost a battle—how could he perish more ignobly than a stray dog in the fields?",李自成……かつては北を征服し、明の先帝までも死に追いやった百戦錬磨の男が……野良犬のように野垂れ死ぬことがあっていいものだろうか？,"Ли ""Идущий Напролом""... Тот самый, что некогда владел всем Севером, вынудил прежнего императора Великой Мин покончить с собой, легендарный полководец, переживший сотни битв - как он мог встретить такой бесславный конец? Умереть ещё более жалко, чем бродячая собака на межевой тропе?",
,,,,,,,,,,默认138,,,,……,……,...,……,...,
,,,,,,,,,,默认139,,,,而且，在他死后，那些闯军为了给他报仇——竟然在屠杀百姓！,而且，在他死後，那些闖軍為了給他報仇——竟然在屠殺百姓！,"Moreover, after his death, those Dashing Army soldiers—in their quest for vengeance—began slaughtering common folk!",それに彼の死後、闖軍は敵討ちのために――農民を虐殺しているときた。,Да ещё и после его смерти его войска решили отомстить - путём убийства мирных жителей!,
,,,,,,,,,,默认140,,,,东虏、献贼……他们屠百姓，我不奇怪。,東虜、獻賊……他們屠百姓，我不奇怪。,"The Eastern Barbarians, the rebel bandits... I'm not surprised they massacre civilians.",東虜、献賊……あいつらが民を殺しても不思議ではない。,"""Восточные лу"" или войска ""лиходея Сяня""... Будь на их месте они, меня бы это совсем не удивило.",
,,,,,,,,,,默认141,,,,大明朝的官军在屠百姓，我大受震撼，也觉得不应该。,大明朝的官軍在屠百姓，我大受震撼，也覺得不應該。,"But when the Great Ming Dynasty's government troops slaughter civilians, I am deeply shaken and find it unconscionable.",明の官軍が民を殺しても、驚きはするだろうが、あり得ないとは言い切れない。,"Если бы войска Великой Мин убивали мирных жителей - для меня это было бы шоком, но не сказать, чтобы слишком большим.",
,,,,,,,,,,默认142,,,,而李闯带出的士兵竟然在屠百姓……,而李闖帶出的士兵竟然在屠百姓……,"And yet, the soldiers Li Chuang led are now slaughtering common folk...",しかし李自成に従っていた兵士が農民を殺すことになるとは……,"Но то, что этим занимаются войска, которые вёл за собой Ли ""Идущий Напролом""...",
,,,,,,,,,,默认143,,,,或许，我本来也该觉得不奇怪，但因听了许多日良叔和我所讲的所见所闻后，我几乎无法相信——,或許，我本來也該覺得不奇怪，但因聽了許多日良叔和我所講的所見所聞後，我幾乎無法相信——,"Perhaps I should have expected this too, but after hearing Uncle Liang's accounts day after day, I could scarcely believe—",本来ならば何の疑問もないはずだが、良からあれだけ闖軍の話を聞かされた後だと、にわかには信じられなかった――,"Возможно, мне не стоило бы так сильно этому поражаться - но после всех тех рассказов дядюшки Ляна я просто был не в силах поверить:",
,,,,,,,,,,默认144,,,,那个曾带着十万百姓杀进洛阳，开仓放粮的闯军。,那個曾帶著十萬百姓殺進洛陽，開倉放糧的闖軍。,"That this was the same Dashing Army that once led a hundred thousand commoners into Luoyang, opening granaries to feed the people.",かつて十万の農民を率いて洛陽に攻め込み、食料を解放した闖軍が。,"Войска, Идущие Напролом, что провели сотню тысяч простых людей в Лоян и открывали им амбары с едой.",
,,,,,,,,,,默认145,,,,那个喊着“迎闯王不纳粮”“剿兵安民”的闯军。,那個喊著“迎闖王不納糧”、“剿兵安民”的闖軍。,"That Dashing Army which rallied cries of ""Welcome Dashing King Li, no more grain taxes"" and ""Crush the troops to pacify the people"".",「闖王迎えれば<ruby=祖税>納糧</ruby>なし」、「軍を排し民を安んず」と謳った闖軍が。,"Войска, Идущие Напролом, что распевали ""Пришёл Король, Что Идёт Напролом - он не требует налог зерном!"", что ""истребляли правительственные войска во имя народного благоденствия"".",
,,,,,,,,,,默认146,,,,那个梦想是让天下人人都能吃饱饭、让世间再无饿殍的闯军。,那個夢想是讓天下人人都能吃飽飯、讓世間再無餓殍的闖軍。,That Dashing Army whose dream was to fill every belly under heaven and banish The Hungry Lamb from this world.,天下の誰もが十分に飯を食えるようになり、この世から飢えを失くそうと夢見たあの闖軍が。,"Войска, Идущие Напролом, мечтой которых было построить такую Поднебесную, где каждый бы ел досыта и больше не было бы голодных смертей.",
,,,,,,,,,,默认147,,,,竟然有一日也会屠戮百姓。,竟然有一日也會屠戮百姓。,Would one day slaughter the common folk.,よもや、よもや農民を殺す日が来ようとは。,В один день принялись убивать мирных жителей.,
,,,,,,,,,,默认148,,,,太荒唐了……太荒唐了……太荒唐了！,太荒唐了……太荒唐了……太荒唐了！,Too absurd... too absurd... too absurd!,なんとも皮肉だ……あまりにも皮肉な話ではないか！,Это просто нелепо... Просто нелепо... Просто нелепо!,
,,,,,,,,,,默认149,,,,这是所有人都疯了、这是整个天下都疯了？,這是所有人都瘋了、這是整個天下都瘋了？,Has everyone gone mad—has the whole world gone mad?,誰も彼も狂ってしまったのか？世の中が狂ってしまったのか？,"Это что, все вокруг сошли с ума? Вся Поднебесная сошла с ума?",
,,,,,,,,,,默认150,,,,——还是我疯了？,——還是我瘋了？,—Or is it I who have gone mad?,――それとも私が狂ってしまったのか？,Или же это я сошёл с ума?,
,Shake,Graphics,,x=30 y=40 time=0.4,,,,,PageWait,,,,,,,,,
,Se,木头掉落,,,,,,,,,,,,
,,,,,,,,,,默认151,,,,——嘭！,——嘭！,—Bang!,――バシャッ,*Плюх!*,
,,,,,,,,,,默认152,,,,良叔所赠的令牌从我的指缝间滑落，跌入浑浊的泥水之中。,良叔所贈的令牌從我的指縫間滑落，跌入渾濁的泥水之中。,"The token Uncle Liang had given me slipped through my fingers and fell into the murky, muddy water.",良からもらった令牌が指の隙間から滑り落ち、濁った泥水にはまっていった。,"Верительная дощечка, что дал мне дядюшка Лян, выскользнула у меня из пальцев и упала в мутную грязную воду.",
,BgEvent,寻闯8,,,,,1,,,,,,,
,,,,,,,,,,默认153,,,,我茫然挪动着脚步，无助地走了几步，却突然脚下一软，重重跌倒在泥泞里。,我茫然挪動著腳步，無助地走了幾步，卻突然腳下一軟，重重跌倒在泥濘裡。,"Dazed, I staggered forward a few helpless steps before my legs suddenly gave way, sending me crashing heavily into the mire.",呆然としたまま、ふらふらと歩く私。しかし足元がぐらつき、思いきりぬかるみに倒れ込んでしまった。,"В оцепенении я переступил ногами, сделал несколько беспомощных шагов, а потом внезапно потерял равновесие и тяжело упал в грязь.",
,,方知宥,,,,,,,,默认154,,方知宥/32-1-1_方知宥_15,,[呜呜……呜呜呜呜……呜呜呜呜呜……],[嗚嗚……嗚嗚嗚嗚……嗚嗚嗚嗚嗚……],"""Sob...sobsob...sobsobsob...""",「く……ぐぐ……ぐううう……」,"""У-у-у... У-у-у-у... У-у-у-у-у...""",
,,,,,,,,,,默认155,,,,我侧卧在地上，被雨水淋透了身子，开始哭。,我側臥在地上，被雨水淋透了身子，開始哭。,"I lay curled on the ground, soaked by the rain, and wept.",地面に這いつくばり、雨に打たれながら、私は泣き出した。,"Лёжа на боку, вымокший до нитки от дождевой воды, я начал плакать.",
,,方知宥,,,,,,,,默认156,,方知宥/32-1-1_方知宥_16,,[哈哈……哈哈哈哈哈哈……哈哈哈哈哈哈……],[哈哈……哈哈哈哈哈哈……哈哈哈哈哈哈……],"""Hah...hahahahaha...hahahahaha...""",「ふ……ふはは……ははははは……」,"""Ха-ха... Ха-ха-ха-ха-ха-ха... Ха-ха-ха-ха-ха-ха...""",
,,,,,,,,,,默认157,,,,我在泥浆里打了个滚，开始笑。,我在泥漿裡打了個滾，開始笑。,"I writhed in the mud, staring at the sky, and laughed.",泥の中でのたうち、仰向けになって、今度は笑い始めた。,"Перекатившись в грязи, я перевернулся на спину и разразился смехом.",
,,方知宥,,,,,,,,默认158,,方知宥/32-1-1_方知宥_17,,[呜呜呜……哈哈……哈哈哈哈哈……呜呜呜呜……哈哈哈哈！],[嗚嗚嗚……哈哈……哈哈哈哈哈……嗚嗚嗚嗚……哈哈哈哈！],"""Sobsob...hah...hahahaha...sobsobsob...HAHAHAHA!""",「ぐふっ……はは……ははははは……ふふふふ……はーっはっはっは！」,"""У-у-у... Ха-ха... Ха-ха-ха-ха-ха-ха... У-у-у-у-у... Ха-ха-ха-ха!""",
,,,,,,,,,,默认159,,,,我的笑声混在雨中像是哭声，哭声混在雨中像是笑声，很快便连在一起，再也分不清。,我的笑聲混在雨中像是哭聲，哭聲混在雨中像是笑聲，很快便連在一起，再也分不清。,"My laughter dissolved into the rain like sobs, my sobs dissolved into the rain like laughter—until they merged beyond recognition.",雨に混じる笑い声は泣き声のようで、雨に混じる泣き声は笑い声のようで、どれもこれもが一緒くたになり、区別がつかなくなる。,"Мой смех сквозь дождь слышался словно плач, плач сквозь дождь слышался словно смех - вскоре всё это смешалось вместе и стало неразличимо друг от друга.",
,BgEvent,寻闯9,,,,,1,,,,,,,
,,,,,,,,,,默认160,,,,我痛苦却释怀地扭曲着表情，面对天上如断线珠子般的雨水，笑了哭，哭了笑。,我痛苦卻釋懷地扭曲著表情，面對天上如斷線珠子般地雨水，笑了哭，哭了笑。,"With features contorted in agonized release, I faced the heavens’ threaded downpour, laughing through tears and crying through laughter.",苦悶しつつも諦めに顔をゆがめ、糸が切れた数珠のように天から降り注ぐ雨に向かい、私は泣き、笑った。,"С искажённой гримасой, полной боли, но в то же время какого-то умиротворения, глядя в небо, с которого рассыпавшимися бусами капал дождь, я смеялся плачем и плакал смехом.",
,,,,,,,,,,默认161,,,,——啪——啪——啪,——啪——啪——啪,—Snap—Snap—Snap—,――ぱら――ぱら――ぱら,"*Кап.*, *Кап.*, *Кап.*",
,BgEvent,寻闯10,,,,,1,,,,,,,
,,,,,,,,,,默认162,,,,世间疯了。,世間瘋了。,The world has gone mad.,世界が狂った。,Мир сошёл с ума.,
,,,,,,,,,,默认163,,,,世间混乱了。,世間混亂了。,The world has descended into chaos.,世界がごちゃ混ぜになった。,Мир погрузился в хаос.,
,,,,,,,,,,默认164,,,,世间迟缓了。,世間遲緩了。,The world has slowed to a crawl.,世界が遅くなった。,Мир замедлился.,
,,,,,,,,,,默认165,,,,匆匆逃过的难民，匆匆追来的闯军。,匆匆逃過的難民，匆匆追來的闖軍。,"Refugees flee in haste, pursued by the swift Dashing Army.",続々と逃げる難民。続々と追いかける闖軍。,"Спешно бегущие прочь крестьяне, спешно преследующие их Войска, Идущие Напролом.",
,,,,,,,,,,默认166,,,,难民的脸匆匆变幻，变成了牛、变成了羊、变成了马、变成了狗。,難民的臉匆匆變幻，變成了牛、變成了羊、變成了馬、變成了狗。,"The refugees' faces shift rapidly—into oxen, sheep, horses, dogs.",難民の顔が次々と変化していった。牛に、羊に、馬に、犬に。,"Лица крестьян спешно менялись, превращаясь в коров, превращаясь в овец, превращаясь в лошадей, превращаясь в собак.",
,,,,,,,,,,默认167,,,,闯军的脸匆匆变幻，变成了狼、变成了豺、变成了虎、变成了豹。,闖軍的臉匆匆變幻，變成了狼、變成了豺、變成了虎、變成了豹。,"The Dashing Army's faces shift rapidly—into wolves, jackals, tigers, leopards.",闖軍の顔が次々と変化していった。狼に、<ruby=山犬>豺</ruby>に、虎に、豹に。,"Лица солдат Войска, Идущего Напролом, спешно менялись, превращаясь в обычных волков, превращаясь в красных волков, превращаясь в тигров, превращаясь в леопардов.",
,FadeOut,black,,,,,1,,,,,,,,,,,
,,,,,,,,,,默认168,,,,哈哈。,哈哈。,Hah.,あはははは,Ха-ха.,
,,,,,,,,,,默认169,,,,我彻底疯了。,我徹底瘋了。,I’ve gone utterly mad.,私はいかれてしまった。,Я совсем сошёл с ума.,
,,,,,,,,,,默认170,,,,疯了也好。,瘋了也好。,Perhaps madness is better.,いかれたっていいさ。,Но оно и к лучшему.,
,,,,,,,,,,默认171,,,,从此之后，这世间不再是人世。,從此之後，這世間不再是人世。,"From this moment on, the world is no longer a realm of men.",これからは、もうこの世は人のものではない。,Отныне этот мир больше не принадлежит людям.,
,,,,,,,,,,默认172,,,,从此之后，举目皆豺虎，天地奉人牲。,從此之後，舉目皆豺虎，天地奉人牲。,"From this moment on, all eyes behold beasts of prey, and heaven and earth demand human sacrifice.",これからは、見渡す限りみな猛獣だ。天地は人を捨てたのだ。,"Отныне, куда ни кинь взор, вокруг были лишь волки и тигры, Небо и Земля лишь требовали человеческих жертв.",
,,,,,,,,,,默认173,,,,这世间早就完了，没有一丁点的希望。,這世間早就完了，沒有一丁點的希望。,"This world was already lost, without a shred of hope.",この世はもう終わりだ。一点の希望もない。,"Этому миру уже давно настал конец, в нём не осталось ни проблеска надежды.",
,Se,喷血,,,,,,,,,,,,
,,,,,,,,,,默认174,,,,——噗！,——噗！,—Thud!,――ドス！,*Тык!*,
,FadeOut,black,,,,,1,,,,,,,,,,,
,BgEvent,寻闯结局前,,,,,0,,,,,,,,,,,
,FadeIn,black,,,,,1,,,,,,,,,,,
,Wait,,,,,,0.5,,,,,,,,,,,
,Wait,,,,,,1,,,,,,,
,CharacterOff,,,,,,2,,,,,,,,,,,
,HideMessageWindow,,,,,,,,,,,,,,,,,
,CaptureImage,截图,SpriteCamera,背景截图,,,,,,,,,,,,,,
,Bg,寻闯结局,,,,,,,,,,,,,,,,
,RuleFadeOut,截图,CloudWindTop,,Linear,,2,,PageWait,,,,,,,,,
,Wait,,,,,,1,,,,,,,,,,,
,ShowMessageWindow,,,,,,,,,,,,,,,,,
,,,,,,,,,,默认175,,,,不知是何时。,不知是何時。,Unaware of when.,今がいつかもわからない。,"Не знаю даже, когда это случилось.",
,,,,,,,,,,默认176,,,,一杆长枪穿透雨幕，带着那冰凉的雨水刺穿了我的胸膛。,一桿長槍穿透雨幕，帶著那冰涼的雨水刺穿了我的胸膛。,"A spear pierced the rain's veil, its cold steel thrusting through my chest with the icy droplets.",一本の槍が雨幕を貫き、冷たい雨を纏って私の胸に突き刺さった。,"Чьё-то длинное копьё прошло через дождевую завесу и, омытое ледяными каплями, пронзило мне грудь.",
,,,,,,,,,,默认177,,,,我没有抬头去看杀我的人。,我沒有抬頭去看殺我的人。,I didn't raise my head to see my killer.,顔を上げて私を殺した者の顔を見ることはなかった。,"Я даже не стал поднимать голову, чтобы взглянуть, кто убил меня.",
,,,,,,,,,,默认178,,,,我也并不在乎。,我也並不在乎。,Nor did I care.,もはやどうでもよかった。,Мне и вовсе не было до этого дела.,
,,,,,,,,,,默认179,,,,我死了。,我死了。,I died.,私は死んだ。,Я умер.,
,,,,,,,,,,默认180,,,,名为方知宥的凡庸之辈死了。,名為方知宥的凡庸之輩死了。,Fang Zhiyou—that utterly ordinary man—was dead.,方知宥という凡庸な男はここで死んだ。,Посредственность по имени Фан Чжию умерла.,
,,,,,,,,,,默认181,,,,死在了哭与笑之中。,死在了哭與笑之中。,Perished between laughter and sobs.,笑いと涙の中で死んだ。,Умерла среди плача и хохота.,
,,,,,,,,,,默认182,,,,死在这纷乱的妖世。,死在這紛亂的妖世。,Lost to this demon-ridden age.,混沌とした妖の世で死んだ。,Умерла посреди этого беспорядочного мира яогуаев.,
,,,,,,,,,,默认183,,,,……,……,...,……,...,
,,,,,,,,,,默认184,,,,这妖世。,這妖世。,This demon-ridden age.,こんな妖怪の世で。,В этом мире яогуаев.,
,,,,,,,,,,默认185,,,,我不想活。,我不想活。,I've no will to live.,私は生きたくない。,Я не хочу жить.,
,,,,,,,,,,默认186,,,,【结局：寻闯】,【結局：尋闖】,(Ending 1: Seeking the Dashing King - Fin),（エンディング1：尋闖 完）,"【Концовка: В поисках ""Идущего Напролом""】",
,StopBgm,,,,,,3,,,,,,,,,,,
,AddSteamAchiKey,Achieve_map_commonEnd_1
,If,!IsDead,
,AddSteamAchiKey,Achieve_NoDead,
,EndIf,,
,FadeOut,black,,,,,1,,,,,,,,,,,
,BgEvent,约稿1,,,,,,,,,,,,,,,,
,ScreenText,1,White,2,1.5,2,72,,,结语3
,UnlockPlotMap,map_other_1
,EndScenario
