#SHEET_NAME,结局-烬志
,Command,Arg1,Arg2,Arg3,Arg4,Arg5,Arg6,Arg7,WaitType,Text,PageCtrl,Voice,WindowType,SC,TC,English,Japanese,Russian
,*map_commonEnd_7,,,,,,,,,,,,,,,,
,UnlockPlotMap,map_commonEnd_7,,,,,,,,,,,,,,,
,SetChapterName,结局-烬志,,,,,,
,Wait,,,,,,1,
,FadeOut,black,,,,,0,
,BgEvent,哭庙1,,,,,1,,,,,,,,,,
,FadeIn,black,,,,,2,,,,,,,,,,,
,Bgm,曲终人散,,,,0.2,3,,,,,,,,,,,
,,,,,,,,,,默认1,,,,自五月五日起，扬州城的秩序便基本恢复了。,自五月五日起，揚州城的秩序便基本恢復了。,"Since the fifth day of the fifth month, order in Yangzhou had largely been restored.",五月五日を境に、揚州の町の秩序はおおよそ回復していった。,К пятому числу пятого месяца порядок в Янчжоу был по большей части восстановлен.
,,,,,,,,,,默认2,,,,那些曾经城中的恶兵与恶匪都已散去，只留下一具具尸首被抬到街上，百姓们或沉默、或哭泣地将它们堆叠起来，再而点燃。,那些曾經城中的惡兵與惡匪都已散去，只留下一具具屍首被抬到街上，百姓們或沉默、或哭泣地將它們堆疊起來，再而點燃。,"The marauding soldiers and bandits who once terrorized the city had all fled, leaving only corpses to be carried into the streets, where the townsfolk stacked them silently or tearfully before setting them alight.",町を荒らした悪兵や悪党たちは散っていき、残されたのは運び出された無数の死体だけだった。町民たちはみな黙したまま、あるいは泣き顔で彼らの死体を積み上げ、それに火をつけた。,"Наводившие на город ужас солдаты и бандиты ушли, осталось только множество трупов, которые вынесли на улицы. Жители молча или с плачем складывали их в груду, а затем поджигали."
,,,,,,,,,,默认3,,,,火光跃动间，那些躯壳的一部分化作了上升的青烟，另一部分则是化作了沉落的灰烬。,火光躍動間，那些軀殼的一部分化作了上升的青煙，另一部分則是化作了沉落的灰燼。,"In the flickering flames, some of those remains became rising smoke, while others turned to falling ash.",ふらりと炎が揺れ、骸の一部はもうもうと昇る煙となり、残りは積もる灰となった。,"В трепещущем пламени тела частью обращались в синий дым, вздымающийся вверх, частью же становились осыпающимся серым пеплом."
,,,,,,,,,,默认4,,,,待城中安定下来时，我与王生都回到了各自的屋宅。,待城中安定下來時，我與王生都回到了各自的屋宅。,"When calm finally returned to the city, both Scholar Wang and I retreated to our respective homes.",町の情勢が安定してくると、私と王書生はそれぞれ自分の家へと帰った。,"После того, как в городе стало спокойнее, мы с учёным Ваном вернулись каждый в свои дома."
,FadeOut,black,,,,,1,,,,,,,,,,,
,BgEvent,烬志1,,,,,0,,,,,,,,,,,
,FadeIn,black,,,,,1,,,,,,,,,,,
,Wait,,,,,,0.5,,,,,,,,,,,
,,,,,,,,,,默认5,,,,我回到方院后，查看了房中的一切，一时哭笑不得，也不知该感慨幸运还是不幸。,我回到方院後，查看了房中的一切，一時哭笑不得，也不知該感慨幸運還是不幸。,"After returning to Fang's Courtyard, I surveyed my room and found myself torn between laughter and tears, uncertain whether to count myself fortunate or unfortunate.",方院に戻り、中を見渡して思わず苦笑した。これを幸運と呼ぶべきなのか不幸と呼ぶべきなのか。,"Вернувшись во двор семьи Фан и увидев его состояние, я даже не знал, плакать мне или смеяться, считать себя удачливым или неудачливым."
,,,,,,,,,,默认6,,,,幸运的是，方院并未被整个烧毁，大体保持着原貌。,幸運的是，方院並未被整個燒毀，大體保持著原貌。,"Fortunately, Fang's Courtyard wasn't entirely burned down and mostly kept its original form.",幸運なことに、方院は焼け落ちておらず、ほぼ原形を保っていた。,"В чём мне повезло, так это в том, что двор семьи Фан вовсе не оказался сожжён дотла и в целом сохранил свой прежний вид."
,,,,,,,,,,默认7,,,,那个曾被我锁在屋内的妖兵早已不知所踪。,那個曾被我鎖在屋內的妖兵早已不知所蹤。,The demon soldier I'd locked in that room had long vanished without a trace.,傍屋に閉じ込めておいた妖兵は、いつの間にかいなくなっていた。,"Яогуай, которого я запер во флигеле, уже давно куда-то делся."
,,,,,,,,,,默认8,,,,也许是他脱身后急着去追我无暇他顾，也许是他脱身后急着去抢劫——他走得很匆忙，离开时并未一把火烧了方院。,也許是他脫身後急著去追我無暇他顧、也許是他脫身後急著去搶劫——他走得很匆忙，離開時並未一把火燒了方院。,"Maybe after escaping he was too busy chasing me to care—or maybe he ran off to loot—either way, he left in such a hurry that Fang's Courtyard escaped the torch.",脱出してから私を追うことで頭がいっぱいだったのか、それとも強盗に勤しんでいたのか――とにかく慌てて出て行ったようで、火を放っていくことはなかった。,"Возможно, после того, как он смог освободиться, все его мысли занимало то, как бы меня догнать, либо же он стремился награбить побольше - в любом случае, он быстро ушёл отсюда и не стал заморачиваться над тем, чтобы предать двор огню."
,,,,,,,,,,默认9,,,,不幸的是，我曾珍藏的那些书籍，要么被撕毁了，要么便散失无踪，徒留被翻开的柜子，以及散落一地的碎纸屑。,不幸的是，我曾珍藏的那些書籍，要嘛被撕毀了，要嘛便散失無蹤，徒留被翻開的櫃子，以及散落一地的碎紙屑。,"Sadly, my treasured books were either torn apart or lost completely, leaving only gaping cabinets and paper fragments littering the floor.",そして不幸なことに、私が大切に収蔵していた本は破り捨てられたり行方知れずとなったりである。残っていたのは開け放たれた箪笥と、ばらばらになった紙屑だ。,"В чём мне не повезло - те бережно хранимые мной книги либо были уничтожены, либо просто пропали бесследно. Остались только развороченные шкафы и разбросанные по полу обрывки бумаги."
,FadeOut,black,,,,,1,,,,,,,,,,,
,BgEvent,哭庙2,,,,,0,,,,,,,,,,,
,FadeIn,black,,,,,1,,,,,,,,,,,
,Wait,,,,,,0.5,,,,,,,,,,,
,,,,,,,,,,默认10,,,,我猜，那些被撕的书，是他被我困在房屋时做得，大概是为了发泄他的情绪。,我猜，那些被撕的書，是他被我困在房屋時做得，大概是為了發洩他的情緒。,I suppose those torn books were his doing when I had him trapped in the room—likely a way to vent his emotions.,おそらく破られた本は、私が閉じ込めた際にあいつがやったのだろう。鬱憤を晴らすために。,"Скорее всего, те разорванные книги - это было его рук дело: так он вымещал свою злобу после того, как я его запер внутри."
,,,,,,,,,,默认11,,,,这么想来，王生倒是比我更幸运。,這麼想來，王生倒是比我更幸運。,"Thinking about it this way, Scholar Wang was actually luckier than I was.",そういう意味では、王は私よりも幸運だった。,"Если так подумать, то учёному Вану повезло больше, чем мне."
,,,,,,,,,,默认12,,,,他的屋中竟还留着不少旧书，甚至能从犄角旮旯中翻出完好的笔墨。,他的屋中竟還留著不少舊書，甚至能從犄角旮旯中翻出完好的筆墨。,"His house still held quite a few old books, and you could even find intact brushes and ink tucked away in the corners.",彼の家には古本がまだ多く残されており、部屋の隅などから無事な筆や墨も見つかった。,"В его доме всё-таки сохранилось немало старых книг, а в укромных уголках можно было даже найти неповреждённые кисти и чернила."
,FadeOut,black,,,,,1,,,,,,,,,,,
,BgEvent,烬志2,,,,,0,,,,,,,,,,,
,FadeIn,black,,,,,1,,,,,,,,,,,
,Wait,,,,,,0.5,,,,,,,,,,,
,,,,,,,,,,默认13,,,,他一边苦笑，一边调侃抄他家的恶兵都是不识货的粗人。,他一邊苦笑，一邊調侃抄他家的惡兵都是不識貨的粗人。,"With a bitter smile, he joked that the brutish soldiers who ransacked his home were uncultured fools who couldn’t recognize quality.",彼は苦笑しつつ、彼の家を家捜しした悪兵どもは見る目のない野蛮人だと冗談を言った。,"С усмешкой он отметил, что грабившие его дом солдаты, видимо, были полными невеждами и не знали толк в ценностях."
,,,,,,,,,,默认14,,,,随后，他用那些遗留的笔墨开始写书——正是那本《扬州十日记》。,隨後，他用那些遺留的筆墨開始寫書——正是那本《揚州十日記》。,"Later, he began writing a book with the remaining brushes and ink—precisely that ""Ten Days of Yangzhou"".",その後、彼は残った筆と墨で本を書き始めた――『揚州十日記』だ。,"После этого он, используя сохранившиеся кисть и тушь, приступил к написанию книги - той самой, под названием ""Десять дней в Янчжоу"". <i>(Прообраз учёного Вана - реальный автор по имени Ван Сючу, ""Десять дней в Янчжоу"" - единственное известное его произведение)</i>"
,,,,,,,,,,默认15,,,,《扬州十日记》毕竟只记载了王生所见的十日见闻，篇幅长不到哪去。,《揚州十日記》畢竟只記載了王生所見的十日見聞，篇幅長不到哪去。,"After all, ""Ten Days of Yangzhou"" only recorded Scholar Wang’s ten-day observations, so it wasn’t particularly long.",『揚州十日記』は王の目から見た十日間の見聞が書かれているだけで、そう長い話ではない。,"Поскольку книга ""Десять дней в Янчжоу"" описывала только то, что учёный Ван видел и слышал сам за эти десять дней, она не вышла особенно длинной."
,,,,,,,,,,默认16,,,,王生大概写了十日便完稿了，整本书一共有数千字。,王生大概寫了十日便完稿了，整本書一共有數千字。,"Scholar Wang took about ten days to complete the manuscript, which totaled several thousand characters.",およそ十日ほどで彼は書き終わってしまった。本全体でも数千字程度だ。,"Где-то за десять дней он завершил рукопись, в общем вышло на несколько тысяч иероглифов."
,,,,,,,,,,默认17,,,,他写完后，携带完稿的书和笔墨纸砚，专门赶到我的方院请我帮他润色。,他寫完後，攜帶完稿的書和筆墨紙硯，專門趕到我的方院請我幫他潤色。,"After finishing, he brought the completed book along with his writing tools and made a special trip to my Fang's Courtyard, asking me to polish it for him.",書き終わった後、彼は文房具を持って、脚色をしてほしいとわざわざ方院まで頼みに来た。,"Закончив, он принёс готовую рукопись вместе с письменными принадлежностями ко мне, чтобы попросить меня о помощи в редактуре."
,,,,,,,,,,默认18,,,,我细细读过，替他改了许多处细节，又亲手誊抄了一份。,我細細讀過，替他改了許多處細節，又親手謄抄了一份。,"I read it carefully, revised many details for him, and even personally copied out a clean version.",私は細部までそれを読み込み、多くの細部を手直しし、また書き加えてやった。,"Внимательно прочитав, я подправил там немало деталей и лично переписал дубликат."
,FadeOut,black,,,,,1,,,,,,,,,,,
,BgEvent,哭庙3,,,,,0,,,,,,,,,,,
,FadeIn,black,,,,,1,,,,,,,,,,,
,Wait,,,,,,0.5,,,,,,,,,,,
,,,,,,,,,,默认19,,,,自此，我们二人各持一稿带在身边，算是各自守住了一段不容遗忘的历史。,自此，我們二人各持一稿帶在身邊，算是各自守住了一段不容遺忘的歷史。,"From then on, each of us kept a copy with us, as if safeguarding a piece of history that must not be forgotten.",それ以来、私たちは二人で一稿ずつ、忘れてはならない歴史の一部を保管することにした。,"После этого каждый из нас взял с собой по экземпляру - можно сказать, тем самым сохраняя часть истории, которую следовало помнить."
,,,,,,,,,,默认20,,,,……,……,...,……,...
,,,,,,,,,,默认21,,,,五月十六日，我向王生辞行，表明明日便会离开扬州。,五月十六日，我向王生辭行，表明明日便會離開揚州。,"On the sixteenth of the fifth month, I bid farewell to Scholar Wang, telling him I would leave Yangzhou the next day.",五月十六日、私は王書生に明日揚州を去ると言って別れを告げた。,"В шестнадцатый день пятого месяца я попрощался с учёным Ваном и сообщил ему, что завтра собираюсь покинуть Янчжоу."
,,,,,,,,,,默认22,,,,王生有些震惊，他说见我这些时日留在城中，还以为我已改了主意。,王生有些震驚，他說見我這些時日留在城中，還以為我已改了主意。,"Scholar Wang was somewhat shocked. He said that seeing me stay in the city all this time, he had assumed I'd changed my mind.",彼は少し驚いたようだ。私がこの数日ずっと町に留まっているのを見て、気が変わったのかと思っていたらしい。,"Тот был удивлён - он сказал, что, видя, как я оставался в городе все эти дни, решил было, что я передумал."
,,,,,,,,,,默认23,,,,我笑了笑，告诉他多留这些天，本就是为了帮他修书。,我笑了笑，告訴他多留這些天，本就是為了幫他修書。,I smiled and told him I'd only stayed these extra days to help him revise his book.,ここにいた数日は、彼の本の校正をするためであったことを笑いながら話した。,"Я с улыбкой сообщил ему, что задержался специально для того, чтобы помочь ему с книгой."
,,,,,,,,,,默认24,,,,如今《扬州十日记》已经写成，我也该动身离开了。,如今《揚州十日記》已經寫成，我也該動身離開了。,"Now that ""Ten Days of Yangzhou"" is complete, I should be on my way.",『揚州十日記』も完成した。そろそろ去るべき時だ。,"Теперь же, когда труд ""Десять дней в Янчжоу"" завершён, мне пришла пора отправляться в путь."
,,,,,,,,,,默认25,,,,……,……,...,……,...
,FadeOut,black,,,,,1,,,,,,,,,,,
,BgEvent,哭庙4,,,,,0,,,,,,,,,,,
,FadeIn,black,,,,,1,,,,,,,,,,,
,Wait,,,,,,0.5,,,,,,,,,,,
,,,,,,,,,,默认25,,,,……,……,,,...
,,,,,,,,,,默认26,,,,王生曾问过我今后要去哪里。,王生曾問過我今後要去哪裡。,Scholar Wang once asked me where I planned to go.,これからどこへ行くのかと王が訊いた。,"Учёный Ван спросил, куда же я собираюсь направиться."
,,,,,,,,,,默认27,,,,我只是摇头，并没有确切的答案。,我只是搖頭，並沒有確切的答案。,"I merely shook my head, having no definite answer.",私は首を振り、はっきりとは答えなかった。,"Я лишь покачал головой, не дав чёткого ответа."
,,,,,,,,,,默认28,,,,天地茫茫，我只想听天由命，走到哪算哪。,天地茫茫，我只想聽天由命，走到哪算哪。,"The world is vast and uncertain—I only wish to follow fate's course, going wherever it takes me.",世界は広い。私はただ天命に身を委ね、流れのままに行きつくだけだ。,"Мир огромен - так что я пойду куда глаза глядят, куда в конце концов заведёт меня судьба."
,,,,,,,,,,默认29,,,,或许，我并非想去某个地方，只是想离开扬州——这座埋葬了太多记忆的城池对我而言太过沉重，我想去一个陌生的地方，寻找新的人生意义。,或許，我並非想去某個地方，只是想離開揚州——這座埋葬了太多記憶的城池對我而言太過沉重，我想去一個陌生的地方，尋找新的人生意義。,"Perhaps I don't seek any particular destination, but merely to leave Yangzhou—this city that buries too many memories weighs too heavily on me. I want to go to an unfamiliar place and find new meaning in life.",もしかしたら、私はどこかに行きたいのではなく、ただ単に揚州を離れたかっただけなのかもしれない――あまりにも多くの思い出を埋葬したこの町は、私にとって重すぎる。見知らぬ土地に行き、人生の意味を見つけ直したいのだ。,"Быть может, я и вовсе не хочу отправиться куда-то конкретно, а лишь желаю покинуть Янчжоу - в этом городе было похоронено слишком много воспоминаний, которые давили на меня тяжким грузом."
,,,,,,,,,,默认30,,,,……,……,...,……,...
,,,,,,,,,,默认31,,,,五月十七，我带上仅存的盘缠，沿长江而下，时而乘船，时而步行，一路向东。,五月十七，我帶上僅存的盤纏，沿長江而下，時而乘船，時而步行，一路向東。,"On the seventeenth of the fifth month, I took my remaining savings and journeyed down the Yangtze River, sometimes by boat, sometimes on foot, heading eastward all the way.",五月十七日。私は残っていた僅かな路銀を持って長江を下った。船に乗ることもあれば徒歩の時もあったが、とにかく東へと向かった。,"Семнадцатого числа пятого месяца я, прихватив с собой оставшиеся у меня деньги на дорожные расходы, отправился вдоль Янцзы на восток - временами на лодке, временами пешком."
,,,,,,,,,,默认32,,,,我经过了许多座城镇，每经过一座城镇，几乎都会传来这里刚被东虏攻陷的消息。,我經過了許多座城鎮，每經過一座城鎮，幾乎都會傳來這裡剛被東虜攻陷的消息。,"I passed through many towns, and in almost every one, word came that it had just fallen to the Eastern Barbarians.",その途中で多くの町を通った。どの町を通り過ぎる時も、東虜によって陥落したという話を聞かないことがほぼなかった。,"В какой бы город или поселение я не заходил, почти везде до меня доходили вести, что их недавно захватили ""восточные лу""."
,,,,,,,,,,默认33,,,,这些城镇的境遇比我想象的要好。,這些城鎮的境遇比我想像的要好。,These towns fared better than I had imagined.,それらの町の状況は、私が思っていたよりましだった。,"Но обстановка там была куда лучше, чем можно было подумать."
,,,,,,,,,,默认34,,,,东虏对待他们并没有对扬州那般残忍，大多数城镇，因为没有明军镇守，在东虏刚至之时便会放弃抵抗，开门迎降，城中百姓得以保全性命。,東虜對待他們並沒有對揚州那般殘忍，大多數城鎮，因為沒有明軍鎮守，在東虜剛至之時便會放棄抵抗，開門迎降，城中百姓得以保全性命。,"The Eastern Barbarians did not treat them as brutally as they had Yangzhou. Most towns, lacking Ming Army garrisons, would surrender and open their gates upon the barbarians' arrival, sparing the townsfolk.",東虜は彼らに対し、揚州ほどの残忍さを見せなかった。多くの町は明軍が駐屯していなかったため、東虜が現れるとすぐに抵抗をやめ、町の民の無事を守るために、城門を開いて迎え入れた。,"<size=27>""Восточные лу"" вовсе не стали устраивать там жестокостей, подобных тем, что случились в Янчжоу - в большинстве городов и поселений в принципе не было гарнизона минских солдат, так что при прибытии противника они сразу же капитулировали и открывали им ворота, сохраняя тем самым жизни своих жителей.</size>"
,,,,,,,,,,默认35,,,,相比之下，反而是城镇与城镇之间的路比我想象的要更为难走。,相比之下，反而是城鎮與城鎮之間的路比我想像的要更為難走。,"By contrast, the roads between towns were far more treacherous than I had expected.",それに比べ、町から町へと移る際の道のりは、思っていたよりもしんどかった。,"Скорее уж, дороги между поселениями оказалось куда труднее преодолевать."
,,,,,,,,,,默认36,,,,各地盗匪横行，行商之人也会避让军队，船家马夫趁机乱收银子、漫天要价。,各地盜匪橫行，行商之人也會避讓軍隊，船家馬夫趁機亂收銀子、漫天要價。,"Bandits roamed everywhere, merchants steered clear of the armies, and boatmen or carters exploited the chaos by charging exorbitant fees or demanding outrageous prices.",各地に盗賊がのさばり、行商人も軍を避け、船乗りや馬子がとんでもない金を要求してくるのだ。,"Всюду свирепствовали разбойники, странствующие торговцы старались держаться подальше от войск, а лодочники и погонщики лошадей, пользуясь случаем, заламывали непосильные цены."
,,,,,,,,,,默认37,,,,辗转多地近十日后，我身上的盘缠将要被花尽。,輾轉多地近十日後，我身上的盤纏將要被花盡。,"After wandering through multiple places for nearly ten days, my travel funds were nearly exhausted.",十日近く転々としたところで、路銀がほぼ底をついた。,После почти десяти дней скитаний по разным местам мои деньги оказались почти на исходе.
,,,,,,,,,,默认38,,,,这让我不得不找个地方停留，不得不寻一份营生做。,這讓我不得不找個地方停留，不得不尋一份營生做。,This forced me to settle somewhere and find work.,そのため不本意ながらどこかに腰を落ち着け、何か仕事をしなければならなくなってしまった。,"Это заставило меня задуматься о том, чтобы искать себе пристанище и источник заработка."
,,,,,,,,,,默认39,,,,不知不觉。,不知不覺。,Before I knew it.,気付けば。,Незаметно для себя.
,,,,,,,,,,默认40,,,,我差不多往东行了一百里。,我差不多往東行了一百里。,I had traveled roughly <ruby=About 35.79 miles>a hundred li</ruby> eastward.,百里ほども東に進んでいた。,Я преодолел на восток почти целую сотню ли. <i>(Один ли ~ 576 метров.)</i>
,,,,,,,,,,默认41,,,,当我停下脚步时，正好是站在了江阴城下。,當我停下腳步時，正好是站在了江陰城下。,"When I finally stopped, I found myself standing at the gates of Jiangyin City.",足を止めると、そこはちょうど江陰の城下町だった。,"Когда я решил искать место, где остановиться, я как раз был у стен города Цзянъинь."
,,,,,,,,,,默认42,,,,……,……,...,……,...
,FadeOut,black,,,,,1,,,,,,,,,,,
,BgEvent,烬志3,,,,,0,,,,,,,,,,,
,FadeIn,black,,,,,1,,,,,,,,,,,
,Wait,,,,,,0.5,,,,,,,,,,,
,,,,,,,,,,默认43,,,,江南之地有一点好。,江南之地有一點好。,The Jiangnan region has one advantage.,江南の良いところが一つある。,У земель к югу от Янцзы есть одно преимущество.
,,,,,,,,,,默认44,,,,这里与北方不同，无论再乱，都不缺文人的活计。,這裡與北方不同，無論再亂，都不缺文人的生計。,"Unlike the north, no matter how turbulent things get, there's always work for scholars.",北と違い、どれほど荒れていても文人の仕事に事欠かないのだ。,"В противоположность северным землям, здесь даже в самое смутное время не будет недостатка в работе для учёных людей."
,,,,,,,,,,默认45,,,,我凭着一手好字和秀才身份，很快便在江阴找了一份抄书的差事。,我憑著一手好字和秀才身份，很快便在江陰找了一份抄書的差事。,"With my skilled calligraphy and Scholar status, I soon found work as a scribe in Jiangyin.",字の綺麗さと秀才の身分のおかげで、すぐに江陰で写本の仕事を見つけることができた。,"Благодаря своему красивому почерку и званию ""сюцай"" я быстро нашёл себе в Цзянъине работу переписчика."
,FadeOut,black,,,,,1,,,,,,,,,,,
,BgEvent,烬志5,,,,,0,,,,,,,,,,,
,FadeIn,black,,,,,1,,,,,,,,,,,
,Wait,,,,,,0.5,,,,,,,,,,,
,,,,,,,,,,默认46,,,,一次无意间，我向旁人透露了自己来自扬州，这消息不胫而走，不断有人来到我抄书的地方，向我打听扬州的情况。,一次無意間，我向旁人透露了自己來自揚州，這消息不脛而走，不斷有人來到我抄書的地方，向我打聽揚州的情況。,"Once, I inadvertently mentioned my Yangzhou origins to someone. The news spread quickly, and soon people kept coming to my workplace, asking about Yangzhou.",ふとした時に、うっかり揚州から来たことを人に話してしまった。噂が瞬く間に広まり、私が写本をしている所に次々と人がやってきて、揚州の状況を聞くのだった。,"Однажды я случайно упомянул кому-то, что сам родом из Янчжоу, и эта новость разлетелась по всем уголкам города: ко мне на рабочее место стали наведываться люди с расспросами о том, как там в Янчжоу обстоят дела."
,,,,,,,,,,默认47,,,,他们所问的基本一致，都是问我扬州是否如传闻那般惨遭屠城，已死了数十万人。,他們所問的基本都一致，都是問我揚州是否如傳聞那般慘遭屠城，已死了數十萬人。,"Their questions were largely the same—all asking whether Yangzhou had truly suffered the rumored massacre, with hundreds of thousands already dead.",彼らの質問はほぼ同じで、揚州が噂通り悲惨な虐殺に遭って、数十万人も死んだのかというものだった。,"Их вопросы в основном были об одном и том же: всем хотелось узнать, действительно ли Янчжоу, как ходили слухи, подвергся жестокому разгрому и там погибло сотни тысяч людей."
,,,,,,,,,,默认48,,,,为了避免招惹麻烦，我总是搪塞过去，并不愿意过多回答。,為了避免招惹麻煩，我總是搪塞過去，並不願意過多回答。,"To avoid trouble, I always dodged the questions, unwilling to elaborate.",面倒を避けるため、私はいつもごまかし、あまり答えないようにしていた。,"Чтобы не навлечь на себя неприятностей, я всегда старался уклониться от ответа, не желая сообщать излишних подробностей."
,FadeOut,black,,,,,1,,,,,,,,,,,
,BgEvent,烬志4,,,,,0,,,,,,,,,,,
,FadeIn,black,,,,,1,,,,,,,,,,,
,Wait,,,,,,0.5,,,,,,,,,,,
,,,,,,,,,,默认49,,,,但渐渐地，我开始明白江阴为何如此关心扬州——,但漸漸地，我開始明白江陰為何如此關心揚州——,"But gradually, I understood why Jiangyin cared so deeply about Yangzhou—",しかし徐々に、江陰がどうしてそこまで揚州に関心を持っているのかを知るようになった――,"Но постепенно я начал понимать, почему жителей Цзянъиня так волновала судьба Янчжоу:"
,,,,,,,,,,默认50,,,,此地虽然没有史阁部那样的重臣坐镇，但是本地士人众多。,此地雖然沒有史閣部那樣的重臣坐鎮，但是本地士人眾多。,"Though this place lacked a high-ranking official like Minister Shi, it was home to many local scholars.",この地には史閣部のような重鎮がいるわけではない。しかし人士がかなりいる。,"Пусть здесь и не было таких влиятельных чиновников, как министр Ши, но всё равно было очень много учёного люда."
,,,,,,,,,,默认51,,,,很多人自幼读圣贤书，信奉忠君爱国之道，并不打算轻易臣服东虏。,很多人自幼讀聖賢書，信奉忠君愛國之道，並不打算輕易臣服東虜。,"Many had studied the classics since childhood, devoted to loyalty and patriotism, with no intention of yielding to the Eastern Barbarians.",多くの者が幼い頃から偉人の書を読み、君主や国に忠誠を誓って育ってきた。易々と東虜などに屈服するつもりがなかったのだ。,"Множество людей с малолетства изучали классические книги, свято верили в верность государю и любовь к стране и не собирались так просто сдаваться ""восточным лу""."
,,,,,,,,,,默认52,,,,我来之前，他们甚至曾打算招募兵马赴南京勤王，只因无人统领，最终作罢。,我來之前，他們甚至曾打算招募兵馬赴南京勤王，只因無人統領，最終作罷。,"Before I arrived, they had even planned to raise troops to defend the emperor in Nanjing, but without a leader, the effort was abandoned.",私が来る前に、彼らは義勇兵を集めて南京に送り、国への忠を示そうとしたが、それをまとめられる者がおらず、結局断念したようだった。,"Ещё до моего приезда они даже собирались направить в Нанкин спасительный отряд на помощь императору, но, поскольку им было некого поставить во главе, в конце концов они отказались от этой затеи."
,,,,,,,,,,默认53,,,,……,……,...,……,...
,FadeOut,black,,,,,1,,,,,,,,,,,
,BgEvent,烬志8,,,,,0,,,,,,,,,,,
,FadeIn,black,,,,,1,,,,,,,,,,,
,Wait,,,,,,0.5,,,,,,,,,,,
,,,,,,,,,,默认54,,,,二十九日，江阴城发生了一件大事。,二十九日，江陰城發生了一件大事。,"On the 29th, a major event occurred in Jiangyin City.",二十九日。江陰で大事件が起きた。,В двадцать девятый день в Цзянъине произошло знаменательное событие.
,,,,,,,,,,默认55,,,,东虏派来的县令张贴了布告，下令“剃发易服”，激起了民愤。,東虜派來的縣令張貼了布告，下令“剃髮易服”，激起了民憤。,"The county magistrate sent by the Eastern Barbarians posted a notice ordering ""Shaving Hair and Changing Attire"", which provoked public outrage.",東虜に派遣されてきた県令がお触れを出し、「剃髪令」を下して民衆が激怒したのだ。,"Глава уезда, присланный ""восточными лу"", расклеил уведомление об указе о ""бритье головы и смене одежды"" - что вызвало у народа крайнее возмущение."
,,,,,,,,,,默认56,,,,许多江阴人聚集起来联名上书，拒绝剃发，拒绝易服，甚至为此与新来的县令当堂对骂。,許多江陰人聚集起來聯名上書，拒絕剃髮，拒絕易服，甚至為此與新來的縣令當堂對罵。,"Many Jiangyin residents gathered to submit a joint petition, refusing to shave their hair or change their attire, even openly quarreling with the new magistrate in his court.",多くの江陰人が集まって連名で上書を書き、剃髪と改服を拒否し、さらには新しく来た県令と公然の場で罵り合った。,"Многие жители Цзянъиня собрались и подали коллективное обращение, в котором отказывались брить голову и менять одежду на маньчжурскую, и даже вступили с этим новым главой уезда в словесную перепалку."
,,,,,,,,,,默认57,,,,……,……,...,……,...
,,,,,,,,,,默认58,,,,六月初一，有人找到县令，说“头可断，发决不可剃”。,六月初一，有人找到縣令，說“頭可斷，發決不可剃”。,"On the first day of the sixth month, someone confronted the magistrate, saying, ""We would rather lose our heads than shave our hair"".",六月一日。ある者が県令に対し、「首は落としても髪は落とさず」と言った。,"В первое число шестого месяца некоторые люди сообщили главе уезда - ""можете рубить нам головы, но брить мы их не будем""."
,,,,,,,,,,默认59,,,,县令为了震慑民众，又发布了一则新布告，上面书写着“留头不留发，留发不留头。”的句子。,縣令為了震懾民眾，又發布了一個新布告，上面書寫著“留頭不留髮，留髮不留頭。”的句子。,"To intimidate the populace, the magistrate issued another notice that read: ""Keep your hair and lose your head, or keep your head and lose your hair"". sentence.",一方の県令は民衆を脅すため、新たなお触れを公布した。そこには「頭を残したくば髪を残さず、髪を残したくば頭を残さぬべし」と書かれていた。,"В ответ тот, чтобы припугнуть народ, издал новое уведомление, гласившее: ""хочешь сохранить голову - должен лишиться волос, сохранишь волосы - лишишься головы""."
,,,,,,,,,,默认60,,,,县令命令书吏抄写，愤怒的书吏将笔扔到地上，慨然说道：“就死也罢！”,縣令命令書吏抄寫，憤怒的書吏將筆扔到地上，慨然說道：“就死也罷！”,"The magistrate ordered a clerk to transcribe the notice, but the furious clerk threw his brush to the ground and declared: ""I'd rather die""!",県令が書吏にそれを書き写すよう命じ、激怒した書吏は筆を地面にたたきつけ、憤然としながら「だったら死んでやる」と言い返したのだった。,"Он приказал писцу сделать копию - но разгневанный писец бросил перо на землю и с возмущением воскликнул: ""Да лучше уж умереть!"""
,,,,,,,,,,默认61,,,,……,……,...,……,...
,,,,,,,,,,默认62,,,,此事迅速传遍全城。,此事迅速傳遍全城。,The news quickly spread throughout the city.,この件はすばやく町中に知れ渡った。,Эта новость быстро разнеслась по всему городу.
,,,,,,,,,,默认63,,,,晚些时候，又传出了县令写信给东虏，请求他们派兵过来的消息。,晚些時候，又傳出了縣令寫信給東虜，請求他們派兵過來的消息。,"Later, rumors surfaced that the county magistrate had written to the Eastern Barbarians, asking them to send troops.",その後、県令が東虜に対し、兵をよこすよう手紙を書いたという噂が出回った。,"Позднее поползли слухи о том, что глава уезда написал ""восточным лу"" письмо с просьбой прислать на помощь войска."
,,,,,,,,,,默认64,,,,愤怒的民众听到传言，很快便包围了县衙，抓住了县令，并推举典史“陈明遇”，带领他们誓死对抗东虏。,憤怒的民眾聽到傳言，很快便包圍了縣衙，抓住了縣令，並推舉典史“陳明遇”帶領他們、誓死對抗東虜。,"Infuriated by the rumors, the townspeople soon surrounded the county office, seized the magistrate, and elected Archivist ""Chen Mingyu"" to lead their desperate resistance against the Eastern Barbarians.",怒り狂った民衆は、噂を聞くなり役場を包囲し、県令を引っ掴まえた。そして典史の「<ruby=ちんめいぐう>陳明遇</ruby>」を推挙して一丸となり、死を賭して東虜に抗う誓いを立てた。,"Возмущённые этими слухами жители вскоре окружили уездную управу, схватили главу уезда и выдвинули в качестве своего предводителя начальника уездной тюрьмы по имени Чэнь Минъюй, поклявшись сражаться с ""восточными лу"" до последнего."
,,,,,,,,,,默认65,,,,陈明遇很快联络了周围的保长，在江阴城及其周边筹备兵器甲胄，再分发给城里愿意抗敌的人。,陳明遇很快聯絡了周圍的保長，在江陰城及其周邊籌備兵器甲冑，再分發給城裡願意抗敵的人。,"Chen Mingyu promptly coordinated with local ward leaders, gathering weapons and armor in and around Jiangyin City, which were then distributed to willing defenders.",陳明遇はすぐに周辺の保長と連絡を取り、江陰の町やその周辺に武器や甲冑を用意させ、町で敵と戦う覚悟のある者に配って回った。,"Чэнь Минъюй быстро связался с ответственными за ополчение в округе, набрал оружие и доспехи в Цзянъине и его окрестностях, а затем раздал тем горожанам, кто был готов сражаться с врагом."
,FadeOut,black,,,,,1,,,,,,,,,,,
,BgEvent,烬志13,,,,,0,,,,,,,,,,,
,FadeIn,black,,,,,1,,,,,,,,,,,
,Wait,,,,,,0.5,,,,,,,,,,,
,,,,,,,,,,默认66,,,,我因是“扬州十日”的幸存者，陈明遇很看重我的这段经历，对我信任有加。,我因是“揚州十日”的倖存者，陳明遇很看重我的這段經歷，對我信任有加。,"As a survivor of the ""Yangzhou Ten Days"", Chen Mingyu deeply respected my experience and trusted me implicitly.",私は「揚州十日」の生存者だったため、陳明遇がその経験を重視し、私のことを取り立ててくれた。,"Чэнь Минъюй очень ценил тот факт, что я был одним из выживших в ""Десяти днях Янчжоу"", и испытывал ко мне особенное доверие."
,,,,,,,,,,默认67,,,,他不仅给我发了武器，还调拨了十几个人归我指挥。,他不僅給我發了武器，還調撥了十幾個人歸我指揮。,He not only gave me weapons but also assigned over a dozen men to my command.,彼は私に武器をよこすだけでなく、十数人を私の指揮下に配属してくれた。,"Он не только вручил оружие мне самому, но и отрядил под моё начало десять с лишним человек."
,,,,,,,,,,默认68,,,,我有些不安，害怕事态演变下去，这座城会重蹈扬州覆辙。,我有些不安，害怕事態演變下去，這座城會重蹈揚州覆轍。,"I felt uneasy, fearing that if things continued this way, the city might meet the same fate as Yangzhou.",私の方はといえば少し不安だった。もしもこのまま悪い方に進めば、この町も揚州の二の轍を踏むことになる。,"Я был обеспокоен, опасаясь, что, если так пойдёт дальше, то этот город повторит судьбу Янчжоу."
,,,,,,,,,,默认69,,,,但是，当我握住陈明遇递来的红缨枪，看到他眼里炽热如火的勇气后，竟也被他所感染，不再推辞。,但是，當我握住陳明遇遞來的紅纓槍，看到他眼裡熾熱如火的勇氣後，竟也被他所感染，不再推辭。,"But when I grasped the red-tasseled spear Chen Mingyu handed me and saw the fiery courage in his eyes, I found myself inspired and stopped refusing.",しかし陳明遇にもらった<ruby=こうおうそう>紅櫻槍</ruby>を握り、彼の目に炎のような灼熱の勇気が宿っているのを見ると、私まで影響されたのか拒むことができなかった。,"Но когда я принял от Чэнь Минъюя копьё с красной бахромой и увидел в его взгляде пылающую огнём отвагу, я тоже заразился ею и уже более не отказывался от такого поручения."
,,,,,,,,,,默认70,,,,我隐约觉得，与这座城市共存亡，以血与火证明某种气节、保卫某种尊严——便是我想要寻找的某种人生意义。,我隱約覺得，與這座城市共存亡，以血與火卻證明某種氣節、保衛某種尊嚴——便是我想要尋找的某種人生的意義。,I vaguely sensed that standing with this city to the end—defending dignity through blood and fire—was the meaning of life I'd been seeking.,漠然とこう思っていた。この町と存亡を共にし、血と火で気概を示し、尊厳を守ってやる――それが私の探し求めていた人生の意義なのだと。,"Что-то как будто говорило мне, что разделить судьбу этого города, кровью и огнём доказать свои принципы и отстоять свое достоинство - это тот самый смысл жизни, который я искал."
,,,,,,,,,,默认71,,,,……,……,...,……,...
,FadeOut,black,,,,,1,,,,,,,,,,,
,BgEvent,烬志7,,,,,0,,,,,,,,,,,
,FadeIn,black,,,,,1,,,,,,,,,,,
,Wait,,,,,,0.5,,,,,,,,,,,
,,,,,,,,,,默认72,,,,此后的十余日，东虏屡次派遣兵丁前来镇压。,此後的十餘日，東虜屢次派遣兵丁前來鎮壓。,"For the next ten days, the Eastern Barbarians repeatedly sent troops to suppress us.",その後の十日余り、東虜が数度にわたって兵をよこして鎮圧にやってきた。,"Последующие десять с чем-то дней ""восточные лу"" то и дело посылали войска для подавления нашего восстания."
,,,,,,,,,,默认73,,,,我带领着跟随我的那十几个人，在陈明遇的指挥下屡次出城作战，打赢过一次胜仗。,我帶領著跟隨我的那十幾個人，在陳明遇的指揮下屢次出城作戰，打贏過一次勝仗。,"Leading the dozen or so followers under my command, we repeatedly ventured beyond the city walls under Chen Mingyu's orders and won a decisive battle once.",私は配下の十数人を率い、陳明遇の指揮下で何度も町の外に出て戦い、一度は勝利を得た。,"Я со своим отрядом по указанию Чэнь Минъюя неоднократно выходил за пределы города и вступал в бой, и однажды одержал победу."
,,,,,,,,,,默认74,,,,我们曾剿灭过一伙五人的流寇，并将他们的首级割下来带回城内。,我們曾剿滅過一伙五人的流寇，並將他們的首級割下來帶回城內。,We once eradicated a band of five outlaws and brought their severed heads back to the city.,五人組の流賊を殲滅し、その首を落として町に持ち帰ってきたことがある。,Мы уничтожили банду из пяти разбойников и принесли их отрубленные головы в город.
,,,,,,,,,,默认75,,,,陈明遇为我们记下了战功“杀鞑虏精兵十五人”，并且张榜公布。,陳明遇為我們記下了戰功“殺韃虜精兵十五人”，並且張榜公布。,"Chen Mingyu recorded our military achievement as ""slaying 15 elite Tatar soldiers"" and publicly displayed the proclamation.",陳明遇は私たちの戦功を「韃子の精鋭十五人を殺す」と記録し、それを貼り出した。,"И Чэнь Минъюй записал нам в военные заслуги, что мы ""уничтожили пятнадцать элитных варварских воинов"", после чего объявил об этом публично."
,,,,,,,,,,默认76,,,,我问他为何多写了十人，还要把装备简陋的山匪流寇写成东虏的精兵。,我問他為何多寫了十人，還要把裝備簡陋的山匪流寇寫成東虜的精兵。,I asked him why he inflated the count by ten and why he described the poorly armed mountain bandits as elite Eastern Barbarian troops.,なぜ十人も多く書いたのか、そしてただの山賊たちを東虜の精鋭と書いたのかと彼に尋ねてみた。,"Я поинтересовался у него, зачем он приписал нам ещё десять убитых, а также из кое-как вооружённых горных разбойников сделал элитных солдат ""восточных лу""."
,,,,,,,,,,默认77,,,,他叹了一口气答道：只有持续公布胜利的消息，才能振奋城内的民心，使大家有勇气抗击东虏。,他嘆了一口氣答道：只有持續公布勝利的消息，才能振奮城內的民心，使大家有勇氣抗擊東虜。,He sighed and answered: Only by consistently announcing victories can we boost the people's morale in the city and give everyone courage to resist the Eastern Barbarians.,すると彼は溜息をつき、勝利の知らせを公布し続けることのみが、町の民の心を震わせ、東虜に抗う勇気を奮い立たせるのだと答えるのだった。,"Он вздохнул и ответил, что лишь постоянные известия о больших победах могут поднять дух жителей города и дать им всем мужество противостоять захватчикам»."
,,,,,,,,,,默认78,,,,……,……,...,……,...
,,,,,,,,,,默认79,,,,又过了十余日，我看到记录着战报的公告榜上已经多了十几条新的战报。,又過了十餘日，我看到記錄著戰報的公告榜上已經多了十幾條新的戰報。,"After another ten or so days, I noticed over a dozen new battle reports had been added to the war-update bulletin board.",それからさらに十余日。戦報の掲示に、十数文もの新たな戦報が張り出されていることに気付いた。,"Прошло ещё более десяти дней, и я заметил, что на доске объявлений, где публиковались военные сводки, уже было более десятка новых сообщений."
,,,,,,,,,,默认80,,,,这些战报中，仅有两条是惜败的战报，多数都是前方大捷，使人看了便觉得有希望。,這些戰報中，僅有兩條是惜敗的戰報，多數都是前方大捷，使人看了便覺得有希望。,"Among these, only two were narrow defeats—most were major frontline victories that kindled hope in readers.",その戦報の中に惜敗の報告はたったの二文で、ほとんどが前線での大勝利であり、見る者を勇気づけるものだった。,"Среди них лишь два сообщало о незначительных поражениях, большинство же вещали о крупных победах на передовой - те, кто их видел, сразу чувствовали прилив надежды."
,,,,,,,,,,默认81,,,,这些大捷的战报，最为显赫的便是位于头榜的“歼敌三百人”，最少的则是我的部队消灭的那十五人、或者说是五人……,這些大捷的戰報，最為顯赫的便是位於頭榜的“殲敵三百人”，最少的則是我的部隊消滅的那十五人、或者說是五人……,"The most prominent victory was the top-listed ""300 enemies annihilated"", while the smallest was my unit's elimination of fifteen, or rather, five men...",最も目立ったのは、一番上に標榜されている「敵三百人を殲滅」であり、最も少ないものが私の部隊が殺した例の十五人、あるいは五人だった……,"Из этих сообщений о крупных победах самым впечатляющим было первое в списке, гласившее об ""уничтожении трёх сотен врагов"", самым скромным же было сообщение об уничтожении моим отрядом тех пятнадцати человек - которых на самом деле было пять..."
,,,,,,,,,,默认82,,,,城中百姓看了这些战报后更为士气大振，很多人开始觉得打仗并非是难事，原本许多犹豫的人也下定决心决定参军。,城中百姓看了這些戰報後更為士氣大振，很多人開始覺得打仗並非是難事，原本許多猶豫的人也下定決心決定參軍。,"These reports boosted the townspeople's morale further. Many started believing warfare wasn't so difficult, and numerous hesitant individuals resolved to enlist.",町の者たちはその戦報を見て大いに士気が上がり、多くの者がこの戦争に勝ち目があると思い始めた。もともと乗り気でなかった者達も腹をくくり、軍に加わることを決意した。,"При виде этих сообщений жители города ещё больше воодушевились, многие начали считать, что воевать - не такая уж и сложная задача, и даже те, кто раньше колебался, теперь твёрдо решили вступить в армию."
,,,,,,,,,,默认83,,,,我不知道这些战报有多少是真的，多少是假的。,我不知道這些戰報有多少是真的，多少是假的。,I don't know how much of these battle reports is true and how much is fabricated.,その戦報がどこまで真実で、どこまで嘘なのかはわからない。,"Не знаю, сколько из этих сообщений было правдивыми, сколько - ложными."
,,,,,,,,,,默认84,,,,但想来必定是真的居多。,但想來必定是真的居多。,But I suspect most of it must be true.,だが真実の方が多いはずだ。,"Но, скорее всего, большинство из них не врали."
,,,,,,,,,,默认85,,,,因为，东虏真的开始重视我们了——,因為，東虜真地開始重視我們了——,Because the Eastern Barbarians have truly begun to regard us seriously—,なぜなら、東虜は本気で我々のことを重視し始めたからだ――,"Потому что ""восточные лу"" действительно начали относиться к нам серьёзнее:"
,,,,,,,,,,默认86,,,,六月底的时候，东虏派了曾是江北四镇的降将刘良佐来了。,六月底的時候，東虜派了曾是江北四鎮的降將劉良佐來了。,"At the end of the sixth month, the Eastern Barbarians dispatched Liu Liangzuo, a former surrendered general from the Four Towns of Jiangbei.",六月末、東虜がかつての江北四鎮の降将である<ruby=りゅうりょうさ>劉良佐</ruby>を派遣してきた。,"В конце шестого месяца они прислали к нам генерала Лю Лянцзо, некогда командовавшего четырьмя военными округами к северу от Янцзы, а затем перешедшего на сторону ""восточных лу""."
,,,,,,,,,,默认87,,,,……,……,...,……,...
,FadeOut,black,,,,,1,,,,,,,,,,,
,BgEvent,烬志10,,,,,0,,,,,,,,,,,
,FadeIn,black,,,,,1,,,,,,,,,,,
,Wait,,,,,,0.5,,,,,,,,,,,
,,,,,,,,,,默认88,,,,刘良佐刚至之时，先是带兵将城围了起来。,劉良佐剛至之時，先是帶兵將城圍了起來。,"When Liu Liangzuo first arrived, he immediately encircled the city with his troops.",劉良佐が到着すると、真っ先に兵で町を取り囲んだ。,По прибытии Лю Лянцзо сначала взял город в окружение.
,,,,,,,,,,默认89,,,,他派出一些先锋部队，试探性地进行进攻。,他派出一些先鋒部隊，試探性地進行進攻。,He deployed vanguard forces to conduct probing attacks.,彼は先鋒部隊を派遣し、試しに攻撃を繰り出した。,"Он отрядил несколько передовых отрядов, чтобы провести пробные атаки."
,,,,,,,,,,默认90,,,,首先攻打西门，再而攻打南关，最后又攻打东门和北门。,首先攻打西門，再而攻打南關，最後又攻打東門和北門。,"First assaulting the West Gate, then the South Gate, and finally both the East and North Gates.",まずは西門を、次に南の関所を、そして最後に東門と北門を。,"Сначала они атаковали западные ворота, затем заставу на юге, а в конце - восточные и северные ворота."
,,,,,,,,,,默认91,,,,城内百姓顽强抗击敌军，杀退了一波又一波的进攻，最终顽强地守了下来。,城內百姓頑強抗擊敵軍，殺退了一波又一波的進攻，最終頑強地守了下來。,"The city's inhabitants resisted the enemy forces fiercely, repelling successive waves of attacks, and ultimately held their ground with tenacity.",町の人々は敵軍に激しく抗った。次々と押し寄せる攻撃を撃退し、しぶとく守り抜いた。,"Жители города упорно сопротивлялись врагу, отбивая одну волну наступления за другой, и в итоге удержали оборону."
,,,,,,,,,,默认92,,,,虽然有近百位百姓在这一次次进攻中牺牲，但是却留下了十几具敌军的尸首，这些尸首都穿着精良的装备，甚至有一名是重甲的骑兵。,雖然有近百位百姓在這一次次進攻中犧牲，但是卻留下了十幾具敵軍的屍首，這些屍首都穿著精良的裝備，甚至有一名是重甲的騎兵。,"Though nearly a hundred civilians perished in these relentless attacks, they left behind over a dozen enemy corpses clad in fine armor—including one heavily armored cavalryman.",百人近くの民が各攻撃によって犠牲になったが、敵軍の兵も十数人道連れにすることができた。死体はどれも上質な装備を着ており、一人は重装の騎兵も含まれていた。,"Хотя в ходе этих атак пало жертвой около сотни горожан, на поле боя осталось более десятка трупов вражеских солдат, все они были одеты в отличную броню, а один из них был даже в тяжёлом доспехе всадника."
,,,,,,,,,,默认93,,,,此时，大多数的江阴城民，都开始相信陈明遇之前公布的布告上的战报都是真的。,此時，大多數的江陰城民，都開始相信陳明遇之前公布的布告上的戰報都是真的。,"By now, most of Jiangyin City's residents had come to believe the battle reports Chen Mingyu had previously posted were true.",この時、大多数の江陰の民が、陳明遇の公布した戦報が本物であると信じるようになった。,"К этому моменту большинство жителей города Цзянъинь начали верить, что военные сводки, опубликованные ранее Чэнь Минъюем, были правдивыми."
,,,,,,,,,,默认94,,,,……,……,...,……,...
,,,,,,,,,,默认95,,,,这之后，刘良佐开始服软。,這之後，劉良佐開始服軟。,"After this, Liu Liangzuo began to relent.",その後、劉良佐が弱腰になり始めた。,После этого Лю Лянцзо решил действовать мягким путём.
,,,,,,,,,,默认96,,,,他不再攻城，而是写了一封招降书，从东城外射了进来。,他不再攻城，而是寫了一封招降書，從東城外射了進來。,"He stopped assaulting the city and instead wrote a Letter of Surrender Solicitation, which he shot into the city from beyond the East District walls.",彼はそれ以上町を攻撃せず、降伏を呼びかける手紙を括りつけ、町の東から矢で射ってきた。,"Прекратив наступление на город, он написал послание с предложением о капитуляции и закинул его к нам стрелой с восточной стороны."
,,,,,,,,,,默认97,,,,陈明遇收下了招降书，与城中士民公议后，拒绝了刘良佐的劝降。,陳明遇收下了招降書，與城中士民公議後，拒絕了劉良佐的勸降。,"Chen Mingyu accepted the Letter of Surrender Solicitation but, after consulting with the city's scholars and citizens, rejected Liu Liangzuo's terms.",陳明遇は降伏の勧告の書状を手にすると、町の士民と協議し、劉良佐の勧告を拒否することにした。,"Подобрав письмо, Чэнь Минъюй после совещания с жителями города отклонил предложение Лю Лянцзо."
,,,,,,,,,,默认98,,,,于是，刘良佐便又开始攻城了。,於是，劉良佐便又開始攻城了。,"Thus, Liu Liangzuo resumed his assault on the city.",そうして、劉良佐が再び町への攻撃を始めた。,Тот снова перешёл в наступление.
,,,,,,,,,,默认99,,,,这次，他派了更多的虏兵进攻。,這次，他派了更多的虜兵進攻。,"This time, he dispatched even more Barbarian Soldiers for the attack.",今度はさらに多くの虜兵を使って。,На этот раз он направил на штурм ещё больше варварских солдат.
,,,,,,,,,,默认100,,,,我立在城头，看见黑压压的士兵漫过原野，东虏的旌旗随风飘扬，那些剃了头的虏兵们开始攻城。,我立在城頭，看見黑壓壓的士兵漫過原野，東虜的旌旗隨風飄揚，那些剃了頭的虜兵們開始攻城。,"From the city walls, I watched as a sea of soldiers swept across the plains, the Eastern Barbarians' banners fluttering in the wind, their shaven-headed troops advancing to storm the city.",城壁の上に立つと、黒々とした兵士たちが原野を埋め尽くし、東虜の旗が風にはためいていた。頭を剃った虜兵たちが、ついに攻めてきた。,"С городской стены я наблюдал, как тьма-тьмущая солдат наводнила поле, как развевались на ветру знамёна ""восточных лу"", и как те бритоголовые солдаты начали штурм города."
,,,,,,,,,,默认101,,,,这些攻城的虏兵人虽多，但并不卖力，甚至可谓没有勇气。,這些攻城的虜兵人雖多，但並不賣力，甚至可謂沒有勇氣。,"Though numerous, these attacking Barbarian Soldiers fought halfheartedly—one might even say cowardly.",攻め入ってきた虜兵は数こそ多いが、やる気もなく、度胸すらもなかった。,"Хоть солдат на этот раз было больше, но наступали они не очень старательно - можно даже сказать, что им недоставало храбрости."
,,,,,,,,,,默认102,,,,他们比先前的先锋队还要怕死，只敢站在城下百步远，一排排地调动弓兵，将弓箭射入城内。,他們比先前的先鋒隊還要怕死，只敢站在城下百步遠，一排排地調動弓兵，將弓箭射入城內。,"They feared death more than the earlier vanguard, barely daring to approach within a hundred paces of the walls, merely deploying rows of archers to rain arrows into the city.",彼らは先鋒隊よりも死を恐れ、城下から百歩も向こうにつっ立って、弓兵を一列に並べて町に矢を射るだけだった。,"Они боялись смерти больше, чем передовые отряды ранее, и осмеливались лишь стоять в ста шагах от стен, выстроив ряды лучников, которые обстреливали город."
,,,,,,,,,,默认103,,,,城上的我们架起盾牌、架起用来做饭的锅碗瓢盆、木板床板，将那些射来的箭都挡了回去。,城上的我們架起盾牌、架起用來做飯的鍋碗瓢盆、木板床板，將那些射來的箭都擋了回去。,"We on the ramparts raised shields, overturned cooking pots, and propped up wooden planks and bed frames to block the incoming arrows.",城壁の上の私たちが盾や炊事用の鍋に盆、板や床板を掲げ、飛んでくる矢を全て防ぎ切った。,"Мы же, стоящие на стенах, подняли щиты, подняли самую разную посуду для готовки еды, деревянные доски и подложки кроватей - и отразили все летящие в нас стрелы."
,,,,,,,,,,默认104,,,,我们守过一波又一波的箭雨，城里的百姓士气越来越高，也越来越有信心。,我們守過一波又一波的箭雨，城裡的百姓士氣越來越高，也越來越有信心。,"We weathered wave after wave of arrow storms, and the townspeople's morale grew steadily stronger and more confident.",私たちは矢の雨を幾度となく耐え抜き、城内の民衆の士気もますます高まり、勝てると確信を持ち始めていった。,"Так мы выдерживали одну волну стрел за другой, боевой дух горожан становился всё выше, а уверенность - всё сильнее."
,,,,,,,,,,默认105,,,,……,……,...,……,...
,FadeOut,black,,,,,1,,,,,,,,,,,
,BgEvent,烬志6,,,,,0,,,,,,,,,,,
,FadeIn,black,,,,,1,,,,,,,,,,,
,Wait,,,,,,0.5,,,,,,,,,,,
,,,,,,,,,,默认106,,,,七月初九，陈明遇请来了一位高人。,七月初九，陳明遇請來了一位高人。,"On the ninth day of the seventh month, Chen Mingyu summoned an extraordinary man.",七月九日、陳明遇がとある高名な人物を招いた。,Девятого числа седьмого месяца Чэнь Минъюй пригласил одного выдающегося человека.
,,,,,,,,,,默认107,,,,那人名为“阎应元”，陈明遇说他是前典史。,那人名為“閻應元”，陳明遇說他是前典史。,"The man was called ""Yan Yingyuan"", whom Chen Mingyu introduced as a former Archivist.",彼は「<ruby=えんおうげん>閻応元</ruby>」、元典史であると陳明遇が説明した。,"Звали его ""Янь Инъюань"" - по словам Чэнь Минъюя, он был предыдущим начальником уездной тюрьмы ."
,,,,,,,,,,默认108,,,,此人曾赋闲在家，如今被江阴城民的气节打动，决定重新出山，助我们一臂之力。,此人曾賦閒在家，如今被江陰城民的氣節打動，決定重新出山，助我們一臂之力。,He had been living in retirement but was now stirred by the resolve of Jiangyin's people and chose to return to aid our cause.,曰く、既に隠居し民だったが、江陰の町の気概に心を打たれ、再び山を下りて助力したいと申し出たとのことだ。,"Этот человек некоторое время без дела сидел дома, но ныне, тронутый мужеством жителей Цзянъиня, решил снова вернуться в строй и оказать нам помощь."
,,,,,,,,,,默认109,,,,他经验丰富，据说曾在沙场作战，甚至亲手杀过不少东虏。,他經驗豐富，據說曾在沙場作戰，甚至親手殺過不少東虜。,"A seasoned veteran, he had fought in battles and was said to have slain numerous Eastern Barbarians personally.",戦いの経験が豊富で、いつかの戦では東虜を殺して回ったと称されている男だ。,"У него был немалый опыт - говорили, что он участвовал во множестве сражений и собственноручно убил немало ""восточных лу""."
,,,,,,,,,,默认110,,,,他途经七里庙时，效仿宋江那般在墙壁上题反诗，表明了他誓死抗争的决心。,他途徑七里廟時，效仿宋江那般在牆壁上題反詩，表明了他誓死抗爭的決心。,"While passing Qili Temple, he followed Song Jiang's example by inscribing defiant verses on the walls, pledging his unwavering commitment to resist.",七里廟を通りがかった時、彼は<ruby=そうこう>宋江</ruby>を真似て壁に反逆の詩を書き、死を賭して抗争する決意を示した。,"Когда он проходил через храм Цили, то в подражание Сун Цзяну из ""Речных заводей"" написал там на стене ""бунтовские стихи"", продемонстрировав свою решимость сражаться до последнего."
,,,,,,,,,,默认111,,,,我不是江阴城的本地人，对这人并不算很熟悉。,我不是江陰城的本地人，對這人並不算很熟悉。,"I'm not from Jiangyin City, so I'm not very familiar with this person.",私は江陰育ちではないため、彼のことはよく知らない。,"Будучи не из местных, я не был особенно знаком с этим человеком."
,,,,,,,,,,默认112,,,,但城中百姓许多人都认识他，似乎都知道他是个很有名望的人。,但城中百姓許多人都認識他，似乎都知道他是個很有名望的人。,"But many townsfolk knew him, and it seemed everyone recognized him as a man of great reputation.",しかし町の民のほとんどが彼のことを非常に名高い人物であることは知っているようだった。,"Но многие горожане знали его и, похоже, считали весьма уважаемой личностью."
,,,,,,,,,,默认113,,,,在他加入后，江阴城内的士气达到了一个新的高峰。,在他加入後，江陰城內的士氣達到了一個新的高峰。,"After he joined, the morale in Jiangyin City soared to new heights.",彼の参加によって、江陰の士気は頂点まで高まった。,После его присоединения к нам боевой дух в городе Цзянъинь поднялся на новый уровень.
,,,,,,,,,,默认114,,,,……,……,...,……,...
,FadeOut,black,,,,,1,,,,,,,,,,,
,BgEvent,烬志9,,,,,0,,,,,,,,,,,
,FadeIn,black,,,,,1,,,,,,,,,,,
,Wait,,,,,,0.5,,,,,,,,,,,
,,,,,,,,,,默认115,,,,江阴的战事超出了我最初的预料。,江陰的戰事超出了我最初的預料。,The battle for Jiangyin surpassed my initial expectations.,江陰の戦いは、私の当初の予想を上回っていた。,Ход сражений в Цзянъине превзошёл мои первоначальные ожидания.
,,,,,,,,,,默认116,,,,我们这些从未打过仗的人，从六月守到七月，从七月又守到了八月，击退了数十次进攻。,我們這些從未打過仗的人，從六月守到七月，從七月又守到了八月，擊退了數十次進攻。,"We, who had never fought before, held out from the sixth month through the seventh month and into the eighth month, repelling dozens of attacks.",これまでろくに戦争もしてこなかったような我々が、六月から七月、さらには七月から八月まで、数十度の侵攻を退けてきたのだ。,"Мы, никогда прежде не участвовавшие в боевых действиях, оборонялись с шестого месяца по седьмой, а затем с седьмого по восьмой, отразив десятки атак."
,,,,,,,,,,默认117,,,,刘良佐使了种种手段。,劉良佐使了種種手段。,Liu Liangzuo tried every tactic imaginable.,劉良佐は実に様々な手段を講じてきた。,Лю Лянцзо перепробовал самые разные способы.
,,,,,,,,,,默认118,,,,他射来了数万支的箭雨，派过几千人趁夜偷袭、架过几百次飞梯，尝试从几十个不同的地方攻城。,他射來了數萬支的箭雨，派過幾千人趁夜偷襲、架過幾百次飛梯，嘗試從幾十個不同的地方攻城。,"He rained tens of thousands of arrows upon us, sent thousands of men on night raids, raised hundreds of siege ladders, and attacked from dozens of different points.",数万本もの矢を降らせたこともあれば、数千人もの人数で夜に奇襲をかけたこともあった。数百もの梯子をかけ、数十か所から同時に攻め入ろうとしたこともあった。,"Он обрушивал на нас град из десятков тысяч стрел, посылал тысячи солдат на внезапную атаку в ночи, сотни раз устанавливал осадные лестницы и пытался штурмовать город с десятков разных точек."
,,,,,,,,,,默认119,,,,无论是何种手段，何种招数，都被阎应元带领下的我们一一化解，这座城如铁捅一般，阻挡了所有的进攻。,無論是何種手段，何種招數，都被閻應元帶領下的我們一一化解，這座城如鐵捅一般，阻擋了所有的進攻。,"No matter what tactics or tricks were employed, we under Yan Yingyuan's leadership countered them all. The city stood like an iron fortress, repelling every assault.",しかしどのような策であろうと、どれだけ数で押してこようと、閻応元率いる我々はそれらをすべて打ち破った。まるで町全体が鉄でできているかのように、あらゆる攻撃を阻んだ。,"Но что бы он ни предпринял, какая уловка ни пришла бы ему в голову - мы под началом Янь Инъюаня каждый раз успешно всё отражали. Наш город, словно окованный железной бронёй, выдерживал все атаки."
,,,,,,,,,,默认120,,,,随着战况的持续，刘良佐劝降的条件越来越优厚。,隨著戰況的持續，劉良佐勸降的條件越來越優厚。,"As the battle dragged on, Liu Liangzuo's surrender terms grew increasingly generous.",戦況が長引くにつれ、劉良佐が提示する降伏の条件もますます優遇されていった。,"Чем дальше, тем всё более щедрыми становились условия Лю Лянцзо."
,,,,,,,,,,默认121,,,,到最后，他甚至亲自编写了一首民歌来劝降我们、派遣一些僧侣跪在城下哭泣，以此想要感动我们。,到最後，他甚至親自編寫了一首民歌來勸降我們、派遣一些僧侶跪在城下哭泣，以此想要感動我們。,"In the end, he even composed a folk song to persuade us to surrender and sent monks to kneel beneath the city walls, weeping in an attempt to sway us.",しまいには、自ら民謡を書いて我々に降伏を勧めたり、僧侶を派遣して城下で跪かせて号泣させるなどして我々の感情を揺さぶろうとした。,"В конце концов он даже лично сочинил народную песню, чтобы убедить нас сдаться, и послал нескольких монахов, которые стояли на коленях у подножия стен и плакали, пытаясь таким образом тронуть нас."
,,,,,,,,,,默认122,,,,但无论他怎么说，城中的回应始终如一；,但無論他怎麼說，城中的回應始終如一；,"But no matter his words, the city's response never wavered;",しかし何があろうと、町の答えは変わらなかった。,Но на всё это ответ был лишь один:
,,,,,,,,,,默认123,,,,“头可断，发决不可剃——我们宁死不从。”,“頭可斷，發決不可剃——我們寧死不從。”,"""Our heads may be severed, but our hair shall never be shaved—we would rather die than yield"".",「首は落としても髪は落とさず――死しても従わず」だ。,"""Можете рубить нам головы, но брить мы их не будем - мы умрём, но не сдадимся."""
,,,,,,,,,,默认124,,,,一次次成功的防守，一场场热血的胜利。,一次次成功的防守，一場場熱血的勝利。,"One successful defense after another, one hard-fought victory after another.",積み重なる防衛の成功、積み上げられる熱血の勝利。,"Одна за другой успешные обороны, одна за другой жаркие победы."
,,,,,,,,,,默认125,,,,我们比史阁部当初守扬州的时间久太多了。,我們比史閣部當初守揚州的時間久太多了。,We've held out far longer than Minister Shi did when defending Yangzhou.,史閣部が揚州を守っていた期間よりも、遥かに長い間を守り抜いた。,"Мы уже продержались гораздо дольше, чем в своё время министр Ши в Янчжоу."
,,,,,,,,,,默认126,,,,难道，这样下去我们真能百战百胜，一直守住这里？,難道，這樣下去我們真能百戰百勝，一直守住這裡？,Can we truly keep winning every battle and hold this place forever?,もしかしたら、このまま連戦連勝で守り続けられるのでは？,Неужели мы так действительно сможем выиграть все сражения и удержать этот город?
,,,,,,,,,,默认127,,,,呵。,呵。,Heh.,ふっ。,Эх.
,,,,,,,,,,默认128,,,,若是天下多几个像是江阴这样的城池，多一些像是江阴城民这样的人们？大明何惧东虏，天下何至于此？,若是天下多幾個像是江陰這樣的城池，多一些像是江陰城民這樣的人們？大明何懼東虜，天下何至於此？,What if there were more cities like Jiangyin and more people like its citizens across the land? Why should the Great Ming fear the Eastern Barbarians? How did things come to this?,この天下に江陰のような町がもっとあれば、江陰の民のような人々がもっといれば。東虜ごときにこの大明が何を恐れるだろうか。どうしてこのような天下になってしまったのか。,"А что, если бы в Поднебесной было больше таких городов, как Цзянъинь, больше таких людей, как его жители? Разве стоило бы тогда Великой Мин страшиться ""восточных лу"", разве докатилась бы наша страна до такого состояния?"
,,,,,,,,,,默认129,,,,……,……,...,……,...
,,,,,,,,,,默认130,,,,八月，情况急转直下，局势骤变。,八月，情況急轉直下，局勢驟變。,"In the eighth month, the situation took a sharp turn for the worse, changing abruptly.",八月、状況が一変し、情勢が傾いた。,На восьмой месяц наступили большие перемены и ситуация резко ухудшилась.
,,,,,,,,,,默认131,,,,那刘良佐不再来了。,那劉良佐不再來了。,Liu Liangzuo never returned after that.,劉良佐が来なくなった。,Лю Лянцзо уже не появлялся.
,,,,,,,,,,默认132,,,,城外围城的虏兵越来越多，黑压压地，一眼都看不见尽头。,城外圍城的虜兵越來越多，黑壓壓地，一眼都看不見盡頭。,"Outside the city, the besieging barbarian soldiers grew ever more numerous, a dark mass stretching beyond sight.",町を包囲する虜兵はますます多くなり、もはや向こうが見えないほど真っ黒な影が続いていた。,"Войск варваров, осаждающих город, становилось всё больше и больше - их уже было такое столпотворение, что конца и края было не разглядеть."
,,,,,,,,,,默认133,,,,我们能听到远处的马嘶声，看到逐渐增多的旗帜，蓝、红、白各色的旗帜招展，把江阴城围了一层又一层。,我們能聽到遠處的馬嘶聲，看到逐漸增多的旗幟，藍、紅、白各色的旗幟招展，把江陰城圍了一層又一層。,"We heard distant whinnies and saw the multiplying banners—blue, red, white—waving as they encircled Jiangyin City layer upon layer.",遠くで馬の嘶きが聞こえる。増えていく旗印が見える。青、赤、白などさまざまな色の旗がはためき、江陰の町を幾重にも取り囲んでいた。,"Мы слышали вдали ржание лошадей и видели, как постепенно росло количество знамён: синие, красные, белые - развеваясь, они окружали Цзянъинь слоем за слоем."
,,,,,,,,,,默认134,,,,我站在城墙上，远眺着远方的旗帜，恍惚间，竟觉得有些眼熟。,我站在城牆上，遠眺著遠方的旗幟，恍惚間，竟覺得有些眼熟。,"I stood atop the city wall, gazing at the distant banners, and for a fleeting moment, they seemed hauntingly familiar.",城壁の上から遠方の旗印を眺める。ふと、どこか見覚えのある光景のような気がした。,"Стоя на городской стене, я смотрел на знамёна вдали - и вдруг они стали казаться мне смутно знакомыми."
,FadeOut,black,,,,,1,,,,,,,,,,,
,BgEvent,烬志11,,,,,0,,,,,,,,,,,
,FadeIn,black,,,,,1,,,,,,,,,,,
,Wait,,,,,,0.5,,,,,,,,,,,
,StopBgm,,,,,,5,,,,,,,,,,,
,Ambience,芸芸众生,,,,,5,,,,,,,
,,,,,,,,,,默认135,,,,——嘭！,——嘭！,—Bang!,――ドン！,*Бабах!*
,,,,,,,,,,默认136,,,,一声炮响在我的耳边响起，有炮弹在我的附近炸开，震得我耳朵生疼。,一聲炮響在我的耳邊響起，有炮彈在我的附近炸開，震得我耳朵生疼。,"A cannon blast erupted beside me—the shell exploded nearby, leaving my ears throbbing with pain.",砲声が響き、砲弾が私の近くで爆発し、きんと耳が痛むような衝撃が走った。,"Прозвучал пушечный выстрел, и где-то неподалёку взорвался снаряд - от грохота у меня заболели уши."
,,,,,,,,,,默认137,,,,我愣愣地侧过头去看，有炮弹炸在了城门附近的城隍庙前，将石像炸得粉碎。,我愣愣地側過頭去看，有炮彈炸在了城門附近的城隍廟前，將石像炸得粉碎。,"Dazed, I turned my head just as a shell struck before the City God Temple near the gates, reducing the stone idol to rubble.",呆気に取られて首をそちらに向けると、砲弾が城門近くの城隍廟を吹き飛ばし、石像が粉々になっていた。,"Я ошеломлённо повернул голову и увидел, что снаряд разорвался перед храмом Бога-покровителя города неподалёку от городских ворот, разнеся каменную статую на куски."
,,,,,,,,,,默认138,,,,我突然意识到……真正难对付的敌人来了。,我突然意識到……真正難對付的敵人來了。,It struck me then... the true threat had arrived.,そこで悟る……とんでもなく厄介な敵がやってきたのだと。,Я вдруг осознал... что к нам пожаловал действительно опасный противник.
,,,,,,,,,,默认139,,,,那些曾经屠戮扬州的恶兵们来了。,那些曾經屠戮揚州的惡兵們來了。,The same marauders who had once massacred Yangzhou were advancing.,かつて揚州を皆殺しにした、あの悪兵たちがやってきた。,"Это были те жестокие солдаты, что устроили в Янчжоу резню."
,,,,,,,,,,默认141,,,,……,……,...,……,...
,Se,喊杀声,,,,,,,,,,,,
,Se,箭雨,,,,,,,,,,,,
,FadeOut,black,,,,,1,,,,,,,,,,,
,BgEvent,烬志12,,,,,0,,,,,,,,,,,
,FadeIn,black,,,,,1,,,,,,,,,,,
,Wait,,,,,,0.5,,,,,,,,,,,
,,,,,,,,,,默认142,,,,八月二十一日，城破。,八月二十一日，城破。,"On the twenty-first day of the eighth month, the city fell.",八月二十一日、町が落ちた。,Двадцать первого числа восьмого месяца город пал.
,,,,,,,,,,默认143,,,,陈明遇战死。,陳明遇戰死。,Chen Mingyu fell in battle.,陳明遇は戦死,Чэнь Минъюй погиб в бою.
,,,,,,,,,,默认144,,,,阎应元殉节。,閻應元殉節。,Yan Yingyuan died upholding his principles.,閻応元は自害した。,"Янь Инъюань также пал, несломленный."
,,,,,,,,,,默认145,,,,我手下那十几个亲兵无一幸存。,我手下那十幾個親兵無一倖存。,Not a single one of my dozen personal guards survived.,私の配下の十数人も一人残らず死んだ。,Из десяти с лишним солдат под моим началом не выжил никто.
,,,,,,,,,,默认146,,,,我们坚守了八十一日，终是被东虏的炮火轰开了城门。,我們堅守了八十一日，終是被東虜的炮火轟開了城門。,"We held out for eighty-one days, but in the end, the Eastern Barbarians' artillery blasted open the city gates.",八十一日間町を守り抜いたが、最終的には東虜の砲火によって城門が破られた。,"Мы продержались восемьдесят один день - но в конце концов пушки ""восточных лу"" выбили городские ворота."
,,,,,,,,,,默认147,,,,城门和城墙上有了许多的缺口，那些穿着重甲的骑兵，成百上千般地冲入城内，如虎入羊群一般屠戮百姓。
,FadeOut,black,,,,,1,,,,,,,,,,,
,,,,,,,,,,默认148,,,,那些畜生又来了。,那些畜生又來了。,Those beasts are back.,あの畜生どもが、またやってきた。,Это зверьё опять пришло.
,,,,,,,,,,默认149,,,,他们成群结队、或是骑兵或是步兵、穿着铁甲、甩着丑陋的金钱鼠尾辫、如蛮夷一般地吱呀怪叫着冲入城里来。,他們成群結隊、或是騎兵或是步兵、穿著鐵甲、甩著醜陋的金錢鼠尾辮、如蠻夷一般地吱呀怪叫著衝入城裡來。,"They came in hordes—some on horseback, some on foot, clad in iron armor, swinging their hideous rat-tail queues, charging into the city like barbarians, screeching and howling.",奴らが群れを成し、騎兵や歩兵の姿をし、鉄の鎧を着込み、醜い辮髪を振りながら、蛮族のように甲高い叫び声を上げて、町に押し寄せてくる。,"Они шли толпами - то всадники, то пехотинцы. Одетые в железные доспехи, размахивая уродливыми косичками, похожими на крысиные хвосты, они, как дикари, с гиканьем и криками врывались в город."
,,,,,,,,,,默认150,,,,他们在城中重演着我曾在扬州城见过的种种恶行——,他們在城中重演著我曾在揚州城見過的種種惡行——,They were reenacting all the atrocities I had witnessed in the City of Yangzhou—,連中は、私がかつて揚州で見たありとあらゆる悪行を再現した――,"В городе они творили всё те же злодеяния, которым я уже был свидетем в Янчжоу:"
,,,,,,,,,,默认151,,,,挥刀砍杀男人，铁索掳走妇女。,揮刀砍殺男人，鐵索擄走婦女。,"Slashing men with blades, dragging away women in iron chains.",男を剣で斬り殺し、女を鉄の鎖で連れ去った。,"Рубили мечами мужчин, брали в плен и заковывали в цепи женщин."
,,,,,,,,,,默认152,,,,马蹄践踏老者，枪尖挑起婴儿。,馬蹄踐踏老者，槍尖挑起嬰兒。,"Trampling elders under hooves, impaling infants on spearpoints.",馬が老人を踏み潰し、槍が赤子を突き上げた。,"Топтали копытами стариков, поднимали на копья младенцев."
,,,,,,,,,,默认153,,,,……,……,...,……,...
,BgEvent,烬志14,,,,,,,,,,,,
,FadeIn,black,,,,,1,,,,,,,,,,,
,,,,,,,,,,默认154,,,,而这一次，我却没有再逃跑。,而這一次，我卻沒有再逃跑。,"But this time, I didn't run away.",しかし今回、私は逃げなかった。,Но на этот раз я не стал убегать.
,,,,,,,,,,默认155,,,,我咬着牙，挺着胸膛，握住了陈明遇曾交给我的那杆长枪——怒吼着朝他们冲杀过去！,我咬著牙，挺著胸膛，握住了陳明遇曾交給我的那桿長槍——怒吼著朝他們衝殺過去！,"Gritting my teeth and standing tall, I gripped the spear Chen Mingyu had entrusted to me—and charged at them with a furious roar!",歯を食いしばり、胸を張って、陳明遇が託してくれた長槍を握りしめ――雄叫びを上げながら連中の方に突撃していった。,"Стиснув зубы, выпрямив грудь, я схватил копьё, которое когда-то даровал мне Чэнь Минъюй, - и с громким рыком бросился на них!"
,,,,,,,,,,默认156,,,,或许是被我所感染，或许是被逼入了绝路、或许是城内的氛围本就如此——,或許是被我所感染，或許是被逼入了絕路、或許是城內的氛圍本就如此——,"Perhaps stirred by my resolve, perhaps cornered by desperation, or perhaps because the city's air was already thick with defiance—",私に当てられたのか、退路が断たれたゆえか、それともこの町がもともとそういう気質なのか――,"Возможно, заражённые моим пылом, возможно, ощущая себя загнанными в угол, либо же просто таков был дух этого города:"
,,,,,,,,,,默认157,,,,我四周的十几个百姓，无论男女，无论老少，众人都不再似老鼠那般躲藏。,我四周的十幾個百姓，無論男女，無論老少，眾人都不再似老鼠那般躲藏。,"The dozen commoners around me—men and women, young and old—all stopped cowering like frightened rats.",私の周りにいる十数人の民は、老若男女を問わず、鼠のように逃げ隠れすることがなかった。,"Около десятка горожан вокруг меня, мужчины и женщины, старики и молодые, - все они перестали пытаться укрыться, подобно крысам."
,,,,,,,,,,默认158,,,,我们怒吼着，抄起手头能找到的任何东西，向着那些装备精良的虏兵们冲去！,我們怒吼著，抄起手頭能找到的任何東西，向著那些裝備精良的虜兵們衝去！,"With furious roars, we seized whatever weapons were at hand and charged at those well-equipped barbarian soldiers!",私「たち」は雄叫びを上げ、手近な物をとりあえず引っ掴み、装備の整った虜兵たちに向かって突っこんでいった。,"Мы все с отчаянным воплем, взяв под руку что попадётся, понеслись навстречу облачённым в превосходное снаряжение варварским солдатам!"
,,,,,,,,,,默认159,,,,……,……,...,……,...
,,,,,,,,,,默认160,,,,上天给了我第二次机会，让我在逃离扬州后，又到了江阴这座城池。,上天給了我第二次機會，讓我在逃離揚州後，又到了江陰這座城池。,"The heavens granted me a second chance - after escaping Yangzhou, I found myself in the city of Jiangyin.",天は私に二度目の機会を与えてくれた。揚州から逃れた後、この江陰という町で。,"Небо даровало мне второй шанс - сбежав из Янчжоу, я оказался в этой твердыне под названием Цзянъинь."
,,,,,,,,,,默认161,,,,这里全民一心，这里的人民有着不屈的意志，这里的人们决不投降。,這裡全民一心，這裡的人民有著不屈的意志，這裡的人們決不投降。,"Here the people stand as one, possessing unbreakable determination, refusing to ever surrender.",我々の心は一つだ。我々は不屈の意志を持っている。我々は決して降伏しない。,"Здесь народ был единодушен, обладал несгибаемой волей и ни в коем случае не собирался сдаваться."
,,,,,,,,,,默认162,,,,我们是扑火的飞蛾，是一闪而逝的雷霆。,我們是撲火的飛蛾，是一閃而逝的雷霆。,"We were moths drawn to flame, fleeting as lightning across the sky.",我々は火に向かって飛んでいく蛾だ。瞬きのように消えゆく<ruby=いかづち>雷</ruby>だ。,"Мы - мотыльки, летящие на огонь, мы - мимолётный блеск промелькнувшей молнии."
,,,,,,,,,,默认163,,,,我们是生生不息的愤怒，是长留历史的勇气。,我們是生生不息的憤怒，是長留歷史的勇氣。,"We are the eternal fury, the courage that will endure through history.",我々は消えることのない憤怒だ。歴史に刻まれる勇気だ。,"Мы - неугасимый гнев, мы - храбрость, что будет запечатлена в веках."
,CharacterOff,,,,,,0.5,,,,,,,,,,,
,HideMessageWindow,,,,,,,,,,,,,,,,,
,CaptureImage,截图,SpriteCamera,背景截图,,,,,,,,,,,,,,
,Bg,烬志结局前,,,,,,,,,,,,,,,,
,RuleFadeOut,截图,punch,,Linear,,0.5,,PageWait,,,,,,,,,
,Wait,,,,,,1,,,,,,,,,,,
,ShowMessageWindow,,,,,,,,,,,,,,,,,
,Wait,,,,,,1,,,,,,,,,,,
,,,,,,,,,,默认164,,,,我双手持枪，怒吼着向前冲，迎向眼前的虏兵——,我雙手持槍，怒吼著向前衝，迎向眼前的虜兵——,"Gripping a spear in each hand, I roared as I charged headlong toward the barbarian soldiers before me—",両手で槍を持ち、雄叫びと共に前進し、眼前の虜兵に向かっていく――,"Сжимая в руках копьё, я с воплем нёсся вперёд, на варварских воинов у меня перед глазами..."
,CharacterOff,,,,,,2,,,,,,,,,,,
,HideMessageWindow,,,,,,,,,,,,,,,,,
,CaptureImage,截图,SpriteCamera,背景截图,,,,,,,,,,,,,,
,Bg,烬志结局,,,,,,,,,,,,,,,,
,RuleFadeOut,截图,CloudWindTop,,Linear,,2,,PageWait,,,,,,,,,
,Wait,,,,,,1,,,,,,,,,,,
,ShowMessageWindow,,,,,,,,,,,,,,,,,
,,,,,,,,,,默认165,,,,枪尖刺出了寒光，迎来我最终的结局——,槍尖刺出了寒光，迎來我最終的結局——,"The spear tip glinted coldly, heralding my final outcome—",槍の穂先がきらりと光り、私の終わりを告げた――,"Острие копья сверкнуло холодным блеском, оповещая о наступлении моего конца:"
,,,,,,,,,,默认166,,,,【结局：烬志】,【結局：燼志】,(Ending Seven: Ashen Resolve),（エンディング7：燼志）,"【Концовка: Воля, рождённая из пепла】"
,Wait,,,,,,3
,FadeOut,black,,,,,1,,,,,,,,,,,
,ScreenText,1,White,2,2,2,72,,,结语3
,UnlockPlotMap,map_other_1
,BgEvent,约稿1,,,,,,,,,,,,,,,,
,AddSteamAchiKey,Achieve_map_commonEnd_7
,If,!IsDead
,AddSteamAchiKey,Achieve_NoDead
,EndIf,
,EndScenario,,,,,,,,,,,,,,,,,
