#SHEET_NAME,结局-远舟
,Command,Arg1,Arg2,Arg3,Arg4,Arg5,Arg6,Arg7,WaitType,Text,PageCtrl,Voice,WindowType,SC,TC,English,Japanese,Russian,
,*map_commonEnd_2,,,,,,,,,,,,,,,,
,UnlockPlotMap,map_commonEnd_2,,,,,,,,,,,,,,,
,SetChapterName,结局-远舟,,,,,,
,Wait,,,,,,1,
,FadeOut,black,,,,,0,
,Bg,泰州渡口夜,,,,,,,,,,,,,,,
,Ambience,室外主风,,,,,,,,,,,,,,,
,FadeIn,black,,,,,1,,,,,,,,,,,
,Bgm,曲终人散,,,,0.2,3,,,,,,,,,,,
,,良,,,,,0.5
,,方知宥,,,,,,,,默认1,,方知宥/32-1-2_方知宥_01,,[良叔，我想了想，还是跟你一起走吧。],[良叔，我想了想，還是跟你一起走吧。],"""Uncle Liang, I’ve thought it over, and I’ll go with you after all.""",「良さん、色々考えたんだが、やはりあなたと一緒に行きたい」,"""Дядюшка Лян, я обдумал и решил, что пойду всё же с Вами.""",
,,,,,,,,,,默认2,,,,泰州渡口前，江水汨汨，正如我略起波澜的内心。,泰州渡口前，江水汨汨，正如我略起波瀾的內心。,"At the Taizhou ferry, the river gurgled, mirroring the restlessness in my heart.",<ruby=たいしゅう>泰州</ruby>の渡し場。私の波打つ心を映すかのように、川の水がせせらいでいる。,"На Тайчжоуской переправе журчала река, отражая беспокойство в моём сердце",
,,,,,,,,,,默认3,,,,我望着良叔，向他说出了我的决定。,我望著良叔，向他說出了我的決定。,I met Uncle Liang’s gaze and told him my decision.,良の目をじっと見つめ、自分の決意を話す。,"Посмотрев в глаза дядюшки Ляна, я озвучил своё решение.",
,,良,惊喜,,,,,,,默认4,,良/32-1-2_良_01,,[哦？你本来还有别的想去的地方吗？],[哦？你本來還有別的想去的地方嗎？],"""Oh? Did you have another path in mind?""",「ほう？他に行きたいところがあったのか？」,"""О? А ты собирался пойти куда-то ещё?""",
,,,,,,,,,,默认5,,,,良叔目光敏锐，他捕捉到我方才的犹疑，便好奇地问了一句。,良叔目光敏銳，他捕捉到我方才的猶疑，便好奇地問了一句。,"Uncle Liang’s keen eyes noticed my hesitation, and he asked with curiosity.",良の鋭い目つきは私の躊躇を見逃さず、興味深そうにそう訊いてきた。,"С сомнением, мелькнувшим в глазах, поинтересовался он.",
,,方知宥,,,,,,,,默认6,,方知宥/32-1-2_方知宥_02,,[是啊，我本来曾想过，去找寻闯王的踪迹，追随于他。],[是啊，我本來曾想過，去找尋闖王的蹤跡，追隨於他。],"""Indeed, I had once considered seeking out the trail of Dashing King to follow him.""",「ああ。<ruby=ちんおう>闖王</ruby>の足跡をたどって、彼についていこうと思っていた」,"""Да, я думал о том, чтобы найти Ли 'Идущего Напролом' и присоединиться к нему.""",
,,,,,,,,,,默认7,,,,我坦诚相告。,我坦誠相告。,I answered truthfully.,率直にそう打ち明ける。,Честно ответил я.,
,,良,张嘴愣住,,,,,,,默认8,,,,[……],[……],"""...""",「……」,"""...""",
,,良,通常,,,,,,,,,,,
,,,,,,,,,,默认9,,,,良叔的眼中掠过一丝讶异。,良叔的眼中掠過一絲訝異。,A flicker of surprise crossed Uncle Liang’s eyes.,良の目にわずかな驚きの色が走った。,В глазах дядюшки Ляна читалось удивление.,
,,方知宥,,,,,,,,默认10,,方知宥/32-1-2_方知宥_03,,[我今生的志向便是写书，自从过往的一些谜团解开，我的疯病也好了，是时候该重新执笔，实现志向了。],[我今生的志向便是寫書，自從過往的一些謎團解開，我的瘋病也好了，是時候該重新執筆，實現志向了。],"""My lifelong ambition has been to write. Now that some past mysteries have been resolved and my madness has cured, it's time to take up the pen again and pursue this calling.""",「私の一生の夢は本を書くことだ。過去の謎も解け、奇病からも回復した。そろそろ再び筆を執り、夢を実現させる時だ」,"""Мечта моей жизни - книгописательство. Я оправился от своей хвори и раскрыл тайны прошлого, так что теперь пришло время вернуться к своему уделу - снова взять в руки кисть.""",
,,方知宥,,,,,,,,默认11,,方知宥/32-1-2_方知宥_04,,[我本想效仿写《三国演义》的罗贯中，追随一位自己能认可的君主，在他身边一边担任幕僚，一边著书立说。],[我本想效仿寫《三國演義》的羅貫中，追隨一位自己能認可的君主，在他身邊一邊擔任幕僚，一邊著書立說。],"""I had hoped to emulate Luo Guanzhong, author of 'Romance of the Three Kingdoms', by serving a lord I respected as an advisor while writing my own works.""",「『三国志演義』を書いた<ruby=らかんちゅう>羅貫中</ruby>を真似して、私がこれと認めた主君に従い、軍師として務めながら本を書こうと思ったんだ」,"""Я хотел, словно Ло Гуаньчжун, автор 'Троецарствия', служить в качестве советника уважаемому мною господину, одновременно работая над книгами.""",
,,方知宥,,,,,,,,默认12,,方知宥/32-1-2_方知宥_05,,[可是，细想了一下……我大抵不是运筹帷幄的谋士之材，且闯王也非当年偏安一隅的张士诚，闯军南征北战，各处奔波，恐怕不适合我这种心态的人随行。],[可是，細想了一下……我大抵不是運籌帷幄的謀士之材，且闖王也非當年偏安一隅的張士誠，闖軍南征北戰，各處奔波，恐怕不適合我這種心態的人隨行。],"""However, after careful thought... I am likely not the material for a strategist who plans within a command tent. Moreover, Dashing King is no longer like Zhang Shicheng of the past, who clung to a corner of the land. The Dashing Army fights campaigns north and south, constantly on the move—such a life probably does not suit a person with my temperament to follow along.""",「だがよく考えてみたら……陣中で奇策を編み出すような才は私にはない。それに闖王も片田舎で燻っていた<ruby=ちょうしせい>張士誠</ruby>と違い、北へ南へと戦で各地を奔走している。私のような者には合わないだろう」,"<size=25>""Но, ещё раз подумав, я понял... что, скорее всего, советник, разрабатывающий стратегии из шатра, из меня выйдет никудышный. Да и Ли 'Идущий Напролом' не похож на Чжан Шичэня, которому служил Ло Гуаньчжун - тот в основном сидел на одном месте. В то время как 'Войска, Идущие Напролом' воюют и на севере, и на юге, постоянно в движении - такая жизнь, наверное, не подойдёт человеку с моим характером.""</size=27>",
,,,,,,,,,,默认13,,,,冷静思量后，我道出了心中所想。,冷靜思量後，我道出了心中所想。,"After calm reflection, I voiced my thoughts.",落ち着いて考えてから、胸の内を打ち明けた。,"Спокойно обдумав, сказал я.",
,,良,坚定,,,,,,,默认14,,良/32-1-2_良_02,,[嗯，你的判断很对，我跟了闯王九年，一路上死去的幕僚数不胜数……尤其是逃往商洛山那次，那些幕僚、一个都没活下来。],[嗯，你的判斷很對，我跟了闖王九年，一路上死去的幕僚數不勝數……尤其是逃往商洛山那次，那些幕僚、一個都沒活下來。],"""Hmm, your judgment is quite sound. I followed Dashing King for nine years, and countless advisors perished along the way... Especially during the escape to the Shangluo Mountain—not a single one of those advisors survived.""",「そうだな。その判断は正しい。俺も闖王に九年仕えていたが、その最中で死んだ軍師は数知れない……<ruby=しょうらくざん>商洛山</ruby>へ落ち延びた時なんか、軍師は一人残らず死んだ」,"""Ага, твои суждения верны. Я служил под его началом девять лет, и за это время множество советников погибло по пути... Особенно когда пришлось бежать в горы Шанло - тогда ни один советник не выжил...""",
,,良,通常,,,,,,,默认15,,良/32-1-2_良_03,,[不过，跟我走也未必就能安稳，我不知道满穗的具体打算……但从她之前的准备推断——她或许是想出海。],[不過，跟我走也未必就能安穩，我不知道滿穗的具體打算……但從她之前的準備推斷——她或許是想出海。],"""Though coming with me offers no certainty of safety either. I don’t know Man Sui’s precise intentions... but based on her earlier preparations—she may intend to sail overseas.""",「だが俺についてきても平穏無事とは限らないぞ。穂が何をするか俺にも分からんからな……だが今までの段取りから察するに――海に出るつもりかもしれない」,"""Но и идти со мной - тоже может быть небезопасно. Я не знаю, что задумала Маньсуй... но, судя по её предыдущим приготовлениям, она, возможно, собирается выйти в море.""",
,,,,,,,,,,默认16,,,,良叔平静地对我说道。,良叔平靜地對我說道。,Uncle Liang told me quietly.,良が冷静にそう言った。,Спокойно ответил мне дядюшка Лян.,
,,方知宥,,,,,,,,默认17,,方知宥/32-1-2_方知宥_06,,[那挺好啊，如今这海上，想来比陆上这片乱世要平静许多。],[那挺好啊，如今這海上，想來比陸上這片亂世要平靜許多。],"""That’s just as well. These days, the sea must surely be more peaceful than this turbulent land.""",「それはいいじゃないか。海だったら乱世の陸よりもはるかに平和だろう」,"""Ну и славно. Нынче море поспокойнее земли будет.""",
,,,,,,,,,,默认18,,,,我淡笑着说道。,我淡笑著說道。,I remarked with a faint smile.,私は笑いながらそう答える。,Ответил я с лёгкой улыбкой.,
,,良,,,,,,,,默认19,,良/32-1-2_良_04,,[或许也会有些辛苦，你若是想谋个生计，恐怕需在船队里帮忙做事。],[或許也會有些辛苦，你若是想謀個生計，恐怕需在船隊裡幫忙做事。],"""It might be tough. If you want to make a living, you’ll likely have to work with the fleet.""",「とはいえ苦労はあると思うぞ。食い扶持を稼ぎたいなら、船で手伝いをしなきゃならんだろうしな」,"""Будет нелегко. Если не хочешь с голоду помереть - придётся, скорее всего, батрачить на корабле.""",
,,方知宥,,,,,,,,默认20,,方知宥/32-1-2_方知宥_07,,[无妨，自然本该如此……我连屠城的这几日都熬过来了，还有什么苦不能受？],[無妨，自然本該如此……我連屠城的這幾日都熬過來了，還有什麼苦不能受？],"""No matter. It’s only natural... I’ve survived these days of massacre—what hardship can’t I endure?""",「いいさ。当然のことだ……あの虐殺の日々を耐え抜いてきたんだ。それ以上に耐えられないことがあると思うかい？」,"""Ничего страшного, это само собой... Тем более, если я пережил несколько дней резни, то переживу и это.""",
,,良,笑,,,,,,,默认21,,良/32-1-2_良_05,,[也是，那你心里有数的话，跟我走也行。],[也是，那你心裡有數的話，跟我走也行。],"""Fair enough. If you’re sure, you can come with me.""",「それもそうだ。ま、覚悟ができているならついてこればいい」,"""Справедливо. Ну, если решил - то можешь пойти со мной.""",
,,,,,,,,,,默认22,,,,良叔点了点头，算是应允了我同行的请求。,良叔點了點頭，算是應允了我同行的請求。,"Uncle Liang nodded, agreeing to let me join him.",良が頷く。私の同行の願いを聞き入れてくれたようだ。,"Кивнув, дядюшка Лян разрешил мне присоединиться.",
,CharacterOff,,,,,,0.4,,,,,,,
,,,,,,,,,,默认23,,,,其实，我心中还藏了一个想和良叔同行的理由，没有对他明说。,其實，我心中還藏了一個想和良叔同行的理由，沒有對他明說。,"Truth be told, I had another reason for wanting to accompany Uncle Liang—one I kept to myself.",正直もう一つ、良と一緒に行きたい理由を隠していた。彼には言わなかったが。,"Честно говоря, у меня ещё была одна причина, почему я захотел присоединиться к нему. Но о ней я умолчал.",
,,,,,,,,,,默认24,,,,如今前朝倾颓，眼看便要到了改朝换代的时候。,如今前朝傾頹，眼看便要到了改朝換代的時候。,"With the former dynasty collapsing, a change of rule seems inevitable.",今や王朝も落日だ。間もなく新たな王朝にすげ替わる時がやって来る。,"Династия доживает свои последние дни, скоро её сменит другая династия.",
,,,,,,,,,,默认25,,,,我听闻闯王屡屡败于东虏之手，恐怕将来是东虏的天下。,我聽聞闖王屢屢敗於東虜之手，恐怕將來是東虜的天下。,I have heard that Dashing King was repeatedly defeated by the Eastern Barbarians. I fear the future may belong to the Eastern Barbarians.,闖王が東虜に連戦連敗を繰り返していると風の噂で聞いた。おそらく今後は東虜の天下となるだろう。,"Я слышал, что ""восточные лу"" побеждают ""Войска, Идущие Напролом"" раз за разом. Боюсь, рано или поздно ""восточные лу"" захватят Поднебесную.",
,,,,,,,,,,默认26,,,,既然如此，与其留在故土做那异族皇帝的下等臣民，不如扬帆出海，另寻一片天地。,既然如此，與其留在故土做那異族皇帝的下等臣民，不如揚帆出海，另尋一片天地。,"Since that's the case, rather than remaining in my homeland as an inferior subject under a foreign emperor's rule, I'd rather set sail and seek a new world elsewhere.",であれば、故郷に残って異民族の皇帝の下等な臣民となるくらいなら、いっそ帆を上げて海に漕ぎ出し、新天地を探す方がましというものだ。,"В этом случае лучше мне уплыть куда-нибудь в поисках нового дома, чем оставаться на родине человеком второго сорта под гнётом чужеземного императора.",
,StopAmbience,,,,,,2,,,,,,,
,Bgm,曲终人散,,,,0.2,1,,,,,,,,,,,
,,,,,,,,,,默认27,,,,……,……,...,……,...,
,FadeOut,black,,,,,1,,,,,,,,,,,
,BgEvent,远舟1,,,,,0,,,,,,,,,,,
,FadeIn,black,,,,,1,,,,,,,,,,,
,Wait,,,,,,0.5,,,,,,,,,,,
,,,,,,,,,,默认28,,,,此后，良叔联系好了一艘货船。,此後，良叔聯繫好了一艘貨船。,"Afterward, Uncle Liang secured passage on a cargo ship.",その後、良が一艘の荷物船を用意した。,После этого мы сели на грузовую лодку.,
,,,,,,,,,,默认29,,,,我们给了船夫一些银两，他带着我们沿江而下，直往杭州。,我們給了船夫一些銀兩，他帶著我們沿江而下，直往杭州。,"We paid the boatman some silver taels, and he took us downriver straight to Hangzhou.",船頭に金を渡すと、彼は私たちを乗せて川沿いに下り、そのまま杭州に向かった。,За несколько таэлей лодочник согласился переправить нас вниз по реке к Ханчжоу.,
,,,,,,,,,,默认30,,,,船桨划开平静的江面，漾起圈圈涟漪。,船槳划開平靜的江面，漾起圈圈漣漪。,"The oars parted the calm river surface, sending rippling circles across the water.",櫂が静かな水面をかき、さざ波が立つ。,"Вёсла рассекали спокойную поверхность воды, создавая на ней круги ряби.",
,,,,,,,,,,默认31,,,,我未带书籍在身边，百无聊赖，只得终日凝视江水，从晃动的波光中窥看天光云影。,我未帶書籍在身邊，百無聊賴，只得終日凝視江水，從晃動的波光中窺看天光雲影。,"Having brought no books with me and with nothing to occupy my time, I spent my days gazing at the river, watching the shifting reflections of sky and clouds in the shimmering water.",本を持ってきていなかったため退屈で仕方がなく、日がな一日川の水を眺め、揺らめく波から空の光と雲の影を伺うくらいしかやることがなかった。,"Без книг под рукой мне было нечем заняться, так что я проводил дни, просто глядя в реку, наблюдая за меняющимися отражениями неба и облаков в мерцающей воде.",
,,,,,,,,,,默认32,,,,天色时晴时雨，但更多时候，我们航行在繁星缀满夜幕的晚上。,天色時晴時雨，但更多時候，我們航行在繁星綴滿夜幕的晚上。,"The weather alternated between clear skies and rain, but more often than not, we sailed beneath star-studded night skies.",天気は晴れたり雨が降ったりとまちまちだった。だがほとんどの場合、満点に星が輝く夜中に航行した。,"Погода сменялась то ясным небом, то дождём, - но чаще всего мы плыли ночью, когда небо было усыпано звёздами.",
,,,,,,,,,,默认33,,,,老练的船夫为避开可能的兵祸，多选择在夜间行船，在白昼歇息。,老練的船夫為避開可能的兵禍，多選擇在夜間行船，在白晝歇息。,Experienced boatmen often traveled by night and rested by day to avoid potential wartime dangers.,熟練の船頭が戦火を避けるため、多くは夜間に船を進め、昼間は休むようにしていたのだ。,Опытные лодочники чаще всего справлялись ночью и отдыхали днём - так было легче избежать опасностей войны.,
,,,,,,,,,,默认34,,,,凭借他的经验，这一路竟真算得上平稳，几乎没遇到过什么危险。,憑藉他的經驗，這一路竟真算得上平穩，幾乎沒遇到過什麼危險。,"With his expertise, the journey proved remarkably smooth, nearly free of any hazards.",彼の長年の経験のおかげで旅路は実に平和なもので、ほとんど危険なことは起きなかった。,"Благодаря мастерству нашего лодочника путь оказался удивительно спокойным, прошёл почти без проблем.",
,BgEvent,远舟2,,,,,1,,,,,,,
,,,,,,,,,,默认35,,,2,唯一称得上险情的，是有次撞见四个意图劫船的流寇。,唯一稱得上險情的，是有次撞見四個意圖劫船的流寇。,The only real threat came when we spotted four outlaws attempting to board and rob us.,唯一危なかったと言えば、船を襲う四人組の水匪と鉢合わせたくらいだ。,"Единственным происшествием стали четыре разбойника, которые хотели подняться на борт и ограбить нас.",
,,,,,,,,,,默认36,,,,他们衣衫褴褛，饿得瘦骨嶙峋，连手中的刀都几乎握持不稳。,他們衣衫襤褸，餓得瘦骨嶙峋，連手中的刀都幾乎握持不穩。,"Clad in tatters and gaunt from starvation, they could scarcely grip their blades properly.",ぼろぼろの服を着た彼らは、飢えのあまり骨と皮ばかりで、手にしている剣すらろくに持っていられないほどだった。,"Будучи в лохмотьях и исхудавшие от голода, они едва могли держать оружие.",
,BgEvent,远舟3,,,,,1,,,,,,,
,,,,,,,,,,默认37,,,3,良叔略微活动了一下筋骨，轻松便把他们吓退了。,良叔略微活動了一下筋骨，輕鬆便把他們嚇退了。,Uncle Liang merely flexed his muscles and effortlessly frightened them away.,良が少し体をほぐしただけで、簡単に追い払ってしまったが。,"Стоило дядюшке Ляну слегка напрячь мышцы, как они сразу же испугались и сбежали.",
,,,,,,,,,,默认38,,,,他未伤及他们的性命，但也未给他们施舍。,他未傷及他們的性命，但也未給他們施捨。,He spared their lives but offered them no charity.,彼は連中の命を奪いもしなかったが、施しもしなかった。,"Он пощадил их жизни, но и не подал им ничего.",
,,,,,,,,,,默认39,,,,……,……,...,……,...,
,FadeOut,black,,,,,1,,,,,,,,,,,
,BgEvent,远舟4,,,,,0,,,,,,,,,,,
,FadeIn,black,,,,,1,,,,,,,,,,,
,Wait,,,,,,0.5,,,,,,,,,,,
,,,,,,,,,,默认40,,,4,十五日后，我与良叔抵达了杭州城。,十五日後，我與良叔抵達了杭州城。,"Fifteen days later, Uncle Liang and I arrived in Hangzhou City.",十五日後、私たちは杭州に到着した。,Через пятнадцать дней мы с дядюшкой Ляном прибыли в Ханчжоу.,
,,,,,,,,,,默认41,,,,杭州城不愧是与扬州齐名的繁华之地，这里毗邻钱塘江，湖光山色景色优美，确实是个养人的好地方。,杭州城不愧是與揚州齊名的繁華之地，這裡毗鄰錢塘江，湖光山色景色優美，確實是個養人的好地方。,"Hangzhou City truly lived up to its reputation as a prosperous place rivaling Yangzhou. Nestled by the Qiantang River with its scenic lakes and mountains, it was indeed an ideal place to settle.",さすがは揚州と双璧を成す繁華街と呼ばれるだけある。<ruby=せんとうこう>銭塘江</ruby>に面したこの地の湖と山は絶景だった。住むには申し分ない場所だ。,"Репутация Ханчжоу была заслуженной - город действительно процветал и мог соперничать с Янчжоу. Он располагался на реке Цяньтанцзян, рядом с живописными озёрами и горами, и был поистине прекрасным местом для жизни.",
,,,,,,,,,,默认42,,,,一进入杭州城，良叔并未想着歇息，而是急匆匆地奔赴港口。,一進入杭州城，良叔並未想著歇息，而是急匆匆地奔赴港口。,"Upon entering Hangzhou City, Uncle Liang didn't pause to rest but instead hurried straight to the harbor.",杭州に入っても良は休む気配もなく、いそいそと港に向かっていった。,"Войдя в город, дядюшка Лян не стал останавливаться передохнуть, а сразу поспешил в порт.",
,,,,,,,,,,默认43,,,,他在港口的码头寻了许久，四处打听，终于找到了一艘颇为醒目的海船。,他在港口的碼頭尋了許久，四處打聽，終於找到了一艘頗為醒目的海船。,"He searched the docks extensively, making inquiries everywhere, until he finally spotted a rather conspicuous sea vessel.",彼は埠頭で聞き込みを続け、ようやく一艘の目を見張るような船を探し出した。,"Он досконально осмотрел каждый причал, расспрашивая всех, пока наконец не заметил весьма приметный корабль.",
,BgEvent,远舟5,,,,,1,,,,,,,
,,,,,,,,,,默认44,,,5,待我们走近后，船舷上款步走下一名女子。,待我們走近後，船舷上款步走下一名女子。,"As we drew nearer, a woman descended gracefully from the ship's deck.",私たちが近付くと、船べりから一人の女が下りてきた。,"Когда мы подошли, с палубы грациозно спустилась девушка.",
,,,,,,,,,,默认45,,,,我不用问便知道，那一定是良叔时常提起的那位奇女子——满穗。,我不用問便知道，那一定是良叔時常提起的那位奇女子——滿穗。,I didn't need to ask—I knew this must be that remarkable woman Uncle Liang often spoke of: Man Sui.,聞くまでもなく、彼女こそが良がいつも話していたあの風変わりな女――満穂だとわかった。,"Мне не нужно было спрашивать, кто это - я и так знал, что этой красивой девушкой была Маньсуй, о которой так часто говорил дядюшка Лян.",
,,,,,,,,,,默认46,,,,她穿着一身灰蓝色的长裙，眸若星辰，流转间自有灵秀之气。,她穿著一身灰藍色的長裙，眸若星辰，流轉間自有靈秀之氣。,"She wore a gray-blue gown, her starlit eyes shimmering with an effortless grace.",青みがかった灰色の裳を着た彼女の目は星のように輝いており、動きの一つ一つに気品が漂っていた。,"Она была одета в бледно-голубое платье, её глаза были подобны звёздам, и в их блеске чувствовалась некая утончённость.",
,,,,,,,,,,默认47,,,,一缕长发随意垂落于胸前，红唇总是抿着一丝淡然的笑意。,一縷長髮隨意垂落於胸前，紅唇總是抿著一絲淡然的笑意。,"A loose strand of hair draped over her chest, her crimson lips perpetually curled in a faint, knowing smile.",胸元までかかった長い髪、常に淡い笑みを浮かべた赤い唇。,"Её длинные волосы спадали на грудь, а ярко-красные губы были постоянно изогнуты в лёгкой улыбке.",
,,,,,,,,,,默认48,,,,灵动、沉静、温柔。,靈動、沉靜、溫柔。,"Lively, serene, gentle.",軽やかで、物静かで、優しげ。,"Живая, спокойная, ласковая.",
,,,,,,,,,,默认49,,,,这是我对她的第一印象。,這是我對她的第一印象。,That was my first impression of her.,彼女に抱いた第一印象はそんなところだった。,Таким было моё первое впечатление о ней.,
,,,,,,,,,,默认50,,,,我此生见过许多女子，更因为曾是二十四桥闻名一时的“清客人”，见过的青楼花魁也不算少。,我此生見過許多女子，更因為曾是二十四橋聞名一時的“清客人”，見過的青樓花魁也不算少。,"I've encountered many women in my lifetime, and as a once-renowned ""pure guest"" of the Twenty-Four Bridges, I'd seen my share of Pleasure House courtesans.",私はこれまで数多くの女を見てきた。一時は二十四橋で名をはせた「清客」だったため、会ってきた青楼の花魁の数も少なくない。,"Я встречал многих девушек в своей жизни и, как некогда знаменитый ""чистый"" гость Двадцать четвёртого моста, видел немало элитных куртизанок из ""зелёных теремов"".",
,,,,,,,,,,默认51,,,,我本以为自己不会再为女子的容貌与气质而惊叹，但见到满穗的第一眼，还是忍不住感到惊艳。,我本以為自己不會再為女子的容貌與氣質而驚嘆，但見到滿穗的第一眼，還是忍不住感到驚艷。,I believed I'd grown immune to feminine charm—until Man Sui's radiance left me breathless at first glance.,女の顔立ちや雰囲気で驚くことなど二度とないと思っていたが、満穂を一目見て、思わず息を呑んでしまった。,"Я думал, что ни одна девушка не сможет очаровать меня... пока при виде Маньсуй у меня не перехватило дух с первого взгляда.",
,,,,,,,,,,默认52,,,,——真不愧是良叔常提到的奇女子。,——真不愧是良叔常提到的奇女子。,—Truly the extraordinary woman Uncle Liang always spoke of.,――いやはや、良がいつも話すだけのことはある。,"...Она была поистине необыкновенной девушкой - неудивительно, что дядюшка Лян так часто упоминал о ней.",
,BgEvent,远舟6,,,,,1,,,,,,,
,,,,,,,,,,默认53,,,6,良叔与她低声交谈着，久别重逢，两人却依然保持着一种略显生分的距离。,良叔與她低聲交談著，久別重逢，兩人卻依然保持著一種略顯生分的距離。,"Uncle Liang conversed with her in low voices. Though reunited after so long, they still kept a somewhat formal distance.",良が彼女と小声で何かを話している。久しぶりの再会だというのに、二人の間にはどこか一定の距離を感じた。,"Дядюшка Лян о чём-то тихо говорил с ней. Хоть они и долго не видели друг друга, между ними всё равно сохранялась некоторая сдержанность.",
,,,,,,,,,,默认54,,,,然而，我却感觉他们俩正沉浸在二人的天地之中，外界喧嚣皆不能入。,然而，我卻感覺他們倆正沉浸在二人的天地之中，外界喧囂皆不能入。,"Yet I felt they were completely absorbed in their own world, untouched by the surrounding noise.",しかし、なんとなく彼らが二人の世界に入り込み、外の喧騒が入り込めないような気もした。,"Однако при этом я чувствовал, что они находились в своём собственном мире, не обращая внимания на окружающую суету.",
,Se,短风,,,,,,,,,,,,
,,,,,,,,,,默认55,,,,——呼,——呼,--Huff--,――ヒュウ,*Вжух.*,
,,,,,,,,,,默认56,,,,一阵微风拂过，撩起了满穗的裙袂，良叔下意识地侧身，为她遮挡风势。,一陣微風拂過，撩起了滿穗的裙袂，良叔下意識地側身，為她遮擋風勢。,"A breeze fluttered past, lifting the hem of Man Sui's skirt. Instinctively, Uncle Liang turned to block the wind for her.",風が吹き、穂の服の裾をまくり上げた。良がすかさず体をよじり、彼女が風に当たらないようにする。,"Когда подул лёгкий ветерок, приподняв подол платья Маньсуй, дядюшка Лян инстинктивно заслонил её от ветра.",
,,方知宥,,,,,,,,默认57,,,,[……],[……],"""...""",「……」,"""...""",
,,,,,,,,,,默认58,,,,我立于不远处，静静地看着，嘴角不自觉泛起一丝笑意。,我立於不遠處，靜靜地看著，嘴角不自覺泛起一絲笑意。,"I stood nearby watching quietly, an involuntary smile tugging at my lips.",すぐ近くで静かにそんな様子を眺め、思わずにやりとしてしまった。,"Стоя неподалёку, я молча наблюдал за ними, невольно улыбаясь.",
,,,,,,,,,,默认59,,,,呵……,呵……,Heh...,ふっ……,Хех...,
,,,,,,,,,,默认60,,,,说来有些可笑。,說來有些可笑。,It sounds rather ridiculous.,なんともおかしな話だ。,Забавно.,
,,,,,,,,,,默认61,,,,此时此刻，我亲眼见证了良叔与重要之人的重逢后，一边由衷地为他感到欣喜，一边心底却不可抑制地觉得孤独、觉得落寞。,此時此刻，我親眼見證了良叔與重要之人的重逢後，一邊由衷地為他感到欣喜，一邊心底卻不可抑制地覺得孤獨、覺得落寞。,"Witnessing Uncle Liang's reunion with someone dear at this moment, while I was truly happy for him, an irrepressible loneliness and melancholy welled up within me.",良と大事な人が再会したのをこの目で見て、心から彼のことを喜びつつも、抑えきれない孤独感や寂しさが湧いてくるのも感じているのだ。,"Наблюдая за тем, как дядюшка Лян воссоединился с дорогим ему человеком, я искренне радовался за него - но в то же время меня захлёстывало удушающее чувство одиночества и меланхолии.",
,,,,,,,,,,默认62,,,,同样是停泊于水边的舟船，同样是风华绝代的女子。,同樣是停泊於水邊的舟船，同樣是風華絕代的女子。,"Both were boats anchored by the shore, both were women of extraordinary grace.",同じ停泊している船なのに。同じ絶世の美女なのに。,"В обоих случаях - суда, пришвартованные у воды. \nВ обоих случаях - девушки несравнимой красоты.",
,,,,,,,,,,默认63,,,,同样是多年相识，同样是命运多舛，同样是有所承诺，同样是情真意切……,同樣是多年相識，同樣是命運多舛，同樣是有所承諾，同樣是情真意切……,"Both were relationships spanning years, both were destinies full of hardship, both were promises made, both were sincere affections...",同じ長年の知り合いなのに。同じ運命に翻弄された者同士なのに。同じ約束を交わした関係なのに。同じ思いを寄せた相手なのに……,"В обоих случаях - многолетние знакомства. \nВ обоих случаях - жизни, полные трудностей. \nВ обоих случаях - обещания. \nВ обоих случаях - искренние чувства...",
,,,,,,,,,,默认64,,,,良叔尚能与她相见，而我与“她”，却早已阴阳永隔了。,良叔尚能與她相見，而我與“她”，卻早已陰陽永隔了。,"Uncle Liang could still meet her, while between ""her"" and me already stretched the eternal divide of death.",良は彼女と会えるのに、一方の私と「彼女」は、永遠に別たれてしまっている。,"Дядюшка Лян смог снова увидеться с ней - в то время как меня и <b>её</b> разделяла пропасть, называемая смертью.",
,,,,,,,,,,默认65,,,,雁儿姐，你离开这人世，实在是太早了呀。,雁兒姐，你離開這人世，實在是太早了呀。,"<ruby=Swan Goose>Sister Yan</ruby>, you departed this world far too soon.",雁姉……君はあまりにも早くこの世を去りすぎた。,"Сестричка Лебёдушка, ты покинула этот мир слишком рано.",
,,,,,,,,,,默认66,,,,……,……,...,……,...,
,BgEvent,远舟8,,,,,1,,,,,,,
,,良,,,,,,,,默认67,,良/32-1-2_良_06,8,[知幼，过来吧！],[知幼，過來吧！],"""Zhiyo, come here!""",「知優！こっちだ！」,"""Чжию, иди сюда!""",
,,,,,,,,,,默认68,,,,远远地，我听到良叔在喊我的名字。,遠遠地，我聽到良叔在喊我的名字。,"From afar, I heard Uncle Liang calling my name.",向こうで良が私の名を呼んでいる。,Издалека окликнул меня дядюшка Лян.,
,,良,,,,,,,,默认69,,,,[……],[……],"""...""",「……」,"""...""",
,,,,,,,,,,默认70,,,,我看到他站在远方，朝我招了招手，仿佛在示意让我也过去，他要向满穗介绍我。,我看到他站在遠方，朝我招了招手，彷彿在示意讓我也過去，他要向滿穗介紹我。,"I saw him standing in the distance, waving me over as if to signal that he would introduce me to Man Sui.",彼のいる方を見ると、私に向かって手招きをしていた。満穂に紹介したいから来いと言っているようだ。,"Я видел его вдалеке - он махал мне рукой, словно хотел меня подозвать, чтобы представить Маньсуй.",
,,满穗,,,,,,,,默认71,,,,[……],[……],"""...""",「……」,"""...""",
,,,,,,,,,,默认72,,,,满穗也望向了我这边，对我盈盈笑着，以示友好。,滿穗也望向了我這邊，對我盈盈笑著，以示友好。,"Man Sui also glanced my way, offering me a warm, friendly smile.",穂も私を見て、好意を示すようににっこりと微笑みかけてきた。,"Маньсуй взглянула в мою сторону, одарив меня тёплой, дружелюбной улыбкой.",
,,方知宥,,,,,,,,默认73,,方知宥/32-1-2_方知宥_08,,[……来了！],[……來了！],"""...Coming!""",「……ああ！」,"""...Иду!""",
,,,,,,,,,,默认74,,,,我仓促地答应了一声，憋住鼻尖的酸楚，带着泛红的眼圈走向他们——,我倉促地答應了一聲，憋住鼻尖的酸楚，帶著泛紅的眼圈走向他們——,"I answered hastily, stifling the ache in my nose, and walked toward them with reddened eyes—",慌てて返事をすると、鼻の奥がつんとするのをこらえ、赤くなった目をこすりながら彼らの方に向かっていった――,"Быстро ответив, я, сдерживая покалывание в носу, пошёл к ним с покрасневшими глазами...",
,,,,,,,,,,默认75,,,,恍惚间，阳光晃了眼。,恍惚間，陽光晃了眼。,"Dazed, the sunlight blurred my vision.",ふと、太陽に目がくらんだ。,"Будто во полусне, меня ослепило солнце.",
,,,,,,,,,,默认76,,,,恍惚间，我仿佛看到良叔与满穗旁边的那艘船上有许多人。,恍惚間，我彷彿看到良叔與滿穗旁邊的那艘船上有許多人。,"Dazed, I almost imagined a crowd of people on the boat beside Uncle Liang and Man Sui.",ふと、良と満穂のそばの船に、多くの人が乗っているように見えた。,"Будто в полусне, мне стала видеться толпа людей на корабле, рядом с дядюшкой Ляном и Маньсуй.",
,,,,,,,,,,默认77,,,,都是我认识的人。,都是我認識的人。,They're all people I know.,みな私の知っている人だ。,Я знал этих людей.,
,FadeOut,black,,,,,1,,,,,,,,,,,
,BgEvent,远舟7,,,,,0,,,,,,,,,,,
,FadeIn,black,,,,,1,,,,,,,,,,,
,Wait,,,,,,0.5,,,,,,,,,,,
,,,,,,,,,,默认78,,,,……,……,...,……,...,
,,,,,,,,,,默认79,,,7,有雁儿姐。,有雁兒姐。,There's <ruby=Swan Goose>Sister Yan</ruby>.,雁姉。,Там была сестричка Лебёдушка.,
,,,,,,,,,,默认80,,,,有王生。,有王生。,There's Scholar Wang.,王書生。,Там был учёный Ван.,
,,,,,,,,,,默认81,,,,有空幻师父。,有空幻師父。,There's Master Konghuan.,空幻和尚。,Там был учитель Кунхуань.,
,,,,,,,,,,默认82,,,,有在扬州城认识的许许多多人……,有在揚州城認識的許許多多人……,And the many people I met in the City of Yangzhou...,揚州で知り合ったみんな……,"И другие люди, которых я встретил в Янчжоу.",
,,,,,,,,,,默认83,,,,还有……,還有……,And...,そして……,И...,
,FadeOut,black,,,,,1,,,,,,,,,,,
,,林翩翩,<Off>,,,,,,,默认84,,林翩翩/15_林翩翩_001,,[知宥，快过来呀，到这桥上来。],[知宥，快過來呀，到這橋上來。],"""Zhiyou, hurry—come up onto the bridge.""",「知宥、早く早く。そこの橋からこっちへ来て」,"""Чжию, быстрее поднимайся на мост.""",
,,,,,,,,,,默认85,,,,林翩翩也站在不远处的船上，裙袂随风飘扬，向我招手。,林翩翩也站在不遠處的船上，裙袂隨風飄揚，向我招手。,"Lin Pianpian stood on a nearby boat, her skirt fluttering as she waved at me.",林翩翩も船の上で服の裾をたなびかせながら、こちらに手招きしている。,"Линь Пяньпянь стояла около корабля. Её юбка развевалась на ветру, она махала мне рукой.",
,,方知宥,,,,,,,,默认86,,,,[……],[……],"""...""",「……」,"""...""",
,,,,,,,,,,默认87,,,,我不知道为何会突然想到她。,我不知道為何會突然想到她。,I don't know why she came to mind just then.,どうして突然彼女のことを思い出したのかはわからない。,"Не знаю почему, но она мне вдруг тоже вспомнилась.",
,,,,,,,,,,默认88,,,,大概是记忆出了差错，将过去那段曾与她在二十四桥上的回忆唐突拼凑，生硬相接。,大概是記憶出了差錯，將過去那段曾與她在二十四橋上的回憶唐突拼湊，生硬相接。,"Perhaps my memory faltered, clumsily stitching together fragments of that time we stood together on the Twenty-Four Bridges.",きっと記憶に齟齬が起き、かつて彼女と二十四橋で過ごした思い出を唐突に集め、継ぎ接ぎにしたのだろう。,"Наверное, моя память стала подводить меня, ошибочно соединяя воедино фрагменты из прошлого, когда мы с ней были на Двадцать четвёртом мосту.",
,,,,,,,,,,默认89,,,,……,……,...,……,...,
,,,,,,,,,,默认90,,,,但是，这种差错，倒也挺好。,但是，這種差錯，倒也挺好。,But this faltering feels rather sweet.,しかしこの齟齬もなかなか悪くない。,Но эта ошибка была довольно приятной.,
,Se,短风,,,,,,,,,,,,
,,,,,,,,,,默认91,,,,——呼,——呼,--Huff--,――ヒュウ,*Вжух.*,
,BgEvent,远舟结局前,,,,,,,,,,,,
,FadeIn,black,,,,,1,,,,,,,,,,,
,,,,,,,,,,默认92,,,,突然有一阵微风吹过。,突然有一陣微風吹過。,"Suddenly, a gentle breeze swept by.",一陣の風が吹いた。,Внезапно задул ветерок.,
,,,,,,,,,,默认93,,,,那些过去的幻影全部消失了，我的眼前只留下了良叔与满穗，只留下了一艘海船、一个港口，以及一望无际的远方。,那些過去的幻影全部消失了，我的眼前只留下了良叔與滿穗，只留下了一艘海船、一個港口，以及一望無際的遠方。,"All those phantoms of the past vanished, leaving only Uncle Liang and Man Sui before my eyes—just a ship, a harbor, and the boundless horizon beyond.",それと共に過去の幻影が消え去り、目の前には良と満穂、一艘の船、一つの港、そして果てしなく広がる景色だけが残った。,"Все иллюзии прошлого исчезли, оставляя только дядюшку Ляна и Маньсуй, а также корабль, порт и необъятный горизонт впереди.",
,,方知宥,,,,,,,,默认94,,方知宥/32-1-2_方知宥_09,,[来了！],[來了！],"""Coming!""",「今行く！」,"""Иду!""",
,,,,,,,,,,默认95,,,,我又轻轻喊了一声，这次的语气较上次更为坚定。,我又輕輕喊了一聲，這次的語氣較上次更為堅定。,"I called out softly again, this time with firmer resolve.",軽快に声を張り上げた。先ほどよりもさらにはっきりと。,"Снова тихо ответил я, но в этот раз с большей решимостью в голосе.",
,,方知宥,,,,,,,,默认96,,,,[……],[……],"""...""",「……」,"""...""",
,CharacterOff,,,,,,2,,,,,,,,,,,
,HideMessageWindow,,,,,,,,,,,,,,,,,
,CaptureImage,截图,SpriteCamera,背景截图,,,,,,,,,,,,,,
,Bg,远舟结局,,,,,,,,,,,,,,,,
,RuleFadeOut,截图,CloudWindTop,,Linear,,2,,PageWait,,,,,,,,,
,Wait,,,,,,1,,,,,,,,,,,
,ShowMessageWindow,,,,,,,,,,,,,,,,,
,,,,,,,,,,默认97,,,,然后，我深深吸了一口气，昂首挺胸，迈开脚步走了出去——,然後，我深深吸了一口氣，昂首挺胸，邁開腳步走了出去——,"Then, I took a deep breath, straightened my back, and strode forward—",そして、大きく息を吸い込むと、胸を張って、大股で歩き出した――,"Затем глубоко вздохнув, я выпрямил спину и зашагал вперёд.",
,,,,,,,,,,默认98,,,,我走向了等待着我的远舟，走向了蕴含着无限可能的将来……,我走向了等待著我的遠舟，走向了蘊含著無限可能的將來……,"I walked toward the distant ship awaiting me, toward a future brimming with infinite possibilities...",私を待っている船へ、無限の可能性を秘めた未来へ……,"Я шёл к ожидающему меня кораблю вдали, направляясь прямиком в будущее безграничных возможностей...",
,,,,,,,,,,默认99,,,,【结局：远舟】,【結局：遠舟】,[Ending 2: The Distant Ship - End],【エンディング2：遠舟 完】,【Концовка: Корабль вдали】,
,Wait,,,,,,2
,If,!IsDead
,AddSteamAchiKey,Achieve_NoDead
,EndIf,
,AddSteamAchiKey,Achieve_map_commonEnd_2
,FadeOut,black,,,,,1,,,,,,,,,,,
,BgEvent,约稿1,,,,,,,,,,,,,,,,
,ScreenText,1,White,2,2,2,72,,,结语3
,UnlockPlotMap,map_other_1
,EndScenario
