#SHEET_NAME,结局-哭庙
,Command,Arg1,Arg2,Arg3,Arg4,Arg5,Arg6,Arg7,WaitType,Text,PageCtrl,Voice,WindowType,SC,TC,English,Japanese,Russian
,*map_commonEnd_5,,,,,,,,,,,,,,,,
,UnlockPlotMap,map_commonEnd_5,,,,,,,,,,,,,,,
,SetChapterName,结局-哭庙,,,,,,
,Wait,,,,,,1,
,FadeOut,black,,,,,0,
,Bg,王家大院街道夜,,,,,,,,,,,,,,,
,BgEvent,哭庙1,,,,,1,,,,,,,,,,
,FadeIn,black,,,,,2,,,,,,,,,,,
,Bgm,曲终人散,,,,0.2,3,,,,,,,,,,,
,,,,,,,,,,默认1,,,,自五月五日起，扬州城的秩序便基本恢复了。,自五月五日起，揚州城的秩序便基本恢復了。,"Since the fifth day of the fifth month, order in Yangzhou had largely been restored.",五月五日を境に、揚州の町の秩序はおおよそ回復していった。,К пятому числу пятого месяца порядок в Янчжоу был по большей части восстановлен.
,,,,,,,,,,默认2,,,,那些曾经城中的恶兵与恶匪都已散去，只留下一具具尸首被抬到街上，百姓们或沉默、或哭泣地将它们堆叠起来，再而点燃。,那些曾經城中的惡兵與惡匪都已散去，只留下一具具屍首被抬到街上，百姓們或沉默、或哭泣地將它們堆疊起來，再而點燃。,"The marauding soldiers and bandits who once terrorized the city had all fled, leaving only corpses to be carried into the streets, where the townsfolk stacked them silently or tearfully before setting them alight.",町を荒らした悪兵や悪党たちは散っていき、残されたのは運び出された無数の死体だけだった。町民たちはみな黙したまま、あるいは泣き顔で彼らの死体を積み上げ、それに火をつけた。,"Наводившие на город ужас солдаты и бандиты ушли, осталось только множество трупов, которые вынесли на улицы. Жители молча или с плачем складывали их в груду, а затем поджигали."
,,,,,,,,,,默认3,,,,火光跃动间，那些躯壳的一部分化作了上升的青烟，另一部分则是化作了沉落的灰烬。,火光躍動間，那些軀殼的一部分化作了上升的青煙，另一部分則是化作了沉落的灰燼。,"In the flickering flames, some of those remains became rising smoke, while others turned to falling ash.",ふらりと炎が揺れ、骸の一部はもうもうと昇る煙となり、残りは積もる灰となった。,"В трепещущем пламени тела частью обращались в синий дым, вздымающийся вверх, частью же становились осыпающимся серым пеплом."
,,,,,,,,,,默认4,,,,待城中安定下来时，我与王生都回到了各自的屋宅。,待城中安定下來時，我與王生都回到了各自的屋宅。,"When calm finally returned to the city, both Scholar Wang and I retreated to our respective homes.",町の情勢が安定してくると、私と王書生はそれぞれ自分の家へと帰った。,"После того, как в городе стало спокойнее, мы с учёным Ваном вернулись каждый в свои дома."
,FadeOut,black,,,,,1,,,,,,,,,,,
,BgEvent,烬志1,,,,,0,,,,,,,,,,,
,FadeIn,black,,,,,1,,,,,,,,,,,
,Wait,,,,,,0.5,,,,,,,,,,,
,,,,,,,,,,默认5,,,,我回到方院后，查看了房中的一切，一时哭笑不得，也不知该感慨幸运还是不幸。,我回到方院後，查看了房中的一切，一時哭笑不得，也不知該感慨幸運還是不幸。,"After returning to Fang's Courtyard, I surveyed my room and found myself torn between laughter and tears, uncertain whether to count myself fortunate or unfortunate.",方院に戻り、中を見渡して思わず苦笑した。これを幸運と呼ぶべきなのか不幸と呼ぶべきなのか。,"Вернувшись во двор семьи Фан и увидев его состояние, я даже не знал, плакать мне или смеяться, считать себя удачливым или неудачливым."
,,,,,,,,,,默认6,,,,幸运的是，方院并未被整个烧毁，大体保持着原貌。,幸運的是，方院並未被整個燒毀，大體保持著原貌。,"Fortunately, Fang's Courtyard wasn't entirely burned down and mostly kept its original form.",幸運なことに、方院は焼け落ちておらず、ほぼ原形を保っていた。,"В чём мне повезло, так это в том, что двор семьи Фан вовсе не оказался сожжён дотла и в целом сохранил свой прежний вид."
,,,,,,,,,,默认7,,,,那个曾被我锁在屋内的妖兵早已不知所踪。,那個曾被我鎖在屋內的妖兵早已不知所蹤。,The demon soldier I'd locked in that room had long vanished without a trace.,傍屋に閉じ込めておいた妖兵は、いつの間にかいなくなっていた。,"Яогуай, которого я запер во флигеле, уже давно куда-то делся."
,,,,,,,,,,默认8,,,,也许是他脱身后急着去追我无暇他顾，也许是他脱身后急着去抢劫——他走得很匆忙，离开时并未一把火烧了方院。,也許是他脫身後急著去追我無暇他顧、也許是他脫身後急著去搶劫——他走得很匆忙，離開時並未一把火燒了方院。,"Maybe after escaping he was too busy chasing me to care—or maybe he ran off to loot—either way, he left in such a hurry that Fang's Courtyard escaped the torch.",脱出してから私を追うことで頭がいっぱいだったのか、それとも強盗に勤しんでいたのか――とにかく慌てて出て行ったようで、火を放っていくことはなかった。,"Возможно, после того, как он смог освободиться, все его мысли занимало то, как бы меня догнать, либо же он стремился награбить побольше - в любом случае, он быстро ушёл отсюда и не стал заморачиваться над тем, чтобы предать двор огню."
,,,,,,,,,,默认9,,,,不幸的是，我曾珍藏的那些书籍，要么被撕毁了，要么便散失无踪，徒留被翻开的柜子，以及散落一地的碎纸屑。,不幸的是，我曾珍藏的那些書籍，要嘛被撕毀了，要嘛便散失無蹤，徒留被翻開的櫃子，以及散落一地的碎紙屑。,"Sadly, my treasured books were either torn apart or lost completely, leaving only gaping cabinets and paper fragments littering the floor.",そして不幸なことに、私が大切に収蔵していた本は破り捨てられたり行方知れずとなったりである。残っていたのは開け放たれた箪笥と、ばらばらになった紙屑だ。,"В чём мне не повезло - те бережно хранимые мной книги либо были уничтожены, либо просто пропали бесследно. Остались только развороченные шкафы и разбросанные по полу обрывки бумаги."
,FadeOut,black,,,,,1,,,,,,,,,,,
,BgEvent,哭庙2,,,,,0,,,,,,,,,,,
,FadeIn,black,,,,,1,,,,,,,,,,,
,Wait,,,,,,0.5,,,,,,,,,,,
,,,,,,,,,,默认10,,,,我猜，那些被撕的书，是他被我困在房屋时做得，大概是为了发泄他的情绪。,我猜，那些被撕的書，是他被我困在房屋時做得，大概是為了發洩他的情緒。,I suppose those torn books were his doing when I had him trapped in the room—likely a way to vent his emotions.,おそらく破られた本は、私が閉じ込めた際にあいつがやったのだろう。鬱憤を晴らすために。,"Скорее всего, те разорванные книги - это было его рук дело: так он вымещал свою злобу после того, как я его запер внутри."
,,,,,,,,,,默认11,,,,这么想来，王生倒是比我更幸运。,這麼想來，王生倒是比我更幸運。,"Thinking about it this way, Scholar Wang was actually luckier than I was.",そういう意味では、王は私よりも幸運だった。,"Если так подумать, то учёному Вану повезло больше, чем мне."
,,,,,,,,,,默认12,,,,他的屋中竟还留着不少旧书，甚至能从犄角旮旯中翻出完好的笔墨。,他的屋中竟還留著不少舊書，甚至能從犄角旮旯中翻出完好的筆墨。,"His house still held quite a few old books, and you could even find intact brushes and ink tucked away in the corners.",彼の家には古本がまだ多く残されており、部屋の隅などから無事な筆や墨も見つかった。,"В его доме всё-таки сохранилось немало старых книг, а в укромных уголках можно было даже найти неповреждённые кисти и чернила."
,FadeOut,black,,,,,1,,,,,,,,,,,
,BgEvent,烬志2,,,,,0,,,,,,,,,,,
,FadeIn,black,,,,,1,,,,,,,,,,,
,Wait,,,,,,0.5,,,,,,,,,,,
,,,,,,,,,,默认13,,,,他一边苦笑，一边调侃抄他家的恶兵都是不识货的粗人。,他一邊苦笑，一邊調侃抄他家的惡兵都是不識貨的粗人。,"With a bitter smile, he joked that the brutish soldiers who ransacked his home were uncultured fools who couldn’t recognize quality.",彼は苦笑しつつ、彼の家を家捜しした悪兵どもは見る目のない野蛮人だと冗談を言った。,"С усмешкой он отметил, что грабившие его дом солдаты, видимо, были полными невеждами и не знали толк в ценностях."
,,,,,,,,,,默认14,,,,随后，他用那些遗留的笔墨开始写书——正是那本《扬州十日记》。,隨後，他用那些遺留的筆墨開始寫書——正是那本《揚州十日記》。,"Later, he began writing a book with the remaining brushes and ink—precisely that ""Ten Days of Yangzhou"".",その後、彼は残った筆と墨で本を書き始めた――『揚州十日記』だ。,"После этого он, используя сохранившиеся кисть и тушь, приступил к написанию книги - той самой, под названием ""Десять дней в Янчжоу"". <i>(Прообраз учёного Вана - реальный автор по имени Ван Сючу, ""Десять дней в Янчжоу"" - единственное известное его произведение)</i>"
,,,,,,,,,,默认15,,,,《扬州十日记》毕竟只记载了王生所见的十日见闻，篇幅长不到哪去。,《揚州十日記》畢竟只記載了王生所見的十日見聞，篇幅長不到哪去。,"After all, ""Ten Days of Yangzhou"" only recorded Scholar Wang’s ten-day observations, so it wasn’t particularly long.",『揚州十日記』は王の目から見た十日間の見聞が書かれているだけで、そう長い話ではない。,"Поскольку книга ""Десять дней в Янчжоу"" описывала только то, что учёный Ван видел и слышал сам за эти десять дней, она не вышла особенно длинной."
,,,,,,,,,,默认16,,,,王生大概写了十日便完稿了，整本书一共有数千字。,王生大概寫了十日便完稿了，整本書一共有數千字。,"Scholar Wang took about ten days to complete the manuscript, which totaled several thousand characters.",およそ十日ほどで彼は書き終わってしまった。本全体でも数千字程度だ。,"Где-то за десять дней он завершил рукопись, в общем вышло на несколько тысяч иероглифов."
,,,,,,,,,,默认17,,,,他写完后，携带完稿的书和笔墨纸砚，专门赶到我的方院请我帮他润色。,他寫完後，攜帶完稿的書和筆墨紙硯，專門趕到我的方院請我幫他潤色。,"After finishing, he brought the completed book along with his writing tools and made a special trip to my Fang's Courtyard, asking me to polish it for him.",書き終わった後、彼は文房具を持って、脚色をしてほしいとわざわざ方院まで頼みに来た。,"Закончив, он принёс готовую рукопись вместе с письменными принадлежностями ко мне, чтобы попросить меня о помощи в редактуре."
,,,,,,,,,,默认18,,,,我细细读过，替他改了许多处细节，又亲手誊抄了一份。,我細細讀過，替他改了許多處細節，又親手謄抄了一份。,"I read it carefully, revised many details for him, and even personally copied out a clean version.",私は細部までそれを読み込み、多くの細部を手直しし、また書き加えてやった。,"Внимательно прочитав, я подправил там немало деталей и лично переписал дубликат."
,FadeOut,black,,,,,1,,,,,,,,,,,
,BgEvent,哭庙3,,,,,0,,,,,,,,,,,
,FadeIn,black,,,,,1,,,,,,,,,,,
,Wait,,,,,,0.5,,,,,,,,,,,
,,,,,,,,,,默认19,,,,自此，我们二人各持一稿带在身边，算是各自守住了一段不容遗忘的历史。,自此，我們二人各持一稿帶在身邊，算是各自守住了一段不容遺忘的歷史。,"From then on, each of us kept a copy with us, as if safeguarding a piece of history that must not be forgotten.",それ以来、私たちは二人で一稿ずつ、忘れてはならない歴史の一部を保管することにした。,"После этого каждый из нас взял с собой по экземпляру - можно сказать, тем самым сохраняя часть истории, которую следовало помнить."
,,,,,,,,,,默认20,,,,……,……,...,……,...
,,,,,,,,,,默认21,,,,五月十六日，我向王生辞行，表明明日便会离开扬州。,五月十六日，我向王生辭行，表明明日便會離開揚州。,"On the sixteenth of the fifth month, I bid farewell to Scholar Wang, telling him I would leave Yangzhou the next day.",五月十六日、私は王書生に明日揚州を去ると言って別れを告げた。,"В шестнадцатый день пятого месяца я попрощался с учёным Ваном и сообщил ему, что завтра собираюсь покинуть Янчжоу."
,,,,,,,,,,默认22,,,,王生有些震惊，他说见我这些时日留在城中，还以为我已改了主意。,王生有些震驚，他說見我這些時日留在城中，還以為我已改了主意。,"Scholar Wang was somewhat shocked. He said that seeing me stay in the city all this time, he had assumed I'd changed my mind.",彼は少し驚いたようだ。私がこの数日ずっと町に留まっているのを見て、気が変わったのかと思っていたらしい。,"Тот был удивлён - он сказал, что, видя, как я оставался в городе все эти дни, решил было, что я передумал."
,,,,,,,,,,默认23,,,,我笑了笑，告诉他多留这些天，本就是为了帮他修书。,我笑了笑，告訴他多留這些天，本就是為了幫他修書。,I smiled and told him I'd only stayed these extra days to help him revise his book.,ここにいた数日は、彼の本の校正をするためであったことを笑いながら話した。,"Я с улыбкой сообщил ему, что задержался специально для того, чтобы помочь ему с книгой."
,,,,,,,,,,默认24,,,,如今《扬州十日记》已经写成，我也该动身离开了。,如今《揚州十日記》已經寫成，我也該動身離開了。,"Now that ""Ten Days of Yangzhou"" is complete, I should be on my way.",『揚州十日記』も完成した。そろそろ去るべき時だ。,"Теперь же, когда труд ""Десять дней в Янчжоу"" завершён, мне пришла пора отправляться в путь."
,,,,,,,,,,默认25,,,,……,……,...,……,...
,FadeOut,black,,,,,1,,,,,,,,,,,
,BgEvent,哭庙4,,,,,0,,,,,,,,,,,
,FadeIn,black,,,,,1,,,,,,,,,,,
,Wait,,,,,,0.5,,,,,,,,,,,
,,,,,,,,,,默认26,,,,接下来，我的目的地是苏州。,接下來，我的目的地是蘇州。,"Next, I'm headed to Suzhou.",次の目的地は蘇州だった。,Путь мой лежит в Сучжоу.
,,,,,,,,,,默认27,,,,常听人说“上有天堂，下有苏杭”，我便想去看看，那人间天堂究竟是何等模样。,常聽人說“上有天堂，下有蘇杭”，我便想去看看，那人間天堂究竟是何等模樣。,"I'd always heard ""In heaven there's paradise; on earth, Suzhou and Hangzhou""—I wanted to see what this so-called earthly paradise was really like.",「天国は上にあり、<ruby=>蘇州・杭州</ruby>蘇杭は地上にあり」と常々耳にしていたため、地上の楽園がどんなものか一目見に行ってみたかったのだ。,"Многие говорят ""На небе - рай, а на земле - Сучжоу и Ханчжоу"". И мне хотелось самолично взглянуть на то, как же выглядит этот рай на земле."
,,,,,,,,,,默认28,,,,人们都说，苏州丝织业繁盛，戏曲文化繁荣，这里聚集了江南地区的许多文人雅士。,人們都說，蘇州絲織業繁盛，戲曲文化繁榮，這裡聚集了江南地區的許多文人雅士。,"They say Suzhou boasts a thriving silk industry and vibrant opera culture, attracting many cultured scholars and artists from Jiangnan.",蘇州は織物が名物で、演劇文化が発展しており、江南から多くの文人や教養人が集まっていると誰もが言う。,"Говорят, что Сучжоу славится процветающей шелкоткацкой промышленностью и богатой театральной культурой, что здесь сосредоточилось множество образованных и изысканных людей с земель к югу от Янцзы."
,,,,,,,,,,默认29,,,,人们都说，苏州倚靠太湖，山水景色秀丽，是一个养人宜居的好地方。,人們都說，蘇州倚靠太湖，山水景色秀麗，是一個養人宜居的好地方。,"They say Suzhou, nestled against Tai Lake, has exquisite scenery—an ideal place to live and prosper.",また蘇州は<ruby=たいこ>太湖</ruby>に臨み、山水の景色も美しく、住むにも良い場所だと聞いている。,"Говорят, что Сучжоу расположен у озера Тайху, здесь живописные пейзажи гор и вод - прекрасное и благотворное для жизни место."
,,,,,,,,,,默认30,,,,我自然因这些传闻而心动，想着或许将来会长居于此，度过余生……,我自然因這些傳聞而心動，想著或許將來會長居於此，度過餘生……,"These rumors naturally stirred my heart, making me imagine perhaps settling here permanently to spend my remaining years...",そのような噂を聞いて当然ながら心を揺さぶられ、もしかしたら将来、そこに居着いて余生を過ごすことになるかもしれないなどと考えていた……,"Само собой, эти рассказы тронули моё сердце, и я стал думать о том, что, возможно, поселюсь в этом месте навсегда и проведу здесь остаток своих дней..."
,,,,,,,,,,默认31,,,,……,……,...,……,...
,,,,,,,,,,默认32,,,,呵……其实还有一个有些幼稚的想法，也令我选了苏州。,呵……其實還有一個有些幼稚的想法，也令我選了蘇州。,"Hah... truth be told, there was also a rather childish notion that made me choose Suzhou.",ふっ……蘇州を選んだのには、実はもう一つ、我ながらばからしいと思う理由があった。,"Хех... По правде говоря, была ещё одна довольно глуповатая и наивная причина, по которой я избрал Сучжоу."
,,,,,,,,,,默认33,,,,“苏州”二字中，带有一个“苏”字。,“蘇州”二字中，帶有一個“蘇”字。,"The name ""Suzhou"" contains the character ""Su"".",「蘇州」の二文字には、「蘇」の字が入っている。,"Один из <ruby=苏州>двух</ruby> иероглифов, что составляют его название, - <ruby=苏>это ""Су""</ruby>."
,,,,,,,,,,默认34,,,,那是“她”的姓氏。,那是“她”的姓氏。,"That was ""her"" family name.",それは「彼女」の姓だ。,"То есть, <i>её</i> фамилия."
,,,,,,,,,,默认35,,,,我想去一个与她有关的地方。,我想去一個與她有關的地方。,I wanted to go somewhere that felt connected to her.,彼女にまつわるその場所に、行ってみたかったのだ。,"Я хотел отправиться в место, связанное с ней."
,,,,,,,,,,默认36,,,,哪怕只是我一厢情愿……只是我自己觉得与她有关。,哪怕只是我一廂情願……只是我自己覺得與她有關。,Even if it was just my own delusion... just my personal sense of connection to her.,ただの思い込みだとしても……勝手に彼女と関係があると思っているだけでも。,Пусть даже это всё я себе просто надумал... даже если эта связь существовала лишь у меня в голове.
,FadeOut,black,,,,,1,,,,,,,,,,,
,,,,,,,,,,默认37,,,,……,……,...,……,...
,FadeOut,black,,,,,1,,,,,,,,,,,
,BgEvent,哭庙5,,,,,0,,,,,,,,,,,
,FadeIn,black,,,,,1,,,,,,,,,,,
,Wait,,,,,,0.5,,,,,,,,,,,
,,,,,,,,,,默认38,,,,我收拾好行囊，将《扬州十日记》贴身藏好，沿运河南下。,我收拾好行囊，將《揚州十日記》貼身藏好，沿運河南下。,"I packed my belongings, keeping ""Ten Days of Yangzhou"" hidden on my person, and traveled south along the Grand Canal.",私は荷物をまとめると、『揚州十日記』を肌身離さずしまい込み、運河に沿って南下した。,"Я собрал вещи, спрятал ""Десять дней в Янчжоу» поближе к телу и отправился на юг вдоль Великого канала."
,,,,,,,,,,默认39,,,,几日后，我便到了苏州吴县。,幾日後，我便到了蘇州吳縣。,"After several days, I reached Wu County in Suzhou.",数日後、蘇州の呉県に到着した。,Через несколько дней я прибыл в уезд Усянь в Сучжоу.
,,,,,,,,,,默认40,,,,在码头落脚时，我身上只剩最后的一两三钱银子。,在碼頭落腳時，我身上只剩最後的一兩三錢銀子。,"When I disembarked at the wharf, I had barely one tael and three small silvers left to my name.",埠頭を降りた頃には、一両三銭しか残っていなかった。,"Когда я остановился в местном порту, денег у меня оставалось всего один таэль и три цяня."
,,,,,,,,,,默认41,,,,我努力想在本地找一份营生，奔波了十余日，终于在银两花完之前，因写得一手好字，被一家书坊收留，以抄书为生。,我努力想在本地想找一份營生，奔波了十餘日，終於在銀兩花完之前，因寫得一手好字，被一家書坊收留，以抄書為生。,"I struggled to find local work, running around for over ten days. Just before my silver taels ran out, I was taken in by a bookshop due to my fine handwriting, making a living by copying books.",どうにかしてその地で仕事を見つけねばと奔走すること十日余り、金が尽きる前にようやく、字の綺麗さを評価されて本屋に雇われ、写本で生計を立てることになった。,"Я стал усиленно искать здесь работу. Пробегав десять с лишним дней, как раз, когда мои деньги грозили совсем закончиться, благодаря красивому почерку я был принят на работу в книжную лавку, где стал зарабатывать на жизнь переписыванием текстов."
,,,,,,,,,,默认42,,,,我抄写着曾读过的那些书。,我抄寫著曾讀過的那些書。,I copied books I had once read.,私は今まで読んだことのある本を書き写していった。,"Я переписывал те самые книги, которые когда-то читал:"
,,,,,,,,,,默认43,,,,《三国演义》《西厢记》《西游记》《水浒传》……,《三國演義》、《西廂記》、《西遊記》、《水滸傳》……,"""Romance of the Three Kingdoms"", ""The Romance of the Western Chamber"", ""Journey to the West"", ""Water Margin""...",『三国志演義』、『西廂記』、『西遊記』、『水滸伝』……,"""Троецарствие"", ""Западный флигель"", ""Путешествие на Запад"", ""Речные заводи""..."
,,,,,,,,,,默认44,,,,我一本本地抄，每抄一本都要耗时一两个月，与掌柜四六分账，勉强糊口。,我一本本地抄，每抄一本都要耗時一兩個月，與掌櫃四六分帳，勉強餬口。,"I copied them one by one, each taking one or two months to complete. The shopkeeper and I split the earnings 60-40, barely scraping by.",一冊一冊書き写していく。一冊書き写すのに一二か月ほどかかった。それを店主と四六の割合で分け合って糊口をしのいだ。,"Я переписывал их одну за другой, на каждую копию уходило по месяцу-два. С владельцем лавки мы делили заработок по принципу ""четыре части к шести"" - кое-как на жизнь этого хватало."
,,,,,,,,,,默认45,,,,初到苏州那年，江南仍不算安定。,初到蘇州那年，江南仍不算安定。,"The year I first arrived in Suzhou, Jiangnan was still unstable.",蘇州に来たその年、江南は未だに情勢が不安定だった。,В мой первый год в Сучжоу к югу от Янцзы всё ещё было не очень спокойно.
,,,,,,,,,,默认46,,,,我刚到这里不久后，清廷便颁布了“剃发易服令”。,我剛到這裡不久後，清廷便頒布了“剃髮易服”令。,"Not long after my arrival, the Qing Court issued the ""Shaving Hair and Changing Attire"" Order.",来てから間もなく、清の朝廷が「剃髪令」を出したのだ。,"Вскоре после того, как я сюда прибыл, цинский двор издал указ о ""бритье головы и смене одежды""."
,,,,,,,,,,默认47,,,,“剃发易服令”规定：全国官民，京城内外限十日，直隶及各省地方以布文到日亦限十日，一律剃发；同时改易衣冠，汉家服饰，从此禁绝。,“剃髮易服令”規定：全國官民，京城內外限十日，直隸及各省地方以布文到日亦限十日，一律剃髮；同時改易衣冠，漢家服飾，從此禁絕。,"The ""Order to Shave Hair and Change Attire"" stipulated that all officials and commoners nationwide must shave their heads within ten days in the capital and surrounding areas, and within ten days of the order's arrival in provincial regions. Simultaneously, Han Chinese attire was to be replaced, effectively banning traditional Han clothing thereafter.",「剃髪令」とは、都では十日以内、直隷および各省の地方では布告より十日以内を期限とし、全ての官民が頭を剃り、服装を改めるものとし、漢人の服装を以降禁ずるという決まりだ。,"<size=25>Указ сей гласил: как чиновники, так и простой люд в течение десяти дней после обнародования указа в столице и её окрестностях и в течение десяти дней после получения письменного уведомления в городах непосредственного подчинения и всех провинциях должны побрить головы по маньчжурскому обычаю. В то же время предписывалось сменить одежду на маньчжурскую - ханьский наряд и украшения отныне были запрещены.</size>"
,,,,,,,,,,默认48,,,,此令一出，天下哗然，江南一带反应最为激烈，不少世家大族率众起事，可因“扬州十日”在前，各地反抗大多雷声大雨点小，最后总是不了了之。,此令一出，天下譁然，江南一帶反應最為激烈，不少世家大族率眾起事，可因“揚州十日”在前，各地反抗大多雷聲大雨點小，最後總是不了了之。,"The order caused widespread uproar upon its issuance, with the Jiangnan region reacting most vehemently. Many prominent families led uprisings, but due to the precedent of the ""Yangzhou Ten Days"", most resistance amounted to more bluster than action, ultimately fizzling out without resolution.",この令が下されると、世間が騒然とした。最も反応が激しかったのは江南のあたりで、多くの地主や豪族が民を率いて蜂起した。しかし『揚州十日』の前例があったため、各地の反抗は騒ぎの割に大して発展せず、結局いつもうやむやなまま終わってしまった。,"<size=26>Указ вызвал ропот возмущения по всей стране, причём в землях к югу от Янцзы недовольства было больше всего. Многие влиятельные кланы стали собирать своих последователей для восстания. Однако, поскольку воспоминания о ""десяти днях в Янчжоу"" всё ещё были свежи, сопротивление по большей части выражалось криками, чем реальными делами, и в конечном итоге сошло на нет.</size>"
,,,,,,,,,,默认49,,,,苏州也是如此。,蘇州也是如此。,Suzhou was no exception.,蘇州も似たようなものだった。,Сучжоу не был исключением.
,,,,,,,,,,默认50,,,,最开始的时候，城里人人激愤，许多人喊着说不做鞑子的奴才，喊着要齐心协力将他们驱逐回去。,最開始的時候，城裡人人激憤，許多人喊著說不做韃子的奴才，喊著要齊心協力將他們驅逐回去。,"At first, the city seethed with indignation. Many vowed not to become slaves of the Tatars, shouting slogans to unite and drive them back.",初めの頃こそ町の人々は憤慨し、多くが韃子の下僕になどなるかと叫び、みんなで協力して連中を追い払おうと息巻いた。,"Поначалу город кипел от возмущения - многие кричали, что не станут рабами варваром, что приложат все силы для того, чтобы вышвырнуть их прочь."
,,,,,,,,,,默认51,,,,可到了后来，城里不知怎的流传起各地被屠城的恐怖传闻，再加上南京陷落、弘光帝被俘的消息逐渐传开……人心渐渐冷下来，没有人再敢明着起事、没有人想要去拼命。,可到了後來，城裡不知怎的流傳起各地被屠城的恐怖傳聞，再加上南京陷落、弘光帝被俘的消息逐漸傳開……人心漸漸冷下來，沒有人再敢明著起事、沒有人想要去拚命。,"But later, for some reason, terrifying rumors of city-wide massacres began circulating in town. As news of Nanjing's fall and the Hongguang Emperor's capture spread... people's spirits waned. No one dared rebel openly anymore, and no one was willing to risk their lives.",ところが後になって、各地で虐殺が起きているという不穏な噂がなぜか町の中で広がった。さらには南京が陥落し、弘光帝が捕らえられたという噂まで……人々の心は次第に冷め、表立って反乱を起こそうとする者も、命がけで戦おうとする者もいなくなった。,"<size=27>Однако со временем по городу каким-то образом начали распространяться слухи о резне в других городах. В сочетании с новостями о падении Нанкина и пленении императора Хунгуана... это привело к тому, что пыл в сердцах людей постепенно остыл. Больше никто не осмеливался открыто поднимать бунт; никто не хотел рисковать своей жизнью.</size>"
,,,,,,,,,,默认52,,,,苏州人富庶，有钱人众多，人们都知道——若是不激烈反抗，也不至于会落到扬州那般的下场。,蘇州人富庶，有錢人眾多，人們都知道——若是不激烈反抗，也不至於會落到揚州那般的下場。,"Suzhou's residents were prosperous, with many wealthy families—everyone knew that without fierce resistance, they wouldn't suffer Yangzhou's fate.",蘇州人は裕福で金持ちが多い。だから皆知っているのだ――激しく抵抗をしなければ、揚州のような目には遭わないと。,"Население Сучжоу было богатым, в нём было много состоятельных граждан. Люди ясно понимали: если они не будут оказывать яростного сопротивления, то вполне смогут избежать судьбы Янчжоу."
,,,,,,,,,,默认53,,,,于是，城中有许多富户偷偷把钱粮送出城，去支持别处的义军，让他们替自己和“东虏”拼命。,於是，城中有許多富戶偷偷把錢糧送出城，去支持別處的義軍，讓他們替自己和“東虜”拚命。,"So many wealthy households secretly sent money and supplies beyond the city walls to support rebel forces elsewhere, letting them battle the ""Eastern Barbarians"" in their stead.",そのため、町の金持ちの多くがこっそりと金や食料を町の外に持ち出し、他の地域の義勇軍を支援し、自分たちの代わりに彼らと「東虜」を戦わせた。,"Многие богатые семьи тайно отправляли деньги и зерно за пределы города, чтобы поддержать повстанческие армии в других местах - чтобы те сражались с ""восточными лу"" заместо их самих."
,,,,,,,,,,默认54,,,,呵……这何尝不是另一种的“有钱捧个钱场，没钱捧个人场”？,呵……這何嘗不是另一種的“有錢捧個錢場，沒錢捧個人場”？,"Heh... isn't this just another version of ""those with money contribute money, those without contribute their presence""?",ふっ……これも一種の「金持ちが油を注ぎ、金無しが火をつける」というやつか。,"Хех... Чем-то это похоже на то, как театралы на улицах кричат ""коль есть деньги - поддержите монетой, либо поддержите своим присутствием, коль их нету."""
,,,,,,,,,,默认55,,,,只是，这次更有骨气的、更应被看得起的——大概是后者。,只是，這次更有骨氣的、更應被看得起的——大概是後者。,"Except this time, the more principled and admirable ones—were likely the latter.",しかしまあ……今回に至っては、気骨があって尊敬を集めるのは――後者だろう。,"Только в этом случае ""поддерживавшие своим присутствием"" как раз были теми, кто обладал большей твёрдостью духа и заслуживал большего уважения."
,FadeOut,black,,,,,1,,,,,,,,,,,
,BgEvent,烬志10,,,,,0,,,,,,,,,,,
,FadeIn,black,,,,,1,,,,,,,,,,,
,Wait,,,,,,0.5,,,,,,,,,,,
,,,,,,,,,,默认56,,,,江阴便是这样一座有骨气的城。,江陰便是這樣一座有骨氣的城。,Jiangyin was precisely such a city of unwavering resolve.,江陰はまさにそんな気骨のある町だ。,"Одним из таких ""твёрдых духом"" городов был Цзянъинь."
,,,,,,,,,,默认57,,,,六月初一，他们看到“剃发易服”的布告后，回以“头可断，发不可剃”，并立刻斩杀了东虏派来的官员。,六月初一，他們看到“剃髮易服”的布告後，回以“頭可斷，發不可剃”，並立刻斬殺了東虜派來的官員。,"On the first day of the sixth month, after seeing the proclamation for ""Shaving Hair and Changing Attire"", they retorted, ""Heads may be severed, but hair shall not be shaved"", and promptly executed the officials sent by the Eastern Barbarians.",六月一日、彼らは「剃髪令」のお触れを見て、「首は落としても髪は落とさず」と応じ、東虜がよこした官吏を斬り殺した。,"В первый день шестого месяца, когда его жители увидели указ о ""бритье головы и смене одежды"", они ответствовали ""можете рубить нам головы, но брить мы их не будем"" и тут же прикончили чиновников, присланных ""восточными лу""."
,,,,,,,,,,默认58,,,,随后，全城同心，杀敌数万，击退了东虏的一波波进攻，足足坚守了八十一日。,隨後，全城同心，殺敵數萬，擊退了東虜的一波波進攻，足足堅守了八十一日。,"Afterward, the entire city stood united, killing tens of thousands of enemies and repelling wave after wave of attacks by the Eastern Barbarians, holding out for a full eighty-one days.",その後、町が一丸となって敵を殺すこと数万、次から次へと押し寄せる東虜の激しい攻撃を、実に八十一日間も耐え忍んだ。,"Затем горожане в едином порыве уничтожали врагов десятками тысяч, отбивали наступления ""восточных лу"" одно за другим - и так продержались восемьдесят один день."
,,,,,,,,,,默认59,,,,据说，城破之日，江阴城几乎是无人幸存。,據說，城破之日，江陰城幾乎是無人倖存。,"It is said that when the city fell, almost no one in Jiangyin survived.",噂では、町が陥落した日、江陰にはほとんど生きている者がいなかったという。,"По слухам, когда Цзянъинь пал, в живых там не осталось практически никого."
,,,,,,,,,,默认60,,,,……,……,...,……,...
,,,,,,,,,,默认61,,,,江阴人的气节令人敬仰，此等壮举，实在是令人振奋。,江陰人的氣節令人敬仰，此等壯舉，實在是令人振奮。,The integrity of the people of Jiangyin is truly admirable; such heroic deeds are genuinely uplifting.,江陰の気概は尊敬に値する。聞いた者の心を奮い立たせる、とてつもない行いだ。,"Стойкость жителей Цзянъиня вызывала глубокое уважение, их героическое сопротивление действительно вдохновляло."
,,,,,,,,,,默认62,,,,可是，短暂的振奋过后，更多的人却愈发不敢反抗了。,可是，短暫的振奮過後，更多的人卻越來越不敢反抗了。,"Yet, after the brief surge of inspiration, even more people grew too afraid to resist.",しかし一時的な高揚の後、ほとんどの者は抵抗する気力を失っていった。,"Однако после кратковременного всплеска вдохновения, наоборот, ещё больше людей стало бояться противиться новым властям."
,,,,,,,,,,默认63,,,,大多数人都怕死，只想好好活着。,大多數人都怕死，只想好好活著。,Most fear death and simply wish to live in peace.,誰だって死ぬのは怖いし、何事もなく生きていきたいものだ。,"Большинство людей боялось смерти, для них главное было - выжить."
,,,,,,,,,,默认64,,,,大多数人都是头脑一热，只有一时的反抗心思，根本无法坚持。,大多數人都是頭腦一熱，只有一時的反抗心思，根本無法堅持。,"Most act on impulse, with only fleeting thoughts of resistance, utterly unable to persevere.",かっと頭に血が上り、そのひと時は抗おうと考えるものの、長続きはしなかった。,Мысль о сопротивлении у них была лишь порождением сиюминутного порыва - и надолго не задерживалась.
,,,,,,,,,,默认65,,,,……,……,...,……,...
,,,,,,,,,,默认66,,,,江南的风波不知不觉间便平息了。,江南的風波不知不覺間便平息了。,The turmoil in Jiangnan quietly faded away unnoticed.,江南の騒動は、知らぬ間に落ち着いていた。,И так незаметно беспорядки на юге постепенно утихли.
,,,,,,,,,,默认67,,,,原本明面上的抗争转为了地下的暗流涌动，而那些地下的抗争也愈渐薄弱……众人开始一点点地淡忘前朝，适应新朝。,原本明面上的抗爭轉為了地下的暗流湧動，而那些地下的抗爭也愈漸薄弱……眾人開始一點點地淡忘前朝，適應新朝。,"Overt resistance turned into an undercurrent of clandestine struggle, but even those efforts grew weaker... People slowly forgot the former dynasty and adapted to the New Dynasty.",表立っていた抗争は地下での細々としたものになり、その地下での抗争も徐々に弱まっていった……人々は少しずつ前王朝のことを忘れ、新たな朝廷に適応していった。,Открытое сопротивление превратилось в подпольные брожения - и даже эта подпольная борьба становилась всё более слабой... Люди постепенно начали забывать о прежней династии и приспосабливаться к новой.
,FadeOut,black,,,,,1,,,,,,,,,,,
,BgEvent,哭庙6,,,,,0,,,,,,,,,,,
,FadeIn,black,,,,,1,,,,,,,,,,,
,Wait,,,,,,0.5,,,,,,,,,,,
,,,,,,,,,,默认68,,,,……,……,...,……,...
,,,,,,,,,,默认69,,,,顺治三年时，我认识了一位有趣的友人。,順治三年時，我認識了一位有趣的友人。,"In the third year of Shunzhi's reign, I met an interesting friend.",順治三年、面白い友人ができた。,На <ruby=1646 г.>третий</ruby> год Шуньчжи у меня появился один интересный приятель.
,,,,,,,,,,默认70,,,,此人姓金，名圣叹，是苏州有名的怪才。,此人姓金，名聖嘆，是蘇州有名的怪才。,"This man's surname was Jin, given name Shengtan—a renowned eccentric talent from Suzhou.",姓を<ruby=きん>金</ruby>、名を<ruby=せいたん>聖嘆</ruby>と言い、蘇州では有名な奇才だった。,"Фамилия его была Цзинь, имя Шэнтань - он был известен в Сучжоу как талантливый муж, хоть и с причудами. <i>(Цзинь Шэнтань (1608 - 1661) - известный литератор и критик, внёсший немалый вклад в развитие китайской прозы.)</i>"
,,,,,,,,,,默认71,,,,我们在一家茶馆相识。,我們在一家茶館相識。,We met at a teahouse.,彼と知り合ったのは、とある茶館だ。,Мы познакомились с ним в чайной.
,,,,,,,,,,默认72,,,,当时，我正在为茶馆抄书，他一见到我，便说我身上“鬼气缠身、能见异象”。,當時，我正在為茶館抄書，他一見到我，便說我身上“鬼氣纏身、能見異象”。,"At the time, I was copying books for the teahouse. When he saw me, he immediately said I was ""haunted by ghostly aura and could see strange visions"".",私が茶館で写本の作業をしていると、彼が私を見て、「幽霊が取り憑いていて、異常なものが見えるな」と話しかけてきたのだった。,"Я как раз занимался переписыванием книг - а он при виде меня тут же заявил, что ""этого человека терзают духи и посещают странные видения""."
,,,,,,,,,,默认73,,,,若换旁人被他这么一说，估计早就生气了。,若換旁人被他這麼一說，估計早就生氣了。,"Had anyone else been told this, they would likely have gotten angry.",普通であれば、そんなことを言われたら腹を立てるところだろう。,"Если бы кто-нибудь другой услышал подобное, то наверняка бы разозлился."
,,,,,,,,,,默认74,,,,可我因早年确实见过“小雁儿”，曾受“兽视病”所扰，也算是被他说中了一些。,但我因早年確實見過“小雁兒”，曾受“獸視病”所擾，也算是被他說中了一些。,"But since I had indeed seen ""Little Yan"" in my youth and suffered from ""Beast's Affliction"", he had struck a chord.",しかし私は「小雁」と会い、「獣視病」に悩まされていた身だ。彼の言葉に当たる節があった。,"Но так как я и правда видел ""Лебёдушку"" и страдал ""звериным взором"", можно сказать, он попал в самую точку."
,,,,,,,,,,默认75,,,,于是，我被他勾起了兴趣，便开始与他攀谈起来。,於是，我被他勾起了興趣，便開始與他攀談起來。,"Thus, intrigued by his words, I struck up a conversation with him.",そのため彼に興味をそそられ、話してみることにしたのだ。,"Таким образом, он пробудил моё любопытство, и я завязал с ним разговор."
,,,,,,,,,,默认76,,,,我们二人越聊越投机，聊了许多名著，聊了许多戏文，也聊了各自的生活，很快便成了忘年交——我对他的称呼也变成了“圣叹兄”。,我們二人越聊越投機，聊了許多名著，聊了許多戲文，也聊了各自的生活，很快便成了忘年交——我對他的稱呼也變成了“聖嘆兄”。,"The more we talked, the more we clicked. We discussed many literary classics, opera scripts, and our lives, quickly becoming fast friends despite the age gap—my address for him soon became ""Brother Shengtan"".",私たちは話せば話すほど馬が合い、数多くの名著や戯文、それぞれの暮らしについて語り合った。すぐに歳を越えた親友となり――彼への呼び名も「<ruby=せいたんにい>聖嘆兄</ruby>」に変わった。,"Мы всё больше сближались, обсуждая множество выдающихся произведений, театральных пьесы, а также жизни друг друга. Вскоре мы, несмотря на разницу в возрасте, стали друзьями - и я начал называть его ""братец Шэнтань""."
,,,,,,,,,,默认77,,,,圣叹兄与我一样父母双亡，幼时便寄人篱下，早年中了秀才，之后也是无心仕途。,聖嘆兄與我一樣父母雙亡，幼時便寄人籬下，早年中了秀才，之後也是無心仕途。,"Like me, Brother Shengtan had lost both parents early and grew up under others' roofs. He passed the Scholar exam in his youth but later showed no interest in an official career.",聖嘆兄は私と同じだった。両親を亡くしており、幼い頃は他人を頼って暮らし、若くして秀才に受かったものの、その後も官職に就く気がなかったのだ。,"Судьба братца Шэнтаня была весьма схожа со мной - он тоже лишился обоих родителей в раннем возрасте, жил в приёмной семье, в юном возрасте смог получить степень сюцая, но потом также не стал продолжать дальнейшую карьеру."
,,,,,,,,,,默认78,,,,二十多岁时，他为了扬名做了许多事。,二十多歲時，他為了揚名做了許多事。,"In his twenties, he did many things to make a name for himself.",二十数歳の時、彼は自分の名を売るために様々なことをやった。,"В двадцать с лишним лет он во имя того, чтобы прославиться, совершил немало поступков."
,,,,,,,,,,默认79,,,,他曾在科考现场搞怪，写出各种整蛊考官、取笑考场的问卷。,他曾在科考現場搞怪，寫出各種整人考官、取笑考場的問卷。,"He once acted out at the imperial exam, writing prank questionnaires to mock the examiners and ridicule the examination hall.",科挙の会場ではふざけて試験官にいたずらを仕掛けたり、会場の質問集を嘲笑したり。,"Он устраивал розыгрыши на экзаменах - писал в ответах всякую чушь, высмеивая экзаменаторов и экзаменационный зал."
,FadeOut,black,,,,,1,,,,,,,,,,,
,BgEvent,哭庙7,,,,,0,,,,,,,,,,,
,FadeIn,black,,,,,1,,,,,,,,,,,
,Wait,,,,,,0.5,,,,,,,,,,,
,,,,,,,,,,默认80,,,,他曾自称法师，在江南各处扶乩看相，久而久之，竟有了一些名气，甚至有人因此传说他与某位大儒是亲戚。,他曾自稱法師，在江南各處扶乩看相，久而久之，竟有了一些名氣，甚至有人因此傳說他與某位大儒是親戚。,"He once claimed to be a mystic, practicing planchette writing and fortune-telling across Jiangnan. Over time, he gained some renown, even sparking rumors that he was related to a certain great Confucian scholar.",法師を名乗って江南の各地で占いを行ったりもした。そうやるうちに名が広がり、どこぞの大学者の親戚であるという噂を流す者まで現れた。,"Он объявил себя даосским мастером и промышлял к югу от Янцзы гаданиями на песке и по лицу. Мало-помалу он приобрёл известность, и кто-то даже стал утверждать, что он является родственником некоего крупного конфуцианского учёного."
,,,,,,,,,,默认81,,,,后来，他在彻底扬名后便不再弄神弄鬼，转而开始品评名著。,後來，他在徹底揚名後便不再弄神弄鬼，轉而開始品評名著。,"Later, after achieving full fame, he stopped dabbling in the supernatural and turned to critiquing literary classics.",その後十分に名前が売れたと見るや、彼は奇行をやめて、こんどは名著の批評を始めるようになった。,"Впоследствии, когда он действительно прославился, то перестал заниматься непонятно чем и переключил свои силы на литературную критику."
,,,,,,,,,,默认82,,,,他最喜爱的书是《水浒传》，其次是《西厢记》。,他最喜愛的書是《水滸傳》，其次是《西廂記》。,"His favorite book was ""Water Margin"", followed by ""The Romance of the Western Chamber"".",彼の最も好きな本は『水滸伝』、次点で『西廂記』だった。,"Самым любимым его произведением были ""Речные заводи"", а на втором месте - ""Западный флигель""."
,,,,,,,,,,默认83,,,,他为这两本书品评众多，甚至不惜花费大量积蓄用于刊印评本，售以低价，来使这些评本流传四方。,他為這兩本書品評眾多，甚至不惜花費大量積蓄用於刊印評本，售以低價，來使這些評本流傳四方。,"He wrote numerous critiques for these two books, even spending much of his savings to publish annotated editions, selling them cheaply to ensure their widespread circulation.",彼はこの二冊について数多くの評を寄せ、さらには大金をはたいて書評を刊行し、安い値段で売ることであちこちにその書評を広めた。,"Он написал множество комментариев к этим двум книгам - даже потратил значительные сбережения на выпуск изданий с комментариями, продававшихся по низким ценам, что обеспечило их широкое распространение."
,,,,,,,,,,默认84,,,,我对他自作主张，删除《水浒传》的后五十回有些不满，认为他不尊重原作，毁坏经典。,我對他自作主張，刪除《水滸傳》的後五十回有些不滿，認為他不尊重原作，毀壞經典。,"I was displeased with his arbitrary decision to delete the last fifty chapters of ""Water Margin"", feeling he disrespected the original work and tarnished a classic.",彼が勝手に『水滸伝』の五十回以降を削除したことに不満を感じ、原作を尊重せず、せっかくの古典を台無しにしていると主張した。,"Я испытывал некоторое недовольство его самовольным решением опустить последние пятьдесят глав ""Речных заводей"", считая это неуважением к оригинальному произведению и осквернением классики."
,,,,,,,,,,默认85,,,,而圣叹兄却对此事不置可否，他发自内心地认为自己是做了一件好事。,而聖嘆兄卻對此事不置可否，他發自內心地認為自己是做了一件好事。,"But Brother Shengtan remained noncommittal on the matter, sincerely believing he had done a good deed.",しかし一方の聖嘆兄は、正しいことをしたと心の底から思っていると言うだけで、飄々とした態度だった。,"Однако братец Шэнтань на мои возражения пожимал плечами - он был искренне убеждён, что сделал хорошее дело."
,,,,,,,,,,默认86,,,,他说后五十回宋江的所做所为极其不堪，宛如降智，既然如此，那不如提早完结——,他說後五十回宋江的所做所為極其不堪，宛如降智，既然如此，那不如提早完結——,"He said the latter fifty chapters portrayed Song Jiang's actions as utterly despicable, as if his intellect had collapsed. Since that was the case, it might as well end early—",曰く、五十回における<ruby=そうこう>宋江</ruby>の行いは見るに堪えず、まるで痴愚だと主張し、そんなことならいっそ、とっとと完結させるべきだと述べるのだった――,"По его словам, поведение предводителя ""благородных разбойников"" Сун Цзяна в последних главах было совершенно неподобающим, словно тот испытал помрачение ума - так не лучше ли было бы завершить повествование раньше?"
,,,,,,,,,,默认87,,,,他是用删减的方式，使这本书上升到一个新的高度。,他是用刪減的方式，使這本書上升到一個新的高度。,"Through his deletions, he elevated this book to new heights.",彼は削除というやり方で、この書を新たな高みへと引き上げたのだ。,"Так что путём сокращения он, наоборот, поднял произведение на новый уровень совершенства."
,FadeOut,black,,,,,1,,,,,,,,,,,
,BgEvent,哭庙8_1,,,,,0,,,,,,,,,,,
,FadeIn,black,,,,,1,,,,,,,,,,,
,Wait,,,,,,0.5,,,,,,,,,,,
,,,,,,,,,,默认88,,,,……,……,...,……,...
,,,,,,,,,,默认89,,,,改朝换代后，许多江南士人都不服新朝统治。,改朝換代後，許多江南士人都不服新朝統治。,"After the dynastic transition, many Jiangnan literati resisted the rule of the New Dynasty.",朝廷が新たに変わっても、多くの江南の人士たちは新王朝の統治を快く思っていなかった。,После смены династии многие представители учёного люда к югу от Янцзы относились непримиримо к новым властям.
,,,,,,,,,,默认90,,,,我算一个，圣叹兄也算一个。,我算一個，聖嘆兄也算一個。,"I was one, and so was Brother Shengtan.",私もそうだし、聖嘆兄もその一人だ。,"Что меня, что братца Шэнтаня можно было считать одними из таких людей."
,,,,,,,,,,默认91,,,,虽然为了保命，我们都剃了发，但心中不服，令我们不愿为新朝效力。,雖然為了保命，我們都剃了發，但心中不服，令我們不願為新朝效力。,"Though we shaved our heads to survive, our hearts remained defiant, unwilling to serve the New Dynasty.",命惜しさに二人とも頭は剃ったものの、内心では不服を唱え、新王朝に仕える気などなかった。,"Хоть ради спасения собственной жизни мы и обрили головы, но сердца наши оставались непокорными, и мы не желали как-то прислуживать новой династии."
,,,,,,,,,,默认92,,,,我们将心力全部都放在了那些古文书籍上，我从最开始仅仅是抄书的工作，逐渐也转而如圣叹兄那般“评书”，久而久之，在吴县积累了一些小的名气。,我們將心力全部都放在了那些古文書籍上，我從最開始僅僅是抄書的工作，逐漸也轉而如聖嘆兄那般“評書”，久而久之，在吳縣積累了一些小的名氣。,"We devoted ourselves entirely to ancient texts. What began as mere transcription for me gradually evolved into ""commentary"" like Brother Shengtan's. Over time, I gained modest renown in Wu County.",私たちは気力の全てを古典の書物に注ぎ込んだ。私は単なる写本の仕事から始まり、徐々に聖嘆兄のような「書評」に転向していった。そうして年月が経ち、呉県ではちょっとばかし名の知れた存在になった。,"Так что все свои силы мы стали посвящать изучению текстов старины. Будучи поначалу лишь простым переписчиком, постепенно я, как братец Шэнтань, тоже занялся ""комментированием книг"". Со временем я заработал в Усяне некоторую репутацию."
,,,,,,,,,,默认93,,,,哈哈，说起来……这些年中，最令我难忘的，大概是圣叹兄与大儒钱谦益的那段旧事了。,哈哈，說起來……這些年中，最令我難忘的，大概是聖嘆兄與大儒錢謙益的那段舊事了。,"Haha, speaking of which... What stands out most in all these years is probably the old story between Brother Shengtan and the great Confucian scholar Qian Qianyi.",ふふ、そういえば……この数年で最も忘れがたい思い出といえば、聖嘆兄とかの大儒家である<ruby=せんけんえき>銭謙益</ruby>とのやり取りだろう。,"Ха-ха, к слову... Самым запомнившимся мне за эти годы событием стал тот случай с братцем Шэнтанем и именитым конфуцианцем Цянь Цяньи."
,,,,,,,,,,默认94,,,,有一年，他被钱谦益邀请去给他贺寿，我也因此得以沾光同去。,有一年，他被錢謙益邀請去給他賀壽，我也因此得以沾光同去。,"One year, he was invited by Qian Qianyi to celebrate his birthday, and I was lucky enough to accompany him.",ある年のことだ。彼は銭謙益の賀寿に招かれ、その縁で私も同行することになった。,Однажды он был приглашён на празднество по случаю дня рождения Цянь Цяньи - мне тоже посчастливилось сопровождать его.
,,,,,,,,,,默认95,,,,席间，圣叹兄对钱谦益赠诗一首：,席間，聖嘆兄對錢謙益贈詩一首：,"At the banquet, Brother Shengtan presented Qian Qianyi with a poem:",祝いの席で、聖嘆兄は銭謙益に詩を贈った。,И в процессе празднования братец Шэнтань преподнёс Цянь Цяньи такой стишок:
,,,,,,,,,,默认96,,,,“一个文官小花脸，三朝元老大汉奸”。,“一個文官小花臉，三朝元老大漢奸”。,"""A petty official with a painted face, a three-dynasty veteran and a great traitor"".",「<ruby=文官気取りの三枚目>一個文官小花臉</ruby>、<ruby=歴だけは長いくそ漢奸>三朝元老大漢奸</ruby>」,"""Вот сидит чиновничек, размалёванный, словно шут, три династии уж сменилось - а изменник всё также тут."""
,,,,,,,,,,默认97,,,,此诗一出，他便与钱谦益恩断义绝，连带着我也无法结识这位大儒了。,此詩一出，他便與錢謙益恩斷義絕，連帶著我也無法結識這位大儒了。,"After delivering this poem, he completely severed ties with Qian Qianyi, and consequently, I too lost the opportunity to meet this great scholar.",この詩を詠んですぐ、彼が銭謙益と縁を切ってしまったため、私までこの大儒家と知り合う機会を失ってしまった。,"Это стихотворение, понятное дело, привело к полному разрыву отношений между двумя - и я тоже потерял всякую возможность подружиться с тем прославленным учёным."
,,,,,,,,,,默认98,,,,从此之后，也再没有人传他们是亲戚了。,從此之後，也再沒有人傳他們是親戚了。,"After that, no one ever mentioned their familial connection again.",それ以降、彼らが親戚だという噂はぱたりと止んだ。,"С той поры уже больше никто не распускал слухи о том, что они были родственниками."
,FadeOut,black,,,,,1,,,,,,,,,,,
,BgEvent,哭庙8,,,,,0,,,,,,,,,,,
,FadeIn,black,,,,,1,,,,,,,,,,,
,Wait,,,,,,0.5,,,,,,,,,,,
,,,,,,,,,,默认99,,,,……,……,...,……,...
,,,,,,,,,,默认100,,,,不过啊，人也总是会变得。,不過啊，人也總是會變得。,But people always change.,それにしても、人というのは変わるものだ。,"Но, как ни крути, люди со временем меняются."
,,,,,,,,,,默认101,,,,一晃又是许多年过去，江南的许多士人逐渐淡忘了旧恨，也逐渐接受了新朝。,一晃又是許多年過去，江南的許吐司人逐漸淡忘了舊恨，也逐漸接受了新朝。,"Years passed in a flash, and many scholars in Jiangnan gradually forgot old grievances, slowly accepting the new dynasty.",瞬く間にまた何年もの月日が過ぎ、江南の人士たちも徐々に過去の恨みを忘れ、新王朝を受け入れていった。,"В мгновение ока пролетело множество лет, и учёный люд на юге постепенно оставил старые обиды и принял новую династию."
,,,,,,,,,,默认102,,,,我也不再与人提起扬州当年的事，将那本《扬州十日记》藏在了没人知道的地方。,我也不再與人提起揚州當年的事，將那本《揚州十日記》藏在了沒人知道的地方。,"I stopped mentioning the events of Yangzhou from those days, hiding that copy of ""Ten Days of Yangzhou"" where no one would find it.",私も揚州での出来事を話すことがなくなり、『揚州十日記』も人目につかない場所に隠した。,"Я сам уже не заговаривал про то, что в своё время творилось в Янчжоу, и запрятал ""Десять дней в Янчжоу"" подальше, куда никто не знал."
,,,,,,,,,,默认103,,,,而圣叹兄，也不再如从前那般执拗。,而聖嘆兄，也不再如從前那般執拗。,"Brother Shengtan, too, was no longer as obstinate as before.",聖嘆兄も以前に比べて丸くなった。,Братец Шэнтань тоже утратил былую строптивость.
,,,,,,,,,,默认104,,,,有一日，他从友人处得知，顺治帝读了他的文章，称呼他为“古文大家，是不可以常理论之的大才”。,有一日，他從友人處得知，順治帝讀了他的文章，稱呼他為“古文大家，是不可以常理論之的大才”。,"One day, he learned from a friend that Emperor Shunzhi had read his writings and praised him as ""a master of classical prose, a talent beyond ordinary measure"".",ある日のことだ。順治帝が彼の文を読んで「古文の大家にして、常人には計り知れぬ大才」と評したことを聖嘆兄が友人から聞かされた。,"Однажды он узнал от друзей, что император Шуньчжи прочёл его статью и назвал его ""литературным мастером, великим талантом, превосходящим обычные представления""."
,,,,,,,,,,默认105,,,,他大为感动，那一日竟当着我的面，朝北方的天空跪拜叩首，连连谢恩。,他大為感動，那一日竟當著我的面，朝北方的天空跪拜叩首，連連謝恩。,"Deeply moved, he knelt facing the northern sky in my presence that day, kowtowing repeatedly to express his gratitude.",彼はいたく感動し、私の目の前で北に向かって跪いて頭を地に擦りつけ、何度も何度も謝意を示した。,"Глубоко тронутый этим, он в тот же день на моих глазах в знак благодарности преклонил колени и совершил земной поклон в сторону неба на севере."
,,,,,,,,,,默认106,,,,大约从那时起，他便从心底认了这位曾被他骂作“蛮夷”的皇帝。,大約從那時起，他便從心底認了這位曾被他罵作“蠻夷”的皇帝。,"From that time onward, he truly accepted in his heart this emperor he had once denounced as a ""barbarian"".",おそらくその時からだろうか、彼はかつて「蛮族」と蔑んだ皇帝を心の底から認めるようになった。,"И где-то с той поры он от всей души признал того императора, которого некогда бранил ""варваром""."
,FadeOut,black,,,,,1,,,,,,,,,,,
,,,,,,,,,,默认107,,,,……,……,...,……,...
,,,,,,,,,,默认108,,,,可惜，他终于打算效忠的“新朝新君”，没多久后便驾崩了。,可惜，他終於打算效忠的“新朝新君”，沒多久後便駕崩了。,"Regrettably, the ""new sovereign of the New Dynasty"" he had finally chosen to serve died shortly thereafter.",惜しむらくは、ようやく彼が忠を誓おうとした「新王朝の名君」が程なくして崩御してしまった。,"Увы - тот ""властитель новой династии"", которому братец Шэнтань уже готов был служить верой и правдой, вскоре преставился."
,,,,,,,,,,默认109,,,,顺治十八年，皇帝驾崩，哀诏于二月一日传至吴县。,順治十八年，皇帝駕崩，哀詔於二月一日傳至吳縣。,"In Shunzhi's 18th year, the emperor died, and the mourning decree arrived in Wu County on the first day of the second month.",順治十八年、皇帝が崩御し、二月一日にその訃報が呉県に知らされた。,На <ruby=1661 г.>восемнадцатый</ruby> год Шуньчжи первого числа второго месяца в уезд Усянь пришло траурное извещение о кончине императора.
,,,,,,,,,,默认110,,,,说来也巧，恰在此时，吴县士人正对当地官府不满。,說來也巧，恰在此時，吳縣士人正對當地官府不滿。,"By coincidence, just at this moment, the scholars of Wu County were growing discontent with their local officials.",奇遇にもちょうどその頃、呉県の人士たちは現地の官府に不満を抱いていた。,И по совпадению как раз в это время учёный люд уезда Усянь был недоволен местными властями.
,,,,,,,,,,默认111,,,,吴县新任县令任维初一面严刑催缴赋税，一面倒卖官米，中饱私囊，百姓苦不堪言。,吳縣新任縣令任維初一面嚴刑催繳賦稅，一面倒賣官米，中飽私囊，百姓苦不堪言。,"Wu County's newly appointed magistrate Ren Weichu brutally enforced tax collections while embezzling government grain, enriching himself and plunging the people into misery.",呉県の新任の県令である<ruby=にんいしょ>任維初</ruby>が厳刑をもって税を激しく取りたてる一方、官米を横流しして私腹を肥やし、民が苦境に喘いでいたのだ。,"Свеженазначенный начальник уезда Жэнь Вэйчу с одной стороны жестокими мерами взимал налоги - и в то же время сбывал государственное зерно втридорога, чтобы набить себе карманы. Как итог, население пребывало в бедственном положении."
,,,,,,,,,,默认112,,,,于是，此时正有上百名士人遵循传统，聚集在文庙中哭泣，借此控告本地县官任维初，并将矛头直指那包庇部下的江苏巡抚朱国治。,於是，此時正有上百名士人遵循傳統，聚集在文廟中哭泣，藉此控告本地縣官任維初，並將矛頭直指那包庇部下的江蘇巡撫朱國治。,"Thus it was that hundreds of scholars, upholding tradition, assembled at the Confucian temple to mourn—using this demonstration to accuse Magistrate Ren Weichu and directly implicate Zhu Guozhi, the Jiangsu governor who protected his subordinate.",そこで百名を超える人士が伝統に従い、<ruby=ぶんびょう>文廟</ruby>に集って泣き叫んだ。そしてこれをもって任維初を告発し、その矛先を部下をかばった江蘇の巡撫である<ruby=しゅこくじ>朱国治</ruby>に向けた。,"Тогда более ста учёных собрались в конфуцианском храме, чтобы по традиции оплакать покойного - и вместе с тем, пользуясь случаем, они стали осуждать Жэнь Вэйчу и направили острие своей критики на губернатора провинции Цзянсу Чжу Гочжи за покрывательство своего подчинённого."
,,,,,,,,,,默认113,,,,巡抚朱国治大怒，以“冲撞先帝灵位、意图谋反”之罪，逮捕了“哭庙”的众多主犯。,巡撫朱國治大怒，以“衝撞先帝靈位、意圖謀反”之罪，逮捕了“哭廟”的眾多主犯。,"Governor Zhu Guozhi was furious and arrested many of the ringleaders of the ""Temple mourning"" on charges of ""disrupting the late emperor's memorial tablet and plotting rebellion"".",巡撫の朱国治はこれに激怒し、「先帝の霊位を冒涜し、謀反を企てた」咎で「<ruby=こくびょう>哭廟</ruby>」を行った主犯格の者たちを捕らえた。,"Губернатор пришёл в ярость и арестовал множество зачинщиков этого ""плача в храме"" - по обвинению в ""оскорблении духа покойного императора и заговоре с целью восстания""."
,BgEvent,哭庙9,,,,,,,,,,,,
,FadeIn,black,,,,,1,,,,,,,,,,,
,,,,,,,,,,默认114,,,,很荣幸却不幸的一件事是——我就是那主犯之一，当即便被逮捕入狱。,很榮幸卻不幸的一件事是——我就是那主犯之一，當即便被逮捕入獄。,It was an honor yet a misfortune—I was among those ringleaders and was promptly arrested and imprisoned.,光栄ではあるが不幸なことに――私はその主犯格の一人として、すぐさま捕まり投獄された。,"К своей чести, но также и к несчастью - я был одним из тех зачинщиков и был отправлен в тюрьму."
,Wait,,,,,,0.8,,,,,,,
,BgEvent,哭庙10,,,,,1,,,,,,,
,,,,,,,,,,默认115,,,,圣叹兄虽不是主犯，但或许比主犯还要严重。,聖嘆兄雖不是主犯，但或許比主犯還要嚴重。,"Though Brother Shengtan was not a ringleader, his case may have been even graver than theirs.",聖嘆兄は主犯には数えられなかったが、もしかしたら主犯よりも重罪になるかもしれない。,"А братец Шэнтань, хоть и не принадлежал к числу зачинщиков, тем не менее, оказался в даже ещё более серьёзном положении."
,Wait,,,,,,0.5,,,,,,,
,BgEvent,哭庙11,,,,,1,,,,,,,
,,,,,,,,,,默认116,,,,他十多年来经常议论朝政，多有讥讽之言，哪怕他在近两年对新皇帝有了忠心，但那不服新朝的名声却早已远扬，令他无可辩驳。,他十多年來經常議論朝政，多有譏諷之言，哪怕他在近兩年對新皇帝有了忠心，但那不服新朝的名聲卻早已遠揚，令他無可辯駁。,"For over a decade, he had often criticized court affairs with biting remarks. Even if he had shown loyalty to the new emperor in recent years, his reputation for defying the New Dynasty had already spread far and wide, leaving him no defense.",十年以上にわたって彼は朝政に物申し、皮肉交じりの評論をしてきた。たとえここ数年新たな皇帝に忠誠心があったとて、新王朝にまつろわぬ男という評判は既に広まってしまっており、反論の余地がなかった。,"<size=27>Ведь на протяжении более десяти лет он часто критиковал политику двора, отпуская по этому поводу язвительные насмешки. Да, в последние два года он выражал лояльность к новому императору - но его репутация как противника новой династии давно распространилась далеко за пределы провинции, и ему было нечего высказать в свою защиту.</size>"
,,,,,,,,,,默认117,,,,再加上他帮我们起草了《哭庙文》，因此也被捉拿，与我们一同被逮捕入狱。,再加上他幫我們起草了《哭廟文》，因此也被捉拿，與我們一同被逮捕入獄。,"Moreover, he helped draft our ""Temple Mourning"" petition and was consequently arrested alongside us.",さらには私たちのために『哭廟文』を起草したため、彼も捕らえられ、私たちと同じように投獄されてしまった。,"К тому же, это он помог нам составить ""Воззвание плакальщиков в храме"" - так что его тоже схватили и бросили в тюрьму вместе с остальными."
,,,,,,,,,,默认118,,,,……,……,...,……,...
,,,,,,,,,,默认119,,,,狱中阴暗潮湿，散发着阵阵恶臭。,獄中陰暗潮濕，散發著陣陣惡臭。,"The prison cell was dark, damp, and reeked of putrid stench.",牢の中は薄暗くじめじめしており、悪臭が漂っていた。,"Тюремная камера была тёмной и сырой, испускавшей смрадные порывы."
,,,,,,,,,,默认120,,,,我们静候发落，这期间接连有一些官兵前来审问，以威逼利诱乃至酷刑逼迫我们画押认罪。,我們靜候發落，這期間接連有一些官兵前來審問，以威逼利誘乃至酷刑逼迫我們畫押認罪。,"As we quietly awaited sentencing, Imperial Guards repeatedly interrogated us, using threats, bribes, and even torture to extract confessions.",私たちは静かに処分を待った。その間も次々と官兵が尋問にやってきて、脅迫や懐柔さらには拷問によって罪を認めるよう迫った。,"Мы покорно ожидали, пока нам огласят приговор. За это время то и дело наведывались правительственные солдаты, чтобы подвергнуть нас допросу - угрозами, посулами, а также пытками они заставляли нас подписать признания."
,,,,,,,,,,默认121,,,,这之后不过数日，我们便等来了斩绝之期、杀头之日。,這之後不過數日，我們便等來了斬絕之期、殺頭之日。,"Just days later, we received our final verdict: execution by beheading.",それから数日もせぬうちに、刎頸の日がやってきた。,"Спустя какие-то несколько дней мы получили уведомление о назначенном времени казни - дне, когда нам отсекут голову."
,,,,,,,,,,默认122,,,,我孤身多年，哪怕被判了死罪，也见不到一个人前来探视。,我孤身多年，哪怕被判了死罪，也見不到一個人前來探視。,"Having been alone for years, not a single visitor came to see me - even after my death sentence.",私は長らく孤独の身だ。死罪の判決が下っても、見舞いに来る者など誰もいない。,"Я много лет жил в одиночестве, так что даже после получения смертного приговора никто бы не пришёл навестить меня."
,FadeOut,black,,,,,1,,,,,,,,,,,
,,,,,,,,,,默认123,,,,不过，随我一同被关押的众人，倒是有亲人时常出入狱中，着实有些热闹。,不過，隨我一同被關押的眾人，倒是有親人時常出入獄中，著實有些熱鬧。,"Yet my fellow captives often received visitors, making the place unexpectedly lively at times.",しかし私と共に捕らえられた者たちの中には、頻繁に親族が出入りしている者もいて、少しばかり賑やかだった。,"Однако у многих из тех, кто был заключён вместе со мной, были родственники. Они часто наведывались с визитом, делая это место довольно оживлённым."
,,,,,,,,,,默认124,,,,圣叹兄的儿子来了，一把鼻涕一把泪地见到他就哭，几乎要拿他那颗剃得光洁的头去撞囚室。,聖嘆兄的兒子來了，一把鼻涕一把淚地見到他就哭，幾乎要拿他那顆剃的光潔的頭去撞囚室。,"Brother Shengtan's son arrived, weeping bitterly with snot and tears the moment he saw him, nearly banging his clean-shaven head against the prison bars.",聖嘆兄の子供も来た。彼に会うなり鼻水を垂らしてぐしゃぐしゃの顔で泣き、剃り上げたつるつるの頭を牢の壁に打ち付けんばかりの勢いだった。,Пришёл и сын братца Шэнтаня - при виде отца он горько разрыдался и был готов аж биться своей бритой головой о тюремную стену.
,,,,,,,,,,默认125,,,,圣叹兄真乃一个奇人，明明是在此等生离死别的悲伤场面，他却给儿子口传珍藏多年的饮食秘方，并且有闲情出对子。,聖嘆兄真乃一個奇人，明明是在此等生離死別的悲傷場面，他卻給兒子口傳珍藏多年的飲食秘方，並且有閒情出對子。,"Brother Shengtan was truly an extraordinary man; even in such a sorrowful moment of life-and-death separation, he shared a treasured culinary secret he'd kept for years with his son and even composed a couplet with leisurely ease.",聖嘆兄の変人ぶりは相変わらずだった。死に別れの悲しい場面だというのに、自分の息子に飲み食いの秘伝を伝授し、なおかつ句合わせをする余裕ぶりだ。,"Но братец Шэнтань поистине был необычным человеком - даже в такой трагичной обстановке, когда люди прощались друг с другом навечно, он стал рассказывать сыну некий секретный рецепт блюда, который хранил много лет, а потом предложил посоставлять ""парные строчки""."
,,,,,,,,,,默认126,,,,其子泣不成声，无心应对，于是，他便自吟一联：,其子泣不成聲，無心應對，於是，他便自吟一聯：,"His son, too choked with tears to respond, listened as he recited a couplet himself:",息子は声もなく泣き、付き合う気力もなかった。すると彼が自ら対句も吟じる。,Его сын от плача не мог вымолвить ни слова и ничего нее ответил - тогда тот сам принялся за дело:
,,,,,,,,,,默认127,,,,“莲子心中苦，梨儿腹内酸”。,“蓮子心中苦，梨兒腹內酸”。,"""The <ruby=""Lian"">lotus</ruby> seed is bitter at heart, the <ruby=""Li"">pear</ruby> child sour within"".",「<ruby=蓮子の心中に苦あり>蓮子心中苦</ruby>、<ruby=梨児の腹に酸あり>梨児腹内酸</ruby>」,"""<ruby=лянь цзы>Лотоса зерно</ruby> горько в сердцевинке, а <ruby=ли эр>маленькая груша</ruby> в животе даёт кислинку."""
,,,,,,,,,,默认128,,,,我在一旁听到此处，不禁拍掌称好！,我在一旁聽到此處，不禁拍掌稱好！,"Hearing this, I couldn’t help but clap and cheer in admiration!",傍らで聞いていた私は、思わず手を叩いてその句を褒めた。,"Слыша эти строки, я не мог не хлопнуть в ладоши от восторга!"
,,,,,,,,,,默认129,,,,好！,好！,Great!,いやはや、素晴らしい！,Славно!
,,,,,,,,,,默认130,,,,“莲”与“怜”同音，“梨”与“离”同音。,“蓮”與“憐”同音，“梨”與“離”同音。,"The character ""<ruby=""Lian"">lotus</ruby>"" sounds like ""<ruby=""Lian"">pit</ruby>"" just as ""<ruby=""Li"">pear</ruby>"" sounds like ""<ruby=""Li"">separation</ruby>"".",「蓮」と「憐」の音をかけて「子を憐れむ心中の苦」とし、「梨」と「離」の音をかけて「子と離れ離れになる胸が締め付けられる思い」を説いているのだ。,"""Лотоса зерно"" звучит точно так же, как ""жалеть о ребёнке"", а ""маленькая груша"" - как ""разлука с сыном"". ""Горько в сердцевинке"" символизирует горечь на сердце, а ""кислинка в животе"" - внутреннюю печаль."
,,,,,,,,,,默认131,,,,这联一语双关，对仗工整，圣叹兄你对得好啊！,這聯一語雙關，對仗工整，聖嘆兄你對得好啊！,"This couplet works as a perfect pun with flawless parallelism—Brother Shengtan, you've matched it superbly!",一つの句で二つの意味を持ち、ちゃんと対句として成立している。見事なり、聖嘆兄！,"Такая изысканная игра слов, такое изящное построение - ты действительно настоящий мастер слога, братец Шэнтань!"
,,,,,,,,,,默认132,,,,……,……,...,……,...
,BgEvent,哭庙12,,,,,,,,,,,,
,FadeIn,black,,,,,1,,,,,,,,,,,
,,,,,,,,,,默认133,,,,立秋那日，我与圣叹兄一同被押至南京三山街刑场。,立秋那日，我與聖嘆兄一同被押至南京三山街刑場。,"On the Start of Autumn, Brother Shengtan and I were marched together to Nanjing's Sanshan Street execution ground.",立秋のある日、私と聖嘆兄は共に南京の<ruby=さんさんがい>三山街</ruby>の刑場に連れられた。,"В день начала осени <i>(обычно 7-8 августа, в 1661 году - 7 августа)</i> мы с братцем Шэнтанем были доставлены на эшафот в Нанкине на улице Саньшань."
,,,,,,,,,,默认134,,,,三山街的青石板缝里，还残存着前日被斩之人的血。,三山街的青石板縫裡，還殘存著前日被斬之人的血。,"In the cracks between Sanshan Street's bluestones, traces of blood from previous beheadings still remained.",三山街の石畳の隙間に、数日前に斬られたであろう者の血が残っている。,"В щелях меж зеленоватых кирпичей, которыми была вымощена улица, ещё сохранялись следы крови от тех, кого казнили в предыдущие дни."
,,,,,,,,,,默认135,,,,那已经干涸凝结的黑血，在烈阳曝晒下被重新蒸开，泛起了甜腥的锈味。,那已經乾涸凝結的黑血，在烈陽曝曬下被重新蒸開，泛起了甜腥的鏽味。,"The sun-baked stones had reheated the dried black blood, releasing a sickly sweet iron odor.",既に黒く固まったそれが、日に晒されて再び蒸発し、錆臭いすえた臭いを発していた。,"Эта почерневшая кровь, уже было высохшая и застывшая, теперь под лучами палящего солнца начала снова испаряться, испуская сладковатый металлический запах."
,,,,,,,,,,默认136,,,,我跪在第二排，被强按着低下头，脑门正对着第一排的人的屁股——,我跪在第二排，被強按著低下頭，腦門正對著第一排的人的屁股——,"Kneeling in the second row, my head was forced down—forehead pressed against the backsides of those in front—",私は二列目に跪かされ、ぐいと頭を押さえつけられた。額がちょうど一列目の尻に当たった――,"Я был поставлен на колени с опущенной головой во втором ряду, лоб у меня оказался вровень с задницей человека в первом ряду."
,,,,,,,,,,默认137,,,,我前面的屁股，正是圣叹兄的。,我前面的屁股，正是聖嘆兄的。,The backside in front of me was Brother Shengtan's.,目の前にある尻は、聖嘆兄のものだ。,Это как раз был братец Шэнтань.
,,,,,,,,,,默认138,,,,呵……想些不太文雅的，这意味着我此生最后闻到的气息，很大程度上将由圣叹兄所吃的断头饭决定。,呵……想些不太文雅的，這意味著我此生最後聞到的氣息，很大程度上將由聖嘆兄所吃的斷頭飯決定。,Ah... entertaining rather indelicate thoughts—this meant the last scent I'd smell in this life would largely be determined by Brother Shengtan's final meal.,ふっ……どうも下世話なことを考えてしまう。私が今生の最期に嗅ぐ匂いは、おおかた聖嘆兄の食った<ruby=最期の>断頭</ruby>飯で決まるということだ。,"Хех... Если говорить о не самых культурных вещах - получается, что последний запах, который я буду чувствовать в этой жизни, скорее всего, будет определяться тем, что ел братец Шэнтань в свою ""последнюю трапезу""."
,,,,,,,,,,默认139,,,,这不是一件好事。,這不是一件好事。,This was not a good thing.,喜ばしいことではない。,Не самая приятная перспектива.
,,,,,,,,,,默认140,,,,因为我记得圣叹兄是一个喜欢吃蒜的人，很可能在断头饭中加了蒜。,因為我記得聖嘆兄是一個喜歡吃蒜的人，很可能在斷頭飯中加了蒜。,"Because I remembered Brother Shengtan loved eating garlic, and likely had some in his last meal.",なぜなら、聖嘆兄は<ruby=にんにく>大蒜</ruby>が大好きだ。きっと断頭飯でも食っている可能性が高い。,"Помнится, братец Шэнтань любил поесть чеснока - скорее всего, в ""последнюю трапезу"" тоже чеснок добавил."
,,,,,,,,,,默认141,,,,……,……,...,……,...
,FadeOut,black,,eye,,,1,,,,,,,,,,,
,,,,,,,,,,默认142,,,,我闭上眼，放平心态，认真听着周围的声音。,我閉上眼，放平心態，認真聽著周圍的聲音。,"I closed my eyes, steadied my mind, and listened intently to the surrounding sounds.",目を閉じ、心を落ち着かせて、周囲の声に耳を澄ませた。,"Я закрыл глаза, успокоил ум и прислушался к звукам вокруг."
,,,,,,,,,,默认143,,,,耳畔传来的声音有许多。,耳畔傳來的聲音有許多。,Many sounds reached my ears.,様々な声が耳に入ってくる。,До моих ушей доносилось множество голосов.
,,,,,,,,,,默认144,,,,哭泣、咒骂、怀念前朝先帝的声音，追念新朝先帝的声音，以及更远处围观百姓的议论声。,哭泣、咒罵、懷念前朝先帝的聲音，追念新朝先帝的聲音，以及更遠處圍觀百姓的議論聲。,"Sounds of weeping, cursing, voices mourning the former dynasty's late emperor, voices commemorating the New Dynasty's late emperor, and further away, the murmurs of the gathered crowd.",泣き声、罵声、前王朝の皇帝を懐かしむ声、新王朝の皇帝を偲ぶ声、そして遠くで話し合う野次馬の声。,"Плач, проклятия, голоса, оплакивающие покойного императора прежней династии, голоса, прославляющие покойного императора новой династии, и, на большем отдалении, голоса зевак, обсуждавших происходящее."
,,,,,,,,,,默认145,,,,马上就要被砍头了，我说自己不怕必定是假的，刀将落在我的脖子上，这让我呼吸都发紧。,馬上就要被砍頭了，我說自己不怕必定是假的，刀將落在我的脖子上，這讓我呼吸都發緊。,"I'm about to be beheaded, and if I say I'm not afraid, I'd be lying. The blade will fall on my neck, and the thought alone makes my breath tighten.",もうすぐ首を落とされる。怖くないと言えば噓になる。刃が首に近付くたび、ひゅうひゅうと呼吸が浅くなった。,"Было бы ложью утверждать, что я не испытывал страха перед лицом казни. Сама мысль о том, что лезвие палача вот-вот опустится мне на шею, сжимала мне грудь."
,,,,,,,,,,默认146,,,,不过，转念一想，我于此世间本就没有太多牵挂，雁儿姐故去多年，翩翩和其他故人早与我联系断绝……死便死罢！,不過，轉念一想，我於此世間本就沒有太多牽掛，雁兒姐故去多年，翩翩和其他故人早與我聯繫斷絕……死便死罷！,"But then again, I realize I don't have many attachments in this world. <ruby=Swan Goose>Sister Yan</ruby> passed away years ago, and Pianpian and other old friends have long lost contact with me... So, death it is!",しかし考えてみると、この世に未練はそれほどない。雁姉も何年も前に死に、翩翩や他の知り合いもとっくに連絡を絶っている……死んだらそれまでの話だ。,"Однако, если так подумать, меня мало что связывало с этим бренным миром. Сестричка Лебёдушка мертва уж как много лет, а связи с Пяньпянь и другими старыми знакомыми давно были утрачены... Что ж, умирать - так умирать!"
,,,,,,,,,,默认147,,,,这样想着，一股热血涌到脑袋上，一股热气泛至胸口，我似乎也没有那么怕死了。,這樣想著，一股熱血湧到腦袋上，一股熱氣泛至胸口，我似乎也沒有那麼怕死了。,"Thinking this way, a surge of hot blood rushed to my head, and warmth spread to my chest. It seems I'm not so afraid of death anymore.",そう考えると頭にぐんと血が上り、胸に熱いものがこみ上げてきて、それほど死ぬのが怖くなくなった。,"От этой мысли горячая кровь прилила к голове, в груди поднялась волна жара - и смерть словно стала казаться уже не такой страшной."
,,,,,,,,,,默认148,,,,而圣叹兄，应当比我还要勇敢从容。,而聖嘆兄，應當比我還要勇敢從容。,And Brother Shengtan must be even braver and calmer than I am.,聖嘆兄は、私よりも勇敢で冷静だった。,"Ну а братец Шэнтань казался ещё более мужественным и спокойным, нежели я."
,,,,,,,,,,默认149,,,,他一直带着若有若无的笑意，神情自若，仿佛在密谋着什么，仿佛有所安排。,他一直帶著若有若無的笑意，神情自若，彷彿在密謀著什麼，彷彿有所安排。,"He wore a faint, inscrutable smile—calm and composed, as if plotting something, as if everything were arranged.",彼はへらへらと笑ったまま、何かを企んでいるのか、はたまた算段があるかのように落ち着き払っていた。,"На его лице была едва заметная улыбка, выражение лица было совершенно спокойным, как будто он что-то замышлял, словно уже что-то предусмотрел."
,,,,,,,,,,默认150,,,,那气定神闲的模样，好像此时被押在第一排砍头的不是他。,那氣定神閒的模樣，好像此時被押在第一排砍頭的不是他。,"With that serene composure, one would hardly think he was next in line for the executioner’s blade.",その落ち着きようといったら、最前列でこれから首を刎ねられる者のそれではない。,"Такое безмятежное поведение, словно это не он стоял в первом ряду в ожидании казни."
,,,,,,,,,,默认151,,,,难道说……他真的如他早年所说……其实他是神佛转世？,難道說……他真的如他早年所說……其實他是神佛轉世？,"Could it be... he truly was, as he once claimed... a reincarnated deity or Buddha?",まさか……昔言っていたように……本当に神仏の化身なのか？,"Неужели... он и правда, как говорил в своё время... на самом деле - реинкарнация некоего божества или будды?"
,,,,,,,,,,默认152,,,,难道说……一会儿便有观音菩萨、太白金星前来搭救？,難道說……一會便有觀音菩薩、太白金星前來搭救？,Could it be... that Guanyin Bodhisattva or the Great White Star would soon descend to save him?,まさか……観音菩薩や太白金星が救いにやって来てくれるのか？,"Неужели... вскоре явится бодхисаттва Гуаньинь или Дух Вечерней Звезды, чтобы спасти его?"
,BgEvent,哭庙14,,,,,,,,,,,,
,,,,,,,,,,默认153,,,,其实，行刑前，我瞥见他似乎与刽子手低语了几句。,其實，行刑前，我瞥見他似乎與劊子手低語了幾句。,"Before the execution, I glimpsed him whispering something to the executioner.",実は処刑の前に、彼が処刑人とひそひそ何かを話しているのを見ていた。,"К слову, я видел, как он вроде бы перекинулся парой слов с палачом."
,,,,,,,,,,默认154,,,,难道说……他早已买通了刽子手，有办法在此等绝境中觅得一线生机？,難道說……他早已買通了劊子手，有辦法在此等絕境中覓得一線生機？,"Could it be... he’d bribed the executioner, securing a sliver of hope in this dire moment?",まさか……処刑人を買収して、この窮地を脱する手立てがあるのか？,Неужели... он подкупил палача и у него есть способ спастись из этой безнадёжной ситуации?
,Se,挥刀,,,,,,,,,,,,
,,,,,,,,,,默认155,,,,——哗！,——嘩！,——Whoosh!,――ザシュ！,*Вжух!*
,,,,,,,,,,默认156,,,,刀光一闪。,刀光一閃。,A flash of blade light.,一閃。,Сверкнуло лезвие меча.
,FadeIn,black,,eye,,,1,,,,,,,,,,,
,,,,,,,,,,默认157,,,,正当我刚有所怀疑的时候，圣叹兄的头颅带着飙飞的血，旋转着被砍了下来。,正當我剛有所懷疑的時候，聖嘆兄的頭顱帶著飆飛的血，旋轉著被砍了下來。,"Just as doubts crept into my mind, Brother Shengtan's head was lopped off, spinning through the air in a bloody arc.",ちょうど私があれこれ考えていたところ、聖嘆兄の頭が血しぶきを上げ、くるくると宙に舞った。,"Пока я строил все эти догадки, голова брата Шэнтаня, оставляя за собой кровавый след, закружилась в воздухе."
,,,,,,,,,,默认158,,,,他的头转得如被小童抽打的陀螺那般快，却没有其他人的头飞得远。,他的頭轉地如被小童抽打的陀螺那般快，卻沒有其他人的頭飛得遠。,"His head whirled like a top struck by a child's whip, yet it didn't fly as far as the others.",その頭は子供が回す独楽のように速く回っていたが、他の者の頭ほど遠くへは飛んで行かなかった。,"Она вращалась быстро, словно детский волчок, но не отлетела так далеко, как у прочих людей."
,,,,,,,,,,默认159,,,,飞来飞去，那头颅只是滚落在他身躯的近处，留下一圈回旋的血来。,飛來飛去，那頭顱只是滾落在他身軀的近處，留下一圈迴旋的血來。,"Back and forth it tumbled, that head rolling to rest near his body, leaving a spiraling trail of blood.",くるりくるり、頭はどさりと体の傍に落ち、螺旋状の血の跡を残した。,"Пролетев некоторое расстояние, она покатилась и остановилась рядом с его телом, оставив после себя поток крови."
,,,,,,,,,,默认160,,,,唉……,唉……,Sigh...,ああ……,Эх...
,,,,,,,,,,默认161,,,,圣叹兄啊！,聖嘆兄啊！,"Oh, Brother Shengtan!",聖嘆兄！,"Ну ты даёшь, братец Шэнтань!"
,,,,,,,,,,默认162,,,,既然没什么逃生的办法，你又何必笑得如此从容？,既然沒什麼逃生的辦法，你又何必笑得如此從容？,"With no hope of escape, why did you smile so calmly?",逃げる手立てもなかったのに、どうしてあんなに落ち着いて笑っていられたのだ？,"Раз у тебя не было спасительного плана, так почему ты тогда так спокойно улыбался?"
,,,,,,,,,,默认163,,,,白白给我希望，可恨！,白白給我希望，可恨！,Filling me with false hope—how cruel!,余計な希望を持たせやがって、恨んでやるからな！,"Дал мне ложную надежду, чёрт бы тебя побрал!"
,,,,,,,,,,默认164,,,,我哀叹了一声，继而左右两边响起了其他将要被杀的人绝望的哭喊声。,我哀嘆了一聲，繼而左右兩邊響起了其他將要被殺的人絕望的哭喊聲。,"I sighed, and then from both sides rose the desperate wails of others awaiting execution.",私が嘆いていると、左右でこれから殺される者たちが絶望で叫ぶのが聞こえてきた。,Я печально вздохнул. Вслед за этим с двух сторон поднялись отчаянные крики других приговорённых к казни.
,,,,,,,,,,默认165,,,,紧接着，刽子手将我一推，推到了圣叹兄刚才倒下的位置。,緊接著，劊子手將我一推，推到了聖嘆兄剛才倒下的位置。,"Next, the executioner shoved me forward to the spot where Brother Shengtan had just collapsed.",続けて、処刑人が私を、聖嘆兄が先ほどまで倒れていた場所まで押しやる。,"Затем палач подтолкнул меня к месту, где только что пал братец Шэнтань."
,,,,,,,,,,默认166,,,,他那尚未作恶的屁股被拖走了，如今只剩下了一颗血淋淋的头颅。,他那尚未作惡的屁股被拖走了，如今只剩下了一顆血淋淋的頭顱。,"His still-untainted body was dragged away, leaving only a bloodied head behind.",悪戯をする間もなかった彼の尻は引きずっていかれ、血まみれの頭だけが残っている。,Его не успевшую наделать делов задницу оттащили - на земле лежала только его окровавленная голова.
,Bgm,曳曳夜灯,,,,1,3,,,,,,,,,,,
,,,,,,,,,,默认167,,,,嗯！？,嗯！？,Hm!?,ん！・,М-м-м?!
,FadeOut,black,,,,,1,,,,,,,,,,,
,BgEvent,哭庙15,,,,,0,,,,,,,,,,,
,FadeIn,black,,,,,1,,,,,,,,,,,
,Wait,,,,,,0.5,,,,,,,,,,,
,,,,,,,,,,默认168,,,,忽然！我看到了他那头颅的耳朵里好像掉出了什么——竟然掉出了两个纸团！,忽然！我看到了他那頭顱的耳朵裡好像掉出了什麼——竟然掉出了兩個紙團！,Suddenly! I saw something drop from the ear of that head—two crumpled paper balls!,ふと、彼の頭の耳から何かがころりと落ちたのが見えた――二つの丸めた紙だ。,"Внезапно я увидел, как из ушей этой головы что-то выпало - это были два скомканных бумажных шарика!"
,,,,,,,,,,默认169,,,,我顿时眼里放光，大叫着让刽子手注意这俩纸团。,我頓時眼裡放光，大叫著讓劊子手注意這兩個紙團。,"My eyes lit up, and I yelled to alert the executioner about the two paper balls.",私は目を輝かせ、その丸めた紙を見るよう処刑人に叫んだ。,"Мои глаза мгновенно загорелись. Я крикнул палачу, чтобы он обратил внимание на эти два шарика."
,,,,,,,,,,默认170,,,,刽子手起了好奇心，他皱了皱眉，便俯身捡拾起那两个纸团——,劊子手起了好奇心，他皺了皺眉，便俯身撿拾起那兩個紙團——,"The executioner grew curious. He frowned, then bent down to pick up the two paper balls—",興味をそそられた処刑人が、眉間に皺を寄せながら、しゃがんでその紙を拾い上げた――,"Тот тоже проникся любопытством и, нагнувшись, поднял эти комочки:"
,,,,,,,,,,默认171,,,,风卷着尘沙掠过刑场。,風捲著塵沙掠過刑場。,The wind swept dust and sand across the execution ground.,風が砂埃を舞い上げ、刑場を抜けていった。,"Ветер пронёсся по эшафоту, разнося пыль и песок."
,,,,,,,,,,默认172,,,,刽子手一边摊开纸团，一边念着上面的字。,劊子手一邊攤開紙團，一邊唸著上面的字。,"As the executioner unfolded the paper balls, he read the words written on them.",処刑人が紙を広げ、書かれていた字を読み上げる。,Палач развернул бумажные комочки и прочитал написанные на них слова.
,,,,,,,,,,默认173,,,,两个纸团从圣叹兄的两个耳朵中掉出来，写了他留在人世间最后的两个字。,兩個紙團從聖嘆兄的兩個耳朵中掉出來，寫了他留在人世間最後的兩個字。,"Two paper balls fell from Brother Shengtan's ears, bearing the last two words he left in this world.",二つの丸めた紙は、聖嘆兄の両耳から出てきたものだ。そこには彼の、この世での最後の二文字が書かれていた。,"На выпавших из ушей брата Шэнтаня были последние два слова, что он оставил в этом мире."
,,,,,,,,,,默认174,,,,左耳是好。,左耳是好。,"The left ear said ""That"".",左耳には「好」,"В левом ухе было слово ""как""."
,,,,,,,,,,默认175,,,,右耳是疼。,右耳是疼。,"The right ear said ""hurt"".",右耳には「痛」,"В правом ухе - слово ""больно""."
,,,,,,,,,,默认176,,,,这二字构成了圣叹兄在尘世间最后的遗言——“好疼”。,這二字構成了聖嘆兄在塵世間最後的遺言——“好疼”。,"These two words formed Brother Shengtan's final message in this mortal world—""That hurt"".",この二文字が、聖嘆兄のこの世で最後の遺言となった――「<ruby=とても>好</ruby><ruby=痛い>痛</ruby>」,"Последним посланием, что оставил братец Шэнтань этому бренному миру, было: ""как больно""."
,FadeOut,black,,,,,1,,,,,,,,,,,
,BgEvent,哭庙13,,,,,0,,,,,,,,,,,
,FadeIn,black,,,,,1,,,,,,,,,,,
,Wait,,,,,,0.5,,,,,,,,,,,
,,,,,,,,,,默认177,,,,哈哈哈哈！哈哈哈哈哈哈！,哈哈哈哈！哈哈哈哈哈哈！,Hahahaha! Hahahahaha!,ははははは！あーっはっはっは！,Ха-ха-ха-ха! Ха-ха-ха-ха-ха-ха!
,,,,,,,,,,默认178,,,,圣叹兄，还是你会玩！。,聖嘆兄，還是你會玩！。,"Brother Shengtan, you really know how to play!",聖嘆兄め、どこまでからかうつもりだ！,"Ну ты и выдумщик, братец Шэнтань!"
,,,,,,,,,,默认179,,,,临到终了，你竟然还想了这么一出！,臨到終了，你竟然還想了這麼一齣！,"At the very end, you actually thought of something like this!",今際の際まで、こんなくだらないことを考えていたのか！,Даже на пороге смерти такое удумал!
,,,,,,,,,,默认180,,,,我得知了他最后的遗言，不禁笑得前仰后合，腰腹弯下，笑得都快将头锤到地上了。,我得知了他最後的遺言，不禁笑得前仰後合，腰腹彎下，笑得都快將頭錘到地上了。,"When I heard his last words, I doubled over laughing so hard I nearly hit my head on the ground.",彼の遺言を知ると、思わず腹を抱えて笑ってしまい、笑いすぎて頭を地面にぶつけそうになってしまった。,"Услышав его ""последние слова"", я аж покатился от смеха, согнувшись так низко, что чуть не ударился головой о землю."
,,,,,,,,,,默认181,,,,那即将被杀头的恐惧，在这荒诞的一幕中荡然无存，我放声大笑着，周围的人放声大哭着。,那即將被殺頭的恐懼，在這荒誕的一幕中蕩然無存，我放聲大笑著，周圍地人放聲大哭著。,The terror of my looming beheading dissolved in that absurd moment—I roared with laughter while the crowd wept around me.,首を刎ねられる恐怖は、このばかばかしい一幕のせいで吹き飛んでしまった。私は大声で笑い、周囲の者が大声でむせび泣いている。,Все страхи перед предстоящей казнью были полностью развеяны этой нелепой сценой. Все вокруг во весь голос рыдали - а я во весь голос хохотал.
,,,,,,,,,,默认182,,,,场面显得非常诡异，我的心里却变得无比轻松。,場面顯得非常詭異，我的心裡卻變得無比輕鬆。,"The scene was utterly surreal, yet my heart felt strangely weightless.",その光景も傍から見れば奇妙極まりないが、おかげで私の心はずいぶんと軽くなった。,Выглядело это крайне странно - но зато в моём сердце наступил невероятный покой.
,,,,,,,,,,默认183,,,,——哗！,——嘩！,——Whoosh!,――ザシュ！,*Вжух!*
,,,,,,,,,,默认184,,,,紧接着，我又听到一声刀刃挥下的声音。,緊接著，我又聽到一聲刀刃揮下的聲音。,"Then, I heard the blade whistle down again.",そして、剣が振り下ろされる音が聞こえた。,Вслед за этим я опять услышал звук опускающегося меча.
,,,,,,,,,,默认185,,,,刽子手的刀斩下，我颈上一凉，随即便觉得天旋地转。,劊子手的刀斬下，我頸上一涼，隨即便覺得天旋地轉。,The executioner’s sword struck—cold flashed across my neck—and the world whirled into chaos.,処刑人の刃が振り下ろされ、首筋がひやりとしたかと思うと、くるくると天地がひっくり返った。,От лезвия палача по моей шее пробежал холодок - и тут всё закружилось перед глазами.
,Se,挥刀,,,,,,,,,,,,
,BgEvent,哭庙16,,,,,1,,,,,,,
,,,,,,,,,,默认186,,,,我看见自己的身躯在原地抽搐，看见了那原本因低头而无法望见的围观人群。,我看見自己的身軀在原地抽搐，看見了那原本因低頭而無法望見的圍觀人群。,"I saw my own body convulsing where I stood, and the crowd of onlookers I hadn’t been able to see before with my head bowed.",ぴくぴくと自分の体がひきつっているのが見えた。先ほどまで俯いていたせいで見えなかった野次馬たちが見えた。,"Я увидел своё тело, дёргающееся на прежнем месте, а также толпу зрителей, которую до этого не мог видеть из-за склонённой головы."
,,,,,,,,,,默认187,,,,原来……,原來……,So this is how it is...,なんと……,Так вот оно что...
,,,,,,,,,,默认188,,,,人在被斩首后尚有片刻的清明啊，这还真是不被砍就不能知道的体验。,人在被斬首後尚有片刻的清明啊，這還真是不被砍就不能知道的體驗。,Turns out a person keeps a moment of clarity after decapitation—an experience you’d never know without getting your head chopped off.,頭だけになっても、しばらく意識ははっきりしているものなのだな。これは首を刎ねられなければわからない貴重な体験だ。,"Оказывается, люди после того, как им отрубают голову, ещё какое-то время остаются в сознании - опыт, который невозможно испытать, если тебе самому не отрубили голову."
,,,,,,,,,,默认189,,,,可惜，古往今来，没人能将这等体验写出来了……,可惜，古往今來，沒人能將這等體驗寫出來了……,"A shame no one, past or present, could ever write about such an experience...",惜しむらくは、昔から今まで、この体験を本に書けた者がいないということだ……,"Увы, никто с древних времён и до наших дней не был в состоянии описать подобный опыт в книге..."
,,,,,,,,,,默认190,,,,可惜！实在可惜……,可惜！實在可惜……,Damn it... Such a pity...,いやはや惜しい！実に残念だ……,Увы! Очень жаль...
,FadeOut,black,,,,,1,,,,,,,,,,,
,,,,,,,,,,默认191,,,,我的眼皮开始变重，视野一寸一寸地黑了下来。,我的眼皮開始變重，視野一寸一寸地黑了下來。,"My eyelids grew heavy, my vision darkening inch by inch.",瞼が重くなり、視界が徐々に暗くなっていった。,"Мои веки потяжелели, перед глазами становилось всё темнее и темнее."
,,,,,,,,,,默认192,,,,在生命的最后，我以“笑”的方式，为这场“哭庙案”做了一个荒唐的结尾。,在生命的最後，我以“笑”的方式，為這場“哭廟案”做了一個荒唐的結尾。,"With my last breath, I ended this farce of a ""Temple Mourning"" case with ""laughter"".",命の終わりに、私は「笑う」ことでこの「哭廟」をばかばかしく締めくくってやった。,"В последний миг своей жизни я с помощью <b>смеха</b> дал абсурдное завершение этому ""делу о <b>плакальщиках</b> в храме""."
,,,,,,,,,,默认193,,,,在生命的最后，我的目光掠过圣叹兄微笑着的面容，掠过了血迹斑斑的刑场，望向远处模糊的人群……,在生命的最後，我的目光掠過聖嘆兄微笑著的面容，掠過了血跡斑斑的刑場，望向遠處模糊的人群……,"In my final moments, my gaze brushed past Brother Shengtan’s smiling face, over the bloodied execution ground, toward the distant, blurred crowd...",命の終わりに、私の視線は聖嘆兄の微笑む顔を通り過ぎ、血痕だらけの刑場も通り過ぎ、遠くのぼんやりとした人だかりに向けられた……,"В последний миг своей жизни у меня перед глазами мелькнуло улыбающееся лицо братца Шэнтаня, мелькнул залитый кровью эшафот, неясные очертания далёкой толпы..."
,,,,,,,,,,默认194,,,,在生命的最后，我的耳边，响起了铮铮淙淙的琵琶声。,在生命的最後，我的耳邊，響起了錚錚淙淙的琵琶聲。,"In my final moments, the resonant tones of a pipa echoed in my ears.",命の終わりに、耳元で、ぽろんと琵琶の澄んだ音色が聞こえた。,"В последний миг своей жизни в ушах у меня зазвучала звенящая, журчащая мелодия пипы."
,,,,,,,,,,默认195,,,,那声音自遥远的地方而来，接引着我离去……,那聲音自遙遠的地方而來，接引著我離去……,"The sound came from afar, guiding me as I departed...",その音は遥か遠くからやってきて、私を連れ去っていった……,"Этот звук доносился издалека, увлекая меня к себе..."
,CharacterOff,,,,,,2,,,,,,,,,,,
,HideMessageWindow,,,,,,,,,,,,,,,,,
,CaptureImage,截图,SpriteCamera,背景截图,,,,,,,,,,,,,,
,Bg,哭庙结局,,,,,,,,,,,,,,,,
,RuleFadeOut,截图,CloudWindTop,,Linear,,2,,PageWait,,,,,,,,,
,Wait,,,,,,1,,,,,,,,,,,
,ShowMessageWindow,,,,,,,,,,,,,,,,,
,FadeIn,black,,,,,1,,,,,,,,,,,
,,,,,,,,,,默认196,,,,【结局：哭庙】,【結局：哭廟】,— (Ending Five: Temple Mourning - Complete),――（エンディング5：哭廟 完）,【Концовка: Плакальщики в храме】
,Wait,,,,,,3
,FadeOut,black,,,,,1,,,,,,,,,,,
,ScreenText,1,White,2,1.5,2,72,,,结语3
,BgEvent,约稿1,,,,,,,,,,,,,,,,
,UnlockPlotMap,map_other_1
,AddSteamAchiKey,Achieve_map_commonEnd_5
,If,!IsDead
,AddSteamAchiKey,Achieve_NoDead
,EndIf,
,EndScenario
