#SHEET_NAME,聊斋
,Command,Arg1,Arg2,Arg3,Arg4,Arg5,Arg6,Arg7,WaitType,Text,PageCtrl,Voice,WindowType,SC,TC,English,Japanese,Russian
,*map_commonEnd_9,,,,,,,,,,,,,,,,
,UnlockPlotMap,map_commonEnd_9,,,,,,,,,,,,,,,
,SetChapterName,聊斋,,,,,,
,Wait,,,,,,1,
,FadeOut,black,,,,,0,
,Bg,二十四桥记偏,,,,,,,,,,,,,,,
,FadeIn,black,,,,,1,,,,,,,,,,,
,Ambience,室外主风,,2
,,,,,,,,,,默认1,,,,雨后，二十四桥静卧河水之上，两岸垂柳蘸水低垂。,雨後，二十四橋靜臥河水之上，兩岸垂柳蘸水低垂。,"After the rain, the Twenty-Four Bridges rested quietly over the river, with weeping willows on both banks dipping their branches toward the water.",雨上がりの川面には、二十四橋が静かに横たわり、両岸の柳が水面に浸るように低く垂れ下がっている。,"После дождя двадцать четыре моста тихо лежали над рекой, а ивы на обоих берегах склонялись к воде."
,,,,,,,,,,默认2,,,,柳丝将坠未坠，时而被风掠起，时而跌进河面，揉碎河中的倒影。,柳絲將墜未墜，時而被風掠起，時而跌進河面，揉碎河中的倒影。,"The willow strands seemed about to fall but never did, now swept up by the wind, now dropping onto the river’s surface, rippling the reflections within.",柳の枝は今にも落ちそうになりながら、時折風に揺られ、時には川面に落ち、水面に映る影を揺らめかせる。,"Ивовые ветви, словно готовые упасть, то поднимались под порывами ветра, то опускались на поверхность реки, размывая отражение в воде."
,,,,,,,,,,默认3,,,,在旁人眼中，此时河中的倒影大概仅有我一人。,在旁人眼中，此時河中的倒影大概僅有我一人。,"To others, the reflection in the water likely showed only me.",他人の目には、この時、川面に映る影は私一人しか見えないだろう。,"В глазах посторонних в это время в реке, наверное, был только я."
,,,,,,,,,,默认4,,,,但是，在我的眼中，始终有一抹紫白色的身影立于对面。,但是，在我的眼中，始終有一抹紫白色的身影立於對面。,"But in my eyes, there was always a purple-and-white figure standing opposite me.",しかし、私の目には、対岸に紫がかった白い人影がずっと立っている。,Но в моих глазах на противоположном берегу всегда стояла фигура в пурпурно-белом.
,,苏怜烟,,,,,1,,,,,,,,,,,
,,,,,,,,,,默认5,,,,她的青丝如柳，随风起伏。,她的青絲如柳，隨風起伏。,Her dark hair swayed like willows in the wind.,彼女の黒髪は柳のようで、風に揺れている。,"Ее черные волосы, как ивы, колышутся на ветру."
,,,,,,,,,,默认6,,,,她的明眸如月，穿桥望来。,她的明眸如月，穿橋望來。,"Her bright eyes shone like the moon, gazing at me through the bridge.",彼女の澄んだ瞳は月のように、橋の向こうからこちらを見つめている。,"Ее ясные глаза, как луна, смотрят через мост."
,Sprite,黑,,特效前,,,0.5,,,,,,,,,,,
,Tween,黑,ColorTo,alpha=0 time=0,,,,,,,,,,,,,,
,Tween,黑,ColorTo,alpha=0.4 time=0,,,,,NoWait,,,,,,,,,
,Wait,,,,,,0,,,,,,,,,,,
,,,,,,,,,,默认8,,,,一切本该尘埃落定。,一切本該塵埃落定。,Everything should have come to an end.,すべてはとっくに決着がついているはずだった。,Все должно было улечься.
,,,,,,,,,,默认9,,,,往后本该一人独行。,往後本該一人獨行。,"From now on, I should have walked alone.",これからは一人で歩むはずだった。,Впредь я должен был идти в одиночестве.
,,,,,,,,,,默认10,,,,可是……,可是……,Yet…,しかし……,Но…
,,,,,,,,,,默认11,,,,好不容易与她重逢。,好不容易與她重逢。,"Now that I have finally reunited with her,",せっかく彼女と再会できたのだ。,С таким трудом мы снова встретились.
,,,,,,,,,,默认12,,,,何必清醒负此深情？,何必清醒負此深情？,why let clarity betray such deep affection?,なぜ、この深い想いを捨てて、冷静にならなければならないのか？,Зачем же отказываться от этой глубокой любви?
,SpriteOff,黑,,,,,0.5,,NoWait,,,,,,,,,
,Wait,,,,,,0.5,,,,,,,,,,,
,Se,短风,,1.9,,,,,,,,,,,,,,
,,,,,,,,,,默认14,,,,——呼,——呼,—Whoosh,――はあ,— Вздох
,,,,,,,,,,默认15,,,,一阵微风掠过。,一陣微風掠過。,—A gust of wind swept by.,そよ風が吹き抜けた。,Пронесся легкий ветерок.
,,,,,,,,,,默认16,,,,我向前踏出几步——,我向前踏出幾步——,I took a few steps forward—,私は数歩前に踏み出した――,Я сделал несколько шагов вперед —
,FadeOut,black,,,,,1,,,,,,,,,,,
,Se,风声,,1.5,,,,,,,,,,,,,,
,,,,,,,,,,默认17,,,,——呼,——呼,—Whoosh,――ふっ,— Хм
,BgEvent,最后的拥抱1,,,,,,,,,,,,
,FadeIn,black,,,,,2,,,,,,,,,,,
,Bgm,与雁同行,,,,0.2,3,,,,,,,,,,,
,Se,踏步,,2,,,,,,,,,,
,,,,,,,,,,默认18,,,,我不顾一切的向她跑来，裹着一阵携雨的风，将她拥入我的怀中——,我不顧一切的向她跑來，裹著一陣攜雨的風，將她擁入我的懷中——,"I ran towards her at all costs, wrapped in a gust of rain carrying wind, and embraced her into my arms——",私は彼女に向かって必死に走ってきて、雨を携えた風に包まれて、彼女を私の懐に押し込んだ。
,,,,,,,,,,默认19,,,,几年前，是她不舍与我分别，蓦然回首。,幾年前，是她不捨與我分別，驀然回首，擁入了我的懷中。,"Years ago, she was the one who couldn’t bear to part, turning back suddenly to embrace me.",数年前は、彼女が私との別れを惜しみ、振り返って私を抱きしめた。,"Несколько лет назад она, не в силах расстаться со мной, резко обернулась и прильнула к моей груди.","Несколько лет назад она, не в силах расстаться со мной, резко обернулась и прильнула к моей груди.",
,,,,,,,,,,默认20,,,,几年后，是我不想与她分别，紧紧相拥。,幾年後，是我不想與她分別，走上前，緊緊抱住了她。,"Years later, it was I who couldn’t bear to leave, stepping forward to hold her tight.",数年後、私が彼女との別れを惜しみ、歩み寄って彼女を抱きしめた。,"Несколько лет спустя уже я, не желая расставаться со ней, подошёл и крепко-крепко обнял её.","Несколько лет спустя уже я, не желая расставаться со ней, подошёл и крепко-крепко обнял её.",
,,,,,,,,,,默认21,,,,……,……,...,……,...,...,
,,,,,,,,,,默认22,,,,此时的我，近乎是通灵或是疯癫，竟能真切地感受到她的存在。,此時的我，近乎是通靈或是瘋癲，竟能真切地感受到她的存在。,"In that moment, I felt almost clairvoyant or mad, yet her presence was undeniably real.",霊感が目覚めたか、あるいは狂ったか……今の私は彼女の存在を確かに感じることができた。,"Может быть, я научился чувствовать духов, либо же просто сошёл с ума - но мне по-настоящему удалось её ощутить.","Может быть, я научился чувствовать духов, либо же просто сошёл с ума - но мне по-настоящему удалось её ощутить.",
,,,,,,,,,,默认23,,,,她的身子柔若无骨，无一丝暖意，却令人无比安心。,她的身子柔若無骨，無一絲暖意，卻令人無比安心。,"Her body was soft as if boneless, devoid of warmth, yet profoundly comforting.",骨が入っていないような柔らかさ、暖かさのない体なのに、それがとても安心できる。,"Её тело было мягким, будто не имевшим костей, в нём не было ни капли тепла - но оно давало мне ни с чем не сравнимое успокоение.","Её тело было мягким, будто не имевшим костей, в нём не было ни капли тепла - но оно давало мне ни с чем не сравнимое успокоение.",
,,方知宥,,,,,,,,默认24,,方知宥/35-2-1_方知宥_01,,[不要走。],[不要走。],"""Do not go.""",「行かないでくれ」,"""Не уходи.""","""Не уходи.""",
,,,,,,,,,,默认25,,,,我挤出了卡在喉咙间的三个字，说出了我的挽留。,我擠出了卡在喉嚨間的三個字，說出了我的挽留。,"I forced out the three words lodged in my throat, voicing my plea for her to stay.",喉から言葉を絞り出すと、彼女を引き留めた。,"Выдавил я застрявшие в горле два слова, не желая её отпускать.","Выдавил я застрявшие в горле два слова, не желая её отпускать.",
,,苏怜烟,,,,,,,,默认26,,,,[……］,[……］,"""...""",「……」,"""...""","""...""",
,BgEvent,最后的拥抱2,,,,,1,,,,,,,
,,,,,,,,,,默认27,,,,她的身子微微一僵，低下了头，下颌似枕在我的肩膀上，双手也从无所适从，缓缓移向了我的身后。,她的身子微微一僵，低下了頭，下頜似枕在我的肩膀上，雙手也從無所適從，緩緩移向了我的身後。,"Her body stiffened slightly as she lowered her head, her chin resting on my shoulder like a pillow, and her hands, previously hesitant, gradually moved to embrace me from behind.",彼女が体を強張らせた。うつむくと顎を私の肩に乗せ、ぎこちなく両手をゆっくりと私の後ろに回した。,"Её тело слегка напряглось, она опустила голову и подбородок её словно упёрся в моё плечо. Не зная, куда девать руки, она медленно переместила их мне за спину.","Её тело слегка напряглось, она опустила голову и подбородок её словно упёрся в моё плечо. Не зная, куда девать руки, она медленно переместила их мне за спину.",
,,苏怜烟,,,,,,,,默认28,,苏怜烟/35-2-1_苏怜烟_01,,[知宥……我早已在当年离世，此时的我无论是幻觉还是鬼魂，都不该再陪着你了……],[知宥……我早已在當年離世，此時的我無論是幻覺還是鬼魂，都不該再陪著你了……],"""Zhiyou... I died long ago. Whether I’m an illusion or a ghost now, I shouldn’t stay with you any longer...""",「知宥……私はもう死んでるのよ。今の私が幻覚にしろ幽霊にしろ、一緒にいるわけにはいかないわ……」,"""Чжию... Я уже давно мертва. Кем бы я сейчас ни была - иллюзией или духом - мне не стоит оставаться с тобой...""","""Чжию... Я уже давно мертва. Кем бы я сейчас ни была - иллюзией или духом - мне не стоит оставаться с тобой...""",
,,,,,,,,,,默认29,,,,她反抱着我，在我的耳边轻声低语，语气温柔而带着一种哀伤。,她反抱著我，在我的耳邊輕聲低語，語氣溫柔而帶著一種哀傷。,"She hugged me back, whispering softly in my ear, her voice gentle yet laced with sorrow.",私を抱きしめつつ、耳元でそう囁く。優しい口調にはどこか悲しさがこもっていた。,"Обняв меня в ответ, прошептала она мне ласковым, но в то же время скорбным голосом.","Обняв меня в ответ, прошептала она мне ласковым, но в то же время скорбным голосом.",
,,方知宥,,,,,,,,默认30,,方知宥/35-2-1_方知宥_02,,[我不在乎。］,[我不在乎。］,"""I don’t care.""",「そんなこと気にしない」,"""Мне это не важно.""","""Мне это не важно.""",
,,,,,,,,,,默认31,,,,我执拗地回应着。,我執拗地回應著。,I stubbornly replied.,それでも、と食い下がる。,Упрямо ответил я.,Упрямо ответил я.,
,,苏怜烟,,,,,,,,默认32,,苏怜烟/35-2-1_苏怜烟_02,,[今后，你若是当着旁人的面与我说话，不怕被笑话？],[今後，你若是當著旁人的面與我說話，不怕被笑話？],"""From now on, if you speak to me in front of others, won’t you fear being ridiculed?""",「人前で私に話しかけて笑われるかもしれないのよ。それでもいいの？」,"""Если потом ты при ком-нибудь постороннем заговоришь со мной - не боишься, что над тобой будут насмехаться?""","""Если потом ты при ком-нибудь постороннем заговоришь со мной - не боишься, что над тобой будут насмехаться?""",
,,方知宥,,,,,,,,默认33,,方知宥/35-2-1_方知宥_03,,[我早当过几年疯子了，如今又何惧世俗眼光？],[我早當過幾年瘋子了，如今又何懼世俗眼光？],"""I’ve already been a madman for years, why should I care for worldly judgments now?""",「とっくに狂人として何年も過ごしてきたんだ。今更人の目なんて恐れることがあるか？」,"""Я уже несколько лет и так провёл в сумасшествии - какой мне смысл теперь бояться взглядов окружающих?""","""Я уже несколько лет и так провёл в сумасшествии - какой мне смысл теперь бояться взглядов окружающих?""",
,,苏怜烟,,,,,,,,默认34,,苏怜烟/35-2-1_苏怜烟_03,,[若是你一直惦记着我，怎么能娶妻成家？],[若是你一直惦記著我，怎麼能娶妻成家？],"""If you keep clinging to me, how can you ever marry and settle down?""",「私にばかり気を取られて、妻を娶って家庭を持てると思う？」,"""Если ты так и не отпустишь мысли обо мне, как ты потом женишься и заведёшь семью?""","""Если ты так и не отпустишь мысли обо мне, как ты потом женишься и заведёшь семью?""",
,,方知宥,,,,,,,,默认35,,方知宥/35-2-1_方知宥_04,,[一直和你在一起，不就是娶妻成家了？],[一直和你在一起，不就是娶妻成家了？],"""Staying with you forever, isn’t that marriage and family?""",「君がいるのに家庭を持つ必要があるか？」,"""Если я всё время буду с тобой - разве это не будет считаться за семью?""","""Если я всё время буду с тобой - разве это не будет считаться за семью?""",
,,,,,,,,,,默认36,,,,她以担忧的问句询问我。,她以擔憂的問句詢問我。,She asked me with concern.,彼女が不安そうに尋ねる。,Она обеспокоенно задавала мне вопросы.,Она обеспокоенно задавала мне вопросы.,
,,,,,,,,,,默认37,,,,我以果断的反问回答她。,我以果斷的反問回答她。,I countered with a firm retort.,私がきっぱりと彼女に反問する。,А я решительно на них отвечал.,А я решительно на них отвечал.,
,,苏怜烟,,,,,,,,默认38,,苏怜烟/35-2-1_苏怜烟_04,,[不行……这不行……你不必为了我这样……我们能做的事终究有限……],[不行……這不行……你不必為了我這樣……我們能做的事終究有限……],"""No... this isn’t right... you shouldn’t sacrifice so much for me... our hands are tied...""",「だめ……やっぱりだめ……私のためにこんなことしなくてもいい……私たちができることには限りがあるんだから……」,"""Ну нет... Так нельзя... Тебе не стоит идти на такое ради меня... Да и что у нас вообще может получиться...""","""Ну нет... Так нельзя... Тебе не стоит идти на такое ради меня... Да и что у нас вообще может получиться...""",
,BgEvent,最后的拥抱3,,,,,1,,,,,,,
,,方知宥,,,,,,,,默认39,,方知宥/35-2-1_方知宥_05,,[我们能做很多事呀，我们可以离开扬州，远离战乱，寻找一处安宁的地方……我会试着再写《狮驼国》，或是写一些别的书……],[我們能做很多事呀，我們可以離開揚州，遠離戰亂，尋找一處安寧的地方……我會試著再寫《獅駝國》，或是寫一些別的書……],"""We can do so much! We could leave Yangzhou, flee the war, and find somewhere peaceful... I’ll try rewriting 'Lion Camel Kingdom', or perhaps other stories...""",「何だってできるじゃないか。揚州を去って、戦乱から距離を置いて静かな所に引っ越すんだ……『獅駝国』をもう一度書くか、別の本でも……」,"""У нас может получиться многое - мы можем уйти из Янчжоу, уйти подальше от всей этой военной смуты, найти себе тихое место... Я опять попробую написать 'Королевство Льва и Верблюда' или какую-нибудь другую книгу...""","""У нас может получиться многое - мы можем уйти из Янчжоу, уйти подальше от всей этой военной смуты, найти себе тихое место... Я опять попробую написать 'Королевство Льва и Верблюда' или какую-нибудь другую книгу...""",
,,苏怜烟,,,,,,,,默认40,,,,[……］,[……］,"""...""",「……」,"""...""","""...""",
,,方知宥,,,,,,,,默认41,,方知宥/35-2-1_方知宥_06,,[雁儿姐，这几日东虏屠城，我许多次都快要死了，是你的出现……让我重拾起对生的执念。],[雁兒姐，這幾日東虜屠城，我許多次都快要死了，是你的出現……讓我重撿起對生的執念。],"""<ruby=Swan Goose>Sister Yan</ruby>, during these days when the Eastern Barbarians ravaged the city, I nearly died countless times... Yet your phantom kept appearing, reviving my desperate grip on life.""",「雁姉、この数日、<ruby=とうりょ>東虜</ruby>に町が襲われ、何度も死にかけた。君の幻があったから……生きる執念を取り戻せたんだ」,"""Сестричка Лебёдушка, эти несколько дней, когда 'восточные лу' разоряли город, я множество раз был на грани смерти... И лишь твоя иллюзия помогла мне снова вернуть волю к жизни.""","""Сестричка Лебёдушка, эти несколько дней, когда 'восточные лу' разоряли город, я множество раз был на грани смерти... И лишь твоя иллюзия помогла мне снова вернуть волю к жизни.""",
,,方知宥,,,,,,,,默认42,,方知宥/35-2-1_方知宥_07,,[你陪在我身旁，对我来说从来都不是一件坏事……与你共度的时时刻刻，于我而言，都是那么的真实。],[你陪在我身旁，對我來說從來都不是一件壞事……與你共度的時時刻刻，於我而言，都是那麼的真實。],"""Your presence beside me was never a burden... Every shared moment with you felt profoundly real to me.""",「君が傍にいるのは、私にとって悪いことじゃなかった……君と過ごした一刻一刻が、私にとってはどこまでも現実感のあるものに感じたんだ」,"""Твоё присутствие рядом со мной никогда не было мне во вред... Каждый момент, проведённый с тобой, был для меня неотличим от реальности.""","""Твоё присутствие рядом со мной никогда не было мне во вред... Каждый момент, проведённый с тобой, был для меня неотличим от реальности.""",
,,方知宥,,,,,,,,默认43,,方知宥/35-2-1_方知宥_08,,[我希望你能一直陪着我……哪怕你只是一缕残魂，甚至是我妄自想象的幻觉……我都希望你能留下来。],[我希望你能一直陪著我……哪怕你只是一縷殘魂，甚至是我妄自想像的幻覺……我都希望你能留下來。],"""I long for you to stay eternally... Be you a wandering spirit or mere hallucination of my crumbling mind... I beg you to remain.""",「だから一緒にいてほしい……たとえ君が魂の残滓に過ぎなくとも、私の妄想からくる幻覚に過ぎないとしても……いてほしいんだ」,"""Я хочу, чтобы ты всегда была рядом... Даже если ты - лишь частичка неприкаянной души, да даже если ты существуешь исключительно лишь в моём воображении.. Я всё равно хочу, чтобы ты осталась.""","""Я хочу, чтобы ты всегда была рядом... Даже если ты - лишь частичка неприкаянной души, да даже если ты существуешь исключительно лишь в моём воображении.. Я всё равно хочу, чтобы ты осталась.""",
,,苏怜烟,,,,,,,,默认44,,,,[……],[……],"""...""",「……」,"""...""","""...""",
,,方知宥,,,,,,,,默认45,,方知宥/35-2-1_方知宥_09,,[雁儿姐，你愿意留下来，与我共度余生吗？],[雁兒姐，你願意留下來，與我共度餘生嗎？],"""<ruby=Swan Goose>Sister Yan</ruby>, will you stay and share my remaining days?""",「雁姉……どうか私と共に、これからの人生を一緒に歩いてはくれないか」,"""Сестричка Лебёдушка, согласна ли ты остаться и провести со мной остаток жизни?""","""Сестричка Лебёдушка, согласна ли ты остаться и провести со мной остаток жизни?""",
,,,,,,,,,,默认46,,,,我轻轻地在她耳边提问。,我輕輕的在她耳邊提問。,I whispered the question into her ear.,彼女の耳元でそう尋ねる。,Прошептал я ей на ухо.,Прошептал я ей на ухо.,
,,苏怜烟,,,,,,,,默认47,,,,[……],[……],"""...""",「……」,"""...""","""...""",
,,,,,,,,,,默认48,,,,我仿佛又听见了她的心跳，感到怀中的她在颤抖。,她聽了我的話後，身軀一直在顫抖。,"After hearing my words, her body trembled uncontrollably.",私の言葉を聞き、体をぶるっと震わせる彼女。,От моих слов её тело задрожало.,От моих слов её тело задрожало.,
,,,,,,,,,,默认481,,,,那颤抖里藏着她当年的决绝、藏着她的不舍、也藏着她那份隐藏在内心的悸动。,那顫抖裏藏著她當年的決絕、藏著她的不舍、也藏著她那份隱藏在內心的悸動。,"There is a tremble that hides her determination from the past, her reluctance, and the hidden palpitations in her heart.",その震えの中には彼女のその年の決意が隠されていて、彼女の名残惜しさが隠されていて、彼女の心に隠された鼓動も隠されています。,"В этой дрожь прячется ее решимость, ее недовольство и ее скрытый внутренний пульс.","В этой дрожь прячется ее решимость, ее недовольство и ее скрытый внутренний пульс.",
,,,,,,,,,,默认49,,,,在犹豫了片刻后，她终是开了口——,在猶豫了片刻後，她終是開了口——,"After hesitating for a moment, she finally spoke up——",しばらくためらった後、彼女はついに口を開いた--,После некоторого колебания она наконец - то открыла рот...,После некоторого колебания она наконец - то открыла рот...,
,BgEvent,最后的拥抱4,,,,,1,,,,,,,
,,苏怜烟,,,,,,,,默认50,,苏怜烟/35-2-1_苏怜烟_05,,[知宥，我愿意……],[知宥，我願意……],"[Zhiyou, I am willing to...]",,[Я готов...],,
,,,,,,,,,,默认51,,,,她在我耳边轻语着，继而紧紧抱住我。,她在我耳邊輕語著，繼而緊緊抱住我。,She whispered in my ear and then hugged me tightly.,彼女は私の耳元で軽く話して、そして私を抱きしめた。,Она прошептала мне на ухо и крепко обняла меня.,,
,,,,,,,,,,默认52,,,,……,……,……,……,.........,,
,,,,,,,,,,默认53,,,,突然，我感到肩上有些冰凉。,突然，我感到肩上有些冰涼。,"Suddenly, I felt a chill on my shoulders.",突然、肩が冷たくなった。,Внезапно я почувствовал холод на плечах.,,
,,,,,,,,,,默认54,,,,抬头望去，天上不再是阴雨天，而是晴空万里。,抬頭望去，天上不再是陰雨天，而是晴空萬里。,"Looking up, the sky is no longer cloudy and rainy, but clear and clear for thousands of miles.",見上げると、空は曇りや雨の日ではなく、青空が広がっていた。,"Взглянув вверх, небо уже не дождливое, а ясное небо.",,
,,,,,,,,,,默认55,,,,看来，落在我肩膀上的，并非是天上的雨，而确乎是她的泪滴。,看來，落在我肩膀上的，並非是天上的雨，而確乎是她的淚滴。,"It seems that what fell on my shoulder was not the rain from the sky, but indeed her tears.",どうやら、私の肩に落ちたのは、空の雨ではなく、彼女の涙だったようだ。,"Кажется, что на плечи мои упал не дождь с неба, а слезы ее.",,
,,,,,,,,,,默认56,,,,……,……,……,……,.........,,
,,,,,,,,,,默认57,,,,往后岁月，我与雁儿姐，我们不会再分开了。,往後歲月，我與雁兒姐，我們不會再分開了。,"In the future, Yan'er and I will not be separated again.",これからの歳月、私と雁児姉、私たちはもう別れません。,В последующие годы мы с сестрой гусей не расстанемся.,,
,,,,,,,,,,默认58,,,,哪怕一真一幻，一人一鬼又如何？,哪怕一真一幻，一人一鬼又如何？,"Even if it's a reality or a fantasy, what about one person and one ghost?",たとえ一真一幻でも、一人一鬼はどうだろうか。,"Даже если это правда, как насчет одного человека?",,
,,,,,,,,,,默认59,,,,……,……,……,……,.........,,
,,,,,,,,,,默认60,,,,我想与她在一起。,我想與她在一起。,I want to be with her.,私は彼女と一緒にいたい。,Я хочу быть с ней.,,
,,,,,,,,,,默认61,,,,一直在一起。,一直在一起。,Always together.,ずっと一緒です。,Всегда вместе.,,
,,,,,,,,,,默认621,,,,这对我们而言，便是最纯粹，也最完美的结局。,這對我們而言，便是最純粹，也最完美的結局。,"For us, this is the purest and most perfect ending.",これは私たちにとって、最も純粋で、最も完璧な結末です。,Для нас это самый чистый и идеальный конец.,,
,CharacterOff
,StopBgm,,,,,,3,,,,,,,,,,,
,FadeOut,black,,,,,1,,,,,,,,,,,
,ScreenText,1,White,2,1,2,72,,,结语4
,Bg,故事天空,,,,,,,,,,,,
,FadeIn,black,,,,,1,,,,,,,,,,,
,,,,,,,,,,默认62,,,,我背靠方院的木门，抬头望天。,我背靠方院的木門，抬頭望天。,"I leaned against the wooden door of Fang's Courtyard, gazing up at the sky.",方院の門にもたれ、天を仰いだ。,"Привалившись к деревянным воротам двора семьи Фан, я глядел на небо.",,
,,,,,,,,,,默认63,,,,门外是我，门内是雁儿姐。,門外是我，門內是雁兒姐。,Outside the door was me; inside was <ruby=Swan Goose>Sister Yan</ruby>.,門の外には私、内には雁姉がいる。,"Я был снаружи, сестричка Лебёдушка - внутри.",,
,,,,,,,,,,默认64,,,,算算日子，雁儿姐被大伯关在此处，已经快一年了。,算算日子，雁兒姐被大伯關在此處，已經快一年了。,"By my count, <ruby=Swan Goose>Sister Yan</ruby> had been locked here by my uncle for nearly a year.",日にちを数えてみると、雁姉が伯父にここに閉じ込められてから、一年が経っていた。,"Если посчитать, то получается, что с тех пор, как дядя запер её здесь, прошёл уже почти целый год.",,
,,,,,,,,,,默认65,,,,这一年里，我常偷偷来见她，教她识字，向她讲述外间世事。,這一年裡，我常偷偷來見她，教她識字，向她講述外間世事。,"That year, I often sneaked in to see her, teaching her to read and sharing stories of the outside world.",この一年、私はいつもこっそり彼女に会いに来て、字を教えたり外のことを教えたりした。,"За этот год я часто тайком навещал её, учил её читать и писать, рассказывал ей о том, что происходит во внешнем мире.",,
,,,,,,,,,,默认66,,,,她不再如初时那般对我戒备，也很久没再提过寻短见的事。,她不再如初時那般對我戒備，也很久沒再提過尋短見的事。,"She no longer distrusted me as she had at first, and it had been a long time since she last spoke of ending her life.",私に対して初めの頃のような警戒心はもうなく、自殺をほのめかすようなことも言わなくなった。,"Она уже давно перестала относилась ко мне с такой настороженностью, как было поначалу, и уже давно не упоминала о том, что хочет покончить с собой.",,
,,,,,,,,,,默认67,,,,但有一日，她又聊起了类似的话。,但有一日，她又聊起了類似的話。,"But one day, she brought up something similar again.",だがある日、似たような話を持ち出した。,Но однажды она всё же заговорила о чём-то подобном.,,
,FadeOut,black,,,,,1,,,,,,,,,,,
,BgEvent,聊斋1,,,,,0,,,,,,,,,,,
,FadeIn,black,,,,,1,,,,,,,,,,,
,Wait,,,,,,0.5,,,,,,,,,,,
,Bgm,死生别离,,,,0.2,2,,,,,,,,,,,
,,苏连雁,,,,,,,,默认68,,苏连雁/35-2-1_苏连雁_01,,[知宥，你说人死后会去哪呢？],[知宥，你說人死後會去哪呢？],"""Zhiyou, where do you think people go after they die?""",「知宥、人は死んだらどこに行くと思う？」,"""Чжию, а куда люди уходят после смерти?""",,
,,,,,,,,,,默认69,,,,门内传来她轻柔的声音。,門內傳來她輕柔的聲音。,Her gentle voice came from behind the door.,門の内側から彼女の声が聞こえた。,Донёсся из-за двери её нежный голос.,,
,,方知宥,,,,,,,,默认70,,方知宥/35-2-1_方知宥_10,,[嗯……爹娘曾说过，人死后会上天入地，有大功德的人会去天上做神仙，大多数人则是会入地府。],[嗯……爹娘曾說過，人死後會上天入地，有大功德的人會去天上做神仙，大多數人則是會入地府。],"""Well... my parents once said that after death, people either ascend to heaven or descend to the underworld. Those with great virtue become immortals in heaven, while most ordinary people go to the underworld.""",「ふむ……人が死ぬと天国か地獄に行くと父さんと母さんが言っていた。功徳を積んだ者は天界で神仙となるけど、ほとんどの者は地獄に落ちると」,"""Хм... Ну папа с мамой говорили, что люди после смерти идут либо на небо, либо под землю. Люди великой добродетели попадают на небеса и становятся божествами и небожителями, ну а большинство людей попадает в подземный мир.""",,
,,方知宥,,,,,,,,默认71,,方知宥/35-2-1_方知宥_11,,[地府的阎王爷会审判每个人生前做过的事，恶人会下油锅，善人则是会轮回。],[地府的閻王爺會審判每個人生前做過的事，惡人會下油鍋，善人則是會輪迴。],"""The King of Hell judges everyone's deeds in life. The wicked are boiled in oil, while the virtuous are reincarnated.""",「そして地獄の閻魔大王が、その者の生前の行いを裁き、悪人は油茹でにされ、善人は輪廻に入るらしい」,"""Правитель подземного царства Янь-ван судит каждого человека по его поступкам - злые люди отправляются в котёл с кипящим маслом, а добрые - перерождаются заново.""",,
,,苏连雁,,,,,,,,默认72,,苏连雁/35-2-1_苏连雁_02,,[怎样的人是善人？怎样的人是恶人？],[怎樣的人是善人？怎樣的人是惡人？],"""What makes someone virtuous? What makes someone wicked?""",「どんな人が善人で、どんな人が悪人なの？」,"""А какие люди считаются добрыми? А какие - злыми?""",,
,,方知宥,,,,,,,,默认73,,方知宥/35-2-1_方知宥_12,,[依我所想，令他人欢喜者为善人，令他人悲苦者为恶人……我每次来见雁儿姐都很欢喜，所以雁儿姐是善人……我来时雁儿姐也会欢喜，所以我也是善人。],[依我所想，令他人歡喜者為善人，令他人悲苦者為惡人……我每次來見雁兒姐都很歡喜，所以雁兒姐是善人……我來時雁兒姐也會歡喜，所以我也是善人。],"""I think those who bring joy to others are virtuous, and those who bring sorrow are wicked... I'm always happy when I visit <ruby=Swan Goose>Sister Yan</ruby>, so she's virtuous... She's also happy when I come, so I must be virtuous too.""",「私の持論だが、人を喜ばせる者が善人で、人を悲しませる者が悪人、だと思う……雁姉と会うたび僕は嬉しかったから、雁姉は善人だ……雁姉も僕が来た時に喜んでいたから、僕も善人ということになるね」,"""Ну вот я считаю, что те, кто приносит другим людям радость - те добрые, а те, кто приносит горе - те злые... Каждый раз, когда я вижусь с тобой, сестричка Лебёдушка, мне радостно - так что ты хороший человек... И когда я прихожу к тебе, ты тоже радуешься - значит, я тоже хороший человек.""",,
,,苏连雁,,,,,,,,默认74,,苏连雁/35-2-1_苏连雁_03,,[噗……你这说法……那天下的善人不是多了去了？],[噗……你這說法……那天下的善人不是可多了？],"""Pfft... that logic of yours... then wouldn't there be good people everywhere under heaven?""",「ぷっ……その言い方だと……世の中は善人だらけになるんじゃない？」,"""Пф-ф-ф... Если всё так, как ты говоришь... Не получится ли, что в Поднебесной уж слишком много добрых людей?""",,
,,,,,,,,,,默认75,,,,门的另一侧，她似乎是被我的说法逗笑了。,門的另一側，她似乎是被我的說法逗笑了。,"On the other side of the door, she seemed to chuckle at my reasoning.",門の向こう側で、私の言葉に笑っているようだ。,"Судя по звукам по ту сторону двери, мои слова рассмешили сестричку Лебёдушку.",,
,,苏连雁,,,,,,,,默认76,,,,[……],[……],"""...""",「……」,"""...""",,
,,苏连雁,,,,,,,,默认77,,苏连雁/35-2-1_苏连雁_04,,[既然我们都是善人……那不如我们寻个时机一同赴死，再一同去投胎吧。],[既然我們都是善人……那不如我們尋個時機一同赴死，再一同去投胎吧。],"""Since we're both good people... why don't we pick a time to die together and be reborn together?""",「どっちも善人なら……同時に死んで、もう一度生まれ変わるのはどう？」,"""Ну раз мы с тобой оба - хорошие люди... Так почему бы нам тогда при подходящей возможности не умереть вместе и потом вместе же переродиться?""",,
,,,,,,,,,,默认78,,,,隔了片刻后，她突然这么提议道。,隔了片刻後，她突然這麼提議道。,"After a pause, she suddenly suggested.",少しして、ふとそんなことを言う彼女。,Внезапно предложила она после короткой паузы.,,
,,方知宥,,,,,,,,默认79,,,,[……],[……],"""...""",「……」,"""...""",,
,,方知宥,,,,,,,,默认80,,方知宥/35-2-1_方知宥_13,,[这……这……我还不想死呢！],[這……這……我還不想死呢！],"""Th-that... I don't want to die yet!""",「そ……それは……まだ死にたくないよ！」,"""Это... это... Я ещё пока не хочу умирать!""",,
,,,,,,,,,,默认81,,,,我有些慌张地说道。,我有些慌張地說道。,I replied nervously.,慌ててそう答える。,Растерянно ответил я.,,
,,苏连雁,,,,,,,,默认82,,苏连雁/35-2-1_苏连雁_05,,[为何？],[為何？],"""Why?""",「どうして？」,"""Почему?""",,
,,方知宥,,,,,,,,默认83,,方知宥/35-2-1_方知宥_14,,[这世上有许多好吃的，好玩的……有许多能去的地方，活着便有希望。],[這世上有許多好吃的，好玩的……有許多能去的地方，活著便有希望。],"""This world has so many delicious foods, fun things... so many places to visit. Being alive means there's hope.""",「だって、この世には美味しいものも、楽しいこともいっぱいあるし……行ける所だっていっぱいあるし、生きていればいいことはいっぱいあるよ」,"""В этом мире много всего вкусного, много интересного... Столько мест, где можно побывать. Да и вообще, пока живёшь, есть надежда.""",,
,,,,,,,,,,默认84,,,,我郑重地说道。,我鄭重地說道。,I said earnestly.,真面目に、雁姉に対してそう話す私。,С важностью проговорил я.,,
,FadeOut,black,,,,,1,,,,,,,,,,,
,BgEvent,聊斋5,,,,,0,,,,,,,,,,,
,FadeIn,black,,,,,1,,,,,,,,,,,
,Wait,,,,,,0.5,,,,,,,,,,,
,,苏连雁,,,,,,,,默认85,,苏连雁/35-2-1_苏连雁_06,,[可我日日被关在这里，等着为你大伯生娃子，何来希望？],[可我日日被關在這裡，等著為你大伯生娃子，何來希望？],"""But I'm locked here every day, waiting to bear your uncle's children. What hope is there in that?""",「でもあたしはずっとここに閉じ込められて、あんたの伯父さんの子を産むのを待つだけ。どこに希望があるの？」,"""Но я целыми днями заперта здесь, а потом мне придётся рожать твоему дяде детей - откуда тут надежде взяться?""",,
,,,,,,,,,,默认86,,,,雁儿姐幽幽地说着。,雁兒姐幽幽地說著。,<ruby=Swan Goose>Sister Yan</ruby> murmured melancholically.,雁姉が憂鬱そうにそう言った。,Мрачно ответила сестричка Лебёдушка.,,
,,方知宥,,,,,,,,默认87,,,,[……],[……],"""...""",「……」,"""...""",,
,,,,,,,,,,默认88,,,,我无法反驳。,我無法反駁。,I couldn't refute it.,私は何も言い返せなかった。,Мне нечем было ей возразить.,,
,,,,,,,,,,默认89,,,,我很想把她从伯父这里救出来，但是却无计可施。,我很想把她從伯父這裡救出來，但是卻無計可施。,"I desperately wanted to rescue her from my uncle's grasp, but was powerless to do so.",伯父から彼女を救いたい。だがどうにもできない。,Мне бы очень хотелось спасти её из дядиного заточения - но мне было совершенно нечего предпринять.,,
,,,,,,,,,,默认90,,,,若是我武功强如水浒传中的那些英雄好汉一般，是否就能带她远走高飞了？,若是我武功強如水滸傳中的那些英雄好漢一般，是否就能帶她遠走高飛了？,"If my martial skills were as mighty as the heroes in Water Margin, could I have taken her far away?",もしも水滸伝の英雄たちのように強ければ、彼女を連れ去って遠くに逃げられるのだろうか。,"Владей я боевыми искусствами так же, как все эти герои из ""Речных заводей"" - смог бы я тогда одним махом унести её отсюда далеко-далеко?",,
,,,,,,,,,,默认91,,,,若是真有那孙大圣，我是不是能借他的金箍棒打破方院，救雁儿姐出来？,若是真有那孫大聖，我是不是能借他的金箍棒打破方院，救雁兒姐出來？,"If the Great Sage Sun Wukong were real, could I have borrowed his golden staff to smash open Fang's Courtyard and free <ruby=Swan Goose>Sister Yan</ruby>?",もしも孫大聖がいたら、彼の如意棒を借りて方院をぶっ壊し、雁姉を救えるのだろうか。,"Если бы на свете действительно существовал Великий Мудрец Сунь Укун, смог бы я тогда воспользоваться его посохом Цзиньгубаном, чтобы сокрушить стены двора семьи Фан и вызволить сестричку Лебёдушку на свободу?",,
,,,,,,,,,,默认92,,,,……,……,...,……,...,,
,,方知宥,,,,,,,,默认93,,,,[……],[……],"""...""",「……」,"""...""",,
,,苏连雁,,,,,,,,默认94,,,,[……],[……],"""...""",「……」,"""...""",,
,,,,,,,,,,默认95,,,,我们许久都没说话，也不知对方在想着什么。,我們許久都沒說話，也不知對方在想著什麼。,"We remained silent for a long while, neither knowing the other's thoughts.",長い沈黙が流れた。相手が何を考えているのかもわからず。,"Мы долго молчали, не зная, о чём думает другой.",,
,Se,风吹树叶,,1.8,,,,,,,,,,
,,,,,,,,,,默认96,,,,——呼,——呼,--Huff--,――ヒュウ,*Вжух.*,,
,,,,,,,,,,默认97,,,,直到一阵强风吹过，吹拂起了落叶。,直到一陣強風吹過，吹拂起了落葉。,"Until a strong gust swept through, stirring the fallen leaves.",強風が吹き、落ち葉が舞い上がった。,"Тут налетел порыв сильного ветра, поднимая с земли опавшие листья.",,
,,,,,,,,,,默认98,,,,风过之后，雁儿姐在门的内侧开了口——,風過之後，雁兒姐在門的內側開了口——,"When the wind subsided, <ruby=Swan Goose>Sister Yan</ruby> spoke from behind the gate—",風が通り過ぎると、雁姉が門の内側で口を開いた――,"Когда ветер утих, из-за двери донёсся голос сестрички Лебёдушки:",,
,FadeOut,black,,,,,1,,,,,,,,,,,
,BgEvent,聊斋3,,,,,0,,,,,,,,,,,
,FadeIn,black,,,,,1,,,,,,,,,,,
,Wait,,,,,,0.5,,,,,,,,,,,
,,苏连雁,,,,,,,,默认99,,苏连雁/35-2-1_苏连雁_07,,[知宥，你不想死，可我想死……若有一天我先死了，你还活着，我能否从地府悄悄溜出来看你？],[知宥，你不想死，可我想死……若有一天我先死了，你還活著，我能否從地府悄悄溜出來看你？],"""Zhiyou, you don’t want to die, but I do... If one day I die before you, and you’re still alive, can I sneak out from the underworld to see you?""",「知宥、あんたが死にたくなくても、あたしは死にたいの……もしあたしが先に死んで、知宥がまだ生きてたら、こっそり地獄を抜け出して会いに来てもいい？」,"""Чжию, ты-то не хочешь умирать, а вот я хочу... Если я когда-нибудь умру вперёд тебя, а ты ещё будешь жив, могу ли я тайком выскользнуть из подземного царства и навестить тебя?""",,
,,,,,,,,,,默认100,,,,她对我问道。,她對我問道。,She asked me.,彼女がそう訊く。,Задала она мне вопрос.,,
,BgEvent,聊斋2,,,,,,,,,,,,
,,方知宥,,,,,,,,默认101,,方知宥/35-2-1_方知宥_15,,[可以啊，雁儿姐当然能来看我。],[可以啊，雁兒姐當然能來看我。],"""Of course, <ruby=Swan Goose>Sister Yan</ruby> can definitely come to see me.""",「もちろんだよ。雁姉ならいつだって大歓迎だよ」,"""Конечно, сестричка Лебёдушка, ещё как можешь.""",,
,,,,,,,,,,默认102,,,,我认真地答。,我認真地答。,I answered earnestly.,真剣にそう答える私。,Серьёзно ответил я.,,
,BgEvent,聊斋4,,,,,,,,,,,,
,,苏连雁,,,,,,,,默认103,,苏连雁/35-2-1_苏连雁_08,,[你不怕被我吓到？我可是鬼呀！],[你不怕被我嚇到？我可是鬼呀！],"""Aren’t you afraid of being scared by me? I’d be a ghost!""",「怖がったりしない？だって幽霊よ」,"""А ты не будешь меня бояться? Я же буду призраком!""",,
,,,,,,,,,,默认104,,,,她提高了声音，笑着对我问道。,她提高了聲音，笑著對我問道。,She raised her voice and asked me with a laugh.,彼女が声を大きくし、笑いまじりで問う。,"Повысив голос, со смехом спросила она.",,
,BgEvent,聊斋2,,,,,,,,,,,,
,,方知宥,,,,,,,,默认105,,方知宥/35-2-1_方知宥_16,,[不怕呀，雁儿姐变得鬼不可怕。],[不怕呀，雁兒姐變得鬼不可怕。],"""I’m not afraid. <ruby=Swan Goose>Sister Yan</ruby> wouldn’t be a scary ghost.""",「怖いもんか。雁姉が幽霊になったって怖くないよ」,"""Не буду. Если этим призраком будешь ты, сестричка Лебёдушка, то мне будет совсем не страшно.""",,
,BgEvent,聊斋3,,,,,,,,,,,,
,,苏连雁,,,,,,,,默认106,,苏连雁/35-2-1_苏连雁_09,,[那一言为定，若是我成了鬼，便会来找你。],[那一言為定，若是我成了鬼，便會來找你。],"""Then it’s a promise. If I become a ghost, I’ll come find you.""",「じゃあ約束。あたしが幽霊になったら会いに来るから」,"""Тогда договорились - если я стану призраком, то приду к тебе.""",,
,BgEvent,聊斋4,,,,,,,,,,,,
,,方知宥,,,,,,,,默认107,,,,[……],[……],"""...""",「……」,"""...""",,
,BgEvent,聊斋1,,,,,1,,,,,,,
,,苏连雁,,,,,,,,默认108,,苏连雁/35-2-1_苏连雁_10,,[从此，你去哪里，我就去哪里。],[從此，你去哪裡，我就去哪裡。],"""From then on, wherever you go, I’ll follow.""",「これからは、どこでも一緒ね」,"""И тогда куда пойдёшь ты, туда пойду и я.""",,
,Wait,,,,,,2
,StopVoice,,,,,,1,,,,,,,,,,,
,FadeOut,black,,,,,1,,,,,,,,,,,
,Wait,,,,,,1,,,,,,,,,,,
,FadeIn,black,,,,,1,,,,,,,,,,,
,FadeOut,black,,,,,1,,,,,,,,,,,
,BgEvent,聊斋6,,,,,0,,,,,,,,,,,
,FadeIn,black,,,,,1,,,,,,,,,,,
,Wait,,,,,,0.5,,,,,,,,,,,
,,,,,,,,,,默认109,,,,五月十六，我助王生修完了那本《扬州十日记》。,五月十六，我助王生修完了那本《揚州十日記》。,"On the sixteenth of the fifth month, I helped Scholar Wang complete his book ""Ten Days of Yangzhou"".",五月十六日。王書生が書いた『揚州十日記』の校正が終わった。,"К шестнадцатому числу пятого месяца я закончил помогать учёному Вану в редактуре ""Записок о десяти днях в Янчжоу"".",,
,,,,,,,,,,默认110,,,,十日屠城之事，落于纸上，不过只有七八千字。,十日屠城之事，落於紙上，不過只有七八千字。,"The ten-day massacre, when recorded on paper, amounted to merely seven or eight thousand characters.",十日間の虐殺は、紙に書き記してもわずか七八千文字くらいしかない。,Запечатлённые на бумаге десять дней резни уместились всего лишь в семь-восемь тысяч иероглифов.,,
,,,,,,,,,,默认111,,,,此书以王生的视角，记录了扬州十日屠城时东虏的诸多恶行。,此書以王生的視角，記錄了揚州十日屠城時東虜的諸多惡行。,"Written from Scholar Wang's perspective, this book documents the Eastern Barbarians' numerous atrocities during the Yangzhou massacre.",この本は、揚州の十日間に渡る虐殺で東虜がはたらいた悪行の数々を、王書生の視点で書いたものだ。,"Книга от лица учёного Вана описала всевозможные зверства ""восточных лу"" за эти дни.",,
,,,,,,,,,,默认112,,,,其中细节可谓真实丰富，我想，后人读来也会觉得身临其境、触目惊心。,其中細節可謂真實豐富，我想，後人讀來也會覺得身臨其境、觸目驚心。,"Its vivid, authentic details will make later readers feel they're witnessing the events firsthand - with horrifying clarity.",その描写の細かさはあまりに生々しく、きっと後世の人々がこれを読んだら、その場にいるかのような臨場感で胸を打たれることだろう。,"Детали получились очень живыми и насыщенными - думаю, те, кто будет читать эту книгу, смогут испытать чувство, будто сами оказались в гуще событий, и будут потрясены не менее, чем их очевидцы.",,
,,,,,,,,,,默认113,,,,但是，我知道，尚有数万个如王生这般的幸存者并未写书，他们没有留下更多的记录流传后世。,但是，我知道，尚有數萬個如王生這般的倖存者並未寫書，他們沒有留下更多的紀錄流傳後世。,"Yet I know tens of thousands of survivors like Scholar Wang never wrote accounts, leaving no records for posterity.",しかし、王のような生存者が数万といながら、誰もこのような本を書いていないことを私は知っている。彼らは後世に伝えるための記録を残していないのだ。,"Однако я знаю, что десятки тысяч других людей, выживших вместе с учёным Ваном, в отличие от него, не напишут книг - потомкам от них не останется никаких записей.",,
,,,,,,,,,,默认114,,,,而那数十万在屠城中被杀的亡魂，更没有任何开口的机会。,而那數十萬在屠城中被殺的亡魂，更沒有任何開口的機會。,While the hundreds of thousands massacred were forever silenced.,虐殺によって命を落とした数十万の亡霊たちは、口を開く機会すら与えられなかった。,"Что же касается тех сотен тысяч душ, что погибли во время резни, у них тем более не будет возможности высказаться.",,
,,,,,,,,,,默认115,,,,我们所写的这本《扬州十日记》，只是这十日中万千悲剧的沧海一粟。,我們所寫的這本《揚州十日記》，只是這十日的所發生的萬千悲劇的滄海一粟。,"Our written account of ""Ten Days of Yangzhou"" represents but a drop in the ocean of tragedies that occurred during those ten days.",私たちが書いたこの『揚州十日記』は、この十日間で起きた数え切れないほどの悲劇のうちのほんの一部でしかない。,"Наши ""Записки о десяти днях в Янчжоу"" - не более, чем капля в море тех бесчисленных трагедий, что случились за эти десять дней.",,
,,,,,,,,,,默认116,,,,……,……,...,……,...,,
,FadeOut,black,,,,,1,,,,,,,,,,,
,BgEvent,聊斋7,,,,,0,,,,,,,,,,,
,FadeIn,black,,,,,1,,,,,,,,,,,
,Wait,,,,,,0.5,,,,,,,,,,,
,,,,,,,,,,默认117,,,,之后，我将《扬州十日记》抄了一本，带在身上，然后便向王生辞行。,之後，我將《揚州十日記》抄了一本，帶在身上，然後便向王生辭行。,"Afterward, I made a handwritten copy of ""Ten Days of Yangzhou"" to carry with me, then took my leave from Scholar Wang.",その後、私は『揚州十日記』の写本を作って持ち歩くようにし、王書生に別れを告げた。,"После этого я переписал собственную копию ""Записок"", взял её с собой и попрощался с учёным Ваном.",,
,,,,,,,,,,默认118,,,,临别之时，王生于城门前出言挽留，他叹我今后一人踏上旅程，未免太过孤独。,臨別之時，王生於城門前出言挽留，他嘆我今後一人踏上旅程，未免太過孤獨。,"When we parted at the city gate, Scholar Wang urged me to stay, sighing that my solitary journey ahead would be too lonesome.",別れ際、王は城門の前で、一人の旅は孤独に苛まれるぞと私のことを引き留めようとした。,"В момент прощания у городских ворот учёный Ван попробовал уговорить меня остаться, со вздохом говоря, что в предстоящем путешествии мне наверняка будет очень одиноко.",,
,,,,,,,,,,默认119,,,,他说，若非是他有妻儿牵绊，必定与我一同远游。,他說，若非是他有妻兒牽絆，必定與我一同遠遊。,"He said were it not for his family obligations, he would have surely traveled with me.",もしも妻がいなければ私と一緒に旅に出たのにと彼が溜息をつく。,"Он сказал, что если б не жена и ребёнок, он обязательно отправился бы в этот дальний путь со мной.",,
,,,,,,,,,,默认120,,,,我笑了笑，谢过了他的好意，只对他说了有缘再见。,我笑了笑，謝過了他的好意，只對他說了有緣再見。,"I smiled and thanked him for his kindness, saying only that we might meet again if fate allowed.",私は笑って彼の気遣いに感謝すると、縁があればまた会おうと言うのだった。,"Я с улыбкой поблагодарил его за добрые слова, но лишь сказал, что, если будет на то веление судьбы, мы с ним ещё увидимся.",,
,,,,,,,,,,默认121,,,,王生啊，我并非是孤身一人。,王生啊，我並非是孤身一人。,"Ah, Scholar Wang, I am not truly traveling alone.",王よ、私は孤独じゃない。,"Если бы ты знал, учёный Ван - я ведь совсем не один.",,
,,,,,,,,,,默认122,,,,雁儿姐因那本留给我的信物而重现，今后会与我一同踏上旅程。,雁兒姐因那本留給我的信物而重現，今後會與我一同踏上旅程。,"<ruby=Swan Goose>Sister Yan</ruby> reappeared because of the keepsake left for me, and from then on, she would accompany me on the journey.",私に遺したあの本のおかげで雁姉が再び現れてくれたのだ。これからは彼女が旅路についてきてくれる。,Сестричка Лебёдушка снова появилась благодаря тому оставленному от неё подарку - и отныне она будет сопровождать меня в моём путешествии.,,
,,,,,,,,,,默认123,,,,从此之后，我们会长相厮守，永不分离。,從此之後，我們會長相廝守，永不分離。,"From then on, we would stay together forever, never to part.",これから私たちはずっと一緒だ。二度と離れない。,С этого момента мы будем всегда вместе и никогда не разлучимся.,,
,,,,,,,,,,默认124,,,,……,……,...,……,...,,
,FadeOut,black,,,,,1,,,,,,,,,,,
,BgEvent,聊斋8,,,,,0,,,,,,,,,,,
,FadeIn,black,,,,,1,,,,,,,,,,,
,Wait,,,,,,0.5,,,,,,,,,,,
,,,,,,,,,,默认125,,,,我与雁儿姐相伴，一路北行。,我與雁兒姐相伴，一路北行。,"With <ruby=Swan Goose>Sister Yan</ruby> by my side, I journeyed northward.",私は雁姉と共に、北へ向かった。,Вместе с сестричкой Лебёдушкой мы отправились на север.,,
,,,,,,,,,,默认126,,,,最初的三年并不太平。,最初的三年並不太平。,The first three years were anything but peaceful.,最初の三年は、平穏な道のりとはいかなかった。,Первые три года были не особенно мирными.,,
,,,,,,,,,,默认127,,,,这三年，我根本无暇写书，终日所思，大多都是谋生二字。,這三年，我根本無暇寫書，終日所思，大多都是謀生二字。,"During those three years, I had no time to write; my days were consumed by the struggle to survive.",本を書く暇もなく、これからどう生計を立てるか一日中考えていた。,"За эти годы у меня совершенно не было времени писать книги - целыми днями в моих мыслях были только слова ""как бы прокормиться"".",,
,,,,,,,,,,默认128,,,,这期间，无论我们去到哪里，都先会躲避当地的盗匪和逃兵。,這期間，無論我們去到哪裡，都先會躲避當地的盜匪和逃兵。,"Wherever we went during that time, our first task was to evade local bandits and deserters.",その間、どこに行ってもまず現地の盗賊や逃走兵をかわすことから始まった。,"Куда бы мы ни шли, в первую очередь нам приходилось следить за тем, как бы не наткнуться на местных разбойников и дезертиров.",,
,,,,,,,,,,默认129,,,,等确定周围安全下来后，便会去附近找个差事，勉强糊口。,等確定周圍安全下來後，便會去附近找個差事，勉強餬口。,"Once we confirmed the area was safe, we would take odd jobs nearby to barely get by.",周囲が安全になってからようやく、近くで仕事を見つけて糊口をしのいだ。,"Как только мы убеждались, что вокруг безопасно, то я искал себе какую-нибудь работу поблизости, чтобы хоть как-то перебиваться.",,
,,,,,,,,,,默认130,,,,从扬州离开没多久后，我便听闻了李闯殒命九宫山的消息。,從揚州離開沒多久後，我便聽聞了李闖殞命九宮山的消息。,"Not long after leaving Yangzhou, I heard of Li Chuang's death at Jiugong Mountain.",揚州を出てから程なくして、李自成が九宮山で死んだという知らせを聞いた。,"Вскоре после того, как мы покинули Янчжоу, до меня дошло известие о гибели Ли ""Идущего Напролом"" у горе Цзюгун.",,
,,,,,,,,,,默认131,,,,那原本与东虏作战的大顺军从此失去了主心骨，他们后继无人、做鸟兽散、多数都成了祸害百姓的山林土匪，少数则是投了明军。,那原本與東虜作戰的大順軍從此失去了主心骨，他們後繼無人、做鳥獸散、多數都成了禍害百姓的山林土匪，少數則是投了明軍。,"The Dashun Army, which had originally fought against the Eastern Barbarians, lost its leadership core. Without successors, they scattered like startled animals—most became mountain bandits preying on civilians, while a few defected to the Ming Army.",東虜と戦い続けた大順軍はこうして屋台骨を失い、後を継ぐ者もおらず散り散りになった。そのほとんどが民を襲う山賊となり、一部は明軍に投降した。,"Войско ""Великой Шунь"", которое изначально сражалось с ""восточными лу"", отныне утратило свой хребет - преемника своему вожаку у них не нашлось, и они разбрелись, как дикие птицы и звери. Большая часть подалась в разбойники, наводя ужас на мирное население, малая же примкнула к войскам Мин.",,
,,,,,,,,,,默认132,,,,东虏则仿佛成了天命所归，连战连捷。,東虜則彷彿成了天命所歸，連戰連捷。,"The Eastern Barbarians seemed heaven-blessed, winning consecutive victories.",東虜は天に導かれたかのように連戦連勝を重ねた。,"""Восточные лу"" же как будто отныне были удостоены ""Небесного Мандата"", выигрывая сражения одно за другим.",,
,,,,,,,,,,默认133,,,,他们连破数城，很快便攻入南京，没过多久便擒获了弘光皇帝，覆灭了朝廷。,他們連破數城，很快便攻入南京，沒過多久便擒獲了弘光皇帝，覆滅了朝廷。,"They stormed multiple cities, soon breached Nanjing's defenses, and within months captured the Hongguang Emperor, toppling the imperial court.",いくつもの町を落とし、そうかからず南京に攻め入ったかと思うと、程なくして弘光帝を捕らえ、朝廷を滅ぼした。,"Захватив несколько городов подряд, они вскоре ворвались в Нанкин, а ещё через какое-то время им удалось пленить императора Хунгуана и тем самым положить конец прежнему императорскому двору.",,
,,,,,,,,,,默认134,,,,在他们夺了江山，初步稳定天下大势后，便不再掩饰残暴的本性，颁布了“剃发易服”令，强令天下之人剃头，不再穿汉家衣冠。,在他們奪了江山，初步穩定天下大勢後，便不再掩飾殘暴的本性，頒布了“剃髮易服”令，強令天下之人剃頭，不再穿漢家衣冠。,"Having conquered the realm and temporarily stabilized their rule, they shed all pretense of civility by decreeing nationwide ""Shaving Hair and Changing Attire""—forcing Han Chinese to adopt Manchu hairstyles and abandon traditional dress.",天下を手にし、まずは世間の情勢を安定させてから、彼らはその残虐な本性をむき出しにした。「剃髪令」を公布すると、国の全ての者に頭を剃ることを強制し、漢服の着用を禁じた。,"Захватив Поднебесную и более менее уладив в ней общую обстановку, они перестали скрывать свою жестокую природу и издали указ ""о бритье головы и смене одежды"", принуждая всех подданных обрить голову и отказаться от ношения ханьской одежды и головных уборов.",,
,FadeOut,black,,,,,1,,,,,,,,,,,
,BgEvent,聊斋9,,,,,0,,,,,,,,,,,
,FadeIn,black,,,,,1,,,,,,,,,,,
,Wait,,,,,,0.5,,,,,,,,,,,
,,,,,,,,,,默认135,,,,江南多有抗令不从者，其中以江阴最甚，他们最终因抗令而被如扬州般屠城。,江南多有抗令不從者，其中以江陰最甚，他們最終因抗令而被如揚州般屠城。,"Across Jiangnan, many defied orders, none more fiercely than Jiangyin. They were ultimately massacred like Yangzhou for their resistance.",江南にはそれにまつろわぬ者が多くいた。中でも江陰は最も顕著で、徹底的にお触れに抗うと、揚州のように皆殺しにされた。,"К югу от реки Янцзы оказалось много тех, кто не захотел подчиняться этому указу - среди них наиболее яростно сопротивлялись жители Цзянъиня; в конце концов, за неповиновение их город был разгромлен, как и Янчжоу.",,
,,,,,,,,,,默认136,,,,江阴人比扬州人还要惨。,江陰人比揚州人還要慘。,The people of Jiangyin endured even greater suffering than those of Yangzhou.,江陰人は揚州人よりもさらに悲惨だった。,Но в Цзянъине дела вышли ещё хуже.,,
,,,,,,,,,,默认137,,,,扬州是十人九亡，尚且有一人能活。,揚州是十人九亡，尚且有一人能活。,"In Yangzhou, nine in ten perished, yet one might still live.",揚州では十人中九人死んでも、一人は生き延びることができた。,"В Янчжоу на каждого выжившего погибло девятеро - но, по крайней мере, хоть кто-то остался жив.",,
,,,,,,,,,,默认138,,,,而那江阴城，硬生生被屠成了一座无人的鬼城。,而那江陰城，硬生生被屠成了一座無人的鬼城。,But Jiangyin City was slaughtered into a lifeless ghost town.,しかし江陰は徹底的に殺し尽くされ、人っ子一人いない鬼城になった。,"Но Цзянъинь попросту обезлюдел, превратился в самый настоящий город-призрак.",,
,,,,,,,,,,默认139,,,,此时，大概便是史书上所载的天下变乱、改朝换代之时。,此時，大概便是史書上所載的天下變亂、改朝換代之時。,This was likely the historical turning point when dynasties changed hands.,これがおそらく歴史書に書かれていた天下の変乱、王朝が変わる節目だったのだろう。,"Это, пожалуй, и были те самые времена, о которых столько написано в исторических книгах - когда Поднебесная в беспорядке и одна династия сменяется другой.",,
,,,,,,,,,,默认140,,,,于此乱世，苟活已属不易。,於此亂世，苟活已屬不易。,"In such chaotic times, survival itself is struggle enough.",この乱世では、生きることすらままならない。,В такую смуту просто остаться в живых уже было не самым лёгким делом.,,
,,,,,,,,,,默认141,,,,我又何必奢求其他呢？,我又何必奢求其他呢？,Why should I presume to hope for more?,それ以上何を望む必要があろうか。,Так как же я могу претендовать на что-то большее?,,
,,,,,,,,,,默认142,,,,……,……,...,……,...,,
,Bgm,与雁同行,,,,3,3,,,,,,,,,,,
,FadeOut,black,,,,,1,,,,,,,,,,,
,BgEvent,聊斋10,,,,,0,,,,,,,,,,,
,FadeIn,black,,,,,1,,,,,,,,,,,
,Wait,,,,,,0.5,,,,,,,,,,,
,,,,,,,,,,默认143,,,,想必，我会被江阴人视作没有骨气的人。,想必，我會被江陰人視作沒有骨氣的人。,"Doubtless, Jiangyin's people would deem me cowardly.",おそらく私は、江陰人から根性なしと蔑まれるだろう。,Жители Цзянъиня наверняка сочли бы меня бесхребетной личностью.,,
,,,,,,,,,,默认144,,,,为了保全性命，我终究还是剃了发。,為了保全性命，我終究還是剃了發。,"To preserve my life, I finally shaved my head in submission.",我が身可愛さで、結局頭を剃ってしまった。,Потому что ради спасения собственной жизни я в конце концов обрил голову.,,
,,,,,,,,,,默认145,,,,金钱鼠尾，丑陋不堪，令我愈发思念前朝。,金錢鼠尾，醜陋不堪，令我越來越思念前朝。,"The rat-tail hairstyle is utterly hideous, making me miss the Former Dynasty even more.",辮髪なぞ醜いことこの上ない。ますます前王朝のことが懐かしくなった。,"Дурацкая косичка, напоминавшая не то связку монет, не то крысиный хвост, была настолько безобразной, что я ещё больше затосковал по прежней династии.",,
,,,,,,,,,,默认146,,,,新的衣裳倒也不算很丑，但必定没有原本的汉家衣裳好看。,新的衣裳倒也不算很醜，但必定沒有原本的漢家衣裳好看。,"The new clothes aren't exactly ugly, but they're certainly not as beautiful as the original Han attire.",新しい服も見苦しいというほどではないが、元の漢服の方が絶対に美しい。,"Новые же одежды маньчжурского образца хоть и не были совсем уж плохи - но определённо не были настолько красивы, как ханьский наряд.",,
,,,,,,,,,,默认147,,,,呵……,呵……,Heh...,ふっ……,Хех...,,
,,,,,,,,,,默认148,,,,幸好我把雁儿姐藏住了，他们看不见，自然无法强令她改变任何模样。,幸好我把雁兒姐藏住了，他們看不見，自然無法強令她改變任何模樣。,"Fortunately, I've hidden <ruby=Swan Goose>Sister Yan</ruby>—they can't see her, so they can't force her to change anything.",幸い、雁姉のことを隠したおかげで、連中からは見えない。当然ながら、彼女の姿を変えることを強要することもできない。,"Хорошо хоть, сестричка Лебёдушка была скрыта мной от чужих глаз - никто не стал бы заставлять её менять свой образ.",,
,,,,,,,,,,默认149,,,,雁儿姐衣冠未变，仍是当年那最美的模样。,雁兒姐衣冠未變，仍是當年那最美的模樣。,"<ruby=Swan Goose>Sister Yan</ruby>'s attire remains unchanged, still as beautiful as it was back then.",雁姉の服装は相変わらず、最も美しい頃のままだ。,"Так что наряд её оставался всё тем же - она была так же неизменно красива, как в тот год.",,
,,,,,,,,,,默认150,,,,……,……,...,……,...,,
,FadeOut,black,,,,,1,,,,,,,,,,,
,BgEvent,寻闯2,,,,,0,,,,,,,,,,,
,FadeIn,black,,,,,1,,,,,,,,,,,
,Wait,,,,,,0.5,,,,,,,,,,,
,,,,,,,,,,默认151,,,,三年过后，天下硝烟渐渐散去。,三年過後，天下硝煙漸漸散去。,"Three years later, the smoke of war gradually dissipated across the land.",三年が過ぎ、天下の戦火も次第に収まっていった。,По прошествии трёх лет дым сражений в Поднебесной постепенно рассеялся.,,
,,,,,,,,,,默认152,,,,虽然仍有明室余烬在抗争，但四海之地，却开始接受改朝换代的事实，大多已习惯了新朝统治。,雖然仍有明室餘燼在抗爭，但四海之地，卻開始接受改朝換代的事實，大多已習慣了新朝統治。,"Though remnants of the Ming resistance still fought on, most of the realm began to accept the reality of the dynastic shift and grew accustomed to the rule of the New Dynasty.",未だに明の残党が抵抗を続けているものの、世間のほとんどは王朝の交代という事実を受け入れ始め、新王朝の統治に慣れていった。,"Хотя кое-где ещё встречались остатки Мин, продолжавшие сопротивляться, но в целом по стране все начали смиряться с фактом того, что пришла новая династия, и большинство уже подпривыкло к её правлению.",,
,,,,,,,,,,默认153,,,,我与雁儿姐一路同行。,我與雁兒姐一路同行。,I journeyed alongside <ruby=Swan Goose>Sister Yan</ruby>.,私と雁姉は旅を続ける。,Мы с сестричкой Лебёдушкой продолжали наше путешествие.,,
,,,,,,,,,,默认154,,,,我们遍历名胜，栖身诸多城镇。,我們遍歷名勝，棲身諸多城鎮。,We toured famous sites and lodged in numerous towns.,数々の名所を巡り、様々な町に住んだ。,"Мы исходили все известные места, останавливались в самых разных городах и поселениях.",,
,,,,,,,,,,默认155,,,,辗转流徙间，我多以抄书为业。,輾轉流徙間，我多以抄書為業。,"In our wanderings, I frequently supported myself by transcribing texts.",世が移り行く中、私は写本を生業とした。,На протяжении наших с ней скитаний я в основном зарабатывал на жизнь переписыванием книг.,,
,,,,,,,,,,默认156,,,,居停日久之时，也会得到当地人的信任，被聘去写一些碑铭寿序，从而赚取些银两。,居停日久之時，也會得到當地人的信任，被聘去寫一些碑銘壽序，從而賺取些銀兩。,"When we settled somewhere long enough, I'd earn the locals' confidence and be commissioned to compose memorial inscriptions or celebratory verses, thereby making some silver taels.",長く滞在しているうちに現地の人の信用を得て、碑文や祝い文の依頼もされるようになり、多少の稼ぎになった。,"Задержавшись в каком-нибудь месте надолго и завоевав доверие местных жителей, я мог получить от них заказ на написание мемориальных надписей на камне или поздравительных посланий по случаю долголетия, а в качестве вознаграждения - немного серебра.",,
,,,,,,,,,,默认157,,,,闲下来的时候，我也爱带着雁儿姐四处逛逛。,閒下來的時候，我也愛帶著雁兒姐四處逛逛。,"In our idle moments, I delighted in showing <ruby=Swan Goose>Sister Yan</ruby> around.",暇な時は雁姉と一緒にあちこちぶらつくのも好きだった。,В часы досуга я любил ходить с сестричкой Лебёдушкой по разным местам.,,
,,,,,,,,,,默认158,,,,我们会在本地寻访一些市井奇人、乡野老叟、亦或是其他的百姓，听他们讲述一些奇闻轶事。,我們會在本地尋訪一些市井奇人、鄉野老叟、亦或是其他的百姓，聽他們講述一些奇聞異事。,"We'd seek out local curiosities - market vendors, country elders, or other ordinary folk - to hear their peculiar stories.",現地の奇人や田舎の老人、はたまた農民などを訪ね、彼らから面白い話を聞いて回った。,"Мы искали местных примечательных персонажей, деревенских старцев или кого-то ещё - и слушали от них различные необычные истории.",,
,,,,,,,,,,默认159,,,,屠夫给我讲过狼的狡诈。,屠夫給我講過狼的狡詐。,The butcher recounted to me the treachery of wolves.,屠殺夫は狼の狡猾さについて語ってくれた。,Мясник рассказал нам про хитрых волков.,,
,,,,,,,,,,默认160,,,,漂母给我说过猪婆龙的凶悍。,漂母跟我說過豬婆龍的兇悍。,The washerwoman told me of the pig-dragon's ferocity.,<ruby=洗濯女>漂母</ruby>は<ruby=鰐>猪婆龍</ruby>の恐ろしさについて語ってくれた。,"Прачка - про злобного крокодила-""свинодракона"".",,
,,,,,,,,,,默认161,,,,画师道出了骏马破画而出的神异。,畫師道出了駿馬破畫而出的神異。,The artist captured the divine moment when the steed burst forth from the painting.,絵描きは駿馬が絵の中から飛び出してくる怪異について語ってくれた。,"Художник поведал про чудесного скакуна, который сам вырвался из картины.",,
,,,,,,,,,,默认162,,,,衙役、和尚、小童、卖花女、卖瓜郎，这世间的芸芸众生，每个人都有属于他的一些故事。,衙役、和尚、小童、賣花女、賣瓜郎，這世間的芸芸眾生，每個人都有屬於他的一些故事。,"Yamen runners, monks, children, flower girls, melon vendors - every common soul in this world carries their own story.",役人、僧、子供、花売り娘、瓜売り男……この世のあらゆる人々に、それぞれの物語がある。,"Почтовый курьер, монах, маленький ребёнок, продавщица цветов, продавец тыкв - у самых разных людей этого света можно было отыскать какую-то свою, неповторимую историю.",,
,,,,,,,,,,默认163,,,,我将这些故事一一记下，夜深人静之时，再与雁儿姐细细品论。,我將這些故事一一記下，夜深人靜之時，再與雁兒姐細細品論。,"I recorded each story carefully, then discussed them late at night with <ruby=Swan Goose>Sister Yan</ruby>.",私はそれらの物語を一つ一つ書き留め、人が寝静まる深夜に、雁姉とじっくり語り合うのだった。,"Я записывал себе каждую из них - и, когда спускалась ночная тишина, мы с сестричкой Лебёдушкой тщательно обсуждали их.",,
,,,,,,,,,,默认164,,,,……,……,...,……,...,,
,FadeOut,black,,,,,1,,,,,,,,,,,
,,,,,,,,,,默认165,,,,这些年里，我偶尔也会听闻一些朝堂上的变化。,這些年裡，我偶爾也會聽聞一些朝堂上的變化。,"Over these years, I occasionally caught wind of changes at court.",この数年、朝廷の情勢に変化が起きたという噂を耳にすることがあった。,За эти годы до меня иногда доходили вести о различных переменах при императорском дворе.,,
,,,,,,,,,,默认166,,,,我这等小人物，很难知道一些事情的真相，但是至少能把握一些大事的轮廓。,我這等小人物，很難知道一些事情的真相，但是至少能把握一些大事的輪廓。,"For someone as insignificant as me, the full truth remains elusive - yet I can still discern the shape of major events.",私のような小物では真実を知ることなど到底できないだろうが、少なくとも物事の概要くらいはわかる。,"Такой мелкой сошке, как я, конечно, не было суждено узнать всей правды - но, по крайней мере, я мог себе обрисовать общую картину того, что произошло.",,
,BgEvent,新朝9,,,,,,,,,,,,
,FadeIn,black,,,,,1,,,,,,,,,,,
,,,,,,,,,,默认167,,,,顺治六年，我听说那下令屠城的“金翅大鹏王”因天花死了。,順治六年，我聽說那下令屠城的“金翅大鵬王”因天花死了。,"In the 6th Year of Shunzhi, I heard the ""Golden Eagle King""—who had ordered the city's massacre—died of smallpox.",順治六年、揚州の虐殺を命じた「金翼鵬王」が<ruby=天然痘>天花</ruby>に罹って死んだと聞いた。,"На шестой год Шуньчжи до меня дошли слухи, что устроивший в Янчжоу резню ""Великий Златокрылый Кондор"" умер, заразившись оспой. <i>(Примечание: князь Айсиньгёро Додо умер от оспы в 1649 году.)</i>",,
,FadeOut,black,,,,,1,,,,,,,,,,,
,BgEvent,新朝11,,,,,0,,,,,,,,,,,
,FadeIn,black,,,,,1,,,,,,,,,,,
,Wait,,,,,,0.5,,,,,,,,,,,
,,,,,,,,,,默认168,,,,顺治七年，又听说那颁布剃发易服恶令的摄政王死了。,順治七年，又聽說那頒布剃髮易服惡令的攝政王死了。,"In the 7th Year of Shunzhi, word came again that the regent who enforced the cruel Shaving Hair and Changing Attire decree had died.",順治七年、こんどは剃髪令などという悪令を出した摂政王が死んだと聞いた。,"На седьмой год Шуньчжи пришли вести, что князь-регент, издавший тот самый несправедливый указ о бритье головы и смене одежды, тоже умер. <i>(Примечание: князь Айсиньгёро Доргонь погиб на охоте при загадочных обстоятельствах в 1650 году.)</i>",,
,,,,,,,,,,默认169,,,,这些事，都会让我相信善恶有报，感慨时光变迁。,這些事，都會讓我相信善惡有報，感慨時光變遷。,Such events reinforced my belief in karmic justice and made me ponder time's relentless flow.,これらの出来事は、因果応報というものを私に信じさせ、時の移ろいを感じさせた。,"Подобные события возвращали мне веру в то, что добро и зло получают своё возмездие, а также заставляли вздыхать по поводу того, как летит время.",,
,FadeOut,black,,,,,1,,,,,,,,,,,
,,,,,,,,,,默认170,,,,同时，我也会因这些事开始思念一些故人。,同時，我也會因這些事開始思念一些故人。,They also rekindled my longing for certain figures from the past.,また、この件によってかつての知人たちのことを懐かしみ始めた。,Также они пробуждали во мне тоску по некоторым старым знакомым.,,
,,,,,,,,,,默认171,,,,一些因雁儿姐一直在我身旁，而几乎要忘记的故人。,一些因雁兒姐一直在我身旁，而幾乎要忘記的故人。,Old faces I'd nearly forgotten—ones overshadowed by <ruby=Swan Goose>Sister Yan</ruby>'s constant presence.,雁姉がずっと傍にいるため、忘れかけていた知人たちを。,"Тем, кого я уже почти позабыл из-за того, что со мной всё время рядом была сестричка Лебёдушка.",,
,,,,,,,,,,默认172,,,,……,……,...,……,...,,
,FadeOut,black,,,,,1,,,,,,,,,,,
,BgEvent,聊斋11,,,,,0,,,,,,,,,,,
,FadeIn,black,,,,,1,,,,,,,,,,,
,Wait,,,,,,0.5,,,,,,,,,,,
,,,,,,,,,,默认173,,,,不知不觉，光阴荏苒，十几年悄然而逝。,不知不覺，光陰荏苒，十幾年悄然而逝。,"Unnoticed, years slipped by—over a decade vanished like mist.",知らず知らずのうちに時が流れ、十数年の月日が経っていた。,Так незаметно и бесследно протекло больше десятка лет.,,
,,,,,,,,,,默认174,,,,约莫在“康熙”初年时，我终究是走不动了。,約莫在“康熙”初年時，我終究是走不動了。,"By the ""Kangxi"" Emperor's early reign, my strength had faded entirely; walking became impossible.",年号が「<ruby=こうき>康熙</ruby>」に変わった最初の年ごろ、私はついに旅を続けられなくなった。,"Где-то к <ruby=с 1661 г.>началу</ruby> эпохи ""Канси"" мне уже стало тяжело бродить туда-сюда.",,
,,,,,,,,,,默认175,,,,与雁儿姐讨论后，我们决定找个地方歇一歇。,與雁兒姐討論後，我們決定找個地方歇一歇。,"After discussing it with <ruby=Swan Goose>Sister Yan</ruby>, we decided to find a place to rest.",雁姉と相談し、どこかでのんびり過ごすことを決めた。,"Посовещавшись с сестричкой Лебёдушкой, мы решили искать себе постоянное пристанище.",,
,,,,,,,,,,默认176,,,,我用多年来积蓄，于济南府淄川附近的一处山旁购了一座宅院，从此便定居于此。,我用多年來積蓄，於濟南府淄川附近的一處山旁購了一座宅院，從此便定居於此。,"With years of savings, I bought a house near the mountains in Zichuan, Jinan Prefecture, and settled there permanently.",私は長年の貯えで、済南府の<ruby=しせん>淄川</ruby>近くの山のふもとに家を買い、そこに定住することにした。,"На сбережения, накопленные за долгие годы, я приобрел дом со двором у подножия горы недалеко от Цзычуаня в округе Цзинань - и с тех пор осел здесь.",,
,,,,,,,,,,默认177,,,,我与雁儿姐住在山院内，养一些花鸟。,我與雁兒姐住在山院內，養一些花鳥。,"<ruby=Swan Goose>Sister Yan</ruby> and I lived in the mountain house, tending to flowers and birds.",私は雁姉とその家に住み、花や鳥を飼った。,Здесь мы с сестричкой Лебёдушкой стали разводить цветы и птиц.,,
,FadeOut,black,,,,,1,,,,,,,,,,,
,BgEvent,聊斋12,,,,,0,,,,,,,,,,,
,FadeIn,black,,,,,1,,,,,,,,,,,
,Wait,,,,,,0.5,,,,,,,,,,,
,,,,,,,,,,默认178,,,,我们时而一同弹琴下棋，时而一同读书作画，过着神仙眷侣一般的生活。,我們時而一同彈琴下棋，時而一同讀書作畫，過著神仙眷侶一般的生活。,"We spent our days playing the qin and Go, reading and painting together—living like celestial companions.",時には琴を弾き碁を打ち、時には本を読んで絵を描き、まるで仙人の夫婦のような暮らしを送った。,"Иногда мы вместе играли на гуцине или в шахматы, иногда читали книги или рисовали - в общем, вели жизнь идеальной супружеской пары.",,
,,,,,,,,,,默认179,,,,因她无法触碰到现实的事物，便指点我弹琴。,因她無法觸碰到現實的事物，便指點我彈琴。,"Since she couldn’t interact with physical objects, she guided me in playing the qin.",彼女は現実の物に触れられないため、私に琴を教えてくれた。,"Поскольку сама она не могла прикасаться к вещам, то просто давала мне указания, как играть на гуцине.",,
,,,,,,,,,,默认180,,,,而下棋时，她会指明自己想下的棋格，让我自行下手，从而与她对弈。,而下棋時，她會指明自己想下的棋格，讓我自行下手，從而與她對弈。,"During Go games, she’d indicate her desired move, and I’d place the piece for her, allowing us to play against each other.",碁を打つ時には、彼女が自分の打ちたい場所を言い、私が自分で打ち対局した。,"А когда мы играли в шахматы, она указывала, какой ход хочет сделать, и я сам перемещал фигуру.",,
,,,,,,,,,,默认181,,,,偶尔，我也会稍微出趟远门，去附近一些乡绅的家里，教导他们的孩子诗文。,偶爾，我也會稍微出趟遠門，去附近一些鄉紳的家裡，教導他們的孩子詩文。,"Occasionally, I would travel a bit farther to the homes of local gentry to teach their children poetry and prose.",時々少し遠出をして、近くの村の郷紳の家に行き、彼らの子供に詩文を教えることもあった。,"Иногда я отправлялся в небольшое путешествие в дома местных помещиков, чтобы учить их детей стихам и прозе.",,
,,,,,,,,,,默认182,,,,她会一直跟在我的身旁，给我更多教导孩子的建议。,她會一直跟在我的身旁，給我更多教導孩子的建議。,"She would always stay by my side, offering more advice on teaching the children.",彼女はいつも私の傍らで、教える際の助言をしてくれた。,"Она всегда находилась подле меня и давала мне советы по тому, как лучше обучать детей.",,
,,,,,,,,,,默认183,,,,……,……,...,……,...,,
,FadeOut,black,,,,,1,,,,,,,,,,,
,BgEvent,新朝13,,,,,0,,,,,,,,,,,
,FadeIn,black,,,,,1,,,,,,,,,,,
,Wait,,,,,,0.5,,,,,,,,,,,
,,,,,,,,,,默认184,,,,不过，哪怕有她一直在我身旁，人生也并非是尽善尽美。,不過，哪怕有她一直在我身旁，人生也並非是盡善盡美。,"Yet even with her constant presence, life remains imperfect.",しかしいくら彼女が私の傍にいてくれたとしても、人生は完璧にはいかない。,"Однако, даже несмотря на то, что она всегда была рядом со мной, жизнь далеко не всегда шла идеальным образом.",,
,,,,,,,,,,默认185,,,,我那创作旷世名作的梦想，至今都未实现。,我那創作曠世名作的夢想，至今都未實現。,My dream of creating a timeless masterpiece remains unfulfilled to this day.,この世に名作を生み出したいという夢は、未だに実現できずにいた。,"Мне так до сих пор и не удалось осуществить свою мечту - написать выдающееся произведение, которое станет передаваться из поколения в поколение.",,
,,,,,,,,,,默认186,,,,我写过一些书，也参加过本地的诗社文会。,我寫過一些書，也參加過本地的詩社文會。,I’ve written some books and participated in local poetry and literary gatherings.,いくつか本を書き、地元の詩人会に顔を出したこともある。,"Я написал несколько книг, а также участвовал в местных обществах любителей поэзии и собраниях мастеров пера.",,
,,,,,,,,,,默认187,,,,我想将我写的书传播出去。,我想將我寫的書傳播出去。,I want to share the books I’ve written with the world.,私が書いた本を世に広めたい。,Я пытался дать известность своим произведениям.,,
,,,,,,,,,,默认188,,,,但是，大概是因为我才学有限，始终反响平平。,但是，大概是因為我才學有限，始終反響平平。,"But perhaps due to my limited talent, the response has always been lukewarm.",しかし私の才能の限界なのか、反応はいまひとつだった。,"Но, возможно, из-за того, что талант у меня был ограничен, отклик они вызывали весьма скромный.",,
,,,,,,,,,,默认189,,,,说来也怪。,說來也怪。,Strangely enough.,妙な話だ。,"К слову, была одна странная особенность.",,
,,,,,,,,,,默认190,,,,我一旦把书写长了，便容易使其沦为平庸之作。,我一旦把書寫長了，便容易使其淪為平庸之作。,"Whenever I write a book that’s too long, it tends to become mediocre.",長々と文章を書いていると、どうしても平々凡々な作品になってしまうのだ。,"Произведения, которые у меня получались длинными, обычно в итоге выходили довольно посредственными.",,
,,,,,,,,,,默认191,,,,反而是一些写得短的小篇，常常能流传开来，会被附近的一些戏班茶馆传唱。,反而是一些寫得短的小篇，常常能流傳開來，會被附近的一些戲班茶館傳唱。,"Ironically, it was often the shorter pieces that spread widely, performed by local opera troupes in nearby teahouses.",むしろ短編を書くといつも人気になり、近所の一座や茶館で使われる。,А вот всякие короткие рассказы часто приобретали популярность и исполнялись театральными труппами в ближайших чайных.,,
,,,,,,,,,,默认192,,,,久而久之，我便放弃了创作传世名作的想法，只是偶尔会出于兴趣，随便写一些小篇。,久而久之，我便放棄了創作傳世名作的想法，只是偶爾會出於興趣，隨便寫一些小篇。,"As time passed, I gave up on creating timeless masterpieces, only occasionally writing short pieces when inspiration struck.",やがて私は世に残る名作を作りたいという思いを諦めるようになり、気が向いた時だけ手の赴くままに短編を書くようになった。,"Со временем я отказался от идеи создать шедевр, который останется в веках - и стал лишь изредка, по настроению, писать небольшие рассказы.",,
,,,,,,,,,,默认193,,,,甚至，偶尔，我也会不写。,甚至，偶爾，我也會不寫。,"Sometimes, I wouldn't write anything at all.",時には書くことすらしなかった。,Иногда же я их вовсе не записывал.,,
,,,,,,,,,,默认194,,,,我会编写故事，直接讲给一些小童，亦或是一些志同道合的好友听。,我會編寫故事，直接講給一些小童，亦或是一些志同道合的好友聽。,I would craft stories and tell them directly to children or kindred spirits.,そうしてできた物語を、子供に話して聞かせることもあれば、同好の士たちに話すこともあった。,"Сочинив историю, я просто рассказывал её детям или каким-нибудь друзьям-единомышленникам.",,
,,,,,,,,,,默认195,,,,……,……,...,……,...,,
,FadeOut,black,,,,,1,,,,,,,,,,,
,BgEvent,哭庙7,,,,,0,,,,,,,,,,,
,FadeIn,black,,,,,1,,,,,,,,,,,
,Wait,,,,,,0.5,,,,,,,,,,,
,,,,,,,,,,默认196,,,,我在诗社文会里，认识了一些有趣的友人。,我在詩社文會裡，認識了一些有趣的友人。,"Through poetry societies and literary circles, I made some remarkable friends.",詩人会で、少し面白い友人ができた。,На литературных собраниях мне удалось завести знакомство с разными интересными друзьями.,,
,,,,,,,,,,默认197,,,,与我最为关系好的，莫过于一位自号“柳泉居士”的年轻人。,與我最為關係好的，莫過於一位自號“柳泉居士”的年輕人。,"The closest among them was a young man who styled himself ""Willow Spring Hermit"".",私と最も親しい間柄で、「<ruby=りゅうせんこじ>柳泉居士</ruby>」と名乗る若者だ。,"Самым близким из них стал один молодой парень по прозвищу ""Отшельник Ивового источника"".",,
,,,,,,,,,,默认198,,,,他出身地方大族，痴迷狐鬼异闻，常于家中设茶待客，最喜欢听人讲一些奇闻异事。,他出身地方大族，痴迷狐鬼異聞，常於家中設茶待客，最喜歡聽人講一些奇聞異事。,"He came from a prominent local family, obsessed with tales of foxes and ghosts, often hosting tea gatherings at home, most fond of hearing strange and extraordinary stories.",彼は地元の名家の生まれで、怪談が大好物だ。しばしば家に客を呼んではもてなし、怪談奇談を聞くのを大の楽しみにするような男だった。,"Родом из местной знати, он страстно увлекался историями о лисах-оборотнях и призраках. Часто он устраивал у себя дома чаепития и больше всего любил слушать рассказы о странных и необычных событиях.",,
,,,,,,,,,,默认199,,,,若是讲得精彩，他会用好茶美酒招待。,若是講得精彩，他會用好茶美酒招待。,"If the storytelling was captivating, he would treat guests with fine tea and wine.",話が面白ければ、良い茶と美酒でもてなしてくれる。,"Если история была захватывающей, он потчевал гостя хорошим чаем и добрым вином.",,
,,,,,,,,,,默认200,,,,若是讲得无趣，他也会用粗茶点心相酬。,若是講得無趣，他也會用粗茶點心相酬。,"If the storytelling was dull, he would still offer plain tea and snacks in return.",話がつまらなければ、粗茶と菓子でもてなされる。,"Если же это был скучный рассказ, то вознаграждением был чай грубого качества и какие-нибудь закуски.",,
,,,,,,,,,,默认201,,,,呵，我就很喜欢去他那里蹭吃蹭喝。,呵，我就很喜歡去他那裡白吃白喝。,"Ah, I quite enjoyed freeloading on food and drinks there.",ふふ、私は彼のところでただ飯を食うのが大好きだ。,"Хех, мне было очень по нраву наведываться к нему, чтобы покормиться задарма.",,
,,,,,,,,,,默认202,,,,十年间，我经常去他家中拜访，会给他讲一些故事。,十年間，我經常去他家中拜訪，會給他講一些故事。,"For ten years, I frequently visited his home to tell him stories.",十年間、私は彼の家にお邪魔しては話を聞かせた。,За десять лет я часто бывал у него в гостях и рассказывал ему разные истории.,,
,,,,,,,,,,默认203,,,,这些故事有些是我从别处听来的，有些是我编给他听的。,這些故事有些是我從別處聽來的，有些是我編給他聽得。,Some stories I heard elsewhere; others I invented just for him.,誰かから聞いた話もあれば、私自身で作った話もある。,"Какие-то я слышал от других людей, какие-то - сочинил сам.",,
,,,,,,,,,,默认204,,,,有屠夫曾给我讲过的——那狡诈的两狼。,有屠夫曾給我講過的——那狡詐的兩狼。,"There was one a butcher once told me, about those two cunning wolves.",屠殺夫が聞かせてくれた――ずるい狼の話。,История от мясника - про двух хитрых волков.,,
,,,,,,,,,,默认205,,,,有漂母曾给我讲过的——那凶悍的猪婆龙。,有漂母曾給我講過的——那兇悍的豬婆龍。,There was the fierce pig-dragon that the washerwoman had once described to me.,漂母が聞かせてくれた――凶暴な<ruby=ちょばりゅう>猪婆龍</ruby>の話。,"История от прачки - про злобного крокодила-""свинодракона"".",,
,,,,,,,,,,默认2061,,,,有以王生为原型的——那虽有家室却喜欢画皮美人的浪荡秀才。,,,,,,
,,,,,,,,,,默认206,,,,以及，有画师的马，有衙役、和尚、小童、卖花女、卖瓜郎……,以及，有畫師的馬，有衙役、和尚、小童、賣花女、賣瓜郎……,"And there were the painter's horse, the yamen runners, the monk, the child, the flower girl, the melon peddler...",また、絵描きの馬や、役人、僧、子供、花売り娘、瓜売り男……,"История художника про лошадь, истории почтового курьера, монаха, ребёнка, продавщицы цветов, продавца тыкв...",,
,,,,,,,,,,默认207,,,,我把前半生遇到的那些人们曾给我讲过的那些故事，一一转述给了柳泉居士。,我把前半生遇到的那些人們曾給我講過的那些故事，一一轉述給了柳泉居士。,I recounted to Willow Spring Hermit all the tales that people from the first half of my life had once told me.,この半生で出会ってきた人たちが私に語った話を、一つずつ柳泉居士に伝えた。,"Все те истории, что мне рассказывали люди, которых я повстречал в первой половине своей жизни - я одну за другой пересказывал их ""Отшельнику Ивового источника"".",,
,,,,,,,,,,默认208,,,,然而，我最用心讲述的，还是我编的那些人鬼相恋的故事。,然而，我最用心講述的，還是我編的那些人鬼相戀的故事。,Yet the tales I told most earnestly were still those I fabricated about romances between humans and ghosts.,しかし最も熱を込めて語ったのは、やはり自分で考えた幽霊と人の恋の物語だ。,"Однако те, что я рассказывал наиболее проникновенно, были моими собственными - о любви человека и призрака.",,
,,,,,,,,,,默认209,,,,我讲起一个书生在荒寺邂逅孤魂，几经波折，终得长相厮守。,我講起一個書生在荒寺邂逅孤魂，幾經波折，終得長相廝守。,"I told of a scholar encountering a lonely spirit in an abandoned temple, overcoming trials to finally remain together forever.",とある書生が彷徨う幽霊と荒れ寺で出会い、紆余曲折を経て、ついに永く結ばれる話をした。,"О том, как некий ученый повстречал в заброшенном храме бесприютную душу и, преодолев множество препятствий, наконец обрёл с ней вечную любовь.",,
,,,,,,,,,,默认210,,,,我讲起一位大家闺秀香消玉殒，芳魂却仍然眷恋着尘世情郎……,我講起一位大家閨秀香消玉殞，芳魂卻仍然眷戀著塵世情郎……,"I told of a noble lady's fragrant demise, her spirit still clinging to worldly affection for her lover...",とある箱入り娘が死んでしまったものの、その魂が未だにこの世にいる男に想いを寄せていることを話した……,"О том, как одна девушка благородного происхождения скончалась, но душа её по-прежнему тосковала по своему возлюбленному, оставшемуся в мире людей...",,
,,,,,,,,,,默认211,,,,这些故事中的主角都没有名字。,這些故事中的主角都沒有名字。,None of the protagonists in these stories have names.,その物語の主人公に名前はない。,У главного героя в этих историях не было имени.,,
,,,,,,,,,,默认212,,,,但这些故事里，处处藏着我与雁儿姐的影子。,但這些故事裡，處處藏著我與雁兒姐的影子。,Yet these stories are filled with traces of <ruby=Swan Goose>Sister Yan</ruby> and me.,しかし物語の節々に、私と雁姉の影が仄めかされている。,Но в них тут и там скрывались мои с сестричкой Лебёдушкой очертания.,,
,,,,,,,,,,默认213,,,,讲到动情时，我的目光总会不自觉地飘向旁边的空椅。,講到動情時，我的目光總會不自覺地飄向旁邊的空椅。,"When speaking of tender moments, my gaze always wanders to the empty chair beside me.",感情が高ぶると、いつも視線が思わず隣の誰もいない椅子に向かってしまった。,"Когда я доходил до самого волнительного момента, мой взгляд всегда невольно устремлялся на пустое сиденье рядом.",,
,,,,,,,,,,默认214,,,,因为只有我知道——,因為只有我知道——,Because only I know—,私だけが知っているからだ――,Потому что лишь я один знал -,,
,FadeOut,black,,,,,1,,,,,,,,,,,
,BgEvent,聊斋13,,,,,0,,,,,,,,,,,
,FadeIn,black,,,,,1,,,,,,,,,,,
,Wait,,,,,,0.5,,,,,,,,,,,
,,,,,,,,,,默认215,,,,她在那里。,她在那裡。,She is there.,彼女がそこにいることを。,Она здесь.,,
,,,,,,,,,,默认216,,,,她一直在我身旁，伴我至今。,她一直在我身旁，伴我至今。,"She has always been beside me, accompanying me to this day.",ずっと傍らで、今まで私を支えてくれたことを。,"Она всегда рядом со мной, моя вечная и верная спутница.",,
,,,,,,,,,,默认217,,,,……,……,...,……,...,,
,,,,,,,,,,默认218,,,,我时常会读那本雁儿姐留给我的手抄本《西游记》。,我時常會讀那本雁兒姐留給我的手抄本《西遊記》。,"I often read the handwritten copy of ""Journey to the West"" that <ruby=Swan Goose>Sister Yan</ruby> left me.",時折、雁姉の遺品である『西遊記』の写本を読んだ。,"Я часто открывал копию ""Путешествия на Запад"", оставленную мне сестричкой Лебёдушкой.",,
,,,,,,,,,,默认219,,,,每年读一回，每日看一句。,每年讀一回，每日看一句。,"I read it once a year, a line each day.",年に一回、日に一文を。,"Каждый год я читал по главе, каждый день - по строчке.",,
,,,,,,,,,,默认220,,,,我会反复回味她留下的每一句批语，并会时常与身旁的她讨论。,我會反覆回味她留下的每一句批語，並會時常與身旁的她討論。,"I linger over every note she left, often discussing them with her by my side.",彼女が残した注釈の一文一文を繰り返し噛み締め、隣にいる彼女とよく話し合った。,"Я снова и снова смаковал каждый оставленный ею комментарий и часто обсуждал их с ней, сидящей рядом.",,
,,,,,,,,,,默认221,,,,我想，正因为她留下的这本书，正因为我没有将它快速读完，我身旁的她才能一直长存于世。,我想，正因為她留下的這本書，正因為我沒有將它快速讀完，我身旁的她才能一直長存於世。,"I believe it's precisely because of this book she left behind, precisely because I didn't rush to finish it, that she remains by my side, enduring through time.",きっと、彼女が遺してくれたこの本があるから、私がその本をすぐに読み終えなかったから、彼女はこの世にずっと留まっていられたのだろう。,"Мне кажется, именно благодаря этой книге и благодаря тому, что я не прочитал её всю на одном дыхании, она и может оставаться в этом мире так надолго.",,
,,,,,,,,,,默认222,,,,雁儿姐为我共抄了五十四回，那我至少要活过五十四载。,雁兒姐為我共抄了五十四回，那我至少要活過五十四載。,"<ruby=Swan Goose>Sister Yan</ruby> copied fifty-four chapters for me, so I must live at least fifty-four years.",雁姉は私のために五十四回まで書き写してくれたのだ。ならば少なくとも五十四年は生きなければ。,"Сестричка Лебёдушка в общем переписала для меня пятьдесят четыре главы - так что мне, по меньшей мере, нужно будет прожить эти пятьдесят четыре года.",,
,,,,,,,,,,默认223,,,,……,……,...,……,...,,
,,,,,,,,,,默认224,,,,许多年过去了。,許多年過去了。,Many years passed.,多くの月日が流れた。,Миновало много лет.,,
,,,,,,,,,,默认225,,,,我的鬓角染上霜雪，柳泉居士亦不复曾经的少年锐气。,我的鬢角染上霜雪，柳泉居士亦不復曾經的少年銳氣。,"My temples were tinged with frost, and Willow Spring Hermit too had lost the keen edge of his youthful days.",私のもみあげは雪のように白くなり、柳泉居士も少年時代のような若々しさを失っていた。,"Виски мои покрылись инеем, ""Отшельник Ивового источника"" сам уже тоже не выказывал былого юношеского пыла.",,
,,,,,,,,,,默认226,,,,他屡试不第，眉宇间多了些沧桑，心态也有了一些转变。,他屢試不第，眉宇間多了些滄桑，心態也有了一些轉變。,"After repeatedly failing the imperial exams, his brow bore deeper weariness, and his mindset had shifted somewhat.",彼は何度も科挙に落ちた。眉間に刻まれた皺は深くなり、心持ちも変わっていった。,"Он раз за разом проваливался на государственных экзаменах, лоб его избороздили следы былых невзгод, взгляды на жизнь тоже претерпели изменения.",,
,,,,,,,,,,默认227,,,,然而，他喜爱搜集异闻的爱好，却始终不变。,然而，他喜愛搜集異聞的愛好，卻始終不變。,Yet his passion for collecting strange tales never wavered.,しかし異聞の収集癖は依然としたまま、変わらぬままだった。,Однако его страсть собирать необычные истории осталась неизменной.,,
,,,,,,,,,,默认228,,,,听他说，他将这些年听来的异闻编纂成了一本书。,聽他說，他將這些年聽來的異聞編纂成了一本書。,He mentioned compiling all the strange tales he'd gathered over the years into a book.,彼がこれまで聞いてきた異聞の数々を、一冊の本に編纂するという話を聞いた。,"Как-то он сказал, что соберёт все истории, услышанные за эти годы, в одну книгу.",,
,,,,,,,,,,默认229,,,,我一直期待着此书的成书之日。,我一直期待著此書的成書之日。,I'd always awaited the day this book would be completed.,その本ができる日を、私は楽しみにしている。,"И я с нетерпением жду того дня, когда эта книга увидит свет.",,
,,,,,,,,,,默认230,,,,……,……,...,……,...,,
,FadeOut,black,,,,,1,,,,,,,,,,,
,BgEvent,聊斋结局前,,,,,0,,,,,,,,,,,
,FadeIn,black,,,,,1,,,,,,,,,,,
,Wait,,,,,,0.5,,,,,,,,,,,
,,柳泉居士,,,,,,,,默认231,,柳泉居士/35-2-1_柳泉居士_01,,[那本书，快要写完了。],[那本書，快要寫完了。],"""That book is nearly finished.""",「もうすぐ、本が書き上がる」,"""Та книга, кстати, уже вот-вот будет готова.""",,
,,,,,,,,,,默认232,,,,一日，我去他家中与他对弈，他忽然提起了此事。,一日，我去他家中與他對弈，他忽然提起了此事。,"One day, while visiting his home for a game of Go, he suddenly mentioned it.",ある日、彼の家で碁を打っていたところ、ふと彼がそんなことを口にした。,"В один день, когда мы с ним играли у него дома в шахматы, он вдруг заговорил об этом.",,
,,方知宥,,,,,,,,默认233,,方知宥/35-2-1_方知宥_17,,[哦？是那本你之前说的……记了许多鬼狐精怪、奇闻异事的书？],[哦？是那本你之前說的……記了許多鬼狐精怪、奇聞異事的書？],"""Oh? Is that the book you mentioned earlier... the one filled with tales of spirits, foxes, and strange occurrences?""",「おお？それは、以前君が話していた……数多の妖怪を記した奇譚のことかい？」,"""О? Это та, про которую ты тогда говорил... в которой будет множество рассказов о лисицах-оборотнях, призраках и разного рода других необычных явлениях?""",,
,,柳泉居士,,,,,,,,默认234,,柳泉居士/35-2-1_柳泉居士_02,,[正是，全书近五百篇，近半出自方兄之口……哈哈，若无您这“故事囊”，我恐怕难成此书……多谢、多谢！］,[正是，全書近五百篇，近半出自方兄之口……哈哈，若無您這“故事囊”，我恐怕難成此書……多謝、多謝！］,"""Indeed. The entire collection spans nearly five hundred stories, with almost half originating from Elder Fang's own words... Haha, without your 'story pouch', I might never have finished this book... Thank you, truly!""",「いかにも。合わせて五百編近くある。そのほぼ半数は方兄さんから語られたものだ……ふふっ、もしもあなたの『ネタ袋』がなければ、この本は完成しなかった……感謝してもしきれない」,"""Верно - всего в ней будет пять сотен рассказов, и почти половиной из них я обязан Вам, братец Фан... Ха-ха, если бы не Вы, 'кладезь историй', боюсь, мне бы вряд ли удалось создать такую книгу... Так что премного Вам благодарен!""",,
,,,,,,,,,,默认235,,,,他看向我连连道谢，眼中充满感激。,他看向我連連道謝，眼中充滿感激。,"He looked at me and thanked me repeatedly, his eyes brimming with gratitude.",彼は目に感動をたたえながら、何度も私に感謝を述べた。,Продолжал он нахваливать меня с выражением искренней благодарности в глазах.,,
,,方知宥,,,,,,,,默认236,,方知宥/35-2-1_方知宥_18,,[不必言谢，我所讲的那些故事，近半也是听他人所述，我无非是帮他们转述罢了。],[不必言謝，我所講的那些故事，近半也是聽他人所述，我無非是幫他們轉述罷了。],"""No need for thanks. Nearly half of those stories I shared were also heard from others—I simply passed them along.""",「感謝など不要だ。私の話した物語とて、その半分は誰かから聞いたものだ。彼らの言葉を伝えたに過ぎない」,"""Не стоит благодарности - из тех рассказов почти половина тоже взята мной с уст других людей, считай, я их просто пересказал.""",,
,,,,,,,,,,默认237,,,,我拈起一枚棋子，淡然一笑。,我拈起一枚棋子，淡然一笑。,I picked up a Go piece and smiled faintly.,石を手に取り、微笑む私。,С лёгкой улыбкой я поднял шахматную фигуру.,,
,,柳泉居士,,,,,,,,默认238,,柳泉居士/35-2-1_柳泉居士_03,,[哦？那晚辈好奇，哪些故事是您听闻来的，哪些是您自己的故事？],[哦？那後輩好奇，哪些故事是您聽聞來的，哪些是您自己的故事？],"""Oh? The younger one then asked curiously, Which stories did you hear from others, and which are your own?""",「そうなのか？とすると、どれが聞いたもので、どれがあなた自身のものなのか気になるな」,"""А? Тогда позвольте Вашему младшему товарищу полюбопытствовать - какие же из историй Вы слышали от других, а какие сочинили сами?""",,
,,方知宥,,,,,,,,默认239,,方知宥/35-2-1_方知宥_19,,[好分辨，那些讲人鬼相恋的故事都是我自己的故事，其余则大多是前半生在旅途中偶然听来的。],[好分辨，那些講人鬼相戀的故事都是我自己的故事，其餘則大多是前半生在旅途中偶然聽來的。],"""Easy to tell—the human-ghost love stories are all my own; the rest I mostly picked up during my travels in earlier years.""",「簡単に区別できるさ。幽霊と恋に落ちる物語は私自身のもので、その他ほとんどが若い頃旅の途中で耳にしたものさ」,"""Одни отделить от других легко: все истории о любви между людьми и призраками - мои собственные, в то время как остальные - в основном то, что я там и сям услышал за время путешествий в первой половине своей жизни.""",,
,,柳泉居士,,,,,,,,默认240,,柳泉居士/35-2-1_柳泉居士_04,,[难怪！您讲得那些人鬼相恋故事，最为情真意切！关于这故事的起源，可否再与晚辈分说一二？],[難怪！您講得那些人鬼相戀故事，最為情真意切！這是為何？],"""No wonder! Those tales you spin about human-ghost romance, they ring truest to the heart! How so?""",「どうりで！あなたの話す幽霊との恋物語は、真に迫るものがあった！いやはや、どうしてだろう」,"""Тогда неудивительно! Ведь те истории про любовь между людьми и духами у вас получились самыми живыми и искренними! Интересно, почему же?""",,
,,,,,,,,,,默认241,,,,他沉吟片刻，好奇追问。,他沉吟片刻，好奇追問。,He paused thoughtfully before pressing with curiosity.,彼は少し考え、興味深そうに訊いてくる。,"Помолчав какое-то время, с любопытством спросил он.",,
,,方知宥,,,,,,,,默认242,,方知宥/35-2-1_方知宥_20,,[咳……],[咳……],"""Cough...""",「こほん……」,"""Кхм...""",,
,,,,,,,,,,默认243,,,,我放下了棋子，抬眼看着他，目光变得温和。,我放下了棋子，抬眼看著他，目光變得溫和。,"I laid down the Go piece, met his eyes, and my expression gentled.",石を置くと、和やかな目で彼を見た。,"Опустив фигуру, я поднял глаза и добродушно взглянул на него.",,
,,方知宥,,,,,,,,默认244,,方知宥/35-2-1_方知宥_21,,[十年前我不就跟你说过？我的妻子便是鬼魂，她因故身亡后并未投胎，而是一直陪伴在我身旁。］,[十年前我不就跟你說過？我的妻子便是鬼魂，她因故身亡後並未投胎，而是一直陪伴在我身旁。］,"""Didn’t I tell you a decade ago? My wife is a ghost. After her death, she never moved on, she’s lingered by my side ever since.""",「十年前に話したことがあるだろう？私の妻は幽霊だ。死んだ後も輪廻に還らず、ずっと私の傍に居続けてくれているのさ」,"""Я разве тебе ещё десять лет назад не говорил? У меня жена - призрак. Скончавшись при некоторых обстоятельствах, она так и не переродилась в другом теле - и теперь всё время следует за мной.""",,
,,,,,,,,,,默认245,,,,我微笑着对他说道。,我微笑著對他說道。,I smiled and spoke to him.,微笑んで彼にそう言う。,С улыбкой сказал я ему.,,
,,柳泉居士,,,,,,,,默认246,,柳泉居士/35-2-1_柳泉居士_05,,[这……哈哈，方兄，您还是如此风趣！］,[這……哈哈，方兄，您還是如此風趣！］,"""This... haha, Elder Fang, you haven’t lost your wit!""",「は……ははは、方兄さんは相変わらず冗談が上手いな」,"""Э-э... Ха-ха, братец Фан, Вы всё так же остроумны, как и прежде!""",,
,,,,,,,,,,默认247,,,,他尴尬地摸了摸鼻子，笑着摇头，显然仍是不信，只当是老友的戏言。,他尷尬地摸了摸鼻子，笑著搖頭，顯然仍是不信，只當是老友的戲言。,"He rubbed his nose awkwardly, shaking his head with a smile, still unconvinced, dismissing it as an old friend’s teasing.",少し気まずそうに鼻を擦ると、彼は笑いながら首を振った。長い付き合いの戯言だと信じていないのが透けて見えた。,"Он неловко почесал нос и с улыбкой покачал головой. Он явно всё так и не верил в мой рассказ, считая его лишь хохмой своего старого приятеля.",,
,,方知宥,,,,,,,,默认248,,方知宥/35-2-1_方知宥_22,,[呵呵……],[呵呵……],"""Heh...""",「はっはっは……」,"""Хе-хе...""",,
,,,,,,,,,,默认249,,,,我淡笑了一声，不再辩驳，只是独自喝了一口茶。,我淡笑了一聲，不再辯駁，只是獨自喝了一口茶。,"I gave a faint laugh and didn’t press further, just sipping my tea alone.",私はからからと笑うと、それ以上言い返すことなく、一口茶を啜った。,"Издав лёгкий смешок, я не стал ему возражать, а просто отхлебнул чая.",,
,,,,,,,,,,默认250,,,,旁人信与不信，于我而言早已无所谓，何必在意？,旁人信與不信，於我而言早已無所謂，何必在意？,Whether others believe me or not stopped mattering long ago. Why care?,他の者が信じようが信じまいが、私にとってはどうでもいいことだ。何を気にする必要がある。,"Верят ли мне окружающие или нет - для меня уже давно не имеет значения, к чему беспокоиться по этому поводу?",,
,,苏连雁,,,,,,,,默认251,,苏连雁/35-2-1_苏连雁_11,,[知宥，问问他，这书定了何名？］,[知宥，問問他，這書定了何名？］,"""Zhiyou, ask him what he’s titled the book?""",「知宥、本の題が何なのか聞いてみて」,"""Чжию, спроси у него, как он собирается назвать свою книгу.""",,
,,,,,,,,,,默认252,,,,这时，耳畔突然传来了她的轻灵低语。,這時，耳畔突然傳來了她的輕靈低語。,Then her soft whisper suddenly brushed my ear.,その時、彼女の囁くような声が聞こえた。,В этот момент у меня над ухом внезапно раздался её лёгкий шёпот.,,
,,方知宥,,,,,,,,默认253,,方知宥/35-2-1_方知宥_23,,[你这本书，最后定了何名？］,[你這本書，最後定了何名？］,"""What did you end up naming this book?""",「その本は、どういう題にしたんだい」,"""А какое имя ты выбрал для своей книги?""",,
,,,,,,,,,,默认254,,,,我转述了她的话。,我轉述了她的話。,I paraphrased her words.,彼女の言うことをそのまま伝えた。,Передал я её вопрос.,,
,,柳泉居士,,,,,,,,默认255,,柳泉居士/35-2-1_柳泉居士_06,,[嗯……此书多成于此间书斋，集四方宾客之谈……我欲以“聊斋”为名，将此书命名为《聊斋志异》，方兄觉得如何？］,[嗯……此書多成於此間書齋，集四方賓客之談……我欲以“聊齋”為名，將此書命名為《聊齋志異》，方兄覺得如何？］,"""Hmm... This book is largely shaped in this study, gathering the discussions of guests from all directions... I wish to name it 'A Leisure Studio' and call it 'Strange Tales from a Leisure Studio'. What do you think, Elder Fang?""",「それなんだが……この本はほとんどがこの書斎で書かれたもので、四方の客人の話をまとめたものだ……だから『<ruby=りょうさい>聊斎</ruby>』の名で、『<ruby=りゅうさいしい>聊斎志異</ruby>』という題にしようと思う。どうだろう？」,"""Хм... Книга составлена преимущественно в этом <ruby=чжай>кабинете</ruby>, куда для <ruby=ляо>бесед</ruby> собираются гости со всего света... Так что я думаю издать её под псевдонимом 'Ляо Чжай', и самой книге дать титул 'Рассказы Ляо Чжая о необычайном'. Каково Ваше мнение, братец Фан?""",,
,,,,,,,,,,默认256,,,,他环顾四周茶舍，继而平静地说道。,他環顧四周茶舍，繼而平靜地說道。,"He surveyed the teahouse, then spoke quietly.",彼が茶室を見渡し、静かにそう言った。,"Оглядывая по сторонам чайную комнату, проговорил он.",,
,,方知宥,,,,,,,,默认257,,方知宥/35-2-1_方知宥_24,,[聊斋志异……聊斋志异……嗯……甚好。],[聊齋志異……聊齋志異……嗯……甚好。],"""Strange Tales from a Leisure Studio... Strange Tales from a Leisure Studio... Hmm... Splendid.""",「聊斎志異……聊斎志異……うん……とてもいいと思う」,"""'Рассказы Ляо Чжая о необычайном'... 'Рассказы Ляо Чжая о необычайном'... Угу... Вполне славно.""",,
,,,,,,,,,,默认258,,,,我反复品味了几遍后，赞同了柳泉居士的想法。,我反覆品味了幾遍後，贊同了柳泉居士的想法。,"After reflecting on it several times, I concurred with Willow Spring Hermit's suggestion.",何度かその響きを確かめ、柳泉居士の考えに賛成した。,"Проговорив несколько раз название, я одобрил идею ""Отшельника Ивового источника"".",,
,,,,,,,,,,默认259,,,,——呼。,——呼。,—Huff.,――ヒュウ,*Фух.*,,
,,,,,,,,,,默认260,,,,一阵风穿堂而过，拂动我花白的须发，携来山间草木的清新气息。,一陣風穿堂而過，拂動我花白的鬚髮，攜來山間草木的清新氣息。,"A gust of wind swept through the hall, stirring my graying beard and hair, carrying the crisp fragrance of mountain greenery.",風が通り過ぎ、白くなった髭を揺らし、山の草木の爽やかな香りを運んできた。,"Тут через помещение повеял ветер, коснувшись моих поседевших волос и бороды, неся с собой свежий аромат горных деревьев и трав.",,
,,,,,,,,,,默认261,,,,我淡然一笑，侧过头去。,我淡然一笑，側過頭去。,I gave a faint smile and turned away.,私は微笑むと、横を向いた。,С лёгкой улыбкой я повернулся.,,
,CharacterOff,,,,,,2,,,,,,,,,,,
,HideMessageWindow,,,,,,,,,,,,,,,,,
,CaptureImage,截图,SpriteCamera,背景截图,,,,,,,,,,,,,,
,Bg,聊斋结局,,,,,,,,,,,,,,,,
,RuleFadeOut,截图,CloudWindTop,,Linear,,2,,PageWait,,,,,,,,,
,Wait,,,,,,1,,,,,,,,,,,
,ShowMessageWindow,,,,,,,,,,,,,,,,,
,Wait,,,,,,3,,,,,,,
,,苏怜烟,<Off>,,,,,,,默认262,,,,[……],[……],"""...""",「……」,"""...""",,
,,,,,,,,,,默认263,,,,苏怜烟，苏连雁，雁儿姐。,蘇憐煙，蘇連雁，雁兒姐。,"Su Lianyan, Su Lean-yan, <ruby=Swan Goose>Sister Yan</ruby>.",蘇憐煙、蘇連雁、雁姉。,"<ruby=苏怜烟>Су Ляньянь</ruby>, <ruby=苏连雁>Су Ляньянь</ruby>, сестричка Лебёдушка.",,
,,,,,,,,,,默认264,,,,她就在那儿，在这“聊斋”之中。,她就在那裡，在這“聊齋”之中。,"She is right there, within this ""a Leisure Studio"".",彼女がここにいる。この「聊斎」に。,"Она здесь, в этом ""кабинете Ляо"", ""Ляо Чжае"".",,
,,,,,,,,,,默认265,,,,她墨发如云，紫衫依旧，手执一柄素面团扇，轻轻摇动。,她墨發如雲，紫衫依舊，手執一柄素麵團扇，輕輕搖動。,"Her jet-black hair flowed like clouds, still wearing that purple gown, gently waving a plain round fan.",雲のように垂れる真っ黒な髪、いつもの紫陽花色の服。手にした素朴な団扇を、軽くそよいだ。,"С чёрными, как тучи, волосами, по-прежнему одетая в фиолетовое платье. В руке она держала простой веер и слегка обмахивалась им.",,
,,,,,,,,,,默认266,,,,眼波流转间，风华绝代，一如当年。,眼波流轉間，風華絕代，一如當年。,"Her sparkling eyes held timeless grace, as radiant as in years past.",流し目をした瞬間、あの時の絶世の美女の姿が再び蘇った。,"С сияющим и живым взором, она была всё так же неотразима, как и в те времена.",,
,,,,,,,,,,默认267,,,,岁月在我脸上刻下深痕，风霜染白了我的鬓发，唯独她，仿佛被时光的温柔所赦免，容颜永驻华年。,歲月在我臉上刻下深痕，風霜染白了我的鬢髮，唯獨她，彷彿被時光的溫柔所赦免，容顏永駐華年。,"Time carved deep furrows in my face and frosted my temples white, yet she alone seems pardoned by time's mercy, her beauty forever preserved in its prime.",歳月が私の顔に深い皺を刻み、髪を白く染めた。しかし彼女だけは、時の優しさによって許されたかのように、永遠の美しさを保っている。,"Время прочертило следы на моём лице, ветер и иней окрасили мои виски в белый цвет - и лишь она, словно ласково избавленная временем от необходимости подчиняться его законам, сохраняла свою юность в первозданном виде.",,
,,,,,,,,,,默认268,,,,一真，一幻。,一真，一幻。,"One real, one illusory.",現実と、幻。,Реальность - и иллюзия.,,
,,,,,,,,,,默认269,,,,一人，一鬼。,一人，一鬼。,"One human, one ghost.",人と、幽霊。,Человек - и призрак.,,
,,,,,,,,,,默认270,,,,我们数十载相依相伴，踏过烽烟，熬过离乱，终在这山僻之处觅得一方宁静。,我們數十載相依相伴，踏過烽煙，熬過離亂，終在這山僻之處覓得一方寧靜。,"For decades we've relied on each other, traversing war's smoke, enduring separation's turmoil, until finally finding this tranquil refuge in the mountain's solitude.",数十年に渡って寄り添い合い、戦火を乗り越え、動乱を耐え抜き、ついには山奥の静かな場所に落ち着いた。,"Мы десятилетиями были вместе, прошли через войны и бедствия, пережили разлуку и смуту, и наконец обрели покой в этом уединённом горном уголке.",,
,,,,,,,,,,默认271,,,,或许这些年来，在旁人眼中，我不过是一个对着虚空絮语的怪诞之人。,或許這些年來，在旁人眼中，我不過是一個對著虛空絮語的怪誕之人。,"Perhaps all these years, to others, I've just been an eccentric muttering to the void.",もしかしたらこの数年、私は他人の目から見て、虚空に向かって独り言をつぶやき続ける変人に見えていたかもしれない。,"Возможно, все эти годы в глазах посторонних я был лишь чудаком, бормочущим что-то в пустоту.",,
,,,,,,,,,,默认272,,,,但于我而言，这满堂的茶香、书韵、穿堂风，皆因有她，才被点缀了色彩。,但於我而言，這滿堂的茶香、書韻、穿堂風，皆因有她，才被點綴了色彩。,"But to me, the tea's aroma, the cadence of books, the draft through the hall—all gained color because of her.",ただし私にとっては、この部屋いっぱいに漂う茶の香りが、本の香りが、吹き抜ける風が、みな彼女がいたからこその彩りなのだ。,"Но для меня и этот аромат чая, наполняющий помещение, и очарование здешних книг, и сквозящий через комнату ветерок - всё это обретает краски лишь благодаря её присутствию.",,
,,,,,,,,,,默认273,,,,皆因有她，无论改朝换代，沧海桑田，我仍能宽心向前。,皆因有她，無論改朝換代，滄海桑田，我仍能寬心向前。,"Because of her, through dynasties rising and falling, through seas turning to fields, I could still walk forward peacefully.",彼女がいるからこそ、王朝が変わろうと、天地がひっくり返ろうと、私は心穏やかに前へと進んでいけるのだ。,"Лишь благодаря её присутствию я, невзирая на смену династий и все житейские треволнения, могу спокойно идти вперед.",,
,,,,,,,,,,默认274,,,,有她。,有她。,She is,彼女がいるからこそ。,Именно благодаря ей...,
,,,,,,,,,,默认275,,,,才是我的人间。,才是我的人間。,what makes my world.,私の世界があるのだ。,...и существует мой мир.,
,,,,,,,,,,默认276,,,,【结局：聊斋】,【結局：聊齋】,(True Ending: Strange Tales - End),（真エンディング：聊斎）,【Истинная концовка: Рассказы Ляо Чжая о необычайном】,
,StopBgm,,,,,,5,,,,,,,,,,,
,AddSteamAchiKey,Achieve_map_commonEnd_9
,UnlockPlotMap,map_other_1
,If,!IsDead
,AddSteamAchiKey,Achieve_NoDead
,EndIf,
,BgEventOff,CG名,,,,,1,,,,,,,,,,,
,ScreenText,1,White,2,1.5,2,216,,,结语5
,Wait,,,,,,0.5
,ScreenText,1,White,1,0.75,1,70,,,结语6
,Wait,,,,,,0.5
,ScreenText,1,White,2,1.5,2,70,,,结语8
,BgEvent,约稿1,,,,,,,,,,,,,,,,
,ShowStaffAnimation
,EndScenario
