#SHEET_NAME,记-第十九回三
,Command,Arg1,Arg2,Arg3,Arg4,Arg5,Arg6,Arg7,WaitType,Text,PageCtrl,Voice,WindowType,SC,TC,English,Japanese,Russian,
,ChapterAnimation,BG_Ji_19_3,chapter_bg_J,chapter_title_J19_3,Liang,265,,,,,,,,,,,
,*map_ji_19_3,,,,,,,,,,,,,,,,
,UnlockPlotMap,map_ji_19_3,,,,,,,,,,,,,,,
,SetChapterName,记-第十九回三,,,,,,
,Ambience,小雨,TRUE,,,,1,
,Bgm,与雁同行,,,,0.2,4,,,,,,,,,,,
,Wait,,,,,,1,
,FadeOut,black,,,,,0,
,Bg,二十四桥记偏,,,,,,,,,,,,,,,
,FadeIn,black,,,,,1,,,,,,,,,,,
,,,,,,,,,,默认1,,,,“渡芦”。,“渡蘆”。,"""Dulu"".",「渡芦」,"""Дулу"".",
,,,,,,,,,,默认2,,,,雁儿姐在那本《梁祝》的尾页，留下了这两个字。,雁兒姐在那本《梁祝》的尾頁，留下了這兩個字。,"<ruby=Swan Goose>Sister Yan</ruby> had written this one word on the last page of that copy of ""The Butterfly Lovers"".",雁姉は『梁祝』の裏表紙に、その二文字を残していた。,"Сестричка Лебёдушка на последней странице книги ""Влюблённые-бабочки"" оставила это название.",
,,,,,,,,,,默认3,,,,这两个字所指代的地方，是我们当年一同去过的一家当铺。,這兩個字所指代的地方，是我們當年一同去過的一家當鋪。,That one word referred to a pawnshop we'd visited together years ago.,その二文字が示す場所は、私たちがかつて訪れたことのある質屋だ。,"Оно обозначало тот ломбард, куда мы с ней вместе ходили в тот год.",
,,,,,,,,,,默认4,,,,我在想到了这一点后，便猛地转身，奔离二十四桥。,我在想到了這一點後，便猛地轉身，奔離二十四橋。,"Realizing this, I turned abruptly and ran from the Twenty-Four Bridges.",そのことに気付くと、私は振り返り、二十四橋から駆け出した。,"Осознав это, я тут же развернулся и пустился бегом с Двадцать четвёртого моста.",
,Se,快步走,,1.4,,,,,,,,,,
,,,,,,,,,,默认5,,,,我在大雨中快速奔跑着，雨水扑面，打湿衣襟，我却浑然不觉。,我在大雨中快速奔跑著，雨水撲面，打濕衣襟，我卻渾然不覺。,"I ran swiftly through the pouring rain, the water slapping my face and drenching my clothes, yet I barely noticed.",大雨の中、私はひた走る。雨が顔にかかろうと、服の襟を濡らそうと、まったく気にかけなかった。,"Я мчался через дождь - его капли летели мне в лицо, вымачивали мне одежду, но я совершенно не замечал этого.",
,,,,,,,,,,默认6,,,,我穿过了零散的人群，穿过了烧成残骸的一处处废墟。,我穿過了零散的人群，穿過了燒成殘骸的一處處廢墟。,"I wove through scattered crowds, past ruins reduced to smoldering skeletons.",まばらな人ごみを抜け、焼け落ちた廃墟を次々と駆け抜ける。,"Я пробирался сквозь рассеянные по улицам группы людей, мимо сожжённых в пепел руин.",
,,,,,,,,,,默认7,,,,……,……,...,……,...,
,Sprite,黑,,特效前,,,0.5,,,,,,,,,,,
,Tween,黑,ColorTo,alpha=0 time=0,,,,,,,,,,,,,,
,Tween,黑,ColorTo,alpha=0.4 time=0,,,,,NoWait,,,,,,,,,
,Wait,,,,,,0,,,,,,,,,,,
,,,,,,,,,,默认8,,,,雁儿姐为何偏偏在《梁祝》的末页留下了这两个字？,雁兒姐為何偏偏在《梁祝》的末頁留下了這兩個字？,"Why did <ruby=Swan Goose>Sister Yan</ruby> leave that one word on the final page of ""The Butterfly Lovers""?",雁姉はなぜあの本の巻末にその二文字を残したのだ？,Почему сестричка Лебёдушка вообще решила написать на последней странице название этого ломбарда?,
,,,,,,,,,,默认9,,,,那个“渡芦”，并非是城里很有名的当铺，却是我和她最后一次见面时偶然去过的。,那個“渡蘆”，並非是城裡很有名的當鋪，不過卻是我和她最後一次見面時偶然去過的。,"That ""Dulu"" wasn't a well-known pawnshop in town, but it was where we'd casually stopped during our last meeting.",「渡芦」は特にこの町で有名な質屋でもない。最後に私たちが会った時、偶然立ち寄っただけの場所だ。,Он вовсе не был каким-то известным в городе - мы исключительно по случайности зашли туда в нашу последнюю встречу.,
,,,,,,,,,,默认10,,,,难道……,難道……,Unless...,もしかすると……,Неужели...,
,,,,,,,,,,默认11,,,,她以典当为由，在那里为我留下了什么东西？,她以典當為由，在那裡為我留下了什麼東西？,Had she left something there for me under the guise of pawning?,質入れを建前に、私に何かを残してくれたのか？,Она в качестве залога оставила там для меня что-то?,
,,,,,,,,,,默认12,,,,……,……,...,……,...,
,,,,,,,,,,默认13,,,,她选择自尽之前，定是思虑周全——,她選擇自盡之前，定是思慮周全——,"Before taking her own life, she must have considered every detail—",彼女のことだ。自殺をする前に、きっと周到に考えたに違いない――,"Прежде чем решиться покончить с собой, она, несомненно, всё обдумала как следует:",
,,,,,,,,,,默认14,,,,首先，她不想将我牵扯进她的死因之中，因此没有选择直接联系我。,首先，她不想將我牽扯進她的死因之中，因此沒有選擇直接聯絡我。,"First, she didn't want to implicate me in her death, so she avoided contacting me directly.",まず、彼女は私を彼女の死因に巻き込まないため、直接連絡を取る選択をしなかった。,"Во-первых, она не хотела, чтобы люди посчитали, что я как-то связан с её смертью, поэтому не стала связываться со мной напрямую.",
,,,,,,,,,,默认15,,,,然后，她不想让景姨或是什么人猜出她的意图，因此便用了一些迂回的法子。,然後，她不想讓景姨或是什麼人猜出她的意圖，因此便用了一些迂迴的法子。,"Then, to prevent Aunt Jing or others from guessing her intentions, she employed more roundabout methods.",そして、景ばあや他の者に彼女の意図を悟られないよう、遠回しな手段を選んだのだ。,"Во-вторых, она не хотела, чтобы тётушка Цзин или ещё кто-нибудь догадался о её намерениях, поэтому действовала обходными путями.",
,,,,,,,,,,默认16,,,,《梁祝》是障眼法，是为遮掩“渡芦”这个只有我和她明白、因此心照不宣的地方。,《梁祝》是障眼法，是為遮掩“渡蘆”這個只有我和她明白、因此心照不宣的地方。,"""The Butterfly Lovers"" served as a smokescreen, hiding ""Dulu"" - a place only she and I understood, and thus silently acknowledged.",『梁祝』は目くらましだ。「渡芦」という私と彼女だけが知っているゆえに通じる場所を隠すためのものだ。,"""Влюблённые-бабочки"" - это лишь отвлекающий манёвр, призванный скрыть ""Дулу"" - название, о котором было бы понятно только нам с ней.",
,,,,,,,,,,默认17,,,,她想传达给我的并非是殉情的意图，而是想让我有一日拿到这本《梁祝》，察觉到结局被撕去的蹊跷之处，继而看到这个只有我们两个人知道的地点。,她想傳達給我的並非是殉情的意圖，而是想讓我有一日拿到這本《梁祝》，察覺到結局被撕去的蹊蹺之處，繼而看到這個只有我們兩個人知道的地點。,"Her message to me wasn't about suicidal love, but rather that I might someday obtain this copy of ""The Butterfly Lovers"", notice the suspiciously torn ending, and thereby find this place known only to us two.",彼女が私に伝えたかったのは情死という思いではなく、いつかこの『梁祝』を私が手にした時に結末が破り捨てられていることに違和感を抱き、私たちだけが知っている場所を見つけ出すことだった。,"Она собиралась донести до меня вовсе не намерение о любовном самоубийстве - её расчёт был на то, что я однажды достану эту книгу, обращу внимание на то, что последние страницы вырваны, и таким образом прочитаю название того заветного места.",
,,,,,,,,,,默认18,,,,是的！,是的！,Yes!,そうだ！,Точно!,
,,,,,,,,,,默认19,,,,一定是这样的……,一定是這樣的……,It must be this way...,きっとそうに違いない……,Её задумка определённо была в этом...,
,Se,撞击,,,,,,,,,,,,
,Wait,,,,,,0.3,,,,,,,
,Shake,Graphics,,x=30 y=40 time=0.4,,,,,PageWait,,,,,,,,,
,,,,,,,,,,默认19111,,,,渡芦当铺……,渡蘆當鋪,Dulu Pawnshop,渡芦質屋・・・,"Ломбард ""Дулу""...",
,,,,,,,,,,默认20,,,,那个渡芦当铺，必定藏着她留给我的什么东西！某个她真正想交给我的东西！,那個渡蘆當鋪，必定藏著她留給我的什麼東西！某個她真正想交給我的東西！,That Dulu Pawnshop must be hiding something she left for me! Something she truly meant for me!,あの渡芦という質屋に、きっと彼女が残してくれたものが隠されているはずだ！彼女が本当に私に渡したかったものが！,"В ломбарде ""Дулу"" несомненно хранится какая-то вещь, предназначенная ею для меня! То, что она на самом деле хотела мне передать!",
,SpriteOff,黑,,,,,0.5,,NoWait,,,,,,,,,
,Wait,,,,,,0.5,,,,,,,,,,,
,FadeOut,black,,wipe_left,,,1,,,,,,,,,,,
,Bg,东关街城破阴,,,,,0,,,,,,,,,,,
,FadeIn,black,,wipe_right,,,1,,,,,,,,,,,
,StopBgm,,,,,,4,,,,,,,,,,,
,,,,,,,,,,默认21,,,,……,……,...,……,...,
,,,,,,,,,,默认22,,,,我一路跑到了东关街附近，找到了空幻师父的住处。,我一路跑到了東關街附近，找到了空幻師父的住處。,I ran all the way to Dongguan Street and found Master Konghuan's home.,東関街に来ると、私は空幻和尚の家を探し出した。,Я добежал до окрестностей улицы Восточной заставы и нашёл жилище учителя Кунхуаня.,
,Se,敲门,,1.6,,,,,,,,,,
,,,,,,,,,,默认23,,,,——咚咚咚！,——咚咚咚！,—Knock knock knock!,――ドンドンドン！,*Тук-тук-тук!*,
,,,,,,,,,,默认24,,,,我站在门口，焦急地抬起手，连续敲着门。,我站在門口，焦急地抬起手，連續敲著門。,"I stood at the door, anxiously raising my hand to knock repeatedly.",門前に立ち、急いで手を上げ、何度も叩く。,"Встав у двери, я поспешно поднял руку и принялся стучать.",
,Se,推门,,,,,,,,,,,,
,Bg,和尚陋室,,,,,1,,,,,,,
,,,,,,,,,,默认25,,,,——吱呀。,——吱呀。,—Creak,――ギイ,*Скрип*,
,,,,,,,,,,默认26,,,,木门应声而开。,木門應聲而開。,The wooden door swung open.,門が音を立てて開いた。,Дверь со звуком отворилась.,
,,空幻,疑惑,,,,0.5,,,默认27,,,,[……］,[……］,"""...""",「……」,"""...""",
,,,,,,,,,,默认28,,,,空幻师父果然在家。,空幻師父果然在家。,Master Konghuan was indeed home.,空幻和尚はやはりいた。,Учитель Кунхуань оказался дома.,
,,,无奈,,,,,,,默认29,,,,没多久后，他便拉开了房门，立于门内，面露疑惑之色地看向我。,沒多久後，他便拉開了房門，立於門內，面露疑惑之色地看向我。,"Soon after, he opened the door and stood there, looking at me with puzzlement.",すぐに彼は門を開け、内側から困惑した目つきで私を見た。,"Он быстро распахнул дверь и, стоя в проёме, с недоумением глядел на меня.",
,,空幻,,,,,,,,默认30,,空幻/35-2_空幻_01,,[施主，何事如此匆忙？],[施主，何事如此匆忙？],"""Patron, what brings you here in such haste?""",「どうしたんだ施主どの、そんなに慌てて」,"""Господин мирянин, почто Вы так спешите?""",
,,,说话眯眼,,,,,,,默认31,,,,空幻师父看了看我浑身湿透，气喘吁吁的狼狈模样，有些担忧地问。,空幻師父看了看我渾身濕透，氣喘吁吁的狼狽模樣，有些擔憂地問。,"Master Konghuan looked at my drenched, panting, and disheveled appearance with concern.",空幻は私がびしょ濡れのままぜえぜえと息を荒げているのを見て、心配そうに尋ねてきた。,"Обеспокоенно спросил учитель Кунхуань, глядя на мой беспорядочный вид - я вымок до нитки и тяжело дышал.",
,,方知宥,,,,,,,,默认32,,方知宥/35-2_方知宥_01,,[大师……我想见那个男娃……他可在此处？],[大師……我想見那個男娃……他可在此處？],"""Master... I want to see that boy... Is he here?""",「和尚……あの子に会わせてくれ……今どこにいる？」,"""Великий Учитель... Мне нужно увидеться с тем мальчиком... Он же здесь?""",
,,,,,,,,,,默认33,,,,我扶着门框，调整着因快速奔跑而有些急促的呼吸，上气不接下气地问着。,我扶著門框，調整著因快速奔跑而有些急促地呼吸，上氣不接下氣地問著。,"Leaning against the doorframe while catching my breath from running, I asked breathlessly.",私は門に寄りかかり、走りすぎたせいで上がった呼吸を整えつつ、息を切らして問う。,"Задыхаясь, спросил я, упёршись в дверной косяк и пытаясь успокоить учащённое от бега дыхание.",
,,,,,,,,,,默认34,,,,空幻师父看了看身后，侧身让开。,空幻師父看了看身後，側身讓開。,Master Konghuan glanced behind him and stepped aside.,空幻が後ろを見て、そこをどいた。,Учитель Кунхуань бросил взгляд назад и отошёл в сторону.,
,CharacterOff,,,,,,0.5,,,,,,,
,,,,,,,,,,默认35,,,,他身后，有那个男娃探出头来。,他身後，有那個男娃探出頭來。,"Behind him, the boy peeked out.",すると彼の後ろから、あの男の子がひょっこりと顔を出してきた。,За ним как раз показался тот мальчик.,
,,方男娃,惊讶,,,,,,,默认36,,方恒/35-2_方恒_01,,[咦，是你啊，大哥！],[咦，是你啊，大哥！],"""Oh, it's you, Eldest Brother!""",「あっ、お兄ちゃんだ！」,"""О, это ты, братец!""",
,,,,,,,,,,默认37,,,,他朝我招手，神色比上次见时开朗许多。,他朝我招手，神色比上次見時開朗許多。,"He waved at me, looking much more cheerful than when we last met.",私に向かって手を振る彼。この前見た時よりもだいぶ明るくなっている。,"Помахал он мне рукой. Выглядел он куда веселее, чем в прошлый раз.",
,,方知宥,,,,,,,,默认38,,方知宥/35-2_方知宥_02,,[嗯，是我，这几日你过得可好？],[嗯，是我，這幾日你過得可好？],"""Yes, it's me. How have you been these days?""",「ああ、私だ。元気にしていたか？」,"""Да, это я. У тебя как, всё хорошо?""",
,,,,,,,,,,默认39,,,,我终于调整好了呼吸，笑着询问他。,我終於調整好了呼吸，笑著詢問他。,I finally steadied my breath and asked him with a smile.,ようやく呼吸を整え終えると、笑いながら彼に挨拶をした。,"С улыбкой спросил я его, наконец успокоив дыхание.",
,,方男娃,通常,,,,,,,默认40,,方恒/35-2_方恒_02,,[嘿嘿，大光头待我挺好！你找我有事吗？],[嘿嘿，大光頭待我挺好！你找我有事嗎？],"""Heh, Old Baldy treated me well! Did you need something from me?""",「へへへ、優しいはげのおじさんのおかげで！どうしたの？」,"""Хи-хи, лысый дядя очень добр ко мне! Тебе что-то нужно?""",
,,,,,,,,,,默认41,,,,男娃歪着头，一脸好奇地询问着我。,男娃歪著頭，一臉好奇地詢問著我。,"The boy tilted his head, looking at me curiously.",男の子が首を傾げ、好奇心いっぱいでそう訊く。,Мальчик наклонил голову и с любопытством посмотрел на меня.,
,,方知宥,,,,,,,,默认42,,方知宥/35-2_方知宥_03,,[我来是想向你打听一件事：你家是不是开当铺的，名字可叫“渡芦”？],[我來是想向你打聽一件事,"""I came to ask you something",「一つ聞きたいことがあってね。君の家族がやっていた質屋は、『渡芦』という名かい？」,"""Мне бы хотелось кое-что у тебя спросить - ломбард, принадлежавший вашей семье, ведь назывался 'Дулу', не так ли?""",
,,,,,,,,,,默认43,,,,我没有绕弯，直截了当地询问男娃。,我沒有繞彎，直截了當地詢問男娃。,I cut to the chase and asked the boy directly.,遠回しなことはせず、単刀直入に男の子に尋ねた。,Сразу перешёл я к делу.,
,,方男娃,惊讶,,,,,,,默认44,,方恒/35-2_方恒_03,,[你……你怎么知道！？],[你……你怎麼知道！？],"""You... how did you know!?""",「ど……どうして知ってるの！？」,"""Э-э... Откуда ты это знаешь?!""",
,,,,,,,,,,默认45,,,,男娃被我说中，瞪大眼睛，满脸惊讶之色。,男娃被我說中，瞪大眼睛，滿臉驚訝之色。,"The boy was stunned, his eyes wide with shock.",私に言い当てられ、男の子が目を見開いて驚いた表情になる。,"Мальчик вытаращил глаза с лицом, полным удивления от того, что я попал в точку.",
,,方知宥,,,,,,,,默认46,,方知宥/35-2_方知宥_04,,[许多年前，我曾去过你家铺子，那时你三四岁，还踮着脚想偷柜上的桂花糕……哎！先不说这个，有位姑娘或许曾在你家当铺给我留了东西，你有印象不？],[許多年前，我曾去過你家鋪子，那時你三四歲，還踮著腳想偷櫃上的桂花糕……哎！先不說這個，有位姑娘或許曾在你家當鋪給我留了東西，你有印象嗎？],"""Years ago, I visited your family’s shop. You were three or four, standing on tiptoe trying to sneak osmanthus cake from the counter... Ah! Let’s not talk about that now. A young lady might have left something for me at your pawnshop—do you remember?""",「何年か前に行ったことがあるんだ。君は三四歳で、つま先立ちで桂花糕を盗み食いしていたな……っと、それはさておき、女の人が君のところの質屋に何か預けていかなかったかい？」,"""Несколько лет назад я бывал у вас там, тебе тогда было три-четыре года - ты ещё пытался на цыпочках стащить с прилавка османтусовое пирожное… Кхм! Пока не будем об этом. Одна девушка, возможно, оставляла у вас там в ломбарде кое-какие вещи. Помнишь что-нибудь об этом?""",
,,方男娃,犹豫,,,,,,,默认47,,方恒/35-2_方恒_04,,[来我家当铺的姑娘可多了，我怎么知道你说的是哪个。],[來我家當鋪的姑娘可多了，我怎麼知道你說的是哪個。],"""Many young ladies visit my pawnshop. How would I know which one you mean?""",「うちは女のお客さんが多かったから、どの女の人かわかんないよ」,"""К нам в ломбард приходила куча девушек - откуда мне знать, про какую ты именно.""",
,,,,,,,,,,默认48,,,,男娃摇了摇头。,男娃搖了搖頭。,The boy shook his head.,男の子が首を横に振った。,Покачал головой мальчик.,
,,方知宥,,,,,,,,默认49,,,,[……],[……],"""...""",「……」,"""...""",
,Sprite,黑,,特效前,,,0.5,,,,,,,,,,,
,Tween,黑,ColorTo,alpha=0 time=0,,,,,,,,,,,,,,
,Tween,黑,ColorTo,alpha=0.4 time=0,,,,,NoWait,,,,,,,,,
,Wait,,,,,,0,,,,,,,,,,,
,,,,,,,,,,默认50,,,,呃。,呃。,Ugh.,うっ。,Эх.,
,,,,,,,,,,默认51,,,,是啊。,是啊。,Yeah.,まあ、それはそうか。,И правда.,
,,,,,,,,,,默认52,,,,我只是问姑娘，扬州城有这么多姑娘去他家当铺当过东西，他又怎会记得？,我只是問姑娘，揚州城有這麼多姑娘去他家當鋪當過東西，他又怎會記得？,"I was just asking about the lady. With so many young ladies in the City of Yangzhou pawning things at his shop, how could he remember?",女と言われても、彼の店に質入れしている女など揚州にごまんといる。覚えているわけがあるまい。,"Я просто сказал про какую-то девушку - а если столько девушек из Янчжоу заносили вещи к ним ломбард, каким образом он мог бы их всех запомнить?",
,,,,,,,,,,默认53,,,,冷静，冷静……我不能太心急了。,冷靜，冷靜……我不能太心急了。,"Calm down, calm down... I can’t be too impatient.",落ち着け、落ち着け……焦りは禁物だ。,"Спокойствие, спокойствие... Не стоит слишком спешить.",
,SpriteOff,黑,,,,,0.5,,NoWait,,,,,,,,,
,Wait,,,,,,0.5,,,,,,,,,,,
,,,,,,,,,,默认54,,,,我该说出雁儿姐的模样，帮他回忆——,我該說出雁兒姐的模樣，幫他回憶——,I should describe <ruby=Swan Goose>Sister Yan</ruby>’s appearance to help him remember—,雁姉の容姿を話して思い出させるんだ……,"Нужно описать ему внешность сестрички Лебёдушки, чтобы помочь ему вспомнить получше:",
,,方知宥,,,,,,,,默认55,,方知宥/35-2_方知宥_05,,[嗯……我说得那姑娘生得很美，常穿紫衣，出门时或许会戴着有面纱的斗笠。],[嗯……我說得那姑娘生得很美，常穿紫衣，出門時或許會戴著有面紗的斗笠。],"""Well... the lady I’m referring to was very beautiful, often wore purple, and might have had a veiled hat when she went out.""",「ふむ……とても美しく、いつも紫の服を着ていた。出かける時は面紗つきの笠をかぶっていたかもしれない」,"""Хм... Та девушка, которую я имею в виду, была очень красивой, одетой в фиолетовое платье - и, возможно, на ней была бамбуковая шляпа с вуалью.""",
,,方男娃,通常,,,,,,,默认56,,方恒/35-2_方恒_05,,[很美……紫衣……戴斗笠，唔……还是想不起来。],[很美……紫衣……戴斗笠，唔……還是想不起來。],"""So beautiful... purple dress... wearing a bamboo hat, hmm... still can't remember.""",「きれいで……紫の服で……笠。うーん……思い出せない」,"""Красивая... в фиолетовом платье... в бамбуковой шляпе, хм... Всё-таки что-то не припоминаю.""",
,,,,,,,,,,默认57,,,,他冥思苦想了一阵，最终还是摇了摇头。,他冥思苦想了一陣，最終還是搖了搖頭。,"He pondered hard for a while, but ultimately shook his head.",うんうんとしばらく思い出そうとしていたが、結局彼は首を横に振った。,"Он усиленно пытался вспомнить, но в конце концов покачал головой.",
,,方知宥,,,,,,,,默认58,,,,[……],[……],"""...""",「……」,"""...""",
,,,,,,,,,,默认59,,,,也是。,也是。,That makes sense.,無理もない。,Что поделать.,
,,,,,,,,,,默认60,,,,他当时才三四岁，应当不记事。,他當時才三四歲，應當不記事。,He was only three or four years old at the time—too young to remember.,当時は三四歳だ。覚えていないのが普通だ。,Ему тогда было лишь три-четыре года - вряд ли он многое помнит из того времени.,
,,方知宥,,,,,,,,默认61,,方知宥/35-2_方知宥_06,,[那……你不记事的话，不如带我去你家当铺看看？我想亲自去找找。],[那……你不記事的話，不如帶我去你家當鋪看看？我想親自去找找。],"""Well... if you don't remember, why not take me to your family's pawnshop? I'd like to search for myself.""",「そうか……思い出せないなら、一緒に店に来て、見せてもらえないか？自分で確かめたい」,"""Тогда... если ты не можешь вспомнить - может, отведёшь меня туда? Чтобы я сам мог поискать.""",
,,,,,,,,,,默认62,,,,我语气恳切地对男娃请求道。,我語氣懇切地對男娃請求道。,I pleaded earnestly with the boy.,丁寧な口調で、男の子にそう頼んでみる。,Обратился я к мальчику с искренней просьбой.,
,,方男娃,悲伤,,,,0.5,,,默认63,,方恒/35-2_方恒_06,,[当铺早烧没啦！唉……我爹也被那些留辫子的坏人杀了！什么都没剩下……],[當鋪早燒沒啦！唉……我爹也被那些留辮子的壞人殺了！什麼都沒剩下……],"""The pawnshop burned down long ago! Sigh... my father was killed by those queue-wearing bastards! Nothing's left...""",「お店はもう燃えちゃったよ！はあ……父ちゃんも三つ編みの悪いやつに殺されちゃったし、もう何も残ってないよ……」,"""Так ломбард давно уж сгорел! Эх... И папу моего те плохие люди с косичками убили! Ничего не осталось...""",
,,,,,,,,,,默认64,,,,男娃低下了头，有些悲伤而沮丧地说道，声音越来越低。,男娃低下了頭，有些悲傷而沮喪地說道，聲音越來越低。,"The boy lowered his head, speaking in an increasingly soft voice, both sorrowful and dejected.",男の子がうつむき、悲しそうにがっかりした声を出した。だんだん声が小さくなっていく。,"Опустив голову, грустно и подавленно сказал мальчик, голос его становился всё глуше и глуше.",
,,方知宥,,,,,,,,默认65,,,,[……],[……],"""...""",「……」,"""...""",
,,,,,,,,,,默认66,,,,我也垂下了眼，神色严肃，不再这么急着去催他。,我也垂下了眼，神色嚴肅，不再這麼急著去催他。,"I too lowered my gaze, my expression turning grave, and stopped pressing him so urgently.",私も目を伏せ、神妙な面持ちになり、それ以上彼を急かさないようにした。,"Я тоже с мрачным видом опустил глаза, отбросив свою настойчивость.",
,CharacterOff,,,,,,0.5,,,,,,,
,Sprite,黑,,特效前,,,0.5,,,,,,,,,,,
,Tween,黑,ColorTo,alpha=0 time=0,,,,,,,,,,,,,,
,Tween,黑,ColorTo,alpha=0.4 time=0,,,,,NoWait,,,,,,,,,
,Wait,,,,,,0,,,,,,,,,,,
,,,,,,,,,,默认67,,,,之所以如此，一半是因为想到当铺被烧，雁儿姐之前所留之物恐怕已不在了。,之所以如此，一半是因為想到當鋪被燒，雁兒姐之前所留之物恐怕已不在了。,"This was partly because I realized that with the pawnshop burned down, the items <ruby=Swan Goose>Sister Yan</ruby> had left there were likely lost.",というのも、店が焼けてしまったため、雁姉が残してくれたものがもうないだろうという諦めが半分あったからだ。,"Отчасти из-за мысли о том, что, раз ломбард сгорел, то вещь, оставленная сестричкой Лебёдушкой, тоже вряд ли уцелела.",
,,,,,,,,,,默认68,,,,另一半……则是因他的这番话，回想起了他的爹爹——那个我曾有一面之缘的当铺掌柜。,另一半……則是因他的這番話，回想起了他的爹爹——那個我曾有一面之緣的當鋪掌櫃。,The other reason... was that his words reminded me of his father—that pawnshop keeper I'd once met.,残る半分は……彼の話で、彼の父親――一度会ったきりの質屋の店主のことを思い出したからだ。,"Но также из-за того… что его слова напомнили мне о его отце - владельце ломбарда, с которым я тогда имел честь пересекаться.",
,,,,,,,,,,默认69,,,,他眉眼温和，待人热情，一看便是一个好人。,他眉眼溫和，待人熱情，一看便是一個好人。,"With his kind eyes and warm demeanor, he was clearly a good man at first glance.",穏やかな目つきと、人に親切にするあの態度で、一目見て良い人だとわかった。,"У него были мягкие черты лица, он был радушен с людьми - с первого взгляда было видно, что он был славным человеком.",
,,,,,,,,,,默认70,,,,这样的人，竟在城破时被东虏所杀……,這樣的人，竟在城破時被東虜所殺……,Yet such a man had been slaughtered by the Eastern Barbarians when the city fell...,そんな人が、町が落ちた時に東虜に殺されたのだ……,"Но после падения города он погиб от рук ""восточных лу""...",
,,,,,,,,,,默认71,,,,可悲。,可悲。,How tragic.,実に悲しい。,Как же это печально.,
,,,,,,,,,,默认72,,,,可叹。,可嘆。,How lamentable.,実に嘆かわしい。,Поистине прискорбно.,
,SpriteOff,黑,,,,,0.5,,NoWait,,,,,,,,,
,Wait,,,,,,0.5,,,,,,,,,,,
,,,,,,,,,,默认73,,,,……,……,...,……,...,
,,方男娃,认真,,,,,,,默认74,,方恒/35-2_方恒_07,,[大哥，你……你怎么比我还难过……喂，你也别急，坏人进城前，我爹把一些要紧东西埋起来了，他就是怕被抢光了东西，特意留了一手！],[大哥，你……你怎麼比我還難過……喂，你也別急，壞人進城前，我爹把一些要緊東西埋起來了，他就是怕被搶光了東西，特意留了一手！],"""Eldest Brother, you... why are you even more heartbroken than I am... Hey, don't fret! Before those villains entered the city, my father buried some crucial items. He feared everything would be plundered, so he prepared a contingency!""",「お兄ちゃん……どうして僕より辛そうなの……あっ、待って！悪いやつが町に来る前、父ちゃんが慌てて何かを埋めてた。盗られないように、わざわざ先手を打ってたんだ！」,"""Братец, ты… ну чего ты расстроился даже больше меня… Эй, не переживай - перед тем, как плохие люди вошли в город, папа прикопал некоторые важные вещи. Он боялся, что у нас всё разграбят, и специально подстраховался на этот счёт!""",
,,,,,,,,,,默认75,,,,男娃突然抬头，目光炯炯地望着我说道。,男娃突然抬頭，目光炯炯地望著我說道。,"The boy suddenly looked up, his eyes gleaming as he spoke to me.",男の子がふと顔を上げ、きらきらとした目で私を見上げてそう言った。,"Вдруг мальчик поднял голову и сказал, пристально глядя на меня горящими глазами.",
,,方知宥,,,,,,,,默认76,,方知宥/35-2_方知宥_07,,[什么！那……那我能去看看嘛？],[什麼！那……那我能去看看嘛？],"""What! Then... can I go take a look?""",「何っ！？じゃあ……それを確かめに行ってもいいか？」,"""Что?! Тогда... тогда можно мне сходить туда посмотреть?""",
,,,,,,,,,,默认77,,,,我听到这个消息，心头一振，险些控制不住神色。,我聽到這個消息，心頭一振，險些控制不住神色。,"Hearing this news, my heart leaped, and I nearly lost control of my expression.",その話を聞き、胸がざわつく。感情を抑えきれなくなりそうなのをなんとか止めた。,"От услышанного моё сердце дрогнуло, и я еле сдержал эмоции.",
,,,,,,,,,,默认78,,,,得知雁儿姐所留之物还有希望保全，这消息自然令人振奋，使我下意识地瞪大眼睛，嘴角也开始上扬。,得知雁兒姐所留之物還有希望保全，這消息自然令人振奮，使我下意識地瞪大眼睛，嘴角也開始上揚。,"Learning that <ruby=Swan Goose>Sister Yan</ruby>'s belongings might still be preserved was naturally uplifting news, making me instinctively widen my eyes and let my lips curl into a smile.",雁姉の遺物がまだ無事である可能性を知ると、胸が高鳴り、無意識に目が丸く開き、口元まで上向きになり始めた。,"Весть о том, что ещё есть надежда на то, что вещь сестрички Лебёдушки цела, заставила моё сердце биться чаще, глаза невольно расширились, а уголки рта растянулись в улыбке.",
,,方知宥,,,,,,,,默认79,,,,[……],[……],"""...""",「……」,"""...""",
,,,,,,,,,,默认80,,,,不过，我的笑容才刚浮现一瞬，便慌忙地沉了下去。,不過，我的笑容才剛浮現一瞬，便慌忙地立刻沉了下去。,But my smile had barely appeared before I hurriedly suppressed it.,しかし笑顔は一瞬で、慌てて抑え込んだ。,"Однако улыбка моя промелькнула лишь на мгновение, и я поспешно сдержал её.",
,,,,,,,,,,默认81,,,,我知道，我不能太喜形于色。,我知道，我不能太喜形於色。,I knew I couldn't show too much joy.,ここで浮かれた顔をしてはいけないことを、よく知っている。,"Я понимал, что не стоит демонстрировать излишнюю радость.",
,,,,,,,,,,默认82,,,,这样会显得我不能共情男娃的丧父之痛，或许会伤害他……,這樣會顯得我不能共情男娃的喪父之痛，或許會傷害他……,Doing so might make it seem like I couldn't share the boy's grief over losing his father—perhaps even hurting him...,そんなことをすれば、父を亡くした男の子の痛みに共感できない冷血漢となり、彼を傷つけてしまうかもしれない……,"Иначе получится, будто я совсем не переживаю по поводу того, что у мальчика убили отца - и причинит тому боль...",
,,方男娃,犹豫,,,,,,,默认83,,方恒/35-2_方恒_08,,[我爹说过，不能告诉外人我们还有好东西埋着，更不能带外人去看……他怕有人为了那些东西骗我、打我，甚至会害我。],[我爹說過，不能告訴外人我們還有好東西埋著，更不能帶外人去看……他怕有人為了那些東西騙我、打我、甚至會害我。],"""My father warned me never to tell outsiders about our buried valuables, nor to show them the hiding spots... He feared people might trick me, harm me, or even kill me for those things.""",「他の人には宝物が埋めてあることを教えちゃいけない、見せるのはもっとだめだって、父ちゃんが言ってた……宝物のせいで僕が騙されたり、殴られたり、殺されちゃうかもしれないからって」,"""Папа говорил, что нельзя никому рассказывать про зарытые вещи и, тем более, показывать их… Он переживал, что меня могут обмануть, избить или даже убить.""",
,,,,,,,,,,默认84,,,,男娃叹了口气。,男娃嘆了口氣。,The boy sighed.,男の子が溜息をついた。,Вздохнул мальчик.,
,,方男娃,通常,,,,,,,默认85,,方恒/35-2_方恒_09,,[唉！不过，大哥你是救过我命的好人，我就破例带你去找一找吧！],[唉！不過，大哥你是救過我命的好人，我就破例帶你去找一找吧！],"""Sigh! But since you saved my life, Eldest Brother—you're a good man—I'll make an exception and take you!""",「ああ！でもお兄ちゃんは僕を助けてくれたいい人だし、特別に連れて行ってあげる！」,"""Эх! Но ты же всё-таки спас мне жизнь, братец, значит, ты хороший человек - и я в качестве исключения могу тебе их показать!""",
,,,,,,,,,,默认86,,,,男娃犹豫片刻，终于点了点头。,男娃猶豫片刻，終於點了點頭。,The boy hesitated briefly before nodding.,少し迷った男の子だったが、ついには頷いてくれた。,"Немного поколебавшись, в конце концов кивнул он.",
,,,,,,,,,,默认87,,,,……,……,...,……,...,
,CharacterOff,,,,,,0.6,,,,,,,
,FadeOut,black,,wipe_left,,,1,,,,,,,,,,,
,Bg,东关街城破阴,,,,,0,,,,,,,,,,,
,FadeIn,black,,wipe_right,,,1,,,,,,,,,,,
,Ambience,室外主风,TRUE,,,3,2,,,,,,,
,,,,,,,,,,默认88,,,,我们出门时，雨恰好停了。,我們出門時，雨恰好停了。,"As we stepped outside, the rain had just ceased.",外に出ると、ちょうど雨がやんでいた。,"Когда мы вышли наружу, дождь как раз прекратился.",
,,,,,,,,,,默认89,,,,我带着男娃，两个人，一高一矮，一前一后地向前走着。,我帶著男娃，兩個人，一高一矮，一前一後地向前走著。,"The boy and I walked together—one tall, one short; one leading, one following.",私は男の子を連れていく。のっぽとちびの二人組が、前後に並んで歩いていく。,"Так мы вдвоём пошли друг за другом - один высокий, другой низкий.",
,,,,,,,,,,默认90,,,,我们路过了一间间被烧毁的房屋，路过了一个个警惕望着四周的城民。,我們路過了一間間被燒毀的房屋，路過了一個個警惕望著四周的城民。,We passed rows of charred houses and townspeople eyeing their surroundings warily.,私たちは焼け落ちた家々の前を通り過ぎ、警戒したようにあたりを見渡す住人達の横を通り過ぎた。,"Мы проходили мимо сгоревших домов, мимо горожан, настороженно оглядывающихся по сторонам.",
,,,,,,,,,,默认91,,,,此时，虽然已不再下雨，但天色仍然有些阴沉，风中飘着若有若无的血腥气，压抑得让人心头发闷。,此時，雖然已不再下雨，但天色仍然有些陰沉，風中飄著若有若無的血腥氣，壓抑得讓人心頭髮悶。,"Though the rain had stopped by then, the sky remained gloomy, with a faint metallic scent of blood lingering in the wind—oppressive enough to weigh heavily on one's heart.",既に雨はやんでいたが、空は未だに薄暗く、風にほのかな血生臭さが混じり、どんよりと鬱屈した空気を醸し出していた。,"Хотя дождь уже прекратился, небо всё ещё было мрачным, а в воздухе витал едва уловимый запах крови, от которого на душе становилось тяжело.",
,,,,,,,,,,默认92,,,,因此，在路上的时候，我便想找些话题与男娃聊聊，想借转移注意力来驱散心中烦闷。,因此，在路上的時候，我便想找些話題與男娃聊聊，想借轉移注意力來驅散心中煩悶。,"So as we walked, I tried making conversation with the boy, hoping distraction might lift the gloom in my heart.",そのため、道中ではあれこれ話題を探して男の子と話、気を紛らわせてこの憂鬱な気分を振り払おうとした。,"Поэтому по пути я решил завязать с мальчиком разговор, чтобы отвлечься и развеять эту гнетущую атмосферу.",
,,方知宥,,,,,,,,默认93,,方知宥/35-2_方知宥_08,,[你叫什么名字？],[你叫什麼名字？],"""What's your name?""",「君の名は？」,"""А как тебя зовут?""",
,,方恒,男娃通常,,,,,,,默认94,,方恒/35-2_方恒_10,,[我叫方恒，姓方，名恒。],[我叫方恆，姓方，名恆。],"""I'm Fang Heng—Fang is my surname, Heng my given name.""",「<ruby=ほうこう>方恒</ruby>だよ。姓が方で、名が恒」,"""Фан Хэн - фамилия Фан, имя Хэн.""",
,,方知宥,,,,,,,,默认95,,方知宥/35-2_方知宥_09,,[你竟然也姓方？],[你竟然也姓方？],"""You're surnamed Fang too?""",「君も方なのか」,"""Так у тебя тоже фамилия Фан?""",
,,,,,,,,,,默认96,,,,我脚步一顿，愕然望向男娃。,我腳步一頓，愕然望向男娃。,I stopped mid-stride and stared at the boy in surprise.,足を止め、驚いて男の子の方を見る。,Я остановился и удивлённо взглянул на мальчика.,
,,方恒,男娃惊讶,,,,,,,默认97,,方恒/35-2_方恒_11,,[怎么？大哥你也姓方？],[怎麼？大哥你也姓方？],"""What? Eldest Brother, you're a Fang too?""",「え？お兄ちゃんも方なの？」,"""А что? У тебя что ли тоже фамилия Фан, братец?""",
,,方知宥,,,,,,,,默认98,,方知宥/35-2_方知宥_10,,[是，我也姓方。],[是，我也姓方。],"""Yes, I'm also a Fang.""",「ああ、私の姓も方だ」,"""Да, я тоже Фан.""",
,,方恒,男娃犹豫,,,,,,,默认99,,方恒/35-2_方恒_12,,[你不会是骗我的吧？大人都爱骗小孩！],[你不會是騙我的吧？大人都愛騙小孩！],"""You're not fooling me, are you? Adults always lie to kids!""",「嘘じゃないよね？大人はみんな子供に嘘つくんだから！」,"""Ты же не обманываешь меня? Взрослые любят обманывать детей!""",
,,方知宥,,,,,,,,默认100,,方知宥/35-2_方知宥_11,,[哈哈，我还觉得是你骗我呢，怎么这么巧……你恰好与我同姓。],[哈哈，我還覺得是你騙我呢，怎麼這麼巧……你恰好與我同姓。],"""Haha, I was just thinking you were the one lying to me... What a coincidence that we share the same surname.""",「ははは、むしろ君が私をからかってるのかと思ったよ。こんな偶然があるとはな……私と同じ姓、か」,"""Ха-ха, да это уж я скорее бы подумал, что ты меня обманываешь. Надо же совпадение... у нас с тобой одинаковая фамилия.""",
,CharacterOff,,,,,,0.3,,,,,,,
,,,,,,,,,,默认101,,,,我轻笑一声，紧接着继续往前走。,我輕笑一聲，緊接著繼續往前走。,"I let out a light chuckle, then kept walking.",軽く笑うと、引き続き歩みを進めた。,"Рассмеявшись, я продолжил идти дальше.",
,Sprite,黑,,特效前,,,0.5,,,,,,,,,,,
,Tween,黑,ColorTo,alpha=0 time=0,,,,,,,,,,,,,,
,Tween,黑,ColorTo,alpha=0.4 time=0,,,,,NoWait,,,,,,,,,
,Wait,,,,,,0,,,,,,,,,,,
,,,,,,,,,,默认102,,,,这确实够巧的。,這確實夠巧的。,That really is quite a coincidence.,なんという偶然だ。,Совпадение действительно было невероятным.,
,,,,,,,,,,默认103,,,,若是我原本就出身扬州，我和男娃都姓方还情有可原。,若是我原本就出身揚州，我和男娃都姓方還情有可原。,"If I were originally from Yangzhou, it’d make sense that both the boy and I share the surname Fang.",私が揚州出身であれば、この男の子と同じ方姓なのも頷ける。,"Будь я родом из Янчжоу, то, что у нас с мальчиком одинаковые фамилии, было бы ещё вполне объяснимо.",
,,,,,,,,,,默认104,,,,毕竟同城的同姓之人，往上追溯几代或许便是一家。,畢竟同城的同姓之人，往上追溯幾代或許便是一家。,"After all, people with the same surname in the same city might trace back to the same family a few generations ago.",同じ町の同じ姓であれば、世代をさかのぼれば同じ一家である可能性があるからだ。,"Ведь однофамильцы из одного и того же города, если проследить несколько поколений назад, возможно, происхождением окажутся из одного рода.",
,,,,,,,,,,默认105,,,,可是，我祖籍是晋地啊。,可是，我祖籍是晉地啊。,But my ancestral home is in Jin Territory.,しかし私の祖先は晋だ。,Но ведь я родом из провинции Шаньси.,
,,,,,,,,,,默认106,,,,等等……,等等……,Wait...,んん……？,Погодите-ка...,
,,,,,,,,,,默认107,,,,这么说的话，老林头……大家都这么叫他，他应该是姓“林”吧？,這麼說的話，老林頭……大家都這麼叫他，他應該是姓“林”吧？,"In that case, Old Man Lin... everyone calls him that, so his surname must be ""Lin"", right?",そういえば林じいさん……みんな彼のことをそう呼んでいたが、彼の姓は「<ruby=りん>林</ruby>」だよな？,"А ведь тот старик Линь... Раз его все так зовут - ""Линь"" же, получается, его фамилия?",
,,,,,,,,,,默认108,,,,他与林翩翩同姓，倒也是挺巧的。,他與林翩翩同姓，到也是挺巧的。,Him sharing a surname with Lin Pianpian is also quite a coincidence.,<ruby=りんへんへん>林翩翩</ruby>と同じ姓とは、これまた偶然なこともあったものだ。,"То, что он однофамилец с Линь Пяньпянь - тоже весьма интересное совпадение.",
,SpriteOff,黑,,,,,0.5,,NoWait,,,,,,,,,
,Wait,,,,,,0.5,,,,,,,,,,,
,,,,,,,,,,默认109,,,,……,……,...,……,...,
,,方恒,,,,,,,,默认110,,方恒/35-2_方恒_13,,[到了。],[到了。],"""We've arrived.""",「ついたよ」,"""Пришли.""",
,,,,,,,,,,默认111,,,,沿东关街走了一阵后，方恒忽然停下了。,沿東關街走了一陣後，方恆忽然停下了。,"After walking along Dongguan Street for some time, Fang Heng suddenly came to a halt.",東関街に沿ってしばらく歩いたところで、方恒がふと足を止めた。,"Когда мы прошли некоторое время по улице Восточной заставы, Фан Хэн вдруг остановился.",
,CharacterOff,,,,,,1,,,,,,,
,FadeOut,black,,wipe_left,,,1,,,,,,,,,,,
,Bg,当铺废墟,,,,,0,,,,,,,,,,,
,FadeIn,black,,wipe_right,,,1,,,,,,,,,,,
,,,,,,,,,,默认112,,,,他带我来到一处被烧毁的废墟前。,他帶我來到一處被燒毀的廢墟前。,He brought me before the remains of a fire-gutted building.,彼が連れてきたのは、焼け落ちた廃墟の前だった。,Он довёл меня до развалин сгоревшего здания.,
,,,,,,,,,,默认113,,,,巷道里横陈着一条焦黑的门楣，以及两堵被烧黑了的残墙。,巷道裡橫陳著一條焦黑的門楣，以及兩堵被燒黑了的殘牆。,The alleyway contained a blackened lintel and two scorched remnant walls.,通りに黒焦げになった扁額と、やはり黒焦げになった壁だったものが倒れている。,В переулке высились обугленные дверные перекладины и две груды обгоревших до черноты обломков стен.,
,,,,,,,,,,默认114,,,,那写着“渡芦”的牌匾如今断成两截，插在瓦砾堆里，因为也被烧黑了，只剩下半个“渡”字依稀可辨。,那寫著“渡蘆”的牌匾如今斷成兩截，插在瓦礫堆裡，因為也被燒黑了，只剩下半個“渡”字依稀可辨。,"The ""Dulu"" plaque now lay broken in two amidst the rubble, so badly burned that only half of the ""Du"" character remained faintly visible.",「渡芦」と書かれていた扁額は今や真っ二つに折れ、瓦礫の山に刺さっている。真っ黒焦げになっているせいで、一文字目の「渡」の字が辛うじて読める程度だ。,"Вывеска с надписью ""Дулу"" теперь торчала из груды обломков, разломанная пополам; из-за того, что она тоже вся обгорела, можно было разглядеть лишь половину иероглифа <ruby=渡>""ду""</ruby>.",
,,,,,,,,,,默认115,,,,屋内尽是些碎砖残瓦、破缸破罐。,屋內盡是些碎磚殘瓦、破缸破罐。,"The interior was littered with broken bricks, shattered roof tiles, and smashed pottery.",屋内は壊れた壺や甕などの瓦礫だらけだった。,"Внутри помещения валялись обломки кирпичей, черепицы и разбитой посуды.",
,,方恒,认真,,,,,,,默认116,,,,[……],[……],"""...""",「……」,"""...""",
,,,,,,,,,,默认117,,,,方恒默默地盯着被焚毁的家，神色肃穆。,方恆默默地盯著被焚毀的家，神色肅穆。,"Fang Heng gazed solemnly at his burned-down home, his expression grave.",方恒が黙ったままじっと燃えかすの家を見て、険しい顔つきになった。,Фан Хэн молча смотрел на сгоревший дом с серьёзным выражением лица.,
,Se,沉重脚步,,0.9,,,,,,,,,,
,,,,,,,,,,默认118,,,,他沉默地踩在坍塌的废墟上，脚下发出“吱嘎”的声响，仿佛是这屋子尚有魂灵，正在向他呻吟求救。,他沉默地踩在坍塌的廢墟上，腳下發出“吱嘎”的聲響，彷彿是這屋子尚有魂靈，正在向他呻吟求救。,"He stepped silently over the collapsed ruins, the ground beneath his feet ""creaking"" as if the house still had a soul, groaning and pleading for help.",黙々と崩れた瓦礫を踏み、足元で「ぎしっ」と音が鳴る。それはまるで、この家に残った彷徨える魂が、彼に救いを求めるうめき声のようだった。,"Не говоря ни слова, он ступил по обрушившимся развалинам - под его ногами раздавался скрип, словно в этом доме всё ещё обитали духи, которые стоном взывали к нему о спасении..",
,,方知宥,,,,,,,,默认119,,,,[……],[……],"""...""",「……」,"""...""",
,StopSe,,,,,,2,,,,,,,
,,,,,,,,,,默认120,,,,我跟在他身后，走了几步。,我跟在他身後，走了幾步。,I followed a few steps behind him.,彼の後ろに続いて私も歩く。,Я сделал несколько шагов следом за ним.,
,,,,,,,,,,默认121,,,,最终，方恒停在了一处矮墙边。,最終，方恆停在了一處矮牆邊。,"Finally, Fang Heng stopped beside a low wall.",そうして、方恒が背の低い塀の傍で足を止めた。,Наконец Фан Хэн остановился у невысокой стенки.,
,,,,,,,,,,默认122,,,,矮墙边的土地凹下去了一块，积了不少雨水。,矮牆邊的土地凹下去了一塊，積了不少雨水。,"The ground near the low wall had sunk, pooling with rainwater.",ちびた塀の足元が窪んでおり、そこに雨水が溜まっている。,"Рядом с ней в земле была впадина, в которой скопилось немало дождевой воды.",
,,,,,,,,,,默认123,,,,烧焦的草灰混着雨水，凝在水洼中宛如墨汁，把此处搞得像是一个砚台。,燒焦的草灰混著雨水，凝在水窪中宛如墨汁，把此處搞得像是一個硯台。,"Charred grass ash mixed with rainwater, congealing in the puddle like ink, turning the spot into something resembling an inkstone.",焼けた草の灰が雨水と混じり、墨汁のように水たまりの中で固まっている。その場所だけ硯になったかのような錯覚を覚えた。,"Пепел от сгоревшей травы смешался с дождевой водой и застыл в луже, словно тушь. Само место от этого напоминало большую тушечницу.",
,,方恒,通常,,,,,,,默认124,,方恒/35-2_方恒_14,,[应该是这儿，这里原本是我家的后仓，爹爹堆了一些柴草盖住埋东西的地方。],[應該是這裡，這裡原本是我家的後倉，爹爹堆了一些柴草蓋住埋東西的地方。],"""This must be the place. It used to be our family's back storeroom. Father piled firewood and grass here to hide where things were buried.""",「このへんだよ。ここは元々うちの裏倉庫で、父ちゃんが藁を積んで埋めた場所を隠してたんだ」,"""Это должно быть тут - у нас здесь был склад, и папа набросал здесь хвороста и сена, чтобы прикрыть место с закопанными вещами.""",
,,,,,,,,,,默认125,,,,他指了指那片“砚台”说道。,他指了指那片“硯台”說道。,"He pointed at the ""inkstone"" and said.",彼がその「硯」を指して言った。,"Сказал он, показывая на ""тушечницу"".",
,,,,,,,,,,默认126,,,,原来如此。,原來如此。,So that's how it was.,なるほど。,Вот как.,
,,,,,,,,,,默认127,,,,怪不得这里积着这么多草灰。,怪不得這裡積著這麼多草灰。,No wonder there's so much grass ash accumulated here.,どうりであんなに灰が積もっているわけだ。,"Тогда неудивительно, что здесь столько сгоревшей травы.",
,,方知宥,,,,,,,,默认128,,方知宥/35-2_方知宥_12,,[得找把铲子，我先把泥水清开，再试着挖一挖你爹藏的东西。],[得找把鏟子，我先把泥水清開，再試著挖一挖你爹藏的東西。],"""I need to find a shovel. I'll clear the muddy water first, then try to dig up what your father hid.""",「<ruby=すき>鋤</ruby>を探してこないとな。泥をよけてから、君のお父さんが隠したものを探すとしよう」,"""Надо раздобыть лопату - я сначала уберу грязь, а потом попробую откопать то, что спрятал твой отец.""",
,,方知宥,,,,,,,,默认129,,,,[……],[……],"""...""",「……」,"""...""",
,CharacterOff,,,,,,0.3,,,,,,,
,,,,,,,,,,默认130,,,,我说完后，便开始端详着那处像砚台的水洼，不禁心头一紧。,我說完後，便開始端詳著那處像硯台的水窪，不禁心頭一緊。,"After speaking, I examined the inkstone-like puddle, and my heart tightened.",私はそう言うと、硯のような水たまりをまじまじと見て、思わず胸が高鳴った。,"Сказав, я пристально вгляделся в похожую на тушечницу лужу, сердце моё невольно сжалось от волнения.",
,Sprite,黑,,特效前,,,0.5,,,,,,,,,,,
,Tween,黑,ColorTo,alpha=0 time=0,,,,,,,,,,,,,,
,Tween,黑,ColorTo,alpha=0.4 time=0,,,,,NoWait,,,,,,,,,
,Wait,,,,,,0,,,,,,,,,,,
,,,,,,,,,,默认131,,,,也不知当铺掌柜防水的措施做得如何？,也不知當鋪掌櫃防水的措施做得如何？,I wonder how effective the pawnshop keeper's waterproofing measures were?,店主が防水の処置を施していなかったらどうなっているのだろう。,Хозяин ломбарда вещи от воды-то тогда защитил как следует?,
,,,,,,,,,,默认132,,,,希望雁儿姐送我的东西……不会因泡在水下多日而被毁掉。,希望雁兒姐送我的東西……不會因泡在水下多日而被毀掉。,I hope the things <ruby=Swan Goose>Sister Yan</ruby> gave me... weren't ruined after being submerged for so long.,雁姉が残してくれたものが……水浸しになってだめになっていなければいいが。,"Надеюсь, что вещь от сестрички Лебёдушки... не окажется испорченной водой после стольких дней.",
,,,,,,,,,,默认133,,,,……,……,...,……,...,
,,,,,,,,,,默认134,,,,都说大明朝是火德，若是根据朝代更替的五德终始之说，改朝换代后的新朝便是水德。,都說大明朝是火德，若是根據朝代更替的五德終始之，改朝換代後的新朝便是水德。,"They say the Ming Dynasty followed the virtue of fire. According to the Five Virtues theory of dynastic transition, the new New Dynasty would follow the virtue of water.",明王朝は火徳だと誰もが言うが、もしも王朝交代における五徳終始説に基づくならば、次の王朝は水徳ということになる。,"Как говорят, Великой Мин покровительствовала стихия огня - если судить по кругообороту стихий, то следующей династии будет покровительствовать стихия воды.",
,,,,,,,,,,默认135,,,,若是掌柜藏得东西躲过了火灾，却躲不过水难。,若是掌櫃藏得東西躲過了火災，卻躲不過水難。,"If the shopkeeper's hidden possessions survived the fire, they couldn't escape the floodwaters.",店主が隠しておいたものが火災から逃れられたとしても、水害からは逃れられない。,"Если вещи хозяина ломбарда удалось уберечь от огня, но не от воды...",
,,,,,,,,,,默认136,,,,不正像是那些在乱世间不断挣扎，最终却无法活下来的百姓？,不正像是那些在亂世間不斷掙扎，最終卻無法活下來的百姓？,Isn't it just like those ordinary people who kept struggling through chaotic times but ultimately couldn't survive?,まるで乱世の中で足掻いて、結局生き残れなかった民のようではないか。,"Не будет ли это напоминать тех простых людей, что усиленно цеплялись за жизнь в смутное время, но так и не смогли его пережить?",
,SpriteOff,黑,,,,,0.5,,NoWait,,,,,,,,,
,Wait,,,,,,0.5,,,,,,,,,,,
,,,,,,,,,,默认137,,,,……,……,...,……,...,
,,方恒,,,,,,,,默认138,,方恒/35-2_方恒_15,,[我家就有铲子，我找找……啊，在这儿，还没烧坏呢！],[我家就有鏟子，我找找……啊，在這裡，還沒燒壞呢！],"""We've got a shovel at home, let me look... Ah, here it is! It's still intact!""",「鋤ならうちにあるよ。探してくるね……あっ、あった。燃えてなくてよかった！」,"""У нас тут была лопата, я поищу... О, вот она, всё-таки не сгорела!""",
,,,,,,,,,,默认139,,,,正当我胡思乱想时，方恒从瓦砾堆里翻出一柄黑漆漆的铲子，递给了我。,正當我胡思亂想時，方恆從瓦礫堆裡翻出一柄黑漆漆的鏟子，遞給了我。,"While I was lost in thought, Fang Heng unearthed a pitch-black shovel from the rubble and handed it to me.",どうでもいいことを考えていると、方恒が瓦礫の山から黒々とした鋤を引っ張り出し、私に渡してきた。,Голос Фан Хэна отвлёк меня от беспорядочных мыслей - он отрыл из груды обломков почерневшую лопату и протянул её мне.,
,CharacterOff,,,,,,0.3,,,,,,,
,,方知宥,,,,,,,,默认140,,,,[……],[……],"""...""",「……」,"""...""",
,,,,,,,,,,默认141,,,,我深呼出一口气，不再胡思乱想，而是走向了那埋藏着重要之物的地方。,我深呼出一口氣，不再想七想八，而是走向了那埋藏著重要之物的地方。,"I took a deep breath, stopped my wandering thoughts, and walked toward the spot where the important item was buried.",ふう、と息を吐き、余計なことを考えるのを止めた。そして重要な物が埋められているであろう場所に向かう。,"Выдохнув и отбросив в сторону лишние размышления, я подошёл к месту, где таился заветный клад.",
,Se,铲土2,,,,,,,,,,,,
,,,,,,,,,,默认142,,,,——哗,——嘩,--Splash,――ジャリッ,*Плюх.*,
,,,,,,,,,,默认143,,,,——哗。,——嘩。,--Splash.,――ジャリッ,*Плюх.*,
,StopSe,,,,,,1,,,,,,,
,,,,,,,,,,默认144,,,,我用铲子铲走一些泥水。,我用鏟子鏟走一些泥水。,I used a shovel to scoop away some muddy water.,鋤で泥水をかいていく。,Я вычерпал оттуда часть грязной воды.,
,Se,铲土2,,,,,,,,,,,,
,,,,,,,,,,默认145,,,,——哗。,——嘩。,--Splash.,――ジャリッ,*Плюх.*,
,,,,,,,,,,默认146,,,,——哗。,——嘩。,--Splash.,――ジャリッ,*Плюх.*,
,,,,,,,,,,默认147,,,,——铿锵！,——鏗鏘！,—Clang!,――ザリッ！,*Хрясь!*,
,StopSe,,,,,,1,,,,,,,
,,,,,,,,,,默认148,,,,我将泥水铲得见底了，终于铲到了土。,我將泥水鏟地見底了，終於鏟到了土。,"I shoveled until the muddy water was gone, finally hitting solid soil.",泥をかきわけて底まで進むと、鋤が土にぶつかった。,"Наконец, моя лопата добралась до земли.",
,Se,铲土2,,,,,,,,,,,,
,,,,,,,,,,默认149,,,,——铿！,——鏗！,—Clang!,――ザッ,*Хрясь!*,
,,,,,,,,,,默认150,,,,——铿！,——鏗！,—Clang!,――ザッ,*Хрясь!*,
,,,,,,,,,,默认151,,,,——铿锵！,——鏗鏘！,—Clang!,――ガキン！,*Бам!*,
,,,,,,,,,,默认152,,,,我又铲走了几寸深的土。,我又鏟走了幾寸深的土。,I shoveled away a few more inches of dirt.,さらに土を掘り返していく。,Я прокопал немного вглубь.,
,StopSe,,,,,,2,,,,,,,
,Se,金属落地,,1.5,,,,,,,,,,
,,,,,,,,,,默认153,,,,突然，我听到了铲尖撞向硬物的闷响。,突然，我聽到了鏟尖撞向硬物的悶響。,"Suddenly, I heard the dull thud of the shovel's tip striking something hard.",すると突然、鋤の先が何か固い物に当たった音がした。,"И тут услышал, как кончик лопаты стукнулся обо что-то твёрдое.",
,,,,,,,,,,默认154,,,,果然，这里埋着东西！,果然，這裡埋著東西！,"Sure enough, something was buried here!",やはり、何か埋まっている！,И правда тут что-то есть!,
,,,,,,,,,,默认155,,,,我双眸一亮，继而丢开铲子，跪坐下来，直接以手掘土，不顾形象地深挖眼前的土堆。,我雙眸一亮，繼而丟開鏟子，跪坐下來，直接以手挖土，不顧形象地深挖眼前的土堆。,"My eyes lit up as I tossed the shovel aside, dropping to my knees to claw at the soil with bare hands, heedless of appearances.",両目を輝かせ、鋤を放り投げた。その場に膝をつき、なりふり構わず目の前の土を手で掘り返していく。,"Глаза мои загорелись, я отбросил лопату, опустился на колени и, не переживая за пачкающуюся одежду, начал прокапывать землю руками.",
,,,,,,,,,,默认156,,,,我的十指没入泥土中，指甲缝里一点点嵌满土和灰。,我的十指沒入泥土中，指甲縫裡一點點嵌滿土和灰。,"My fingers plunged into the earth, nails crammed with grit and dust.",指が泥に入り込み、爪の隙間が土と灰だらけになった。,"Мои десять пальцев погрузились в землю, под ногтями забились земля и пепел.",
,Se,踏步,,1.2,,,,,,,,,,
,,,,,,,,,,默认157,,,,——噗！,——噗！,—Thud!,――ザッ！,*Шлёп!*,
,Se,踏步,,1.8,,,,,,,,,,
,,,,,,,,,,默认158,,,,——噗！,——噗！,—Thud!,――ザッ！,*Шлёп!*,
,Se,踏步,,2.4,,,,,,,,,,
,,,,,,,,,,默认159,,,,——噗！,——噗！,—Thud!,――ザッ！,*Шлёп!*,
,,,,,,,,,,默认160,,,,我不断抠着那些发硬的泥土，挖开那些松软的泥土。,我不斷摳著那些發硬的泥土，挖開那些鬆軟的泥土。,I kept scraping at the hardened dirt and digging through the loose soil.,固くなった土をひたすらに掻き続け、柔らかくなった土を掘り起こす。,"Я продолжал и продолжал рыться в затвердевшей земле, разрыхляя её и отбрасывая в сторону.",
,,,,,,,,,,默认161,,,,苍天不负有心人，渐渐地，一块被泡的发烂的木板显露而出。,蒼天不負有心人，漸漸地，一塊被泡的發爛的木板顯露而出。,"Heaven rewards the diligent. Gradually, a waterlogged and rotting wooden plank was revealed.",努力は裏切らなかった。次第に、水浸しになって腐りかけた木の板が見えてくる。,И Небо вознаградило мои усилия - постепенно из-под земли проступила подгнившая от воды доска.,
,,,,,,,,,,默认162,,,,找到了！,找到了！,Found it!,見つけた！,Нашёл!,
,,方知宥,,,,,,,,默认163,,,,[……],[……],"""...""",「……」,"""...""",
,Se,推门,,,,,,,,,,,,
,,,,,,,,,,默认164,,,,——咔！,——喀！,— Crack!,――ギギッ,*Хрусь!*,
,CharacterOff,,,,,,0.7,,,,,,,,,,,
,Sprite,记-当铺木箱,,,,,1,,,,,,,,,,,
,Wait,,,,,,1.5,,,,,,,,,,,
,SpriteOff,,,,,,1,,,,,,,,,,,
,,,,,,,,,,默认165,,,,我小心将硬木板掀开后，我看到了下面压着一块遮水的破布，布的下面裹着一个箱子。,我小心將硬木板掀開後，我看到了下面壓著一塊遮水的破布，布的下面裹著一個箱子。,"I carefully lifted the hard wooden plank and saw a tattered waterproof cloth beneath it, wrapping a box.",慎重に硬い板を外すと、その下には水を防ぐためのぼろ布が敷かれ、さらにその布に箱が包まれていることに気が付いた。,"Осторожно приподняв деревянную доску, я увидел, что под ней лежал потрёпанный кусок ткани, прикрывающий собой ящик.",
,,,,,,,,,,默认166,,,,这箱子的材质奇特，不似凡木。,這箱子的材質奇特，不似凡木。,"The material of this box was peculiar, unlike ordinary wood.",箱の材料は変わった物で、ただの木ではなさそうだった。,"Материал, из которого был сделан ящик, был необычным, не похожим на обычное дерево.",
,,,,,,,,,,默认167,,,,整间屋子都被烧成这样，连日大雨冲刷——,整間屋子都被燒成這樣，連日大雨沖刷——,"The entire house was burned like this, and days of heavy rain had washed over it—",家が丸ごと焼け落ちても、連日の大雨にやられても――,"Всё вокруг здесь было полностью выжжено, а потом еще и несколько дней лил дождь...",
,,,,,,,,,,默认168,,,,它竟然没有被烧毁，也没有被泡烂。,它竟然沒有被燒毀，也沒有被泡爛。,Yet it was neither burned nor waterlogged.,それは燃えた様子も、腐っている様子もなかった。,Но ящик не сгорел и не размок.,
,,,,,,,,,,默认169,,,,不过……大概也是有箱子上面那块破布和木板的功劳吧！,不過……大概也是有箱子上面那塊破布和木板的功勞吧！,But... perhaps it was also thanks to that piece of cloth and the wooden plank covering the box!,しかし……おそらく、箱の上に会ったぼろ布と木の板のおかげだろう。,"Хотя... наверно, в этом сыграли роль и та ткань с доской, что лежали сверху!",
,Se,开盖子,,1.6,,,,,,,,,,
,,,,,,,,,,默认170,,,,——哗啦！,——嘩啦！,—Crash!,――ガタッ,*Хлоп.*,
,,,,,,,,,,默认171,,,,我小心翼翼地掀开箱盖。,我小心翼翼地掀開箱蓋。,I carefully lifted the box lid.,慎重に、慎重にその蓋を開けた。,Я осторожно приподнял крышку ящика.,
,,,,,,,,,,默认172,,,,尘土向着四周扬去，映入眼中的是一本小册子，以及一叠叠整齐的当票。,塵土向著四周揚去，映入眼中的是一本小冊子，以及一疊疊整齊的當票。,"Dust billowed outward, revealing a small booklet and stacks of neatly organized pawn tickets.",土埃があたりに舞い、一冊の本と、きっちりと重ねられた質入れ票が目に飛び込んできた。,"Пыль разлетелась во все стороны, и моему взору предстала маленькая тетрадка, а также стопки аккуратно сложенных закладных свидетельств.",
,,,,,,,,,,默认173,,,,这些纸页下面，压着一件件玉器和金银器。,這些紙頁下面，壓著一件件玉器和金銀器。,Beneath these papers lay jade artifacts and gold and silver items.,それらの紙切れの下に、玉器や金銀器などが敷き詰められていた。,Под ними покоились разные изделия из нефрита и драгоценных металлов.,
,,,,,,,,,,默认174,,,,这些大概便是当铺里最珍贵的票据、账册，以及一些贵重当物。,這些大概便是當鋪裡最珍貴的票據、帳冊，以及一些貴重當物。,These must be the pawnshop's most valuable records—account books and precious collateral items.,おそらくはこの質屋で最も値打ちのある手形や帳簿、そして高価な質入れ品などだろう。,"Видимо, это были самые ценные вещи ломбарда - документы о залоге, счётная книга и наиболее дорогие из заложенных вещей.",
,,方知宥,,,,,,,,默认175,,,,[……],[……],"""...""",「……」,"""...""",
,,,,,,,,,,默认176,,,,雁儿姐……她留给我的东西会在这里吗？,雁兒姐……她留給我的東西會在這裡嗎？,<ruby=Swan Goose>Sister Yan</ruby>... Could what she left me be here?,雁姉……彼女の遺品がこんなところに？,"То, что оставила мне сестричка Лебёдушка... окажется ли оно здесь?",
,,,,,,,,,,默认177,,,,我这么想着，便想要伸手去翻找。,我這麼想著，便想要伸手去翻找。,"With this thought, I reached out to search through them.",そう考えつつ、中身をまさぐろうとする。,С этими мыслями я начал было рыться в ящике.,
,,,,,,,,,,默认178,,,,可一伸手，我突然注意到自己此时的手很脏。,可一伸手，我突然注意到自己此時的手很髒。,"But as I extended my hand, I suddenly noticed how dirty it was.",しかし手を伸ばしかけたところで、自分の手が汚れていることに気が付いた。,"Но, протянув руку, вдруг заметил, что она была вся в грязи.",
,,,,,,,,,,默认179,,,,于是，我便扯起刚才被雨淋地湿漉漉的衣袍，选了上面干净的一处，细细擦干净了手指，继而再将手伸入箱中翻找。,於是，我便扯起剛才被雨淋地濕漉漉的衣袍，選了上面乾淨的一處，細細擦乾淨了手指，繼而再將手伸入箱中翻找。,"So I grabbed a cleaner part of my rain-soaked robe, wiped my fingers thoroughly, and then reached into the box to search.",雨でびしょ濡れになった服を引っ張って綺麗な部分を探し出し、ごしごしと指の汚れを拭き取り、それからようやく箱に手を入れて物色を始めた。,"Тогда я приподнял свою вымокшую от дождя одежду, отыскал на ней чистое место и тщательно вытер об него пальцы, а затем принялся рыться в ящике.",
,,,,,,,,,,默认180,,,,……,……,...,……,...,
,Se,翻身,,,,,,,,,,,,
,,,,,,,,,,默认181,,,,——哗啦——哗啦——,——嘩啦——嘩啦——,—Rustle—Rustle—,――カラン――コロン,*Клац.* *Клац.*,
,,,,,,,,,,默认182,,,,我一件件翻看当物。,我一件件翻看當物。,I examined each item one by one.,一つずつ質入れ品を確認していく。,Я просматривал одну вещь за другой.,
,,,,,,,,,,默认183,,,,翻着翻着，我的目光陡然停住。,翻著翻著，我的目光陡然停住。,"As I sorted through them, my gaze suddenly froze.",そうしているうちに、ある物に目が止まった。,И тут мой взгляд остановился.,
,,方知宥,,,,,,,,默认184,,,,[……],[……],"""...""",「……」,"""...""",
,CharacterOff,,,,,,0.7,,,,,,,,,,,
,Sprite,记-当铺木盒,,,,,1,,,,,,,,,,,
,Wait,,,,,,1.5,,,,,,,,,,,
,SpriteOff,,,,,,1,,,,,,,,,,,
,,,,,,,,,,默认185,,,,我看到了一只小巧的木盒。,我看到了一隻小巧的木盒。,I spotted a small wooden box.,小さな木箱だ。,Я увидел маленькую деревянную шкатулку.,
,,,,,,,,,,默认186,,,,木盒做工精细，盒上雕着烟云纹样。,木盒做工精細，盒上雕著煙雲紋樣。,"The box was finely crafted, adorned with carved cloud motifs.",丁寧に作られており、蓋には雲の模様が彫られている。,"Она была изящно сработана, с узорами в виде дымки и облаков.",
,,,,,,,,,,默认187,,,,这纹样，我曾在雁儿姐的房中见过……,這紋樣，我曾在雁兒姐的房中見過……,I recognized this pattern... from <ruby=Swan Goose>Sister Yan</ruby>'s room...,この模様……雁姉の部屋でも見たことがある……,Этот узор мне доводилось видеть в покоях сестрички Лебёдушки.,
,,,,,,,,,,默认188,,,,是了……,是了……,Yes...,これだ……,Да...,
,,,,,,,,,,默认189,,,,就是它。,就是它。,This is it.,これに違いない。,Это точно она.,
,,,,,,,,,,默认190,,,,这便是雁儿姐真正要留给我的东西。,這便是雁兒姐真正要留給我的東西。,This was what <ruby=Swan Goose>Sister Yan</ruby> truly intended to leave me.,これこそ、雁姉が本当に私に遺してくれた物だ。,"Это определённо та самая вещь, что оставила мне сестричка Лебёдушка.",
,,,,,,,,,,默认191,,,,……,……,...,……,...,
,,方恒,<Off>,,,,,,,默认192,,方恒/35-2_方恒_16,,[找到了？],[找到了？],"""Found it?""",「見つけた？」,"""Нашёл?""",
,,,,,,,,,,默认193,,,,方恒探出头来问我。,方恆探出頭來問我。,Fang Heng leaned over and asked.,方恒がひょっこりと頭を出し、私に尋ねた。,"Наклонившись, спросил меня Фан Хэн.",
,,方知宥,,,,,,,,默认194,,方知宥/35-2_方知宥_13,,[嗯。],[嗯。],"""Mhm.""",「ああ」,"""Ага.""",
,,,,,,,,,,默认195,,,,我没有回过头看他，只是轻轻地点了点头。,我沒有回過頭看他，只是輕輕地點了點頭。,"Without turning to look, I gave a faint nod.",振り返ることなく、ただこくりと頷く。,"Не оборачиваясь, я лишь кивнул головой.",
,,方知宥,,,,,,,,默认196,,,,[……],[……],"""...""",「……」,"""...""",
,,,,,,,,,,默认197,,,,我深吸一口气，反复在衣袍的干净之处擦拭手指，直到使手指洁净如初，不见丝毫灰尘污垢。,我深吸一口氣，反覆在衣袍地乾淨之處擦拭手指，直到使手指潔淨如初，不見絲毫灰塵汙垢。,"I took a deep breath, scrubbing my fingers against the cleanest folds of my robe until they were immaculate—utterly free of dust or stain.",深く息を吸い込み、何度も服の綺麗な部分で指を擦る。埃や垢がまったく無くなり、元のように綺麗になるまで擦り続けた。,"Сделав глубокий вдох, я несколько раз протёр пальцы о чистую часть своей одежды, пока они не стали совсем чистыми, без малейшего следа пыли или грязи.",
,,,,,,,,,,默认198,,,,然后，我这才伸出手，从大箱子中轻轻捧出了那只小木盒，将它缓缓打开——,然後，我這才伸出手，從大箱子中輕輕捧出了那隻小木盒，將它緩緩打開——,"Then, I finally reached out and gently lifted the small wooden box from the large chest, slowly opening it—",その後、ようやく手を伸ばし、大箱からそっと小さな木箱を取り出す。そして、そっと開いた――,"После чего протянул руку, аккуратно извлёк шкатулку из ящика и медленно приоткрыл её:",
,,,,,,,,,,默认199,,,,……,……,...,……,...,
,Bgm,与雁同行,,,,0.2,3,,,,,,,,,,,
,CharacterOff,,,,,,,,,,,,,
,Sprite,记-刻字手串,,,,,0.5,,,,,,,
,,,,,,,,,,默认200,,,,首先映入眼帘的是一对手串。,首先映入眼簾的是一對手串。,The first thing that caught my eye was a pair of beaded bracelets.,まず目に入ったのは、一対の数珠だった。,"Первым, что бросилось мне в глаза, была пара браслетов.",
,,,,,,,,,,默认201,,,,这对手串，正是我与雁儿姐分别那一日在东关街刻的那一对。,這對手串，正是我與雁兒姐分別那一日在東關街刻的那一對。,This pair of bracelets was the very one <ruby=Swan Goose>Sister Yan</ruby> and I had engraved on Dongguan Street the day we parted.,雁姉と別れたあの日、東関街で注文したあの数珠だ。,"Те самые браслеты, что мы тогда с сестричкой Лебёдушкой заказали у резчика на улице Восточной заставы.",
,,,,,,,,,,默认202,,,,沉香木珠一对，各自刻有一字。,沉香木珠一對，各自刻有一字。,"A pair of agarwood beads, each carved with a single character.",沈香木でできた一対の数珠に、それぞれ一文字ずつ字が刻まれている。,"Из алойного дерева, на каждом из них вырезано по иероглифу.",
,,,,,,,,,,默认203,,,,一个是代表着她的“雁”，另一个代表着我的“宥”。,一個是代表著她的“雁”，另一個代表著我的“宥”。,"One bore her name, ""Yan"", and the other bore mine, ""You"".",一つは彼女を象徴する「雁」、もう一つは私を象徴する「宥」だ。,"Символизирующий её <ruby=雁>""Янь""</ruby> - и символизирующий меня <ruby=宥>""Ю""</ruby>.",
,,,,,,,,,,默认204,,,,那日，我们在浮光茶舍看完影子戏，因时辰已晚，便匆匆而归，没有去取。,那日，我們在浮光茶舍看完影子戲，因時辰已晚，便匆匆而歸，沒有去取。,"That day, after watching shadow puppetry at Floating Light Teahouse, it was already late, so we hurried back without retrieving them.",あの日、浮光茶舎で影絵芝居を見た後、夜になっていたためそのまま帰ってしまい、取りに行けなかった。,"В тот день, посмотрев теневые спектакли в чайной ""Свет над водой"", мы, поскольку было уже поздно, поспешно отправились домой и так и не зашли забрать браслеты.",
,,,,,,,,,,默认205,,,,想来是雁儿姐之后托了鹂儿，令她悄悄地去找到那刻珠匠人，帮她取回。,想來是雁兒姐之後託了鸝兒，令她悄悄地去找到那刻珠匠人，幫她取回。,I suppose <ruby=Swan Goose>Sister Yan</ruby> later asked Li'er to quietly find the bead engraver and retrieve them for her.,きっと雁姉が鵹児に頼み、こっそりあの数珠職人を探させて取ってきたのだろう。,"По-видимому, сестричка Лебёдушка позже попросила Ли'эр тихонько разыскать того резчика и забрать у него наш заказ.",
,,,,,,,,,,默认206,,,,……,……,...,……,...,
,SpriteOff,,,,,,0.5,,,,,,,
,Sprite,黑,,特效前,,,0.5,,,,,,,,,,,
,Tween,黑,ColorTo,alpha=0 time=0,,,,,,,,,,,,,,
,Tween,黑,ColorTo,alpha=0.4 time=0,,,,,NoWait,,,,,,,,,
,Wait,,,,,,0,,,,,,,,,,,
,,,,,,,,,,默认207,,,,雁儿姐，她一直惦记着这对手串，比我记得更牢。,雁兒姐，她一直惦記著這對手串，比我記得更牢。,<ruby=Swan Goose>Sister Yan</ruby> had always remembered this pair of beaded bracelets more clearly than I did.,雁姉は私よりもこの数珠のことを気にかけてくれていたようだ。,"Сестричка Лебёдушка хорошо помнила про эти браслеты - даже лучше, чем я.",
,,,,,,,,,,默认208,,,,她离世后，我因逃避着与她有关的一切，再没有去找过那个刻珠匠人。,她離世後，我因逃避著與她有關地一切，再沒有去找過那個刻珠匠人。,"After her passing, I avoided everything related to her and never sought out that bead carver again.",彼女がこの世を去ってから、彼女に関わる全てから逃げ続けていたせいで、私はあの数珠職人を探しに行くこともなかった。,"После её смерти я, пытаясь избегать всего, что было связано с нею, так и не пошёл к тому резчику.",
,,,,,,,,,,默认209,,,,没想到，她竟早早地帮我取回此物，珍藏于此，留给了我。,沒想到，她竟早早地幫我取回此物，珍藏於此，留給了我。,"Little did I know she had retrieved this item for me long ago, treasured it here, and left it behind for me.",まさか彼女が早々に私のために回収し、大切に保管して遺してくれたとは。,"Не ожидал, что она, оказывается, заранее забрала браслеты и сохранила их здесь для меня.",
,,,,,,,,,,默认210,,,,难道这便是她给我的临别赠礼？,難道這便是她給我的臨別贈禮？,Could this have been her parting gift to me?,まさか、これが私への別れの贈り物だったのか？,"Получается, это и есть её прощальный подарок?",
,SpriteOff,黑,,,,,0.5,,NoWait,,,,,,,,,
,Wait,,,,,,0.5,,,,,,,,,,,
,,方知宥,,,,,,,,默认211,,,,[……],[……],"""...""",「……」,"""...""",
,,,,,,,,,,默认212,,,,咦？,咦？,Eh?,おや？,Э?,
,,,,,,,,,,默认213,,,,不对……,不對……,Wait...,違う……,Нет...,
,,,,,,,,,,默认214,,,,突然，我发现，在手串的下面，木盒的底部，似乎垫着一本与木盒宽度相仿的书。,突然，我發現，在手串的下面，木盒的底部，似乎墊著一本與木盒寬度相仿的書。,"Suddenly, I noticed beneath the beaded bracelets, at the bottom of the wooden box, what appeared to be a book matching the box's width.",数珠の下、木箱の底に、木箱にぴったり嵌るように一冊の本が収まっていることに気が付いた。,"Неожиданно я заметил, что под браслетами, на дне деревянной шкатулки как будто бы лежала книга, по ширине совпадавшая с самой шкатулкой.",
,,,,,,,,,,默认215,,,,这是？,這是？,What's this?,これは？,Что это?,
,,方知宥,,,,,,,,默认216,,,,[……],[……],"""...""",「……」,"""...""",
,,,,,,,,,,默认217,,,,我轻轻地将手指嵌入书的边缘，小心翼翼地将它取了出来。,我輕輕地將手指嵌入書的邊緣，小心翼翼地將它取了出來。,I gently slid my fingers along the book's edge and carefully lifted it out.,そっと指を本の端に差し込み、慎重にそれを取り出した。,Я осторожно подцепил книгу пальцами и аккуратно вытащил её на свет.,
,CharacterOff,,,,,,0.7,,,,,,,,,,,
,Sprite,记-西游记五十四回,,,,,1,,,,,,,,,,,
,Wait,,,,,,1.5,,,,,,,,,,,
,SpriteOff,,,,,,1,,,,,,,,,,,
,,,,,,,,,,默认218,,,,这是一册薄薄的书，以昂贵的金线装订，封面上写着《西游记》，旁边标有“五十四回”的小字。,這是一冊薄薄的書，以昂貴的金線裝訂，封面上寫著《西遊記》，旁邊標有“五十四回”的小字。,"It was a slender volume, bound with costly gold thread, bearing the title ""Journey to the West"" on its cover, alongside the small notation ""Chapter 54"".",一冊の薄い本だ。高価な金糸で綴じられている。表紙には『西遊記』と書かれており、その横に「五十四回」と小さく記されている。,"Книжка была тоненькой, переплетённой дорогой золотой нитью; на обложке было написано ""Путешествие на Запад"", а рядом была мелкая подпись - ""54 главы"".",
,,,,,,,,,,默认219,,,,《西游记》，怎么只有五十四回？,《西遊記》，怎麼只有五十四回？,"""Journey to the West""—why does it only have up to Chapter 54?",『西遊記』なのに、なぜ五十四回だけなのだ？,"Как в ""Путешествии на Запад"" может быть всего пятьдесят четыре главы? <i>(Роман ""Путешествие на Запад"" состоит из ста глав.)</i>",
,,,,,,,,,,默认220,,,,我好奇地翻开了这本书。,我好奇地翻開了這本書。,"Curious, I flipped open the book.",気になって、本を開いてみた。,"Раздираемый любопытством, я открыл книгу.",
,,方知宥,,,,,,,,默认221,,,,[……],[……],"""...""",「……」,"""...""",
,,,,,,,,,,默认222,,,,一翻开封面，我便见到了一行行熟悉的字迹。,一翻開封面，我便見到了一行行熟悉的字跡。,"The moment I opened the cover, rows of familiar handwriting greeted me.",表紙をめくると、すぐに見慣れた筆跡が私の目に飛び込んできた。,"Распахнув её, я сразу же увидел строчки, написанные знакомым почерком.",
,,,,,,,,,,默认223,,,,是雁儿姐亲笔写的。,是雁兒姐親筆寫的。,It was <ruby=Swan Goose>Sister Yan</ruby>'s own hand.,雁姉が自ら書いたものだ。,Всё это писала сама сестричка Лебёдушка.,
,,,,,,,,,,默认224,,苏怜烟/35-2_苏怜烟_37,,我第一眼便瞥见了“知宥亲启”四字，便惊慌地移开了目光。,我第一眼便瞥見了“知宥輕啟”四字，便驚慌地移開了目光。,"My eyes immediately caught the words ""To Zhiyou, with care"", and I flinched away in startled unease.",一目で「知宥へ」と書かれているのを見つけ、慌てて目を逸らした。,"В глаза мне бросилась надпись ""Лично для Чжию"" - и я поспешно отвёл взгляд.",
,,方知宥,,,,,,,,默认225,,,,[……],[……],"""...""",「……」,"""...""",
,,,,,,,,,,默认226,,,,此时此刻，我的心情有些古怪。,此時此刻，我的心情有些古怪。,"At that moment, I felt strangely unsettled.",この時の私の心境は、どうもおかしかった。,В этот момент меня обуревали странные чувства.,
,,,,,,,,,,默认227,,,,明明是看到了雁儿姐的遗笔，我竟然没有立刻想着读完。,明明是看到了雁兒姐的遺筆，我竟然沒有立刻想著讀完。,"Though these were <ruby=Swan Goose>Sister Yan</ruby>'s final words, I didn't feel compelled to read them at once.",雁姉の遺書を目にしたのに、今すぐ読みたいという気持ちになれなかった。,"Это же было последнее, что писала в своей жизни сестричка Лебёдушка - и, тем не менее, я не стал бросаться читать это сразу же.",
,,,,,,,,,,默认228,,,,因为，我不忍读完……,因為，我不忍讀完……,Because I couldn't bear to finish reading...,最後まで読むことが耐えられないと思ったからだ……,Потому что мне не хватало духу прочесть это всё одним разом...,
,,,,,,,,,,默认229,,,,毕竟，这是她留在人世的、给我的、最后的话语。,畢竟，這是她留在人世的、給我的、最後的話語。,"After all, these were her final words left in this world—meant for me.",これは、彼女がこの世に、私に遺した、最後の言葉なのだから。,"Ведь это были последние слова, которые она оставила мне в этом мире.",
,,,,,,,,,,默认230,,,,若是我读完了……就这么读完了的话……她留给我的话，便再也没有了。,若是我讀完了……就這麼讀完了的話……她留給我的話，便再也沒有了。,If I finish reading... if I just finish it like this... then there will be no more words left from her to me.,もしもこれを読んでしまったら……読み終えてしまったら……それ以上、彼女が私に残してくれた言葉がなくなってしまう。,Если я прочитаю всё это… дочитаю до самого конца… то больше от неё для меня не останется ни одного слова.,
,,,,,,,,,,默认231,,,,……,……,...,……,...,
,,,,,,,,,,默认232,,,,这么想着，我暂时搁置了阅读扉页的想法。,這麼想著，我暫時擱置了閱讀扉頁的想法。,"Thinking this, I temporarily set aside the idea of reading the title page.",そんなことを思いながら、私はひとまず表題紙を読むのを先送りにした。,С этими мыслями я решил пока отложить чтение титульного листа.,
,,,,,,,,,,默认233,,,,我心急地往后翻了几页，继而又翻了十几页、几十页——,我心急地往後翻了幾頁，繼而又翻了十幾頁、幾十頁——,"Impatiently, I flipped a few pages, then another dozen, then dozens more—",逸る気持ちで数頁めくり、さらにまた十数頁、数十頁とめくっていく――,"С нетерпением я перелистнул несколько страниц, потом ещё десяток, а затем и несколько десятков…",
,Se,纸张纷飞,,1.4,,,,,,,,,,
,,,,,,,,,,默认234,,,,——哗啦。,——嘩啦。,—Clang.,――パラッ,*Шурх.*,
,,,,,,,,,,默认235,,,,——哗啦！哗啦！,——嘩啦！嘩啦！,—Crash! Rustle!,――パラパラ,*Шурх!* *Шурх!*,
,,,,,,,,,,默认236,,,,我小心而快速地翻着这本书，却越翻越觉得不对劲。,我小心而快速地翻著這本書，卻越翻越覺得不對勁。,"I flipped through the book carefully yet quickly, but the more I turned the pages, the more something felt amiss.",慎重に、かつ素早く本の頁を捲っていったが、捲れば捲るほど何かがおかしいような気がしていった。,"Я осторожно, но быстро перелистывал страницы книги, но чем дальше, тем сильнее у меня возникало ощущение странности.",
,,,,,,,,,,默认237,,,,……,……,...,……,...,
,,方知宥,,,,,,,,默认238,,方知宥/35-2_方知宥_14,,[怎么可能……］,[怎麼可能……］,"""How could this be...""",「そんな……まさか……」,"""Как такое возможно...""",
,,,,,,,,,,默认239,,,,我攥着书的指尖在发抖。,我拿著書的指尖在發抖。,My fingertips clutching the book trembled.,本を持つ手が震える。,"Кончики пальцев, сжимающих книгу, задрожали.",
,,,,,,,,,,默认240,,,,一页页书页被翻开，一页页都是娟秀的字。,一頁頁書頁被翻開，一頁頁都是娟秀的字。,"Page after page turned, each filled with graceful handwriting.",捲るごとに、美しい字が綴られている。,"Страница за страницей раскрывались, являя на свет изящные иероглифы.",
,,,,,,,,,,默认241,,,,它们竖着排列，方方正正。,它們豎著排列，方方正正。,"They stood vertically arranged, perfectly squared.",きっちりと、列と行を揃えて。,"Выстроенные вертикально, ровные и чёткие.",
,,,,,,,,,,默认242,,,,扉页后的每一页，都是亲笔抄写的。,扉頁後的每一頁，都是親筆抄寫的。,Every page beyond the title leaf bore handwritten characters.,表題紙の後の頁は、いずれも彼女自身で書き写したものだ。,"Каждая страница, следующая за титульным листом, была переписана ею собственноручно.",
,,,,,,,,,,默认243,,,,她是用正楷抄的书，抄了《西游记》原文中的每一个字。,她是用正楷抄的書，抄了《西遊記》原文中的每一個字。,"She had transcribed the entire book in standard script, copying every single character from the original ""Journey to the West"".",彼女は楷書でこの本を、『西遊記』の原文の字すべてを書き写していた。,"Ровным стилем ""кайшу"" она переписала каждое слово из оригинального текста ""Путешествия на Запад"".",
,,,,,,,,,,默认244,,,,在那些原文的旁边，她还用稍显随意却同样娟秀的小楷写了一些批注。,在那些原文的旁邊，她還用稍顯隨意卻同樣娟秀的小楷寫了一些批註。,"Alongside the original text, she had added annotations in slightly freer yet equally refined small regular script.",原文の横に、やや走り書きっぽさはあるものの、やはり美しい楷書で小さく注釈がつけてある。,"А рядом она несколько небрежно, но всё равно аккуратно, мелким уставом ""кайшу"" оставила свои комментарии.",
,Se,纸张纷飞,,1.4,,,,,,,,,,
,,,,,,,,,,默认245,,,,——哗啦啦,——嘩啦啦,—Splash!,――パラララ,*Шурух.*,
,Se,纸张纷飞,,1.4,,,,,,,,,,
,,,,,,,,,,默认246,,,,——哗啦啦,——嘩啦啦,—Splash!,――パラララ,*Шурух.*,
,CharacterOff,,,,,,2,,,,,,,,,,,
,HideMessageWindow,,,,,,,,,,,,,,,,,
,CaptureImage,截图,SpriteCamera,背景截图,,,,,,,,,,,,,,
,Bg,序章5,,,,,,,,,,,,,,,,
,RuleFadeOut,截图,Ink,,Linear,,2,,PageWait,,,,,,,,,
,Wait,,,,,,1,,,,,,,,,,,
,ShowMessageWindow,,,,,,,,,,,,,,,,,
,,,,,,,,,,默认247,,,,我快速翻着这本书，不忍去细读完任意一页，而目光却总是不经意间瞥见她的一些批注。,我快速翻著這本書，不忍去細讀完任意一頁，而目光卻總是不經意間瞥見她的一些批註。,"I leafed quickly through the book, unable to bring myself to read any page thoroughly, yet my eyes kept straying to her marginal notes.",ぱらぱらと本をめくり進めていく。どのページも細かく読み込むことが忍びなかったが、視線は無意識にしっかりと彼女の書いた注釈に向いてしまった。,"Я быстро листал книгу, не находя в себе духу внимательно вчитаться хоть в одну страницу, но мой взгляд то и дело невольно останавливался на её пометках.",
,,,,,,,,,,默认248,,苏怜烟/补_苏怜烟_01,,“此处手抖抄错一行，知宥权当没看见吧。”,“此處手抖抄錯一行，知宥全當沒看見吧。”,"""My hand slipped here and I copied a line wrong—Zhiyou, just pretend you didn't notice"".",「手が震えて一行書き間違えた。見なかったことにして」,"""Тут у меня дрогнула рука, и строчка получилась с ошибкой - Чжию, сделай вид, будто не заметил этого.""",
,,,,,,,,,,默认249,,苏怜烟/补_苏怜烟_02,,“我抄至此处，忽觉唐僧亦非善类，竟如此逼迫悟空。”,“我抄至此處，忽覺唐僧亦非善類，竟如此逼迫悟空。”,"""As I copied to this point, I suddenly realized Tang Monk was no saint either—pushing Wukong so harshly"".",「ここまで書き写して、唐僧も善人でないことに気が付いた。あんな風に悟空をいじめるなんて」,"""Когда я дописала до этого места, мне вдруг пришло в голову, что Танский монах-то совсем не так добр, как кажется - вон как вертит Сунь Укуном.""",
,,,,,,,,,,默认250,,苏怜烟/补_苏怜烟_03,,“唐僧的前十世，莫非皆被沙悟净所食……这两人能一同西行，也是有趣。”,“唐僧的前十世，莫非皆被沙悟淨所食……這兩人能一同西行，也是有趣。”,"""Were Tang Monk’s past ten lives all devoured by Sha Wujing... How ironic that these two journeyed west together"".",「唐僧の前世十生は、ぜんぶ沙悟浄に食べられちゃったのかしら……そんな二人が一緒に西遊の旅をするなんて、ちょっとおもしろい」,"""Неужели предыдущие десять реинкарнаций Танского монаха все были сожраны Ша Уцзином?... То, что они в итоге вместе путешествовали на Запад - это, конечно, забавно.""",
,,,,,,,,,,默认251,,苏怜烟/补_苏怜烟_04,,“冷……今夜格外冷。”,“冷……今夜格外冷。”,"""Cold... tonight is unusually cold"".",「寒い……今日はとても冷え込んでる」,"""Холодно... Сегодня ночью как-то особенно холодно.""",
,,,,,,,,,,默认252,,苏怜烟/补_苏怜烟_05,,“此段，倒让我想起了那年在方院，你我隔墙交流之时。”,“此段，倒讓我想起了那年在方院，你我隔牆交流之時。”,"""This passage takes me back to that year in Fang's Courtyard, when we whispered across the wall"".",「この一節は、方院で壁越しにお話ししてた頃を思い出すわ」,"""Этот раздел напомнил мне, как мы с тобой тогда во дворе Фан разговаривали через стенку.""",
,,,,,,,,,,默认253,,苏怜烟/补_苏怜烟_06,,“抄至此处，方觉你好久没来了……难道是那景姨从中作梗，说我不想见你。”,“抄至此處，方覺你好久沒來了……難道是那景姨從中作梗，說我不想見你。”,"""Only upon reaching this part did I notice your long absence... Could Aunt Jing have meddled, claiming I refused to see you"".",「ここまで書き写して、久しくあなたが来ていないことを思い出した……もしかしたら、景ばあが会わせないように邪魔をしてるのかしら」,"""Дошла до этого места и подумала, что ты уже давно ко мне не приходил... Неужели это тётушка Цзин строит козни и говорит, что я якобы не хочу видеться с тобой?""",
,,,,,,,,,,默认254,,苏怜烟/补_苏怜烟_07,,“我想见你。”,“我想見你。”,"""I miss you"".",「会いたい」,"""Я хочу тебя увидеть.""",
,,,,,,,,,,默认255,,苏怜烟/补_苏怜烟_08,,“愈写愈难，怕是抄不完此书了。”,“愈寫愈難，怕是抄不完此書了。”,"""The further I write, the harder it becomes. I fear I’ll never finish transcribing this book"".",「だんだん書くのがつらくなってきた。もしかしたら、最後まで書き写せないかも」,"""Писать всё тяжелее и тяжелее - боюсь, мне так и не выйдет довершить эту книгу до конца.""",
,AutoSave,,,,,,,,,,,,,
,,,,,,,,,,默认257,,,,她的字迹，越是写到后面便越是淡，也越是歪斜。,她的字跡，越是寫到後面便越是淡，也越是歪斜。,Her handwriting grew fainter and more erratic with each line.,彼女の筆跡が、後ろになるにつれて弱々しく、また歪んでいった。,"Чем дальше она писала, тем слабее и искривлённее становился её почерк.",
,,,,,,,,,,默认258,,,,等到最后那章时，那原本工整娟秀的字体不在了，每一笔每一画都透露出她握笔的不易。,等到最後那章時，那原本工整娟秀的字體不在了，每一筆每一畫都透露出她握筆的不易。,"By the final chapter, her once neat and elegant handwriting had vanished, each stroke betraying the struggle of her grip.",最後の回に差し掛かると、元の整然としたあの美しい字はもはやなく、一筆一画から筆を持つことすら容易ではないことが見て取れた。,"К последней главе от былого изящества не осталось и следа - в каждой черте иероглифа чувствовалось, как тяжело ей было держать кисть.",
,,方知宥,,,,,,,,默认259,,,,[……],[……],"""...""",「……」,"""...""",
,,,,,,,,,,默认260,,,,我合上了书，不忍再去看里面的文字。,我合上了書，不忍再去看裡面的文字。,"I shut the book, unable to endure the words within any longer.",そっと本を閉じる。これ以上彼女の字を見るのがつらかった。,"Не в силах смотреть дальше, я захлопнул книгу.",
,,,,,,,,,,默认261,,,,这时，我忽然回想起了她当年所说的一句话——,這時，我忽然回想起了她當年所說的一句話——,"Then, I suddenly remembered something she'd once told me—",その時、ふと彼女の言葉を思い出す――,В этот момент мне вдруг вспомнились некогда сказанные ею слова:,
,,,,,,,,,,默认262,,,,……,……,...,……,...,
,CharacterOff,,,,,,2,,,,,,,,,,,
,HideMessageWindow,,,,,,,,,,,,,,,,,
,CaptureImage,截图,SpriteCamera,背景截图,,,,,,,,,,,,,,
,Bg,序章6,,,,,,,,,,,,,,,,
,RuleFadeOut,截图,Ink,,Linear,,2,,PageWait,,,,,,,,,
,Wait,,,,,,1,,,,,,,,,,,
,ShowMessageWindow,,,,,,,,,,,,,,,,,
,,,,,,,,,,默认263,,苏怜烟/02_苏怜烟_21,6,[倘若有朝一日，你书写成，名动四方，我便赠你一物。],[倘若有朝一日，你書寫成，名動四方，我便贈你一物。],"""Should you one day finish that book and achieve fame, I shall bestow a gift upon you.""",「もしも本を書き上げて有名になれたら、私から贈り物をあげるわ」,"""Если когда-нибудь напишешь свою книгу и прославишься, то я тебе подарю кое-что.""",
,,,,,,,,,,默认264,,,,她浅笑，侧身回眸望向我说着。,她淺笑，側身回眸望向我說著。,"With a faint smile, she turned her head to look back at me as she spoke.",彼女は微笑むと、振り返って私を見てそう言った。,"Сказала она с лёгкой улыбкой, повернувшись ко мне боком.",
,,,,,,,,,,默认265,,,,那是她与我的约定。,那是她與我的約定。,That was our promise.,彼女と私の約束だ。,Таков был наш с ней уговор.,
,,,,,,,,,,默认266,,,,她一直记得。,她一直記得。,She never forgot it.,ずっと覚えていたんだ。,Она всегда о нём помнила.,
,,,,,,,,,,默认267,,,,时至今日，我并未写完那《狮驼国》，却偶然找到了她藏起来的——早已为我备好的礼物。,時至今日，我並未寫完那《獅駝國》，卻偶然找到了她藏起來的——早已為我備好的禮物。,"To this day, I never finished ""Lion Camel Kingdom"", yet I discovered the gift she'd hidden—waiting for me all along.",今日に至るまで私はまだ『獅駝国』を書き終えていないが、偶然にも彼女が隠しておいた――彼女が用意していた私宛ての贈り物を見つけてしまった。,"Вот только я так и не дописал своё ""Королевство Льва и Верблюда"" - но, тем не менее, случайно наткнулся на этот припрятанный ею для меня подарок.",
,,,,,,,,,,默认268,,,,她知道我平生最大的爱好便是收藏各种藏书。,她知道我平生最大的愛好便是收藏各種藏書。,She knew my greatest passion in life was collecting books.,私の人生の最大の趣味が様々な蔵書の蒐集であると、彼女は知っていた。,"Она знала, что моим самым большим увлечением в жизни было коллекционирование книг.",
,,,,,,,,,,默认269,,,,我曾对她说过，《西游记》是我最喜欢的一本书。,我曾對她說過，《西遊記》是我最喜歡的一本書。,"I once told her ""Journey to the West"" was my favorite book.",『西遊記』が私の最も好きな本であることを、彼女に話したことがある。,"И я как-то говорил ей, что ""Путешествие на Запад"" - моя самая любимая книга.",
,,,,,,,,,,默认270,,,,而她送我的礼物，便是她亲手抄写的《西游记》。,而她送我的禮物，便是她親手抄寫的《西遊記》。,"Her gift to me was a handwritten copy of ""Journey to the West"".",そして彼女からの贈り物は、自ら書き写した『西遊記』の写本だった。,"И вот она сделала мне подарок - переписанное собственной рукой ""Путешествие на Запад"".",
,,,,,,,,,,默认271,,,,这确实是我最喜欢的礼物。,這確實是我最喜歡的禮物。,This was truly my most cherished gift.,間違いなく私が最も気に入る贈り物だ。,Такой подарок действительно был мне больше всего по душе.,
,,,,,,,,,,默认272,,,,只可惜因她病体难支，最终只抄了五十四回。,只可惜因她病體難支，最終只抄了五十四回。,"Sadly, due to her failing health, she only completed up to Chapter 54.",しかし残念ながら病に侵されていたせいで、五十四回までしか写すことができなかった。,"Жаль только, что из-за болезни она успела переписать лишь пятьдесят четыре главы.",
,,,,,,,,,,默认273,,,,只可惜我无法当面对她道谢，告诉她我很喜欢这个礼物……,只可惜我無法當面對她道謝，告訴她我很喜歡這個禮物……,"Sadly, I never got to thank her in person or tell her how much I loved this gift...",残念ながら彼女に直接礼を言って、この贈り物が気に入ったことを伝えられなかった……,"Жаль только, что мне так и не удалось лично поблагодарить её за этот подарок, сказать, как он мне нравится...",
,,,,,,,,,,默认274,,,,只可惜……,只可惜……,Such a shame...,残念ながら……,Жаль...,
,,,,,,,,,,默认275,,,,……,……,...,……,...,
,,方恒,<Off>,,,,,,,默认276,,方恒/35-2_方恒_17,,[喂！大哥，你眼睛怎么红了？是不是快哭了？],[喂！大哥，你眼睛怎麼紅了？是不是快哭了？],"""Hey! Eldest Brother, why are your eyes red? Are you about to cry?""",「あっ！お兄ちゃん、目の周りが赤いよ？泣きそうなの？」,"""Эй! Братец, чего это у тебя глаза красные? Ты плачешь?""",
,CharacterOff,,,,,,2,,,,,,,,,,,
,HideMessageWindow,,,,,,,,,,,,,,,,,
,CaptureImage,截图,SpriteCamera,背景截图,,,,,,,,,,,,,,
,Bg,当铺废墟,,,,,,,,,,,,,,,,
,RuleFadeOut,截图,ReInk,,Linear,,2,,PageWait,,,,,,,,,
,Wait,,,,,,1,,,,,,,,,,,
,ShowMessageWindow,,,,,,,,,,,,,,,,,
,,,,,,,,,,默认277,,,,方恒拽了我一下，关切地询问我。,方恆拽了我一下，關切地詢問我。,"Fang Heng tugged my sleeve, asking with concern.",方恒が私の袖を引っ張り、心配そうな顔をする。,"Обеспокоенно спросил Фан Хэн, дёргая меня за рукав.",
,,方知宥,,,,,,,,默认278,,方知宥/35-2_方知宥_15,,[没啊……没有。],[沒啊……沒有。],"""No... nothing.""",「違う……そんなんじゃない」,"""Да нет... Ничего такого.""",
,,,,,,,,,,默认279,,,,我否认着，但那带着哭腔的声音却让我的说法显得牵强。,我否認著，但那帶著哭腔的聲音卻讓我的說法顯得牽強。,"I denied it, but my voice cracked with emotion, making my words sound hollow.",否定したものの、鼻声のせいでむしろ強がっているように聞こえてしまった。,"Ответил я, но мой плачущий голос делал это отрицание неубедительным.",
,,,,,,,,,,默认280,,,,我别过脸去，背对着方恒，小心翼翼地将那本手抄的《西游记》重新放入了小木盒中。,我別過臉去，背對著方恆，小心翼翼地將那本手抄的《西遊記》重新放入了小木盒中。,"Turning away from Fang Heng, I carefully returned the handwritten copy of ""Journey to the West"" to its small wooden box.",私は顔を背け、方恒に背を向けるとそっと『西遊記』の写本を木箱の中に戻した。,"Я повернулся к Фан Хэну спиной и осторожно положил рукопись ""Путешествия на Запад"" обратно в шкатулку.",
,,方恒,通常,,,,,,,默认281,,方恒/35-2_方恒_18,,[你找到想要的东西了？],[你找到想要的東西了？],"""Did you find what you wanted?""",「探し物は見つかった？」,"""Нашёл то, что искал?""",
,,方知宥,,,,,,,,默认282,,方知宥/35-2_方知宥_16,,[找到了。］,[找到了。］,"""I found it.""",「ああ、見つかった」,"""Ага.""",
,,方恒,,,,,,,,默认283,,方恒/35-2_方恒_19,,[那你带走吧，就当救了我一命的谢礼。],[那你帶走吧，就當救了我一命的謝禮。],"""Then take it, as repayment for saving my life.""",「持って行っていいよ。僕を助けてくれたお礼」,"""Тогда забирай - считай это тебе в подарок за моё спасение.""",
,,方知宥,,,,,,,,默认284,,方知宥/35-2_方知宥_17,,[多谢……多谢。］,[多謝……多謝。］,"""Thank you... I'm grateful.""",「ありがとう……ありがとう……」,"""Спасибо тебе... Большое спасибо.""",
,CharacterOff,,,,,,0.3,,,,,,,
,,,,,,,,,,默认285,,,,……,……,...,……,...,
,,,,,,,,,,默认286,,,,谢过方恒后，我从那些珍贵的当品中，取走了雁儿姐留给我的这一份。,謝過方恆後，我從那些珍貴的當品中，取走了雁兒姐留給我的這一份。,"After expressing my thanks to Fang Heng, I claimed from the pawned treasures this one item - the keepsake <ruby=Swan Goose>Sister Yan</ruby> had left me.",方恒に礼を言い、貴重な質入れ品の中から、雁姉が私に遺したものだけを取り出した。,"Поблагодарив Фан Хэна, я забрал из груды ценных закладных вещей ту, что оставила сестричка Лебёдушка.",
,,,,,,,,,,默认287,,,,这之后，我帮他重新埋好了其余的当品，再而与他辞别，独行于东关街上。,這之後，我幫他重新埋好了其餘的當品，再而與他辭別，獨行於東關街上。,"After helping him rebury the remaining valuables, I took my leave and walked alone down Dongguan Street.",その後、他の質入れ品は再び埋め、彼に別れを告げると一人で東関街を歩いた。,"После этого я помог ему заново закопать остальное, а затем, распрощавшись с ним, пошёл один по улице Восточной заставы.",
,,,,,,,,,,默认288,,,,我徘徊在这正被慢慢重建着的城中，嗅着那逐渐淡掉的血腥味，听着那逐渐沉寂的人声，想着关于雁儿姐的一切。,我徘徊在這正被慢慢重建著的城中，嗅著那逐漸淡掉的血腥味，聽著那逐漸沉寂的人聲，想著關於雁兒姐的一切。,"I wandered through this slowly rebuilding city, breathing in the fading scent of blood, listening to the voices around me grow quieter, thinking of all that concerned <ruby=Swan Goose>Sister Yan</ruby>.",ゆっくりと復興されつつある町をうろついた。徐々に薄れゆく血の臭いを嗅ぎ、次第に静まってゆく人の声を聞きながら、雁姉に想いを馳せた。,"Я бродил по этому мало-помалу заново отстраиваемому городу, чувствуя всё более рассеивающийся запах крови, слыша всё более затихающие людские голоса, размышляя обо всём, что было связано с сестричкой Лебёдушкой.",
,,,,,,,,,,默认289,,,,有十年前的，有四年前的，有三年前。,有十年前的，有四年前的，有三年前。,"Some from ten years ago, some from four, some from three.",十年前の、四年前の、三年前の。,"О том, что было десять лет назад, четыре года, три года.",
,,,,,,,,,,默认290,,,,也有不久前的。,也有不久前的。,And some from not long ago.,ほんの少し前の。,"И о том, что было совсем недавно.",
,,,,,,,,,,默认291,,,,……,……,...,……,...,
,FadeOut,black,,,,,1,,,,,,,,,,,
,Bg,二十四桥记偏,,,,,,,,,,,,
,Wait,,,,,,2,,,,,,,
,FadeIn,black,,,,,1,,,,,,,,,,,
,,,,,,,,,,默认292,,,,不知不觉间。,不知不覺間。,Before I knew it.,気付けば。,Незаметно для самого себя.,
,,,,,,,,,,默认293,,,,我竟然又走回了二十四桥。,我竟然又走回了二十四橋。,I found myself back at the Twenty-Four Bridges.,再び二十四橋に来ていた。,Я снова вернулся к Двадцать четвёртому мосту.,
,,,,,,,,,,默认294,,,,这里因为刚下了雨，一切都是湿漉漉的，也没什么人在附近。,這裡因為剛下了雨，一切都是濕漉漉的，也沒什麼人在附近。,"It had just rained here, leaving everything damp and the area nearly deserted.",先ほどまで雨が降っていたせいで、あたりはじっとり濡れており、近くには誰もいなかった。,"После недавнего дождя здесь всё было мокрым, и поблизости никого не было.",
,,,,,,,,,,默认295,,,,我立于二十四桥的桥心中央，紧握那本书，深吸了一口气——,我立於二十四橋的橋心中央，緊握那本書，深吸了一口氣——,"Standing at the heart of the Twenty-Four Bridges, I clutched the book tightly and drew a deep breath—",私は二十四橋の中心に立ち、本をぎゅっと握りしめ、深く息を吸い込んだ――,"Стоя в центре моста, я сжал книгу в руках и сделал глубокий вдох...",
,,,,,,,,,,默认296,,,,然后将之掀开——,然後將之掀開——,Then lifted it open—,そして、それを開く――,После чего распахнул её:,
,,,,,,,,,,默认297,,,,我读到了她留在扉页上的字，也是写给此书的“序”。,我讀到了她留在扉頁上的字，也是寫給此書的“序”。,"I read the words she had left on the title page—they also served as this book's ""preface"".",表題紙に書き記された言葉を読む。それはこの本の「序」でもあった。,"Я прочёл слова, которые она оставила на титульном листе - её ""предисловие"" к этой книге.",
,,,,,,,,,,默认298,,,,我静默地看着，将她曾写下的每一个字都刻入心底。,我靜默地看著，將她曾寫下的每一個字都刻入心底。,"I watched silently, carving every word she'd written into my heart.",私は黙したままそれを読み、彼女が書いた一文字一文字を心に刻んでいった。,"Я молча читал его, запечатлевая в сердце каждое написанное ею слово.",
,,,,,,,,,,默认299,,,,但是，这些文字，并非是生硬死板的，并非只被囚禁于纸上。,但是，這些文字，並非是生硬死板的，並非只被囚禁於紙上。,"Yet these words weren't rigid or lifeless, nor were they imprisoned on paper.",しかしこれらの文字は、決してぎこちないものでもなければ、紙に閉じ込められたものでもなかった。,"Но слова эти не были жёсткими и безжизненными, не были пленниками этих бумажных страниц.",
,,,,,,,,,,默认300,,,,我看到它们从纸页上跃起，一个个地卷入风中，组成了一只只由文字组成的“纸雁”。,我看到它們從紙頁上躍起，一個個地捲入風中，組成了一隻隻由文字組成的“紙雁”。,"I saw them leap from the pages, swirling into the wind one by one, forming word-made ""paper geese"".",紙面から飛び立つように一つ一つの文字が風に乗り、字で出来た「紙の雁」になるのをこの目で見た。,"Я увидел, как слова взлетают со страниц, закруживаясь в потоке ветра, становясь стаями ""бумажных лебедей"".",
,,,,,,,,,,默认301,,,,纸雁扑闪着翅膀，成群结队，上下翻飞。,紙雁撲閃著翅膀，成群結隊，上下翻飛。,"The paper geese fluttered their wings, flying in flocks that soared and dipped.",紙の雁が羽ばたきながら、群れをなして上下に飛び交う。,"Стаи бумажных лебедей махали крыльями, кружась в воздухе.",
,,,,,,,,,,默认302,,,,最终它们一排排地抚过河面，捎来一阵熟悉的香气——,最終它們一排排地撫過河面，捎來一陣熟悉的香氣——,"At last, they skimmed the river's surface in rows, bearing a familiar fragrance—",そして列をなして川面を撫でたかと思うと、懐かしい香りを運んできた――,"Наконец, они пролетели рядами над поверхностью реки, принеся с собой знакомый аромат:",
,,,,,,,,,,默认303,,苏怜烟/35-2_苏怜烟_01,,[知宥，可喜欢我这个礼物？］,[知宥，可喜歡我這個禮物？］,"""Zhiyou, do you like this gift I gave you?""",「知宥、私からの贈り物は気に入ってくれた？」,"""Чжию, ну и как тебе мой подарок?""",
,,,,,,,,,,默认304,,,,突然，我听到了她的声音。,突然，我聽到了她的聲音。,"Suddenly, I heard her voice.",ふと、彼女の声が聞こえた。,Вдруг донёсся до меня её голос.,
,Se,风吹树叶,,,,,,,,,,,,
,Wait,,,,,,0.3,,,,,,,
,Shake,Graphics,,x=100 y=60 time=0.4,,,,,PageWait,,,,,,,,,
,,方知宥,,,,,,,,默认305,,,,[！],[！],"""!""",「！」,"""!""",
,,,,,,,,,,默认306,,,,我蓦然回首，她正在对面桥心处。,我驀然回首，她正在對面橋心處。,I turned abruptly—there she stood at the heart of the opposite bridge.,ぐるりと振り返ると、彼女が対岸の橋の真ん中に立っていた。,"Я резко обернулся - и увидел её, стоящую посреди моста напротив меня.",
,,苏怜烟,,,,,1.5,,,默认307,,,,[……］,[……］,"""...""",「……」,"""...""",
,,,,,,,,,,默认308,,,,她款步而来，穿着紫白色的长裙，发间步摇轻晃。,她款步而來，穿著紫白色的長裙，髮間步搖輕晃。,"She approached with measured steps, clad in a lavender-and-white gown, the hairpin swaying lightly in her hair.",優雅に歩いてくる彼女。紫陽花色の裳を穿き、ゆらりと髪飾りが揺れた。,"Она плавно подошла ко мне в своём фиолетовом с белым платье, подвески в её волосах легонько колыхались.",
,,,,,,,,,,默认309,,,,这风华绝代的模样，隔了一层雨后的薄雾，更显得如梦似幻。,這風華絕代的模樣，隔了一層雨後的薄霧，更顯得如夢似幻。,"Her breathtaking beauty, softened by the rain's lingering mist, seemed almost ethereal.",絶世の美女の姿が、雨上がりの薄霧の向こうで、夢幻のごとく浮かび上がる。,"Её неповторимая красота сквозь лёгкий туман после дождя казалась ещё более призрачной, словно из сновидения.",
,,,,,,,,,,默认310,,,,是雁儿姐。,是雁兒姐。,It was <ruby=Swan Goose>Sister Yan</ruby>.,雁姉……,Сестричка Лебёдушка.,
,,,,,,,,,,默认311,,,,这次的她，不再是“小雁儿”了，而是她长大后的模样。,這次的她，不再是“小雁兒”了，而是她長大後的模樣。,"This time, she wasn't ""Little Yan"" anymore, but the woman she'd become.",今回の彼女は、「小雁」ではなく、大人になった後の姿だった。,"Она больше не была той ""маленькой"" Лебёдушкой - сейчас она была в своём взрослом обличье.",
,,,,,,,,,,默认312,,,,她浅笑着，静静地望着我，眼波流转。,她淺笑著，靜靜地望著我，眼波流轉。,"With a faint smile, she watched me quietly, her eyes glimmering.",彼女が顔をほころばせ、静かに私に目配せをした。,"Она тихо глядела на меня с лёгкой улыбкой, в её глазах играли огоньки.",
,,方知宥,,,,,,,,默认313,,方知宥/35-2_方知宥_18,,[喜欢。],[喜歡。],"""I love it.""",「気に入ったとも」,"""Очень нравится.""",
,,,,,,,,,,默认314,,,,我微微一笑，回答了她刚才的问题。,我微微一笑，回答了她剛才的問題。,I smiled faintly and answered her earlier question.,私も微笑み、彼女の問いに答えた。,"Улыбаясь, ответил я на её вопрос.",
,,苏怜烟,说话,,,,,,,默认315,,苏怜烟/35-2_苏怜烟_02,,[咦？我忽然这样出现，你竟没有被吓到？],[咦？我忽然這樣出現，你竟沒有被嚇到？],"""Eh? You didn't get startled when I suddenly appeared like this?""",「あれ？いきなり現れたのに、あまり驚かないのね」,"""М-м-м? Тебя что, не испугало моё внезапное появление?""",
,,,,,,,,,,默认316,,,,她以团扇掩唇，惊讶一笑。,她以團扇掩唇，驚訝一笑。,"She covered her lips with a round fan, laughing in surprise.",団扇で口元を隠しながら、意外そうにする彼女。,Она прикрыла губы веером в удивлённой улыбке.,
,,方知宥,,,,,,,,默认317,,方知宥/35-2_方知宥_19,,[我不会被吓到的，我见过小时候的你许多次了，早就习惯你每次突然出现了。],[我不會被嚇到的，我見過小時候的你許多次了，早就習慣你每次突然出現了。],"""I wouldn't be startled. I’ve seen you as a kid many times—I've long grown used to your sudden appearances.""",「驚くものか。子供のころから何度も君を見てきたんだ。いきなり現れるなんていつものことさ」,"""Конечно, нет - я же уже видел тебя в детском обличье много раз и давно уже привык, что ты можешь появиться внезапно.""",
,,,,,,,,,,默认318,,,,我笑了笑。,我笑了笑。,I smirked.,ふっと笑う。,Рассмеялся я.,
,,苏怜烟,通常,,,,,,,默认319,,苏怜烟/35-2_苏怜烟_03,,[那你觉得……此时此刻的我——是滞留人间的鬼魂，还是因你的执念所生的幻觉？],[那你覺得……此時此刻的我——是滯留人間的鬼魂，還是因你的執念所生的幻覺？],"""Then tell me... do you think the me before you now—is a ghost lingering in this world, or an illusion born from your longing?""",「それじゃ……今の私は――現世に残った霊魂か、それともあなたの執着が生んだ幻、どっちだと思う？」,"""Тогда что ты думаешь... Сейчас я - это задержавшаяся в людском мире душа, или же иллюзия, порождённая твоей одержимостью прошлым?""",
,,,,,,,,,,默认320,,,,她笑着问。,她笑著問。,She asked with a smile.,彼女がそう私に訊く。,С улыбкой задала она вопрос.,
,,方知宥,,,,,,,,默认321,,方知宥/35-2_方知宥_20,,[我更希望你是鬼魂，不过……倘若真是幻觉，我也欣然接受了。],[我更希望你是鬼魂，不過……倘若真是幻覺，我也欣然接受了。],"""I'd rather you were a ghost, but... if you're truly an illusion, I'd gladly accept that too.""",「霊魂であると思いたい。だが……幻覚であったとしても、私は潔くそれを受け入れるつもりだ」,"""Хотелось бы, конечно, верить, что ты - её душа, однако... Даже если ты и просто иллюзия, я всё равно готов это принять.""",
,,苏怜烟,温柔,,,,,,,默认322,,,,[……],[……],"""...""",「……」,"""...""",
,,方知宥,,,,,,,,默认323,,方知宥/35-2_方知宥_21,,[文字能封存传递笔者的所思所想，跨越岁月，传递给他者……此刻的雁儿姐，是我因读了你的序言所诞生的——所以，哪怕你真是幻觉，也并非是我的一厢情愿——这便足够了。],[文字能封存傳遞筆者的所思所想，跨越歲月，傳遞給他者……此刻的雁兒姐，是我因讀了你的序言所誕生的——所以，哪怕你真是幻覺，也並非是我的一廂情願——這便足夠了。],"""Words can preserve and convey the writer's thoughts across time to reach others... This version of <ruby=Swan Goose>Sister Yan</ruby> was born from reading your preface—so even if you're just an illusion, it's not merely my wishful thinking—that's enough.""",「文字は筆者の想いを閉じ込め、時を跨いで他者に伝えることができる……今の雁姉は、君の書いた序文を私が読んだから生まれた存在だ――だから君が幻であろうと、私の思い込みなどではない――それだけで十分なんだ」,"<size=27>""Слова на бумаге способны запечатлеть мысли и чувства автора и донести их до прочих людей сквозь время… Ныне ты, сестричка Лебёдушка, появилась от прочтения мною твоего предисловия - так что, даже если ты и иллюзия, это всё равно не будет исключительно порождением моего больного воображения. А большего мне и не надо.""</size>",
,,,,,,,,,,默认324,,,,我豁达一笑，早就比当初看开了许多。,我豁達一笑，早就比當初看開了許多。,"I smiled with an open mind, having become much more philosophical than I was back then.",私は気楽に笑って、すでに昔よりずっと物事に目を向けるようになった。,"Я с мудростью улыбнулся, уже давно смотрю на вещи иначе.",
,Sprite,黑,,特效前,,,0.5,,,,,,,,,,,
,Tween,黑,ColorTo,alpha=0 time=0,,,,,,,,,,,,,,
,Tween,黑,ColorTo,alpha=0.4 time=0,,,,,NoWait,,,,,,,,,
,Wait,,,,,,0,,,,,,,,,,,
,,,,,,,,,,默认3241,,,,刚知道小雁儿是幻觉的时候，我曾因她的存在而感到痛苦。,剛知道小雁兒是幻覺的時候，我曾因她的存在而感到痛苦。,"Just now, when I learned that Little Yan was an illusion, her existence had caused me pain.",小雁児が幻覚だと知った当初、私は彼女の存在に苦しみを感じていた。,"Когда я только узнал, что Маленькая Утка — всего лишь иллюзия, я страдал из-за ее существования."
,,,,,,,,,,默认3242,,,,小雁儿无时无刻不在提醒着我：那个真实的、鲜活的、我所思念的苏怜烟已经死了。,小雁兒無時無刻不在提醒著我：那個真實的、鮮活的、我所思念的蘇憐煙已經死了。,"Little Yan reminded me incessantly: the real, the vivid Su Lianyan, the one I long for, is already dead.",小雁児は常に私にこう言い聞かせていた――あの現実的で、生き生きとしていて、私が慕っていた蘇怜煙は、もう死んでしまったのだと。,"Маленькая Утка ни на мгновение не переставала напоминать мне: та настоящая, живая Су Ляньянь, по которой я тоскую, уже мертва."
,,,,,,,,,,默认3243,,,,她的岁月永远冻结，不会再流动了……,她的歲月永遠凍結，不會再流動了……,"Her time is frozen forever, never to flow again…",彼女の歳月は永遠に凍りつき、二度と流れはしない……,Ее годы навсегда застыли и больше не будут течь…
,,,,,,,,,,默认3244,,,,可经历了这十日的求生后，我才发觉所谓的“清醒”或许本就没有意义。,可經歷了這十日的求生後，我才發覺所謂的“清醒”或許本就沒有意義。,"But after surviving these ten days, I’ve come to realize that perhaps what is called ""clarity"" never had any meaning to begin with.",しかし、この十日間の生死をさまよう日々を経て、私はようやく、いわゆる「正気」など、そもそも意味のないものなのかもしれないと気づいた。,"Но после десяти дней борьбы за выживание я понял, что так называемое «прозрение», возможно, и не имело смысла."
,,,,,,,,,,默认3245,,,,世道已然如此，众生已然如此。,世道已然如此，眾生已然如此。,The world is already like this; all beings are already like this.,世の中はすでにこうであり、生きとし生けるものはすでにこうなのだ。,"Такова уж жизнь, таковы уж люди."
,,,,,,,,,,默认3246,,,,一生如此漫长，却又如此短暂。,一生如此漫長，卻又如此短暫。,"A lifetime is so long, yet so short.",人生はこれほど長く、そしてこれほど短い。,"Жизнь такая длинная, и в то же время такая короткая."
,,,,,,,,,,默认3247,,,,多少真，多少假。,多少真，多少假。,"So much is real, so much is false.",どれほどが真実で、どれほどが偽りか。,"Сколько правды, сколько лжи."
,,,,,,,,,,默认3248,,,,何必去计较太多？,何必去計較太多？,Why bother distinguishing too much?,なぜそこまで深く考えなければならないのか？,Зачем слишком много об этом думать?
,,,,,,,,,,默认326,,,,即便此时的她是幻觉，也是因她弥留传递的真情而生的幻觉。,即便此時的她是幻覺，也是因她彌留傳遞的真情而生的幻覺。,"Even if she is an illusion now, she is an illusion born of the true feelings she left behind in her final moments.",たとえ今の彼女が幻影だとしても、それは彼女が最期の瞬間に伝えてくれた真情から生まれた幻影なのだ。,"Даже даже если она сейчас — иллюзия, то это иллюзия, рожденная искренними чувствами, которые она передала в последние минуты жизни.",
,,,,,,,,,,默认327,,,,这幻觉融入了她的思想、她的思念，是如此地真实。,這幻覺融入了她的思想、她的思念，是如此地真實。,"This illusion is imbued with her thoughts, her longing—it is so real.",この幻影には彼女の思想や想いが溶け込んでおり、あまりにもリアルだ。,"Эта иллюзия пропитана ее мыслями, ее тоской, она такая настоящая.",
,,,,,,,,,,默认328,,,,这便足矣……,這便足矣……,And that is enough…,それだけで十分なのだ……,Этого достаточно…,
,SpriteOff,黑,,,,,0.5,,NoWait,,,,,,,,,
,Wait,,,,,,0.5,,,,,,,,,,,
,,,,,,,,,,默认329,,,,……,,,,,
,,苏怜烟,通常,,,,,,,默认330,,苏怜烟/35-2_苏怜烟_04,,[知宥，我当面为你读一遍序言吧。],[知宥，我當面為你讀一遍序言吧。],"""Zhiyou, let me read you the preface in person.""",「知宥、序文を読み聞かせてあげる」,"""Чжию, давай я прочту тебе своё предисловие.""",
,,,,,,,,,,默认331,,,,她向我走近了几步，柔声提议道。,她向我走近了幾步，柔聲提議道。,She stepped closer and softly suggested.,彼女が私に近付き、柔らかにそう言った。,"Подойдя поближе, ласково предложила мне она.",
,,方知宥,,,,,,,,默认332,,方知宥/35-2_方知宥_22,,[好。],[好。],"""Got it.""",「よろしく」,"""Давай.""",
,,,,,,,,,,默认333,,,,我点了点头，刚想把那本她手抄的《西游记》递给她，却发现那本书突然多了一本，出现在了她的手中。,我點了點頭，剛想把那本她手抄的《西遊記》遞給她，卻發現那本書突然多了一本，出現在了她的手中。,"I nodded and was about to hand her the handwritten copy of ""Journey to the West"" when I noticed another copy had suddenly appeared in her hands.",私は頷き、彼女が写した『西遊記』を渡そうとしたが、ふとそれがもう一冊増えて彼女の手にあることに気が付いた。,"Кивнул я. Я хотел было протянуть ей книгу - но обнаружил, что у неё в руках вдруг появилась своя копия.",
,,苏怜烟,温柔,,,,,,,默认334,,,,[……],[……],"""...""",「……」,"""...""",
,,,,,,,,,,默认335,,,,她笑着向我眨了眨眼睛，然后垂下眼眸，捧起她送给我的那本书，翻至序言那一页，轻声读起来——,她笑著向我眨了眨眼睛，然後垂下眼眸，捧起她送給我的那本書，翻至序言那一頁，輕聲讀起來——,"She smiled, winked at me, then lowered her eyes, lifted the book she'd given me, turned to the preface, and began reading softly—",にこりと彼女が目配せし、そして目を伏せると、私に贈ったその本を手に取り、序章の頁をめくって、そっと読み始めた――,"Она улыбнулась и подмигнула мне, затем опустила глаза на книгу, что преподнесла мне в подарок, открыла страницу с предисловием и негромко зачитала:",
,,苏怜烟,担忧,,,,,,,默认336,,苏怜烟/35-2_苏怜烟_05,,[知宥亲启，当你见到此书时，我应已不在人世。],[知宥親啟，當你見到此書時，我應已不在人世。],"""To Zhiyou, with care: By the time you read this, I'll already be gone.""",「知宥がこの本を開く時、私はこの世にはいないでしょう」,"""Лично для Чжию. Когда ты узришь сии строки, меня, скорее всего, уже не будет в мире людском.""",
,,苏怜烟,,,,,,,,默认337,,苏怜烟/35-2_苏怜烟_06,,[我身患怪症，自知命不久矣，加之阁中有人欲将我尽早发卖，相逼日紧。],[我身患怪症，自知命不久矣，加之閣中有人慾將我盡早發賣，相逼日緊。],"""I suffer from a strange illness and know my time is short. Worse still, some in the household are pressuring to sell me off quickly.""",「私は難病を患い、先が長くないこともわかっている。加えて、店には私を早々に売り飛ばそうとする者もいて、日増しに圧力が強まっている」,"""Поражённая странной хворью, я понимаю, что жить мне осталось немного - ко всему прочему, люди из павильона желают как можно скорее продать меня, и давление их на меня с каждым днём лишь усиливается.""",
,,苏怜烟,,,,,,,,默认338,,苏怜烟/35-2_苏怜烟_07,,[于是，我愿趁尚未身不由己之时，以我心愿之法，了断一切。],[於是，我願趁尚未身不由己之時，以我心願之法，了斷一切。],"""Thus, before I lose all agency over my fate, I choose to end everything on my own terms.""",「だから私が自らの意志で動けるうちに、私が願う方法で、全てを終わらせるつもり」,"""Посему желаю я, покуда тело моё ещё не утратило свободы, покончить со всем этим по собственной воле.""",
,,苏怜烟,温柔,,,,,,,默认339,,苏怜烟/35-2_苏怜烟_08,,[其实，你我在长大后重逢之初，我本欲试探你的心意，若你也有求死之心，便邀你一同殉情……也算是令你我黄泉有伴，并不寂寞。],[其實，你我在長大後重逢之初，我本欲試探你的心意，若你也有求死之心，便邀你一同殉情……也算是令你我黃泉有伴，並不寂寞。],"""Truthfully, when we first reunited as adults, I planned to test your feelings. Had you also wished for death, I would have asked you to join me in a lovers' suicide... so we wouldn't be lonely in the afterlife.""",「私たちが大人になって初めて会った時、あなたの本心を探ろうとした。あなたにも希死念慮があるのなら、心中を持ちかけるつもりだった……一緒に黄泉まで旅立てば、寂しくないから」,"""Буду честна - когда мы с тобой снова встретились, будучи взрослыми, у меня было желание удостовериться, нет ли у тебя также стремления к смерти - и, буде оно так, пригласить тебя отправиться в мир иной вместе...""",
,,苏怜烟,,,,,,,,默认340,,苏怜烟/35-2_苏怜烟_09,,[那本《梁祝》也是为此早早备好的……然而，与你在那次画舫出行时，我还是下定决心、改了主意。],[那本《梁祝》也是為此早早備好的……然而，與你在那次畫舫出行時，我還是下定決心、改了主意。],"""I had prepared that copy of 'The Butterfly Lovers' for this very purpose... But during our boat outing, I changed my mind.""",「この『梁山伯と祝英台』も、このために準備しておいたもの……だけど、あなたと画舫に乗った時、私は考えを改めることにした」,"""Книга 'Влюблённые-бабочки' была заранее приготовлена мною на этот случай... Однако после прогулки с тобой на расписной лодке я всё же переменила своё решение.""",
,,方知宥,,,,,,,,默认341,,,,[……],[……],"""...""",「……」,"""...""",
,,苏怜烟,担忧,,,,,,,默认342,,苏怜烟/35-2_苏怜烟_10,,[我这一生，早已望至尽头，哪怕能离开泠音阁这处囚笼，病症也会使我的身体愈发僵硬，终会使我失去自由。],[我這一生，早已望至盡頭，哪怕能離開泠音閣這處囚籠，病症也會使我的身體越來越僵硬，終會使我失去自由。],"""My life has long been approaching its end. Even if I could leave <ruby=泠音>Lingyin</ruby> Pavilion's cage, my illness would slowly stiffen my body until I lose all freedom.""",「この一生の先は見えている。泠音閣という鳥籠から抜け出せても、病は私の体を徐々に蝕み、自由を奪っていく」,"""Моя жизнь уже вот-вот подойдёт к своему финалу - даже если я покину клетку, именуемую 'Мелодичным павильоном', хворь всё равно будет постепенно сковывать моё тело, лишая меня свободы.""",
,,苏怜烟,温柔,,,,,,,默认343,,苏怜烟/35-2_苏怜烟_11,,[但你不同，你有健康的身体，也不被其他人所束缚……你的前路很长，你该活下去，长命百岁，实现你的梦想。],[但你不同，你有健康的身體，也不被其他人所束縛……你的前路很長，你該活下去，長命百歲，實現你的夢想。],"""But you're different—you have a healthy body and no ties holding you back... Your path stretches long before you. You must live, live fully, and fulfill your dreams.""",「だけどあなたは違う。健康な体があり、誰かに縛られることもない……あなたにはまだまだ先がある。だから長生きして、夢を実現してほしい」,"""Но твой случай - совершенно иной, твоё тело в полном здравии, твоя свобода никем не ограничена... Впереди у тебя долгий путь - так что ты должен жить дальше, дожить до ста лет и исполнить свою мечту.""",
,,方知宥,,,,,,,,默认344,,,,[……],[……],"""...""",「……」,"""...""",
,,苏怜烟,,,,,,,,默认345,,苏怜烟/35-2_苏怜烟_12,,[知宥，我为你手抄的此本西游记，内附了我的许多批语，依“世德堂本”所抄录，共一百回。],[知宥，我為你手抄的此本西遊記，內附了我的許多批語，依“世德堂本”所抄錄，共一百回。],"""Zhiyou, this handwritten copy of Journey to the West I've prepared for you includes my many marginal notes, transcribed from the 'Shidetang edition' in its full hundred chapters.""",「知宥、あなたのために書き起こしたこの西遊記に、多くの注釈をつけておいた。『世徳堂本』の写しを元に、全百回分を」,"""Чжию, я собственноручно перепишу для тебя 'Путешествие на Запад' - внутри будет оставлено множество моих комментариев. За основу я возьму издание от печатного дома Шидэтан длиною в сто глав.""",
,,苏怜烟,,,,,,,,默认346,,苏怜烟/35-2_苏怜烟_13,,[愿此书能长伴你一生，替我留在你身边……故而莫要很快读完，若能一年读一至三回，这百回也够陪你数十载了吧。],[願此書能長伴你一生，替我留在你身邊……故而莫要很快讀完，若能一年讀一至三回，這百回也夠陪你數十載了吧。],"""May this book walk with you through life, standing by your side where I cannot... So don't rush through it. Reading just one to three chapters yearly would let these hundred chapters accompany you for decades.""",「この本を私のかわりに、ずっと傍に置いておいてほしい……すぐに読み終えないで。一年で一から三回ほど読めば、この百回も数十年のお供になるはずだから」,"""Надеюсь, книга сия будет твоим спутником на всю жизнь вместо меня самой... Посему не стремись прочесть её слишком поспешно - ежели будешь читать в год не более трёх глав, то ста глав тебе хватит на десятки лет.""",
,,苏怜烟,担忧,,,,,,,默认347,,苏怜烟/35-2_苏怜烟_14,,[补序：抱歉，我的病愈加严重，最终难以握笔，未能写完百回，知宥看得更慢一些吧。],[補序：抱歉，我的病癒加嚴重，最終難以握筆，未能寫完百回，知宥看得更慢一些吧。],"""Postscript:  Sorry, my illness grew worse, until I could barely hold a pen and ultimately failed to complete the hundred chapters. I suppose Zhiyou will just have to read even more slowly.""",「追伸。ごめんなさい。病気の悪化がひどくて、筆を執る事すらままならなくなってしまい、百回まで書くことができなかった。だからもう少しゆっくり読んで」,"""Постскриптум: Прости меня. Хворь усиливается, я уже не в силах держать кисть, все сто глав мне дописать не выйдет. Так что постарайся читать её ещё медленнее.""",
,CharacterOff,,,,,,0.5,,,,,,,
,,,,,,,,,,默认348,,,,……,,,,,
,,方知宥,,,,,,,,默认349,,,,[……],[……],"""...""",「……」,"""...""",
,,,,,,,,,,默认350,,,,她缓缓念完序言。,她緩緩念完序言。,She finished reciting the preface slowly.,ゆっくりと、彼女が序章を読み終えた。,Она медленно дочитала предисловие до конца.,
,,,,,,,,,,默认351,,,,我静静听着，句句入心。,我靜靜聽著，句句入心。,"I listened in silence, absorbing every word.",私は聞き入り、彼女の言葉を心に刻む。,"Я тихо слушал его, каждое слово проникало в глубины моего сердца.",
,,苏怜烟,通常,,,,0.5,,,默认352,,苏怜烟/35-2_苏怜烟_15,,[如何？],[如何？],"""How is it?""",「どうだった？」,"""Ну что, как тебе?""",
,,,,,,,,,,默认353,,,,她含笑着问。,她含笑著問。,She asked with a faint smile.,彼女が私に訊く。,С улыбкой спросила она.,
,,苏怜烟,通常,,,,,,,,,,,,我鄭重地答道，親口對她說出了我的感謝。,"I replied solemnly, voicing my gratitude to her directly.",真摯にそう答える私。彼女に感謝の言葉を伝えた。,"Торжественно ответил я, выражая ей свою благодарность."
,,方知宥,,,,,,,,默认354,,方知宥/35-2_方知宥_23,,[甚好，谢谢雁儿姐，这是我此生最喜欢的礼物。],[甚好，謝謝雁兒姐，這是我此生最喜歡的禮物。],"""Wonderful, thank you <ruby=Swan Goose>Sister Yan</ruby>. This is the most cherished gift of my life.""",「とても素晴らしいよ。ありがとう、雁姉。人生で一番嬉しい贈り物だった」,"""Великолепно. Спасибо, сестричка Лебёдушка. Это - мой самый любимый подарок в этой жизни.""",
,,,,,,,,,,默认355,,,,我郑重地答道，亲口对她说出了我的感谢。,我鄭重地答道，親口對她說出了我的感謝。,"I replied solemnly, voicing my gratitude to her directly.",真摯にそう答える私。彼女に感謝の言葉を伝えた。,"Торжественно ответил я, выражая ей свою благодарность.",
,,苏怜烟,微笑,,,,,,,默认356,,苏怜烟/35-2_苏怜烟_16,,[呵，你这一生还长着呢，怎么就是“最喜欢”了……也许今后，还会有与你相爱的女子，会送你一份更好的礼物。],[呵，你這一生還長著呢，怎麼就是“最喜歡”了……也許今後，還會有與你相愛的女子，會送你一份更好的禮物。],"""Hah, your life is still long—how can this be your 'most cherished' already... Perhaps someday, a woman who loves you will give you something even better.""",「ふふっ、あなたの一生はまだまだよ。なのに『人生で一番』だなんて……これから先、あなたを愛する女が現れて、もっと素敵な贈り物をくれるかもしれないわ」,"""Ха, у тебя ещё целая жизнь впереди, как ты можешь говорить, что он у тебя будет 'самым любимым'... Возможно, когда-нибудь у тебя появится другая возлюбленная, от которой ты получишь подарок ещё лучше.""",
,,,,,,,,,,默认357,,,,雁儿姐笑着调侃道。,雁兒姐笑著調侃道。,<ruby=Swan Goose>Sister Yan</ruby> teased with a chuckle.,からかうように雁姉が笑った。,Шутливо рассмеялась сестричка Лебёдушка.,
,,方知宥,,,,,,,,默认358,,方知宥/35-2_方知宥_24,,[大概不会吧。],[大概不會吧。],"""I doubt it.""",「そんなこと、きっとないさ」,"""Ну это уж вряд ли.""",
,,,,,,,,,,默认359,,,,我轻叹着一笑。,我輕嘆著一笑。,I sighed softly with a smile.,軽い溜め息をつき、微笑む私。,Я тихо вздохнул и улыбнулся.,
,,苏怜烟,通常,,,,,,,默认360,,,,[……],[……],"""...""",「……」,"""...""",
,,方知宥,,,,,,,,默认361,,,,[……],[……],"""...""",「……」,"""...""",
,,方知宥,,,,,,,,默认362,,方知宥/35-2_方知宥_25,,[此生未能与你长相厮守，但看到了这份礼物，也让我彻底明了你的心意，足矣……],[此生未能與你長相廝守，但看到了這份禮物，也讓我徹底明了你的心意，足矣……],"""Though we couldn't stay together in this lifetime, seeing this gift has made your heart clear to me, that's enough... """,「君と共に添い遂げることはできなかったけど、この贈り物を見て君の気持はよくわかった。それだけで十分だ……」,"""Пусть в этой жизни нам не удалось остаться вместе, но теперь благодаря этому подарку мне удалось полностью узнать твои чувства - и мне этого вполне достаточно...""",
,,方知宥,,,,,,,,默认363,,方知宥/35-2_方知宥_26,,[只是……雁儿姐，我不明白，你为何不能在尚存人世的时候……当面亲口与我说这些呢？],[只是……雁兒姐，我不明白，你為何不能在尚存人世的時候……當面親口與我說這些呢？],"""But... <ruby=Swan Goose>Sister Yan</ruby>, I don’t understand—why couldn’t you tell me these things in person while you were still alive?""",「だが雁姉……まだわからないんだ。君が生きている間に……なぜ直接言ってくれなかったのか」,"""Разве что... сестричка Лебёдушка, я не совсем понимаю, почему ты не могла ещё при жизни... лично сообщить мне всё это?""",
,,苏怜烟,好奇,,,,,,,默认364,,,,[……],[……],"""...""",「……」,"""...""",
,,方知宥,,,,,,,,默认365,,方知宥/35-2_方知宥_27,,[那时……你明明可以来见我一面，直接告知我你内心的想法，为何……如此匆匆便自尽了？],[那時……你明明可以來見我一面，直接告知我你內心的想法，為何……如此匆匆便自盡了？],"""Back then... you could’ve come to see me, could’ve told me your thoughts directly—why... did you take your own life so hastily?""",「あの時……私に会って心の内を打ち明けてくれてもよかったのに、どうして……死に急ぐようなことを？」,"""В то время… ты же могла прийти ко мне, чтобы лично рассказать о своих чувствах, так почему же… ты так поспешно покончила с собой?""",
,,苏怜烟,平静,,,,,,,,,,,,渴望著一個答案。,Longing for an answer.,どうしても答えが知りたかった。,Страстно желая услышать её ответ.
,,,,,,,,,,默认366,,,,我询问着她。,我詢問著她。,I asked her.,彼女に問う。,Спросил я её.,
,,,,,,,,,,默认367,,,,渴望着一个答案。,渴望著一個答案。,Longing for an answer.,どうしても答えが知りたかった。,Страстно желая услышать её ответ.,
,,苏怜烟,羞涩,,,,,,,默认368,,,,[……],[……],"""...""",「……」,"""...""",
,,,,,,,,,,默认369,,,,她低下头，抿着唇。,她低下頭，抿著唇。,"She lowered her head, lips pressed tight.",彼女がうつむき、唇を噛む。,Она опустила голову и прикусила губу.,
,,,,,,,,,,默认370,,,,微风拂过，扬起了她的发丝和裙角，继而她轻声开口——,微風拂過，揚起了她的髮絲和裙角，繼而她輕聲開口——,"A breeze stirred, lifting her hair and the hem of her skirt—then she spoke softly—",そよ風が吹き、彼女の裾をふわりと撫でた。そして彼女が口を開く――,"Лёгкий ветерок коснулся её волос и подола платья, и тогда она тихо заговорила:",
,,苏怜烟,担忧,,,,,,,默认371,,苏怜烟/35-2_苏怜烟_17,,[若是那样，或许会连累到你。],[若是那樣，或許會連累到你。],"""If I had, it might’ve dragged you down with me.""",「そんなことをしたら、あなたまで巻き込んでしまうと思ったから」,"""Если бы я так поступила, это могло бы втянуть тебя в беду.""",
,,方知宥,,,,,,,,默认372,,,,[……],[……],"""...""",「……」,"""...""",
,,苏怜烟,,,,,,,,默认373,,苏怜烟/35-2_苏怜烟_18,,[我若是投河前先去见你，倘若被旁人看到，你便与我之死有了关联，会给你带来许多麻烦……］,[我若是投河前先去見你，倘若被旁人看到，你便與我之死有了關聯，會給你帶來許多麻煩……］,"""Had I gone to you before drowning myself, had anyone seen us... your name would’ve been tied to my death. It would’ve brought you nothing but trouble...""",「もし身を投げる前にあなたに会っているのを誰かに見られたら、私の死への関与が疑われる。そうなれば面倒をかけることになってしまう……」,"""Если бы я нанесла тебе визит перед тем, как броситься в реку, и это бы увидели посторонние, тебя могли бы заподозрить в причастности к моей смерти, и это принесло бы тебе много неприятностей…""",
,,苏怜烟,温柔,,,,,,,默认374,,苏怜烟/35-2_苏怜烟_19,,[况且，我自尽前的那几日，身子太虚弱了，面色也不好看……我不愿毁了你心中最后对我的印象。],[況且，我自盡前的那幾日，身子太虛弱了，臉色也不好看……我不願毀了你心中最後對我的印象。],"""Besides, in my final days, I was too frail, and my face had grown pallid... I couldn’t bear to tarnish your last memory of me.""",「それに自尽する直前の数日は、すっかり体が弱っちゃって顔色も優れなかったから……あなたの中にある私の最後の印象を台無しにしたくなかったの」,"""К тому же в те дни перед самоубийством я уже совсем ослабла, и вид у меня был уже не тот… Я не хотела испортить последнее впечатление о себе, которое осталось у тебя в сердце.""",
,,,,,,,,,,默认375,,,,她含笑说着，解答着我的疑惑。,她含笑說著，解答著我的疑惑。,She answered my unspoken question with a gentle smile.,微笑みながらそう言い、私の疑問に答えてくれた。,С улыбкой разрешила она мои сомнения.,
,,方知宥,,,,,,,,默认3751,,,,[……],……,...,……,...,
,,,,,,,,,,默认3752,,,,怕连累到我……怕毁了我心中最后的印象。,怕連累到我……怕毀了我心中最後的印象。,Afraid of dragging me down… afraid of ruining the final impression of me in her heart.,私を巻き込むのが怖かった……私の心に残る最後の印象を壊すのが怖かったのだ。,"Боялась обременить меня… боялась разрушить последнее впечатление, оставшееся в моем сердце.",
,,,,,,,,,,默认3753,,,,原来如此……,原來如此……,So that’s it…,なるほど……,Так вот в чем дело…,
,,,,,,,,,,默认3754,,,,雁儿姐追求极致、追求完满，她比我更难对一些事妥协。,雁兒姐追求極致、追求完滿，她比我更難對一些事妥協。,"Sister Yan pursued the ultimate, sought perfection—she found it even harder than I do to compromise on certain things.",雁児姉は極致を求め、完璧を追求する。彼女は私よりも、あることに対して妥協するのが難しいのだ。,"Сестра Янь стремилась к совершенству, к полноте, ей было еще труднее, чем мне, идти на компромисс в некоторых вещах.",
,,,,,,,,,,默认3755,,,,或许，在她原本的计划里，她托我买路引，劝我租画舫，是真的想与我一同逃出扬州城，再一同逃去一个遥远而美好的地方殉情。,或許，在她原本的計劃裡，她託我買路引，勸我租畫舫，是真的想與我一同逃出揚州城，再一同逃去一個遙遠而美好的地方殉情。,"Perhaps, in her original plan, she asked me to buy the travel permit and urged me to rent a pleasure boat because she truly wanted to escape Yangzhou with me, to flee together to some distant, beautiful place, and there, die with me.",もしかすると、彼女の当初の計画では、私に路引を買わせ、画舫を借りるよう勧めたのは、本当に私と共に揚州の城を抜け出し、遠く美しい場所へ逃れて殉情しようとしていたのかもしれない。,"Возможно, в ее первоначальном плане, когда она поручила мне купить пропуск и уговорила арендовать лодку, она действительно хотела вместе со мной сбежать из Янчжоу, а затем уехать в какое-нибудь далекое и прекрасное место, чтобы покончить с собой.",
,,,,,,,,,,默认3756,,,,她原本计划地很完满。,她原本計劃地很完滿。,Her original plan was flawless.,彼女の当初の計画は完璧だった。,Ее план изначально был безупречен.,
,,,,,,,,,,默认3757,,,,只是，这个计划在实行过程中，她逐渐察觉到了一些不完满之处，使她改变了主意——,只是，這個計劃在實行過程中，她逐漸察覺到了一些不完滿之處，使她改變了主意——,It was only during its execution that she gradually noticed imperfections—flaws that made her change her mind.,ただ、その計画を実行する過程で、彼女は次第にいくつかの不完全な点に気づき、考えを変えたのだ――,"Просто в процессе его осуществления она постепенно заметила некоторые несовершенства, которые заставили ее передумать —",
,,,,,,,,,,默认3758,,,,不完满的是她察觉到我像当年一样口是心非——其实我从来不像她那样渴望自由，没法抛下一切……,不完滿的是她察覺到我像當年一樣口是心非——其實我從來不像她那樣渴望自由，沒辦法拋下一切……,"The imperfection was that she realized I was still saying one thing but meaning another, just like back then—I had never craved freedom the way she did, unable to abandon everything…",不完全だったのは、私が昔と同じように口先だけで本心ではないことに彼女が気づいたことだ――実のところ、私は彼女のように自由を渇望したことはなく、すべてを捨て去ることはできなかった……,"Несовершенством было то, что она заметила, как я, как и в те времена, говорил одно, а думал другое — на самом деле я никогда не жаждал свободы так, как она, и не мог бросить все…"
,,,,,,,,,,默认3759,,,,不完满的是她发觉我们租画舫出行的那一夜已然很美好，美好到她觉得应该定格于此，使这一夜成为我们最好的分别……,不完滿的是她發覺我們租畫舫出行的那一夜已然很美好，美好到她覺得應該定格於此，使這一夜成為我們最好的分別……,"The imperfection was that she came to feel the night we rented the boat and set out together was already so beautiful—so beautiful that she thought it should be frozen in time, making that night our perfect farewell…",不完全だったのは、彼女が、私たちが絵舫を借りて出かけたあの夜がすでにとても素晴らしく、あまりにも素晴らしすぎて、この瞬間に留めておくべきだと感じたこと。この夜を、私たちにとって最高の別れの夜にすべきだと……,"Несовершенством было то, что она поняла: та ночь, когда мы отправились на арендованной лодке, уже была прекрасна, настолько прекрасна, что, по ее мнению, следовало остановиться на этом, чтобы эта ночь стала нашим лучшим прощанием…"
,,,,,,,,,,默认3760,,,,不完满的是——她突然有了一个对她来说更重要的想法。,不完滿的是——她突然有了一個對她來說更重要的想法。,And the imperfection was that—she suddenly had a thought that mattered more to her.,不完全だったのは――彼女に、自分にとってより重要な考えが突然浮かんだこと。,"Несовершенством было то, что… у нее внезапно появилась мысль, которая стала для нее важнее всего."
,,,,,,,,,,默认3761,,,,她想让我在人世间好好活着。,她想讓我在人世間好好活著。,She wanted me to live on in this world.,彼女は、私にこの世でしっかりと生きていてほしいと願った。,"Она хотела, чтобы я жил полноценной жизнью в этом мире."
,,,,,,,,,,默认3762,,,,她想让自己，永远以最完美的模样——在我的记忆中活着。,她想讓自己，永遠以最完美的模樣——在我的記憶中活著。,She wanted to live on forever—in my memories—in her most perfect form.,彼女は、自分自身を、永遠に最も完璧な姿で――私の記憶の中に生き続けたいと願った。,"Она хотела, чтобы она сама навсегда осталась в моей памяти в самом совершенном образе."
,,,,,,,,,,默认376,,,,……,……,……,……,.........
,,苏怜烟,说话,,,,,,,默认377,,苏怜烟/35-2_苏怜烟_20,,[知宥……］,〔知宥……〕,[Zhi You...],[お許しください……］,[Знание о прощении...]
,,方知宥,,,,,,,,默认378,,,,[……］,〔……〕,[……］,[……］,[...]
,,苏怜烟,通常,,,,,,,默认379,,苏怜烟/35-2_苏怜烟_21,,[儿时某次，我们曾聊起，你不知爹娘为何给你取名叫知宥……其实啊，我偷偷帮你想明白了，正好说与你听。],[兒時某次，我們曾聊起，你不知爹娘為何給你取名叫知宥……其實啊，我偷偷幫你想明白了，正好說與你聽。],"Once when we were children, we talked about how you didn't know why your parents named you Zhiyou... Actually, I secretly figured it out for you and happened to tell you",「子供の頃、私たちはあなたがお父さんとお母さんがどうしてあなたに知宥という名前をつけたのか分からないと話していました……実は、私はこっそりあなたのことを考えてあげました。ちょうどあなたと話をしていました。」,"[Однажды в детстве мы говорили, что ты не знаешь, почему родители назвали тебя Чжи Ю... На самом деле, я тайно помог тебе понять, как раз сказал, чтобы услышать тебя.]"
,,方知宥,,,,,,,,默认380,,,,[……],[……],[……],[……],[……]
,,苏怜烟,,,,,,,,默认381,,苏怜烟/35-2_苏怜烟_22,,[“宥”者，“宽”也，想来你父母是盼着你——无论今后遇到什么困难，都能宽心以对。],[“宥”者，“寬”也，想來你父母是盼著你——無論今後遇到什麼困難，都能寬心以對。],"The one who forgives, the one who is lenient. I think your parents are looking forward to you - no matter what difficulties you encounter in the future, you can be at ease",「宥」者、「寛」也、思えばあなたの両親はあなたを望んでいます。これからどんな困難があっても、心を許すことができます。」,"[""Ю"" тот, ""снисходительно"", хочет также, чтобы ваши родители ждут вас - независимо от того, какие трудности встретятся в будущем, может быть облегчение, чтобы быть правильным.]"
,,苏怜烟,微笑,,,,,,,默认382,,苏怜烟/35-2_苏怜烟_23,,[知宥，你当往前走，向前看，莫要回头。],[知宥，你當往前走，向前看，莫要回頭。],"Zhiyu, you should move forward, look forward, and never turn back",[ご諒を知って、前に進んで、前を見て、振り向いてはいけません。],"[Знай Ю, иди вперёд, смотри вперёд, не оглядывайся назад.]"
,,方知宥,,,,,,,,默认383,,,,[……],[……],[……],[……],[……]
,,苏怜烟,温柔,,,,,,,默认384,,苏怜烟/35-2_苏怜烟_24,,[好啦，是时候彻底别过了——往后的路，你要独自走啦。］,[好啦，是時候徹底別過了——往後的路，你要獨自走啦。〕,"Alright, it's time to completely stop going - the road ahead, you have to walk alone",「よし、徹底的にやめておく時だ。後ろの道、一人で行くんだよ」,"[Ладно, пора совсем не переходить - путь назад, ты пойдешь один.]"
,,,,,,,,,,默认385,,,,她侧过头，青丝扬起，似乎即将隐入雨雾，走向远方。,她側過頭，青絲揚起，似乎即將隱入雨霧，走向遠方。,"She turned her head, her green hair rising, as if about to hide in the rain and mist, heading towards the distance.",彼女は横を向いて、青い糸が舞い上がって、間もなく雨霧に隠れて、遠くへ行くようだ。,"Она повернулась, и синий шелк поднялся, и казалось, что вот - вот скроется в дождевой туман и пойдет вдаль."
,,方知宥,,,,,,,,默认386,,,,[……],[……],[……],[……],[……]
,,,,,,,,,,默认387,,,,我望向她，做出了最终的选择——,我望向她，做出了最終的選擇——,I looked at her and made the final choice——,私は彼女を見て、最終的な選択をしました。,Я посмотрел на нее и сделал окончательный выбор -
,CharacterOff
,StopBgm,,,,,,4,,,,,,,,,,,
,Selection,*挽留,,,,,,,,,,,,挽留
,Selection,*告别,,,,,,,,,,,,告别
,*挽留,,,,,,2
,FadeOut,black,,,,,2,,,,,,,,,,,
,CharacterOff,,,,,,1
,StopBgm,,,,,,4,,,,,,,,,,,
,Jump,*map_commonEnd_9
,StopBgm,,,,,,3,,,,,,,,,,,
,*告别
,FadeOut,black,,,,,2,,,,,,,,,,,
,CharacterOff,,,,,,2
,StopBgm,,,,,,4,,,,,,,,,,,
,Jump,*map_commonEnd_10
