#SHEET_NAME,记-第十九回一
,Command,Arg1,Arg2,Arg3,Arg4,Arg5,Arg6,Arg7,WaitType,Text,PageCtrl,Voice,WindowType,SC,TC,English,Japanese,Russian
,ChapterAnimation,BG_Ji_19_1,chapter_bg_J,chapter_title_J19_1,Liang,265,,,,,,,,,,,
,*map_ji_19_1,,,,,,,,,,,,,,,,
,UnlockPlotMap,map_ji_19_1,,,,,,,,,,,,,,,
,SetChapterName,记-第十九回一,,,,,,
,Wait,,,,,,1,
,FadeOut,black,,,,,0,
,Bg,堆尸城墙夜,,,,,,,,,,,,,,,
,Tween,BG,ScaleTo,x=0.5 y=0.5 time=0,,,,,,,,,,,,,
,FadeIn,black,,,,,1,,,,,,,,,,,
,Ambience,荒凉城镇,TRUE
,Bgm,重重墙囚,,,,3,3
,AutoSave
,,,,,,,,,,默认1,,,,子时已过，扬州城又安静了下来，连那些残酷的声音也少了许多，几乎听不见了。,子時已過，揚州城又安靜了下來，連那些殘酷的聲音也少了許多，幾乎聽不見了。,"The midnight had passed, and Yangzhou City settled back into silence. Even those harsh sounds had grown faint, almost vanishing from earshot.",子の刻を過ぎ、揚州が再び静まり返った。あの残酷な声もだいぶ収まり、ほぼ聞こえなくなった。,"Миновала <ruby=23:00-01:00>стража Крысы</ruby>, на Янчжоу вновь опустилась тишина. Те жестокие звуки тоже ослабели, став почти неслышными."
,,,,,,,,,,默认2,,,,我与良叔悄然走出了泠音阁。,我與良叔悄然走出了泠音閣。,Uncle Liang and I slipped quietly out of <ruby=泠音>Lingyin</ruby> Pavilion.,私と良はこっそり泠音閣を抜け出した。,"Мы с дядюшкой Ляном потихоньку вышли за пределы ""Мелодичного павильона""."
,,,,,,,,,,默认3,,,,不久前，我们辞别了琼华等人。,不久前，我們辭別了瓊華等人。,"Not long before, we had bid farewell to Qionghua and the others.",少し前に瓊華たちと別れは済ませた。,Незадолго до этого мы попрощались с Цюнхуа и остальными.
,,,,,,,,,,默认4,,,,如今，我们踏上了出扬州城的路。,如今，我們踏上了出揚州城的路。,"Now, we were making our way out of Yangzhou City.",これより私たちは、揚州の町を発つ。,И теперь мы направлялись на выход из Янчжоу.
,,,,,,,,,,默认5,,,,琼华原本想再帮我们去准备两副盔甲，但良叔提到盔甲太重，不易于长途跋涉，便婉拒了。,瓊華原本想再幫我們去準備兩副盔甲，但良叔提到盔甲太重，不易於長途跋涉，便婉拒了。,"Qionghua had initially wanted to prepare two sets of armor for us, but Uncle Liang pointed out their impractical weight for long travel and politely declined.",瓊華は私たちのために鎧を二つ用意しようとしたが、鎧は重すぎるため長い道のりには向かないと良が言い、丁重に断った。,"Цюнхуа хотела было опять приготовить для нас два набора доспехов, но дядюшка Лян сказал, что тяжёлая броня будет помехой в долгом пути, и мягко отказался от этого предложения."
,,,,,,,,,,默认6,,,,况且，此时正值妖兵收到封刀的命令集合之时，穿上盔甲很可能比不穿盔甲更容易招惹是非、徒增盘查之险。,況且，此時正值妖兵收到封刀的命令集合之時，穿上盔甲很可能比不穿盔甲更容易招惹是非、徒增盤查之險。,"Besides, this was when demon soldiers were mustering under sword-sheathed orders—wearing armor would only draw unwanted attention and increase the risk of inspections.",それに、今は妖兵が封刀命で集まっている。鎧を着込んでいる方がむしろ着ていないよりも面倒を招き、いたずらに調べられる危険を増やしかねない。,"К тому же, сейчас, когда войскам яогуаев пришёл приказ ""вложить меч в ножны"" и они стали перегруппировываться, наличие брони на нас могло принести больше проблем, чем её отсутствие - так как повышало риск того, что к нам прицепятся с расспросами."
,,,,,,,,,,默认7,,,,琼华思忖片刻，也觉得有道理，便不再坚持。,瓊華思襯片刻，也覺得有道理，便不再堅持。,"After pondering for a moment, Qionghua also found it reasonable and ceased her insistence.",瓊華は少し考え、一理あると納得すると、それ以上は何も言わなかった。,"Немного поразмыслив, Цюнхуа согласилась с этими выводами и больше не настаивала."
,,,,,,,,,,默认8,,,,她为我们备好了清水与干粮，又将几封书信和饯别之礼仔细包好，交到了良叔手中。,她為我們備好了清水與乾糧，又將幾封書信和餞別之禮仔細包好，交到了良叔手中。,"She prepared clean water and provisions for us, then carefully wrapped several letters and parting gifts before handing them to Uncle Liang.",彼女は水と干し米を用意し、封書と餞別の品も添えて丁寧に包むと、良にそれを持たせた。,"Она подготовила нам в дорогу воды и сухих лепёшек, завязала в узелок письма и прощальные подарки и передала это всё дядюшке Ляну."
,,,,,,,,,,默认9,,,,……,……,...,……,...
,,良,好奇,,,,,,,默认10,,良/32-1_良_01,,[知幼，我们即将出城，你可还有什么想去的地方？],[知幼，我們即將出城，你可還有什麼想去的地方？],"""Zhiyo, we are about to leave the city. Is there anywhere else you'd like to visit?""",「知優、もうすぐ町を出るが、どこか行っておきたい場所はあるか？」,"""Чжию, мы вот-вот покинем город - не хочешь перед этим заглянуть в какое-то место?"""
,,,,,,,,,,默认11,,,,走出泠音阁不远后，良叔放缓脚步，询问着我。,走出泠音閣不遠後，良叔放緩腳步，詢問著我。,"Not long after leaving <ruby=泠音>Lingyin</ruby> Pavilion, Uncle Liang slowed his pace and turned to me.",泠音閣を出てから少しして、良が足を緩めて私に訊いた。,"Когда мы немного отошли от Мелодичного павильона, спросил меня дядюшка Лян, замедлив шаг."
,,方知宥,,,,,,,,默认12,,,,[……］,[……］,"""...""",「……」,"""..."""
,,方知宥,,,,,,,,默认13,,方知宥/32-1_方知宥_01,,[没有，事不宜迟，我们走吧。］,[沒有，事不宜遲，我們走吧。］,"""No, we shouldn’t delay. Let’s go.""",「いや、遅くならないうちに出発しよう」,"""Да нет - лучше не будем тянуть и пойдём уже отсюда."""
,CharacterOff,,,,,,,,,,,,,
,,,,,,,,,,默认14,,,,我略做思考，终是摇了摇头。,我略作思考，終是搖了搖頭。,"After brief consideration, I finally shook my head.",少し考え、結局首を横に振る私。,После недолгих размышлений я в конце концов покачал головой.
,,方知宥,,,,,,,,默认15,,,,[……],[……],"""...""",「……」,"""..."""
,Sprite,黑,,特效前,,,0.5,,,,,,,,,,,
,Tween,黑,ColorTo,alpha=0 time=0,,,,,,,,,,,,,,
,Tween,黑,ColorTo,alpha=0.4 time=0,,,,,NoWait,,,,,,,,,
,Wait,,,,,,0,,,,,,,,,,,
,,,,,,,,,,默认16,,,,其实我心底深处，也并非毫无留恋。,其實我心底深處，也並非毫無留戀。,"Deep down, I wasn’t entirely free of lingering attachments.",正直なところ、まったく未練がないというわけではない。,"Не то, чтобы в глубине души у меня не было подобных мыслей."
,,,,,,,,,,默认17,,,,我原想说：在走之前，最好能再回方院老宅一趟，取走几本最为珍视的旧书，或许还能找到些散落的银两。,我原想說：在走之前，最好能再回方院老宅一趟，取走幾本最為珍視的舊書，或許還能找到些散落的銀兩。,"I had initially thought to say: Before we depart, it would be best to return once more to the old house in Fang's Courtyard—to retrieve a few cherished books and perhaps even some scattered silver taels.",できれば出発前に方院に戻って、いちばん大切にしている古本や、あわよくば散らばった金を取りに行きたいと言うつもりだった。,"Поначалу я думал сказать о том, что неплохо было бы перед уходом наведаться ко двору семьи Фан, забрать оттуда наиболее ценные старые книги, да и посмотреть, вдруг там где-то завалялось немного серебра."
,,,,,,,,,,默认18,,,,然而，我很快想到书籍沉重，大概难以携带，且不能因一己私念延误良叔出城的时机，只好作罢。,然而，我很快想到書籍沉重，大概難以攜帶，且不能因一己私念延誤良叔出城的時機，只好作罷。,"However, I quickly realized the books were too heavy to carry, and I couldn’t delay Uncle Liang's departure from the city for my own selfish desires, so I reluctantly gave up.",しかし本は重くて携帯するには向かないし、私の個人的な一存のせいで良が町を出る時機を失ってはならないとすぐに考え直し、諦めることにした。,"Но потом я понял, что тяжёлые книги в дорогу брать будет не слишком удобно, да и задерживать дядюшку Ляна из-за каких-то личных привязанностей будет не очень подобающе, так что решил отказаться от этой идеи."
,,,,,,,,,,默认19,,,,更何况……方院所在的东城区已经历经了数番洗劫，此时那里恐怕早已被焚毁一空，徒留断壁残垣，不剩下什么了。,更何況……方院所在的東城區已經歷經了數番洗劫，此時那裡恐怕早已被焚毀一空，徒留斷壁殘垣，不剩下什麼了。,"Moreover... the East District, where Fang's Courtyard once stood, had already endured multiple raids. By then, it was likely reduced to ashes—nothing but broken walls and ruins remained.",ましてや……方院のある東城区はすでに幾度もの略奪に遭っている。今更行ったところで、あるのは家の燃えかすと壁の残骸だけで、大したものは残っていないだろう。,"Тем более... Восточный квартал, где стоит двор семьи Фан, уже неоднократно подвергался разграблению - вполне возможно, там уже всё сожжено дотла, и кроме развалин и обломков там ничего не найти."
,,,,,,,,,,默认20,,,,可惜。,可惜。,What a pity.,残念だ。,Увы.
,SpriteOff,黑,,,,,0.5,,NoWait,,,,,,,,,
,Wait,,,,,,0.5,,,,,,,,,,,
,,,,,,,,,,默认21,,,,……,……,...,……,...
,,,,,,,,,,默认22,,,,确认我的想法后，良叔便不再多言，很快便带着我出城了。,確認我的想法後，良叔便不再多言，很快便帶著我出城了。,"Once my thoughts were confirmed, Uncle Liang fell silent and swiftly led me out of the city.",私の考えを確認すると、良はそれ以上何も言わず、すぐに私を連れて町を出た。,"Услышав мой ответ, дядюшка Лян без лишних слов повёл меня прочь из города."
,,,,,,,,,,默认23,,,,我们从东门城墙的缺口出城，意图先突围妖兵的包围圈，再往南边走。,我們從東門城牆的缺口出城，意圖先突圍妖兵的包圍圈，再往南邊走。,"We exited through a breach in the eastern city wall, intending to break through the demon soldiers' encirclement before heading south.",私たちは東門の穴から抜け出した。まずは妖兵の包囲を突破し、そこから南に向かうつもりだ。,"Мы пошли на выход через пробоину в восточных воротах, собираясь сначала выйти из оцепления яогуайских солдат, а затем отправиться на юг."
,,,,,,,,,,默认24,,,,这一路我们沿途所见到的景象，依然是如此触目惊心。,這一路我們沿途所見到的景象，依然是如此觸目驚心。,The scenes we witnessed along the way remained utterly horrifying.,道中で見た光景は、相変わらず目を覆いたくなるようなものだった。,"Зрелища, что мы наблюдали вдоль дороги, оставались всё такими же душераздирающими."
,FadeOut,black,,,,,1,,,,,,,,,,,
,BgOff,,,,,,1,,,,,,,,,,,
,Bg,郊外夜,,,,,0.5,,,,,,,,,,,
,Tween,BG,ScaleTo,x=1 y=1 time=0,,,,,,,,,,,,,,
,Tween,BG,MoveTo,x=0 y=0 time=0,,,,,,,,,,,,,,
,Wait,,,,,,0.5,,,,,,,
,FadeIn,black,,,,,1,,,,,,,,,,,
,,,,,,,,,,默认25,,,,焚毁的民宅如焦黑的骨架，歪斜地支棱于夜色之中，宛如一具具巨大的尸骸。,焚毀的民宅如焦黑的骨架，歪斜地支稜於夜色之中，宛如一具具巨大的屍骸。,"The scorched houses stood like blackened skeletons, crooked in the night, resembling enormous carcasses.",焼け落ちた家が真っ黒な骨組みとなり、巨大な死骸のように歪に夜闇にそびえ立っている。,"Обугленные скелеты сожжённых домов криво вырисовывались на фоне ночного неба, словно гигантские трупы."
,,,,,,,,,,默认26,,,,而在这些建筑的“尸骸”之间，男女老幼的骸骨更是堆积如山。,而在這些建築的“屍骸”之間，男女老幼的骸骨更是堆積如山。,"And among these architectural ""carcasses"", the bones of men, women, and children lay piled like mountains.",そしてその建物の「死骸」の間に、老若男女の死体が山のように積み重なっていた。,"И среди этих ""останков"" зданий грудами высились тела мужчин, женщин, стариков и детей."
,,,,,,,,,,默认27,,,,也许是妖兵有意将一些尸首运送到城墙边上，也许是妖兵曾在城墙边进行了大规模的屠戮……城墙边上的尸体，较城内街巷更是多了许多。,也許是妖兵有意將一些屍首運送到到城牆邊上，也許是妖兵曾在城牆邊進行了大規模的屠戮……城牆邊上的屍體，較城內街巷更是多了許多。,"Perhaps the demon soldiers intentionally hauled corpses to the city walls, or perhaps they conducted mass slaughter there... The dead near the walls far outnumbered those in the city's streets and alleys.",妖兵がこの死体を城壁まで運んできたのか、はたまた城壁の近くで大規模な虐殺が行われたのか……城壁の傍の死体の数は、町中に落ちているそれよりも遥かに多かった。,"Возможно, яогуаи специально сгребали часть трупов к городским стенам, либо же здесь в своё время случилась массовая резня... Но количество трупов возле стен было ещё больше, чем на улицах города."
,,,,,,,,,,默认28,,,,有妇人蜷成未足月胎儿的姿态，发间插着半截断箭。,有婦人蜷成未足月胎兒的姿態，髮間插著半截斷箭。,"A woman curled in fetal position, a broken arrow shaft protruding from her hair.",未熟児のように足を丸めた女には、髪の隙間に折れた矢が刺さっている。,"Женщина, свернувшаяся в позу недоношенного младенца, среди волос которой торчала отломанная наполовину стрела."
,,,,,,,,,,默认29,,,,有士兵后仰朝天，被一杆长枪刺穿在地上。,有士兵後仰朝天，被一桿長槍刺穿在地上。,"A soldier lay on his back, pinned to the ground by a spear.",仰向けに倒れた兵士は、長槍で地面に串刺しにされている。,"Солдат, опрокинувшийся навзничь, пригвождённый копьём к земле."
,,,,,,,,,,默认30,,,,有童子伏在井台，后颈上凝着紫黑色的血痂。,有童子伏在井台，後頸上凝著紫黑色的血痂。,"A child slumped by the well, his nape crusted with a dark purple scab.",井戸の縁に伏せている子供は、首の後ろに紫がった血の膿が固まっている。,"Ребёнок, лежавший ничком у края колодца, на шее сзади у которого запеклась фиолетово-чёрная кровь."
,,,,,,,,,,默认31,,,,更多的是血肉模糊、蚊蝇打转、发出恶臭的看不清模样的尸堆。,更多的是血肉模糊、蚊蠅打轉、發出惡臭的看不清模樣的屍堆。,More numerous were the indistinguishable corpse piles - putrid masses of blurred flesh swarmed by flies.,だがほとんどは人の形を留めず、蠅がたかり、悪臭を放つ血まみれの死体だった。,"Куда больше трупов было уже неразличимого вида, они источали зловоние, над ними кружились полчища мух."
,,,,,,,,,,默认32,,,,他们层层叠叠，骨连着肉，肉连着破布，在暗淡月光下，凝成一座座黑银色的雕塑。,他們層層疊疊，骨連著肉，肉連著破布，在暗淡月光下，凝成一座座黑銀色的雕塑。,"They lay piled in layers, bones fused with flesh and tattered cloth, congealed into silver-black sculptures under the pallid moonlight.",それらが積み重なり、骨が肉に、肉がぼろ布にくっつき、薄い月明かりの下で黒々とした銀色の彫像になっている。,"Они лежали грудами, кости их переплетались с плотью, плоть с обрывками одежды - в бледном лунном свете эти груды срастались в изваяния из тёмного серебра."
,Shake,Graphics,,x=100 y=60 time=0.4,,,,,PageWait,,,,,,,,,
,,良,坚定,,,,,,,默认33,,良/32-1_良_02,,[蹲下。］,[蹲下。］,"""Crouches down.""",「頭を低くしろ」,"""Пригнись."""
,,,,,,,,,,默认34,,,,良叔忽地压低声音，他用手压住我的肩膀，带着我快速蹲了下来。,良叔忽地壓低聲音，他用手壓住我的肩膀，帶著我快速蹲了下來。,"Uncle Liang suddenly hushed his voice, pressing his hand on my shoulder and swiftly pulling me down into a crouch.",良が声を落とし、私の肩を押さえてその場にしゃがんだ。,"Вдруг прошептал дядюшка Лян, прижимая меня рукой за плечо вниз."
,,,,,,,,,,默认35,,,,他的动作很快，一时让我反应不及。,他的動作很快，一時讓我反應不及。,His movements were too quick for me to react.,あまりに速い動きに、反応が追い付かなかった。,"Его движения были такими быстрыми, что я не сразу опомнился."
,CharacterOff,,,,,,,,,,,,,
,,方知宥,,,,,,,,默认36,,,,[……],[……],"""...""",「……」,"""..."""
,,,,,,,,,,默认37,,,,我抬起头，循着良叔的目光望去，才知道他如此行动的意图——,我抬起頭，循著良叔的目光望去，才知道他如此行動的意圖——,I lifted my head and traced Uncle Liang's line of sight—only then did I grasp his sudden urgency—,頭を上げて良の視線の先を見ると、彼の行動の意図がわかった――,"Подняв голову, я взглянул туда, куда смотрел и он - и только тогда понял смысл его действий:"
,,,,,,,,,,默认38,,,,离我们数十步远的地方，一队东虏之兵正持灯列队前进。,離我們數十步遠的地方，一隊東虜之兵正持燈列隊前進。,"Some thirty paces ahead, a column of Eastern Barbarians advanced in lantern-lit formation.",数十歩先で、隊列を組んだ東虜の兵たちが灯りを持って歩いていたのだ。,"В нескольких десятках шагов от нас процессия ""восточных лу"", держа фонари, шла вперёд."
,,,,,,,,,,默认39,,,,他们甲胄铿锵，步履整齐，似乎是在向着集合的方向行军。,他們甲冑鏗鏘，步履整齊，似乎是在向著集合的方向行軍。,"Their armor clattered rhythmically as they marched in lockstep, clearly proceeding toward a rallying point.",がしゃがしゃと鎧を鳴らし、整然とした歩幅で進んでいる。集合地点に向かう行軍のようだった。,"Их доспехи звенели в унисон, марш был ровным - по-видимому, они направлялись к месту сбора."
,,方知宥,,,,,,,,默认40,,,,[……],[……],"""...""",「……」,"""..."""
,,良,<Off>,,,,,,,默认41,,,,[……],[……],"""...""",「……」,"""..."""
,,,,,,,,,,默认42,,,,我和良叔蹲在地上，在黑暗之处静静地盯着他们。,我和良叔蹲在地上，在黑暗之處靜靜地盯著他們。,"Uncle Liang and I squatted on the ground, silently watching them from the shadows.",私と良はその場でしゃがんだまま、暗がりからじっと彼らを注視する。,"Пригнувшись к земле, мы тихо наблюдали за ними из темноты."
,,,,,,,,,,默认43,,,,因为蹲下降低了身位，我能闻到的尸臭味和血腥味也愈加浓郁、愈发刺鼻。,因為蹲下降低了身位，我能聞到的屍臭味和血腥味也愈加濃郁、越來越刺鼻。,"The lower we crouched, the more oppressive the stench of death and blood became—thickening the air around us.",姿勢が低くなったせいで、死臭と血臭がさらに濃く鼻をついた。,"Оказавшись ниже, я стал острее чувствовать бьющий в нос запах крови и гниения трупов."
,,,,,,,,,,默认44,,,,我放缓鼻息，努力不去感受这些气味，努力不去思考这气味来源究竟是什么。,我放緩鼻息，努力不去感受這些氣味，努力不去思考這氣味來源究竟是什麼。,"I slowed my breathing, trying not to sense these odors, trying not to ponder the exact source of these smells.",できる限り浅く息をし、その臭いを嗅がないようにし、またその臭いの源が何なのかを考えないようにした。,"Я замедлил дыхание, стараясь по возможности не чувствовать этот смрад - и не думать о том, что является его источником."
,,,,,,,,,,默认45,,,,连日来的求生经历，早已磨钝了我的嗅觉，磨砺了我的情感。,連日來的求生經歷，早已磨鈍了我的嗅覺，磨礪了我的情感。,The days of survival had long dulled my sense of smell and honed my emotions.,連日の過酷な生存競争で、既に嗅覚も感情も麻痺していた。,Все эти дни наперегонки со смертью уже давно притупили моё обоняние и закалили мои эмоции.
,,,,,,,,,,默认46,,,,很快地，我如同良、。也如同石头般一动不动，没发出一丝声音，也没做出任何的动作。,很快地，我如同良叔、也如同石頭般一動不動，沒發出一絲聲音，也沒作出任何的動作。,"Soon, like Uncle Liang—like a stone—I remained completely still, not making a sound or any movement.",すぐに私は良を倣った。石のように動かぬまま、声も出さず、何の動作も行わない。,"Вскоре я тоже, как дядюшка Лян, стал неподвижен, словно камень, не произнося ни звука, не делая ни малейшего движения."
,,方知宥,,,,,,,,默认47,,,,[……],[……],"""...""",「……」,"""..."""
,,,,,,,,,,默认48,,,,过了一会儿后。,過了一會後。,After a while.,しばらくして。,Про прошествии некоторого времени.
,,,,,,,,,,默认481,,,,……,……,...,……,...
,StopVoice,,,,,,1,,,,,,,,,,,
,FadeOut,black,,,,,1,,,,,,,,,,,
,Wait,,,,,,1,,,,,,,,,,,
,FadeIn,black,,,,,1,,,,,,,,,,,
,,,,,,,,,,默认49,,,,铠甲摩擦声、军靴踏步声一点点减少，最后逐渐听不见了。,鎧甲摩擦聲、軍靴踏步聲一點點減少，最後逐漸聽不見了。,The clanking of armor and the stomping of military boots gradually lessened until they finally faded away.,鎧の擦れる音や軍靴が道を踏む音が少しずつ遠ざかっていき、やがて聞こえなくなった。,"Лязг доспехов и топот солдатских сапог стал становиться тише, пока не утих вовсе."
,,,,,,,,,,默认50,,,,良叔先是缓缓起身，抬眼远望，在确认那一队兵彻底消失在视野中后，便拉着我站了起来。,良叔先是緩緩起身，抬眼遠望，在確認那一隊兵徹底消失在視野中後，便拉著我站了起來。,"Uncle Liang rose slowly first, gazing into the distance, and after confirming the troop of soldiers had vanished from sight, he pulled me up to stand.",良はゆっくりと立ち上がると向こうを見渡し、完全に視界から妖兵が消えたのを確認してから私を立たせた。,"Дядюшка Лян не спеша встал и взглянул вдаль. Удостоверившись, что тот отряд полностью скрылся из глаз, он помог подняться и мне."
,,良,坚定,,,,,,,默认51,,良/32-1_良_03,,[呼……还是得小心，封刀令虽下，可若是被他们撞见，仍免不了一场恶战。],[呼……還是得小心，封刀令雖下，可若是被他們撞見，仍免不了一場惡戰。],"""Sigh... still need to be careful. Though the Sword sheathed order has been issued, if they spot us, a fierce battle would still be unavoidable.""",「ふう……まだ油断はできないな。封刀令が下されたとはいえ、あいつらとぶつかったら面倒は避けられなさそうだ」,"""Уф... Всё же стоит быть поосторожней - пусть приказ о ""вложении меча в ножны"" и был дан, но прямое столкновение с ними всё ещё грозит нам жесткой схваткой."""
,,,,,,,,,,默认52,,,,良叔神色凝重地说道。,良叔神色凝重地說道。,Uncle Liang said with a grave expression.,良が神妙な面持ちでそう言う。,С серьёзным выражением лица проговорил дядюшка Лян.
,,良,惊喜,,,,,,,默认53,,良/32-1_良_04,,[若是能弄到马匹，逃离他们的包围便更容易一些……哦，知幼你可会骑马？],[若是能弄到馬匹，逃離他們的包圍便更容易一些……哦，知幼你可會騎馬？],"""If we could get horses, breaking free from their encirclement would be easier... Oh, Zhiyo, do you know how to ride?""",「馬でもいれば、連中の包囲も突破しやすくなるんだが……っと、知優、馬は乗れるのか？」,"""Добудь мы лошадей, выйти из их оцепления было бы попроще, конечно... Ты, кстати, на лошади-то умеешь кататься, Чжию?"""
,,,,,,,,,,默认54,,,,良叔起身又向前走着，同时询问。,良叔起身又向前走著，同時詢問。,Uncle Liang stood and continued walking as he asked.,良が立ち上がって歩き出しながらそう訊いた。,"Ступая вперёд, спросил он."
,,方知宥,,,,,,,,默认55,,方知宥/32-1_方知宥_02,,[我略懂骑术，但不算娴熟。],[我略懂騎術，但不算嫻熟。],"""I know a little about riding, but I’m not very skilled.""",「馬術の嗜みはあるが、慣れているとは言いがたいな」,"""Слегка умею, но не сказать, чтобы хорош в этом."""
,,,,,,,,,,默认56,,,,我对良叔说道，所言并非是谦虚，而是确实如此。,我對良叔說道，所言並非是謙虛，而是確實如此。,"I told Uncle Liang, not out of modesty but because it was the truth.",良にそう答える。謙遜などではなく、実際にその程度だ。,Ответил я дядюшке Ляну. Сказано это было вовсе не из скромности - это действительно было так.
,,,,,,,,,,默认57,,,,以前在方家的时候，家中的马厩有马，曾有师傅教过我骑马，但我却学得并不算好。,以前在方家的時候，家中的馬廄有馬，曾有師傅教過我騎馬，但我卻學得並不算好。,"Back at the Fang household, there were horses in the stable, and a tutor once taught me to ride, but I never became very good at it.",方家にいた頃、家の厩舎に馬がいた。先生に馬の乗り方は教えてもらったことがあるものの、私の覚えがよくなかった。,"Когда я ещё жил в главном доме семьи Фан, там были конюшни, и одно время у меня был наставник по верховой езде - но я отнюдь не был ему способным учеником."
,,良,通常,,,,,,,默认58,,良/32-1_良_05,,[略懂就好，之后若有机会，咱们得想办法弄两匹马。],[略懂就好，之後若有機會，咱們得想辦法弄兩匹馬。],"""A rough understanding is enough. If we get the chance later, we should find a way to get two horses.""",「少しできれば十分だ。後で機会があれば、どこかから二頭、かっぱらってこよう」,"""Слегка тоже пойдёт. Если представится возможность, нужно будет раздобыть пару лошадей."""
,CharacterOff,,,,,,,,,,,,,
,,,,,,,,,,默认59,,,,良叔点了点头，我也点头应和。,良叔點了點頭，我也點頭應和。,"Uncle Liang nodded, and I nodded in agreement.",良がこくりと頷き、私もうむと頷いて彼に答えた。,"Кивнул дядюшка Лян, на что я кивнул в ответ."
,,,,,,,,,,默认60,,,,不过……马估计是不好弄的。,不過……馬估計是不好弄得。,But... horses probably won’t be easy to obtain.,だが……馬を手に入れるのは難しいだろう。,Однако... лошадей раздобыть будет непросто.
,,,,,,,,,,默认61,,,,战乱之时，马匹珍贵如金，各种势力打仗都需用马，民间百姓手中的马不剩下多少了。,戰亂之時，馬匹珍貴如金，各種勢力打仗都需用馬，民間百姓手中的馬不剩下多少了。,"In times of war, horses are as precious as gold. Every faction needs them for battle, leaving few in the hands of commoners.",戦乱の時代において、馬は黄金ほどの貴重さがある。いずれの勢力にせよ戦争には馬が必要なため、民間人の手元にはほとんど残っていない。,В час военной смуты конь на вес золота - все они идут на военные нужды и для простых жителей мало что остаётся.
,,,,,,,,,,默认62,,,,若是想快些得到马，估计还是得从那些持刀握枪的兵卒手中去抢。,若是想快些得到馬，估計還是得從那些持刀握槍的兵卒手中去搶。,"If we want horses quickly, we’d likely have to seize them from those armed soldiers.",急ぎで馬を手に入れるのなら、結局は武器を持った兵から奪い取るしかないのだ。,Единственный быстрый способ сейчас раздобыть скакуна - это разве что отобрать его у тех вооружённых солдат.
,,,,,,,,,,默认63,,,,……,……,...,……,...
,Bg,郊外阴,,,,,1,,,,,,,
,,,,,,,,,,默认64,,,,其后一个时辰，我们不断向郊外之地迂回前行。,其後一個時辰，我們不斷向郊外之地迂迴前行。,"For the next two hours, we kept circling toward the outskirts.",その後、一刻かけて私たちは郊外から迂回し、前進していた。,Последущую стражу мы так и шли окружными путями в сторону городских предместий.
,,,,,,,,,,默认65,,,,这一路上，我们遇见过许多成队的兵卒。,這一路上，我們遇見過許多成隊的兵卒。,"Along the way, we encountered many squads of soldiers.",その道中、隊列を組んだ兵達をたくさん見た。,По пути нам попадалось множество солдатских отрядов.
,,,,,,,,,,默认66,,,,他们以十几人为一队行动，快步行走。,他們以十幾人為一隊行動，快步行走。,"They moved in groups of over a dozen, walking briskly.",彼らは十数人でまとまって行動しており、早足で進行している。,"Они двигались группами по десять с лишним человек, маршируя быстрым ходом."
,,,,,,,,,,默认67,,,,我猜测他们是听到了封刀的命令，此时正在奉令集结。,我猜測他們是聽到了封刀的命令，此時正在奉令集結。,I surmised they had heard the Sword sheathed order and were now assembling under command.,おそらく封刀令を受け、一か所に集合しに行っているのだろう。,"Думаю, они, получив приказ о ""вложении меча в ножны"", как раз шли в исполнение его на сбор."
,,,,,,,,,,默认68,,,,同样，我们也在这一路上看到了更多的尸首。,同樣，我們也在這一路上看到了更多的屍首。,"Likewise, we encountered more dead bodies along the way.",同じくその道中で、死体もたくさん見た。,"Кроме того, по пути мы видели ещё больше трупов."
,,,,,,,,,,默认69,,,,这些尸首与城内和城墙边缘所见的都不同。,這些屍首與城內和城牆邊緣所見的都不同。,These corpses differed from those we had seen within the city and along its walls.,それらの死体は町の中や城壁あたりで見たものとはまた異なる。,"Они отличались от тех, что мы видели внутри города и у городских стен."
,,,,,,,,,,默认70,,,,有些刚刚腐烂，蚊蝇环绕，散发出难闻的恶臭——应当是这几日逃出城后被杀的人。,有些剛剛腐爛，蚊蠅環繞，散發出難聞的惡臭——應當是這幾日逃出城後被殺的人。,"Some were freshly rotting, swarmed by flies and reeking of decay—likely those who had fled the city only to be slain in recent days.",腐り始めたばかりの、蠅がたかり、ひどい悪臭を放っている死体もいくつかある――おそらくはこの数日で町から逃げ出した後に殺された者だろう。,"Некоторые из них только начали гнить, окружённые мухами и испуская зловоние - скорее всего, это были те, кто был убит при попытке бежать из города."
,,,,,,,,,,默认71,,,,而有些尸首，则是早已腐烂多时，几乎要变成枯骨，它们与泥土杂草融为一体——应当是很早前就被杀的人。,而有些屍首，則是早已腐爛多時，幾乎要變成枯骨，它們與泥土雜草融為一體——應當是很早前就被殺的人。,"Others had long decomposed, nearly reduced to skeletons, merging with the earth and weeds—victims of killings from a far earlier time.",だが一部の死体は、既に腐ってから時が経ち、ほぼ骨だけになって土や雑草と一体化しつつあった――かなり前に殺された者のようだ。,"Но часть трупов была в состоянии гниения уже очень долгое время - они уже практически высохли до самых костей, стали единым целым с землёй и порослью. По всей видимости, они погибли намного раньше."
,,,,,,,,,,默认72,,,,去年，兴平伯高杰曾带兵在扬州城外屠村，我想，那些快变成枯骨的便是那时的人的尸首。,去年，興平伯高傑曾帶兵在揚州城外屠村，我想，那些快變成枯骨的便是那時的人的屍首。,"Last year, Marquess Xingping Gao Jie led troops to massacre villages outside Yangzhou City. I suspect those now nearly skeletal remains must be the corpses from that time.",去年、<ruby=こうへいはく>興平伯</ruby>こと<ruby=こうけつ>高傑</ruby>が揚州の外で村を滅ぼしたことがあった。きっと骨だけになった死体は、その時のものだと思う。,"В прошлом году бо Синпина Гао Цзе со своими вояками учинил резню в деревнях близ Янчжоу - думаю, это были трупы погибших тогда людей."
,,,,,,,,,,默认73,,,,看来，除了小心那些带辫子的东虏恶兵，还要警惕大明官军中的恶兵、土匪与流寇。,看來，除了小心那些帶辮子的東虜惡兵，還要警惕大明官軍中的惡兵、土匪與流寇。,"It seems that besides being wary of the vicious queue-wearing Eastern Barbarian soldiers, we must also remain vigilant against the rogue soldiers, bandits, and rebels within the Ming government troops.",どうやら辮髪の東虜悪兵以外にも、明官軍の悪兵や、盗賊たちにも気をつけなければならなさそうだ。,"Как видно, кроме тех злобных ""восточных лу"", носящих косички, приходится ещё и опасаться ещё лиходеев из числа минских войск, разбойников и мародёров."
,,,,,,,,,,默认74,,,,大明官军中也有许多恶兵，特别是兴平伯的兵，其凶恶程度不亚于这几日屠扬州城的兵。,大明官軍中也有許多惡兵，特別是興平伯的兵，其兇惡程度不亞於這幾日屠揚州城的兵。,"The Ming government troops also harbor many brutal soldiers, particularly those under Marquess Xingping—their savagery rivals that of the forces who recently slaughtered Yangzhou City.",明の官軍にはろくでもない兵がわんさかいる。特に興平伯の兵の凶悪さときたら、この数日揚州を虐殺した兵よりもたちが悪い。,"В войсках Великой Мин хватает бесчинствующих солдат - особенно если говорить про отряды бо Синпина, чья жестокость отнюдь не уступала тем, кто устроил резню в Янчжоу."
,,,,,,,,,,默认75,,,,……,……,...,……,...
,StopBgm,,,,,,3,,,,,,,,,,,
,,,,,,,,,,默认76,,,,我这样想着，与良叔同行的这趟旅程也愈发谨慎。,我這樣想著，與良叔同行的這趟旅程也越來越謹慎。,"With these thoughts weighing on me, the journey with Uncle Liang grew ever more cautious.",そんなことを考え、良との旅路はさらに気を引き締めることにした。,"Думая об этом, я старался быть настороже в нашем с дядюшкой Ляном пути."
,,,,,,,,,,默认77,,,,不幸的是，我的担忧很快便成为了现实——,不幸的是，我的擔憂很快便成為了現實——,"Unfortunately, my apprehensions soon materialized—",だが不幸にも、私の心配はすぐに現実のものとなってしまった――,"К сожалению, мои опасения вскоре стали реальностью:"
,Bgm,心悸时刻,,,,0.2,3,,,,,,,,,,,
,,？？？,,,,,,,,默认78,,兴平伯残兵甲/32-1_兴平伯残兵甲_01,,[娘的！这儿有人！],[娘的！這裡有人！],"""Damn it! There are two people here!""",「おいおい！誰かいるぞ！」,"""Чорт! Тута хто-то есць!"""
,AutoSave,,,,,,,,,,,,,
,,,,,,,,,,默认79,,,,一声粗鲁的喊声划破了宁静，一名骑兵操着西北的口音，快速疾驰而来。,一聲粗魯的喊聲劃破了寧靜，一名騎兵操著西北的口音，快速疾馳而來。,"A rough shout shattered the silence as a cavalryman, his voice thick with a northwestern accent, galloped swiftly toward us.",荒々しいしゃがれた声が沈黙を破り、北西訛りの一人の騎兵がこちらに駆けてきた。,Пронзил тишину грубый возглас с северозападным говором - некий всадник мчался в нашу сторону.
,,,,,,,,,,默认80,,,,他的眼神很好，从很远的地方便发现了我们。,他的眼神很好，從很遠的地方便發現了我們。,His eyes were sharp; he had spotted us from afar.,目のいいやつだ。かなり遠くから私たちのことを見つけてきた。,Зрение у него было острое - смог так издали разглядеть нас.
,,,,,,,,,,默认81,,,,再加上骑马确实要比步行快上许多，一时让我们无法反应过来，被他发现时已经没有了躲藏的可能。,再加上騎馬確實要比步行快上許多，一時讓我們無法反應過來，被他發現時已經沒有了躲藏的可能。,"Riding on horseback was far faster than walking, leaving us no time to react. By the time he noticed us, hiding was impossible.",それに加え、馬に乗っているため歩くよりも遥かに速い。私たちが反応する間もなく、見つかった時には既に隠れてやり過ごすことができなくなっていた。,"Впридачу на лошади он был куда быстрее нас пеших - мы не успели среагировать вовремя, а когда он нас заметил, куда-то прятаться уже было поздно."
,,,,,,,,,,默认82,,,,唉。,唉。,Sigh...,やれやれ。,Эх.
,,,,,,,,,,默认83,,,,我与良叔运气不佳，看来是撞上了一个巡哨的斥候。,我與良叔運氣不佳，看來是撞上了一個巡哨的斥候。,Uncle Liang and I were unlucky—we had stumbled upon a patrolling scout.,私も良もついてない。巡回していた斥候と鉢合わせてしまうとは。,"Похоже, мы с дядюшкой Ляном по своей неудаче напоролись на дозорного разведчика."
,,,,,,,,,,默认84,,,,他身穿明军皮甲，装备看着并不算精良，正像是我记忆中兴平伯的兵。,他身穿明軍皮甲，裝備看著並不算精良，正像是我記憶中興平伯的兵。,"He wore the leather armor of the Ming Army, his equipment crude, much like the soldiers I remembered under Marquess Xingping.",そいつは明軍の鎧を纏っているが、装備はあまり良いものではない。私が覚えている興平伯の兵とそっくりだった。,"Одет он был в кожаный доспех минской армии, снаряжение у него было не в самом лучшем виде - прямо как у войск бо Синпина в моих воспоминаниях."
,,兴平伯残兵甲,,,,,,,,默认85,,兴平伯残兵甲/32-1_兴平伯残兵甲_02,,[站住！不想死就给额站住！],[站住！不想死就給額站住！],"""Halt! Stop if you don’t want to die!""",「止まれ！死にたくなければそこを動くな！」,"""Стояць! Не хочете здохнуць, так стойте!"""
,,,,,,,,,,默认86,,,,那个骑兵挥刀怒吼，纵马逼近我们。,那個騎兵揮刀怒吼，縱馬逼近我們。,"The cavalryman brandished his saber and roared, charging toward us on horseback.",騎兵が剣を振りかざして怒鳴り、馬を駆って私たちの方に近付いてきた。,"Грозно кричал всадник, размахивая мечом и пришпоривая коня к нам."
,,良,坚定,,,,,,,默认87,,,,[……］,[……］,"""...""",「……」,"""..."""
,,方知宥,,,,,,,,默认88,,,,[……］,[……］,"""...""",「……」,"""..."""
,,,,,,,,,,默认89,,,,良叔停住了脚步，我也跟着他停下了。,良叔停住了腳步，我也跟著他停下了。,"Uncle Liang halted, and I stopped with him.",良が足を止め、私もそこに立ち止まる。,"Дядюшка Лян остановился, я вслед за ним - тоже."
,CharacterOff,,,,,,,,,,,,,
,,,,,,,,,,默认90,,,,四周地形空旷，可让马匹尽情奔驰。,四周地形空曠，可讓馬匹盡情奔馳。,The open terrain allowed the horses to run unhindered.,周囲は開けており、馬が存分に走れる立地だ。,"Местность была открытая, лошадь можно было гнать во весь опор."
,,,,,,,,,,默认91,,,,我和良叔自然是跑不过骑兵，此时只能暂避其锋芒，听他的命令而停下。,我和良叔自然是跑不過騎兵，此時只能暫避其鋒芒，聽他的命令而停下。,"Neither Uncle Liang nor I could outrun the cavalry, so we had no choice but to comply and stop as ordered.",走ったところで当然ながら騎兵からは逃げきれない。今はそのまま攻撃されないよう、言われたとおりに止まるしかない。,Так что от него нам тут было никак не убежать - оставалось лишь в качестве временной меры подчиниться его приказу.
,,兴平伯残兵甲,,,,,,,,默认92,,兴平伯残兵甲/32-1_兴平伯残兵甲_03,,[咋，你俩是城里逃出来的？］,[怎麼，你倆是城裡逃出來的？］,"""What, are you two runaways from the city?""",「なんだ、町から逃げ出してきた奴らか？」,"""Шо, з городу драпаете?"""
,,方知宥,,,,,,,,默认93,,方知宥/32-1_方知宥_03,,[是。］,[是。］,"""Yes.""",「そうだ」,"""Да."""
,,兴平伯残兵甲,,,,,,,,默认94,,兴平伯残兵甲/32-1_兴平伯残兵甲_04,,[快！把身上的钱财交出来！我们大队人马就在附近，别不识相！],[快！把身上的錢財交出來！我們大隊人馬就在附近，別不識相！],"""Quick! Hand over all your money! Our large troop contingent is nearby—don’t test us!""",「ほら！さっさと有り金を出しな！大隊がすぐそばにいるんだ、妙な真似はするなよ！」,"""Ну-к, шибчей, усе ваши деньги сюды! У нас тута конный отряд неподалёку, так шо не ерепеницца!"""
,,,,,,,,,,默认95,,,,这士兵龇牙咧嘴地叫喊着，目光凶悍，催促着我们交出财物。,這士兵呲牙咧嘴地叫喊著，目光兇悍，催促著我們交出財物。,"The soldier bared his teeth and snarled, his gaze fierce, demanding we hand over our valuables.",歯を剥き出してそうわめく兵。凶悪な目つきで、金目の物をせびってきた。,"Злобно скалясь, выкрикнул солдат со свирепым взглядом."
,,良,坚定,,,,,,,默认96,,,,[……],[……],"""...""",「……」,"""..."""
,,方知宥,,,,,,,,默认97,,,,[……],[……],"""...""",「……」,"""..."""
,CharacterOff,,,,,,,,,,,,,
,,,,,,,,,,默认98,,,,我们顺着他的视线望向远处——,我們順著他的視線望向遠處——,We followed his gaze into the distance—,兵の視線を追ってその先を見る――,Мы посмотрели по направлению его взгляда:
,,,,,,,,,,默认99,,,,他所言非虚，远处果然有火光点点，密集移动，应当是他所说的“大队人马”。,他所言非虛，遠處果然有火光點點，密集移動，應當是他所說的“大隊人馬”。,"He wasn't lying; in the distance, flickering lights moved densely—it must have been the ""large troop contingent"" he mentioned.",彼の言葉は嘘ではなかった。向こうの方にぽつぽつとした灯りが密集して移動している。彼の言う「大隊」だろう。,"Он не врал - вдалеке виднелось скопление кучно передвигавшихся огней, по всей видимости, и бывшее тем самым ""конным отрядом""."
,,良,惊喜,,,,,,,默认100,,良/32-1_良_06,,[行，都给你。］,[行，都給你。］,"""Fine, take it all.""",「ほら、全部やるよ」,"""Ладно, забирай."""
,,,,,,,,,,默认101,,,,良叔用冰冷的语气缓缓说道。,良叔用冰冷的語氣緩緩說道。,"Uncle Liang said slowly, his voice icy.",冷たい口調で良がそう言った。,Холодно проговорил дядюшка Лян.
,Se,钱袋落地,,,,,,,,,,,,
,,,,,,,,,,默认102,,,,然后，他伸手从怀中一掏，掏出一个装有碎银的荷包，把它扔到了地上。,然後，他伸手從懷中一掏，掏出一個裝有碎銀的荷包，把它扔到了地上。,"Then he reached into his chest, pulled out a pouch of Broken Silver, and tossed it onto the ground.",そして彼は懐から砕銀の入った小袋を取り出すと、そいつの方に放り投げた。,Затем он извлёк из-за пазухи мешочек с серебром и швырнул его наземь.
,,兴平伯残兵甲,,,,,,,,默认103,,兴平伯残兵甲/32-1_兴平伯残兵甲_05,,[听声响好像没几个子儿啊？还有没有别的值钱货？统统拿出来！],[聽聲響好像沒幾個銅板啊？還有沒有別的值錢貨？統統拿出來！],"""Doesn't sound like much in there. Got anything else valuable? Take everything out!""",「その音じゃ、大した額じゃないな。他に金目の物はないのか？おとなしく出しな！」,"""Звякает так, будто тама зусим крохи! Ишчо шо-нить ценное есць? А ну выкладвай!"""
,,方知宥,,,,,,,,默认104,,方知宥/32-1_方知宥_04,,[我们身上还有几张粗饼，不过不太好吃，兵爷……想必这入不了你的眼。],[我們身上還有幾張粗餅，不過不太好吃，兵爺……想必這入不了你的眼。],"""We still have a few coarse pancakes, though they're not very tasty, Soldier Lord... surely these wouldn't meet your standards.""",「残ってるのは粗末な<ruby=ツイビン>炊餅</ruby>数枚だけだ。だがそれも大して美味ではない。きっと……気に入るものではないだろう」,"""Есть ещё парочка грубых лепёшек, но они на вкус так себе, господин служивый... Не думаю, что Вас такое заинтересует."""
,,兴平伯残兵甲,,,,,,,,默认105,,兴平伯残兵甲/32-1_兴平伯残兵甲_06,,[穷鬼两个！],[窮鬼兩個！],"""A pair of paupers!""",「けっ！貧乏人どもが！」,"""Тож мне парочка нищуков!"""
,CharacterOff,,,,,,,,,,,,,
,,,,,,,,,,默认106,,,,他骂骂咧咧，然后翻身下马，往前走了两步，弯腰打算捡起地上的荷包。,他罵罵咧咧，然後翻身下馬、往前走了兩步、彎腰打算撿起地上的荷包。,"He cursed under his breath, dismounted, took two steps forward, and bent to pick up the pouch on the ground.",彼は罵声を浴びせると、身を翻して馬から下り、数歩進んだかと思うと、腰をかがめて地面に落ちた小袋を拾おうとした。,"Ругнувшись, он спешился и прошёл пару шагов вперёд, собираясь поднять мешочек с земли."
,Shake,Graphics,,x=100 y=60 time=0.4,,,,,PageWait,,,,,,,,,
,Se,踏步,,,,,3,,,,,,,
,,,,,,,,,,默认107,,,,——噌,——噌,—Whoosh,――ダッ,*Вжух*
,,,,,,,,,,默认108,,,,这时，我身旁的良叔突然爆步而起——,這時，我身旁的良叔突然爆步而起——,"At that moment, Uncle Liang beside me suddenly lunged forward—",その時、隣の良が突然走り出した――,И тут стоявший рядом дядюшка Лян рванул вперёд:
,,,,,,,,,,默认109,,,,他动如脱兔，猛地一步爆踏，以迅雷不及掩耳之势快速接近眼前的士兵。,他動如脫兔，猛地一步爆踏，以迅雷不及掩耳之勢快速接近眼前的士兵。,"He moved like a startled hare, taking one explosive step and closing the distance to the soldier with lightning speed.",脱兎のごとく勢いよく前に踏み出すと、目にもとまらぬ速さで兵との距離を詰める。,"Ловко и стремительно, словно бегущий заяц, он с молниеносной скоростью приблизился к солдату."
,Se,拔刀,,,,,,,,,,,,
,Wait,,,,,,0.5,,,,,,,
,Se,刺入,,,,,,,,,,,,
,BgEvent,透明喷血1,,顶BG,,,0,,,,,,,,,,,
,BgEventOff,透明喷血1,,,,,1,,,,,,,,,,,
,Bg,郊外阴,,,,,,,,,,,,
,,,,,,,,,,默认110,,,,——哗！,——嘩！,——Whoosh!,――ザシュ！,*Хрясь*
,,兴平伯残兵甲,<Off>,,,,,,,默认111,,兴平伯残兵甲/32-1_兴平伯残兵甲_07,,[啊！］,[啊！］,"""Ah!""",「ぐわっ！」,"""А-а-а!"""
,,,,,,,,,,默认112,,,,利刃出鞘，刀光闪过，鲜血飞溅而出！,利刃出鞘，刀光閃過，鮮血飛濺而出！,The blade left its sheath—a flash of steel—and blood sprayed out!,きらりと剣が鞘から抜かれたかと思うと、鮮血が飛び散った。,"Сверкнуло вытянутое из ножен лезвие, брызнула свежая кровь!"
,,,,,,,,,,默认113,,,,眼前的士兵被一刀砍中大腿，惨叫着向后跌去。,眼前的士兵被一刀砍中大腿，慘叫著向後跌去。,"The soldier before him was slashed across the thigh, screaming as he stumbled backward.",目の前の兵が太ももを斬りつけられ、叫びながら仰向けに転ぶ。,Раненный в бедро солдат с воплем повалился назад.
,,,,,,,,,,默认114,,,,良叔未取他的性命，但这一击足以令他失去了战斗的能力。,良叔未取他的性命，但這一擊足以令他失去了戰鬥的能力。,"Uncle Liang spared his life, but the blow left him unable to fight.",良は命こそ取らなかったものの、その一撃で十分に敵の戦う力を削いだ。,Дядюшка Лян не стал отнимать его жизнь - но эта атака явно стоила тому способности сражаться.
,,良,怒,,,,,,,默认115,,,,[……],[……],"""...""",「……」,"""..."""
,,,,,,,,,,默认116,,,,紧接着，良叔将手往地上一探，抓起他刚才用来引诱士兵的荷包。,緊接著，良叔將手往地上一探，抓起他剛才用來引誘士兵的荷包。,"Then, Uncle Liang reached down, snatched the pouch he had used to lure the soldier, and straightened up.",すぐに良が地面に手を伸ばし、先ほど兵を誘き寄せるために使った小袋を拾い上げる。,"Вслед за этим дядюшка Лян, склонившись, подобрал с земли мешочек, что послужил в качестве приманки."
,,,,,,,,,,默认117,,,,荷包入手后的下一瞬，他猛地朝前跑了两步，翻身上了士兵的马。,荷包入手後的下一瞬，他猛地朝前跑了兩步，翻身上了士兵的馬。,"The moment the pouch was in his grasp, he lunged forward two steps and swung onto the soldier's horse.",そして次の瞬間、彼は前に駆けだし、兵が先ほどまで乗っていた馬に飛び乗った。,"Как только он оказался у него в руке, тот рванул вперёд и одним махом вскочил на коня, принадлежавшего солдату."
,Se,马嘶,,,,,,,,,,,,
,,良,,,,,,,,默认118,,良/17分支_良_01,,[知幼，来！],[知幼，來！],"""Zhiyo, come!""",「知優！来い！」,"""Чжию, сюда!"""
,,,,,,,,,,默认119,,,,良叔骑在马上，将手伸向了我。,良叔騎在馬上，將手伸向了我。,"Uncle Liang, atop his horse, stretched out his hand to me.",良が馬に跨り、私に手を伸ばす。,Протянул мне руку дядюшка Лян.
,CharacterOff,,,,,,,,,,,,,
,,,,,,,,,,默认120,,,,我毫不迟疑，快速小跑几步，冲向了马——,我毫不遲疑，快速小跑幾步，衝向了馬——,"Without a second thought, I quickened my steps and rushed toward the horse—",私は躊躇うことなく小走りで近付くと、馬の方に向かった――,"Без колебаний я помчался вперёд, чтобы на него запрыгнуть:"
,Selection,*马后方,,,,,,,,,,,,从马后方上马！,從馬後方上馬！,Mount from behind the horse!,馬の後ろから乗る,Запрыгнуть на коня сзади!
,Selection,*马侧面,,,,,,,,,,,,从马侧面上马！,從馬側面上馬！,Mount from the side of the horse!,馬の横から乗る,Запрыгнуть на коня сбоку!
,*马后方
,Jump,*map_end_19_1a
,*马侧面
,,,,,,,,,,默认121,,,,依照幼时所学，一定不要从马的后方上马，要从马的侧面上马。,依照幼時所學，一定不要從馬的後方上馬，要從馬的側面上馬。,"As taught in childhood, never mount a horse from behind—always approach from the side.",幼い頃に教わった。絶対に馬の後ろから乗ろうとせず、横から乗れと。,"Как меня учили в юные годы - на лошадь надо забираться сбоку, а не сзади."
,,,,,,,,,,默认122,,,,这是为了防止马在受惊状态下向后踢腿，从而被马所伤，甚至是被直接踢晕。,這是為了防止馬在受驚狀態下向後踢腿，從而被馬所傷，甚至是被直接踢暈。,"This is to prevent the horse from kicking backward in a startled state, which could injure or even knock someone unconscious.",馬が驚いて後ろ蹴りをして、けがをしたり気絶させられないようにするためだ。,"Нужно это для того, чтобы лошадь, испугавшись, не лягнула тебя задними ногами - а то можно пораниться, а то и вовсе лишиться чувств от удара."
,,,,,,,,,,默认123,,,,我心中回忆着当时骑术师傅教我的知识，快速冲向马的一侧。,我心中回憶著當時騎術師傅教我的知識，快速衝向馬的一側。,"Recalling my riding instructor's lessons, I swiftly dashed to the horse's side.",当時の馬術の先生が教えてくれたことを思い出しながら、すばやく馬の横についた。,"Вспоминая те знания, что преподал мне тогда наставник, я стремительно подскочил к коню сбоку."
,,,,,,,,,,默认124,,,,——呼,——呼,--Huff--,――フッ,*Ух.*
,Shake,Graphics,,x=100 y=60 time=0.4,,,,,PageWait,,,,,,,,,
,,,,,,,,,,默认125,,,,我将双手放在马鞍之上，用力一撑，翻身跃上了马背，坐到了良叔的后方。,我將雙手放在馬鞍之上，用力一撐，翻身躍上了馬背，坐到了良叔的後方。,"Placing both hands on the saddle, I pushed myself up and swung onto the horse's back, seating myself behind Uncle Liang.",両手を鞍にかけ、力いっぱい馬の背に飛び上がり、良の後ろに跨った。,"Положив обе руки на седло, я оттолкнулся со всей силы и заскочил коню на спину, устроившись позади дядюшки Ляна."
,,,,,,,,,,默认126,,,,马匹因为陡然增加的重量嘶吼了一声，似乎是在表达着它的不满。,馬匹因為陡然增加的重量嘶吼了一聲，似乎是在表達著它的不滿。,"The horse neighed at the sudden weight, as if voicing its discontent.",急激に増えた重さに馬がいななく。まるで不満を訴えているようだった。,От внезапно потяжелевшей ноши конь издал недовольное ржание.
,,,,,,,,,,默认127,,,,不过幸好我的体重并不重，它还勉强能承受得住，并未因发怒而将我们甩下。,不過幸好我的體重並不重，它還勉強能承受地住，並未因發怒而將我們甩下。,"Luckily, I wasn't too heavy—it could still bear the load without bucking us off in anger.",しかし幸い私はそこまで重くない。なんとか馬は耐えてくれ、怒って私たちを振り落とすことはなかった。,"Благо, вес мой был совсем не тяжёлый, конь был более менее способен выдержать нас обоих - так что не стал приходить в неистовство и пытаться нас сбросить."
,,良,坚定,,,,,,,默认128,,良/32-1_良_07,,[坐稳了！抓牢我！],[坐穩了！抓牢我！],"""Hold on tight! Grab me!""",「しっかり座れ！俺に掴まってろよ！」,"""Сиди ровно! Держись за меня!"""
,,,,,,,,,,默认129,,,,良叔猛地低喝一声，继而一扯缰绳。,良叔猛地低喝一聲，繼而一扯韁繩。,Uncle Liang growled sharply and jerked the reins.,良が声を落としたままはっきりと私にそう言い、手綱を引いた。,"Низким голосом выкрикнул дядюшка Лян, а затем дёрнул поводья."
,CharacterOff,,,,,,,,,,,,,
,,,,,,,,,,默认130,,,,骏马再次嘶吼了一声，先是扬了一下前蹄，再而快速地向前奔袭而去。,駿馬再次嘶吼了一聲，先是揚了一下前蹄，再而快速地向前奔襲而去。,"The steed neighed again, reared its front legs, then bolted forward.",再び馬がいななき、大きく前足を上げたかと思うと、すごい速さで前へと駆け出した。,"Издав ещё одно ржание, скакун поднял передние копыта и следом пустился в быстрый галоп."
,,,,,,,,,,默认131,,,,我紧抓住良叔衣袍的下摆，他略微俯下身，用缰绳操控着马的方向。,我緊抓住良叔衣袍的下擺，他略微俯下身，用韁繩操控著馬的方向。,"I gripped Uncle Liang's robe hem tightly as he leaned forward, guiding the horse with the reins.",良の服の裾をしっかりと掴む。彼は少し屈みながら、手綱で馬の行き先を操っていた。,"Я вцепился в подол одежды дядюшки Ляна. Тот, слегка наклонившись вперёд, правил лошадью с помощью поводьев."
,Se,马蹄震动,,,,,,,,,,,,
,,,,,,,,,,默认132,,,,风快速地在我的脸上刮过，衣袍或灌满了风，或拼命地向后飞扬。,風快速地在我的臉上刮過，衣袍或灌滿了風，或拚命地向後飛揚。,"The wind whipped sharply across my face, my robes alternately billowing with the gusts and flapping wildly behind me.",風がものすごい速さで私の顔を通り過ぎ、服に吹き込んだかと思えば、ばたばたと後ろに翻った。,"Ветер хлестал мне по лицу, моя одежда то раздувалась, то отчаянно хлопала позади меня."
,,,,,,,,,,默认133,,,,——轰隆隆,——轟隆隆,—Booming thunder,――ドドドド,*Бум-бум-бум.*
,,,,,,,,,,默认134,,,,随着我们向前疾驰，远处逐渐有轰鸣声响起。,隨著我們向前疾馳，遠處逐漸有轟鳴聲響起。,"As we raced forward, a distant rumbling gradually grew louder.",前へと疾走するにつれ、遠くからすさまじい音が響いてきた。,"Пока мы неслись вперёд, издали постепенно начал нарастать грохот."
,,方知宥,,,,,,,,默认135,,,,[……],[……],"""...""",「……」,"""..."""
,,,,,,,,,,默认136,,,,我在风中艰难地抬起眼，看了看四周。,我在風中艱難的抬起眼，看了看四周。,"Struggling against the wind, I lifted my eyes to survey our surroundings.",風の中、なんとか目を上げ、辺りを見回す。,"Сопротивляясь ветру, я поднял глаза и осмотрелся."
,,,,,,,,,,默认137,,,,十几名骑兵从四面八方冲了过来，他们驾马的速度很快，几个呼吸间便与我们拉近了距离。,十幾名騎兵從四面八方衝了過來，他們駕馬的速度很快，幾個呼吸間便與我們拉近了距離。,"A dozen cavalrymen charged from all sides. Their horses moved with terrifying speed, covering the distance between us in mere moments.",十数人もの騎兵が四方八方からこちらめがけて突っこんできていた。彼らが素早く馬を駆り、数呼吸の内に一気に距離を縮めてきた。,"На нас со всех сторон наступало больше десятка всадников. Скорость, с которой они скакали, была очень быстрой - в несколько мгнований они уже были вблизи нас."
,,良,怒,,,,,,,默认138,,良/32-1_良_08,,[麻烦了……],[麻煩了……],"""We're in trouble...""",「面倒なことになったな……」,"""Плохо дело..."""
,,,,,,,,,,默认139,,,,良叔咬了咬牙，操控缰绳想要突围，却发现周围的骑兵越来越多。,良叔咬了咬牙，操控韁繩想要突圍，卻發現周圍的騎兵越來越多。,"Uncle Liang clenched his jaw and pulled the reins hard to break free, but the encircling cavalry only grew thicker.",良が歯を食いしばり、手綱を引いて包囲を突破しようとするものの、騎兵たちがどんどん増えていることに気が付いた。,"Стиснув зубы, дядюшка Лян дёрнул поводья, пытаясь прорваться - но окружающая кавалерия становилась все многочисленнее."
,CharacterOff,,,,,,,,,,,,,
,,,,,,,,,,默认140,,,,糟了，确实是麻烦了……,糟了，確實是麻煩了……,"Damn it, this is bad...",まずいな、これは厄介だ……,"Проклятье, и правда дело плохо..."
,,,,,,,,,,默认141,,,,——我们被包围了。,——我們被包圍了。,—We're surrounded.,――完全に囲まれてしまった。,Мы окружены.
,,,,,,,,,,默认142,,,,方才砍伤那人时的动静太大，把附近的大部队引来了。,方才砍傷那人時的動靜太大，把附近的大部隊引來了。,The noise from cutting down that man earlier drew the entire nearby garrison.,先ほどの兵を負傷させた時に音を立てすぎて、近くの大部隊を引き寄せてしまったのだ。,"Шумиха, поднявшаяся, когда мы ранили того человека, привлекла внимание главных сил, находившихся поблизости."
,,,,,,,,,,默认143,,,,这些兵，一队接着一队，越来越多，黑压压的一片。,這些兵，一隊接著一隊，越來越多，黑壓壓的一片。,"The soldiers kept coming—troop after troop—until they formed a dark, seething mass.",兵達が次々と列をなして現れ、黒々とした大きな塊となっていく。,"Эти солдаты, волна за волной, продолжали прибывать - их была уже тьма-тьмущая."
,,,,,,,,,,默认144,,,,有几十骑？还是上百骑？到底是怎么来的这么多人？,有幾十騎？還是上百騎？到底是怎麼來的這麼多人？,Several dozen cavalry? Or over a hundred? How did so many get here?,数十か？それとも百騎以上か？いったいどれだけいるんだ。,Их десятки? Или уже больше сотни? Да сколько их тут вообще?
,,兴平伯残兵乙,,,,,,,,默认145,,兴平伯残兵乙/32-1_兴平伯残兵乙_01,,[停下！尔等已被包围，插翅难飞！不想死就停下！],[停下！爾等已被包圍，插翅難飛！不想死就停下！],"""Halt! You're completely surrounded—no way out! Stop now if you want to live!""",「止まれ！おまえ達は包囲されている！袋の鼠だ！死にたくなくば止まれ！」,"""Стояць! Вы окружаны и бегци вам некуда! Стойте, але вам конец!"""
,,,,,,,,,,默认146,,,,远处有骑兵张弓搭箭，厉声警告我们停下。,遠處有騎兵張弓搭箭，厲聲警告我們停下。,Distant cavalries drew their bows and barked warnings for us to stop.,遠くで弓を構えた騎兵が、私たちに止まるよう警告した。,"Громогласно предупредил нас издалека один из всадников, натягивавший стрелу."
,,,,,,,,,,默认147,,,,确实如他所言，我们已被团团围住，四周全都是士兵。,確實如他所言，我們已被團團圍住，四周全都是士兵。,"True to his words—we were completely encircled, soldiers closing in from all sides.",彼の言う通り、私たちはとっくに包囲され、見渡す限りどこもかしこも兵だらけだ。,"Его слова были чистой правдой - нас полностью окружили, солдаты были со всех сторон."
,,,,,,,,,,默认148,,,,再加上我和良叔是同骑一马，马本就跑得吃力，想来也难以脱身。,再加上我和良叔是同騎一馬，馬本就跑得吃力，想來也難以脫身。,"Besides, Uncle Liang and I were sharing the same horse, which was already struggling to run, making it difficult for us to escape.",さらに私と良が同じ馬に乗っているため、馬はすでに疲弊しており、逃げるのは難しそうだった。,"Да ещё и мы с дядюшкой Ляном скакали на одной лошади: ей и так было тяжело нас нести, а уж прорваться - и подавно."
,,良,坚定,,,,,,,默认149,,,,[……],[……],"""...""",「……」,"""..."""
,,,,,,,,,,默认150,,,,良叔自知难以硬闯突围，于是，他放缓了缰绳，操控着马放缓速度、踱步前行。,良叔自知難以硬闖突圍，於是，他放緩了韁繩，操控著馬放緩速度、踱步前行。,"Uncle Liang knew forcing a breakthrough would be futile, so he loosened the reins and slowed the horse to a walk.",突破できぬと見ると彼は手綱を緩めて馬の走る速度を落とすと、ゆっくり歩かせた。,"Осознавая невозможность вырваться, дядюшка Лян ослабил поводья, заставляя лошадь замедлить ход."
,CharacterOff,,,,,,,,,,,,,
,,兴平伯残兵乙,,,,,,,,默认151,,兴平伯残兵乙/32-1_兴平伯残兵乙_02,,[喂！尔等真是好大的胆子，竟敢伤饿们的弟兄，抢饿们的马匹？],[喂！爾等真是好大的膽子，竟敢傷餓們的弟兄，搶餓們的馬匹？],"""Hey! You've got some nerve, daring to hurt our brother and steal our horse?""",「この野郎！とんでもないことをしてくれたのう。俺たちの兄弟を殺ったばかりか、馬まで盗むとは、のう？」,"""Хэй! А вы зусим страх потеряли - брательника нашего пораниць осмелилися и коня нашего украли!"""
,,,,,,,,,,默认152,,,,方才那喊话的骑兵逼近了我们。,方才那喊話的騎兵逼近了我們。,The shouting cavalryman had just closed in on us.,先ほど叫んだ騎兵が私たちの方に近付いてくる。,Только что кричавший нам всадник приблизился к нам.
,,,,,,,,,,默认153,,,,他举起刀，刀尖直指我和良叔。,他舉起刀，刀尖直指我和良叔。,"He raised his sword, pointing the blade directly at Uncle Liang and me.",彼が剣を上げ、切っ先で私と良を指した。,"Подняв меч, он направил его острие прямо на нас с дядюшкой Ляном."
,,兴平伯残兵乙,,,,,,,,默认154,,兴平伯残兵乙/32-1_兴平伯残兵乙_03,,[将军，饿们该如何处置他们？],[將軍，餓們該如何處置他們？],"""General, what should we do with them?""",「将軍、こいつらをどうします」,"""Генерал, шо нам з ними робиць?"""
,,,,,,,,,,默认155,,,,那骑兵握住缰绳，朝着身后询问。,那騎兵握住韁繩，朝著身後詢問。,The cavalryman tightened his grip on the reins and turned to ask his commander.,その騎兵が手綱を手にしたまま、後ろを向いて尋ねる。,"Придерживая поводья, обратился всадник к кому-то позади."
,,黑脸将军,,,,,1,,,默认156,,黑脸将军/32-1_黑脸将军_01,,[呵，两个无名之辈，尔等自行处置便可，何须问我？],[呵，兩個無名之輩，爾等自行處置便可，何須問我？],"""Hmph, two nobodies. Deal with them as you see fit—why bother asking me?""",「ふん、取るに足らん連中だ、勝手にせい。わしに聞くまでもなかろう？」,"""Гы, два яких-то не пойми кого, решайте их и усё тут, чаго мя-то спрашиваць?"""
,,,,,,,,,,默认157,,,,一道慵懒却隐含杀意的声音响起。,一道慵懶卻隱含殺意的聲音響起。,A languid yet murderous voice rang out.,面倒くさそうな、それでいて殺意のこもった声が聞こえた。,"Прозвучал ленивый, но скрывающий в себе свирепость голос."
,,,,,,,,,,默认158,,,,为首的那名骑兵身后，缓步走出一匹黑色的马。,為首的那名騎兵身後，緩步走出一匹黑色的馬。,"From behind the lead cavalryman, a black horse stepped forward slowly.",先頭の騎兵の後ろから、のっそりと黒い馬が姿を現した。,Из-за стоявшего впереди всадника медленно выехала вперёд лошадь чёрного цвета.
,,,,,,,,,,默认159,,,,那黑马长得健壮威武，上面坐着一名全副武装的黑脸将军。,那黑馬長得健壯威武，上面坐著一名全副武裝的黑臉將軍。,"The black horse stood robust and majestic, bearing a fully armored Black-Faced General.",黒馬はがっしりと逞しい体格をしており、その上には全身を武装した黒顔の将軍が乗っていた。,"Крепкая и внушительного вида, на которой сидел весь закованный в латы смуглолицый полководец."
,,,,,,,,,,默认160,,,,这将军也是身材高大，面色黝黑，他身材魁梧，留着一小撮胡子。,這將軍也是身材高大，臉色黝黑，他身材魁梧，留著一小撮鬍子。,"The General was tall and broad-shouldered, with dark complexion and a trimmed mustache.",将軍もまた背が高く、色黒の肌にがっしりとした体格で、ちょび髭をたくわえている。,"Сам он тоже был рослый, крепкий, лицо его было тёмного оттенка и с небольшой бородкой."
,,,,,,,,,,默认161,,,,他的眼神看起来极其凶狠，仅是和他对视了一眼，便让我后背发凉。,他的眼神看起來極其兇狠，僅是和他對視了一眼，便讓我後背發涼。,His gaze was terrifyingly fierce—just one glance made my blood run cold.,非常に凶暴そうな目つきは、一目見ただけで背筋が凍る思いだった。,"Взгляд его был невероятно свиреп - стоило мне пересечься с ним глазами, как у меня по спине пробежал холодок."
,,,,,,,,,,默认162,,,,怪事……,怪事……,How strange...,参った……,Ну и дела...
,,,,,,,,,,默认163,,,,我本来快要好转的兽视之症，在与他对视的刹那，竟然又复发了！,我本來快要好轉的獸視之症，在與他對視的剎那，竟然又復發了！,"My Beast's Affliction, which had nearly subsided, suddenly flared up again the moment our eyes met!",治りかけていた獣視病の症状が、彼の目を見た瞬間に再び発作を起こした。,"Я был уверен, что звериная хворь у меня уже почти было прошла - но как раз в момент, когда наши взгляды встретились, она опять разыгралась!"
,,黑脸将军,狼化,,,,1,,,,,,,
,,,,,,,,,,默认164,,,,一瞬间！他的模样化作了一头凶恶的黑狼，这黑狼露出獠牙，双眸散发出诡异的红光。,一瞬間！他的模樣化作了一頭兇惡的黑狼，這黑狼露出獠牙，雙眸散發出詭異的紅光。,"In an instant! His figure morphed into a vicious Black Wolf, fangs bared and eyes glowing with an eerie crimson light.",一瞬の出来事だった。彼の姿が一頭の凶悪な黒狼に変化した。黒狼は牙を剥き出し、ぎろぎろと目が不気味な赤い光をたたえている。,"В ту же секунду он оборотился злобным чёрным волком, скалившим клыки и испускавшим из глаз зловещий багровый свет!"
,,,,,,,,,,默认165,,,,不过，这幻象并未持续很久。,不過，這幻象並未持續很久。,Yet the vision did not linger.,しかしその幻覚は長く続かなかった。,Однако это видение не продлилось долго.
,,黑脸将军,通常,,,,1,,,默认166,,,,[……],[……],"""...""",「……」,"""..."""
,,,,,,,,,,默认167,,,,很快，那将军很快便恢复人形，只见他翻身下马，一步步逼近了我们。,很快，那將軍很快便恢復人形，只見他翻身下馬，一步步逼近了我們。,"Soon, the General regained his human form, dismounted, and strode steadily toward us.",すぐに将軍が人の姿に戻った。彼は馬から下りると、一歩また一歩と私たちに迫ってくる。,"Вскоре тот генерал вернулся в человеческое обличье - спешившись с коня, он шаг за шагов подошёл к нам."
,CharacterOff,,,,,,,,,,,,,
,,,,,,,,,,默认168,,,,他四周的兵卒也纷纷下马，持刀围拢，逐渐缩小包围圈——,他四周的兵卒也紛紛下馬，持刀圍攏，逐漸縮小包圍圈——,"His surrounding Soldiers likewise dismounted, blades drawn as they encircled us, tightening the noose—",周囲の兵達もぞろぞろと馬から下り、剣を手に私たちを取り囲んで、徐々に包囲を縮めていった――,Солдаты вокруг тоже один за другим попрыгали с лошадей и с мечами наголо стали сжимать окружение...
,,,,,,,,,,默认169,,,,完了……,完了……,It's over...,終わりだ……,Всё кончено...
,,,,,,,,,,默认170,,,,莫非我们真要被这么多人砍成肉泥？命丧于此？,莫非我們真要被這麼多人砍成肉泥？命喪於此？,Are we truly to be butchered by so many? To die here?,この大人数に挽肉にされてしまうのだろうか。ここで私は死ぬのか。,Неужели нас так здесь и порубят на куски? И мы так и закончим свои дни здесь?
,,方知宥,,,,,,,,默认171,,,,[……],[……],"""...""",「……」,"""..."""
,,,,,,,,,,默认172,,,,我紧握住双拳。,我緊握住雙拳。,I clenched my fists tightly.,両の拳を握った。,Я крепко стиснул кулаки.
,,,,,,,,,,默认173,,,,此时此刻，我有些害怕，也有些愤怒，更多的则是无奈。,此時此刻，我有些害怕，也有些憤怒，更多的則是無奈。,"At this moment, I felt fear, anger, but above all, helplessness.",恐怖や怒りもあったが、最も大きな感情は諦めだった。,"Меня отчасти обуревал страх, отчасти - гнев, а отчасти - безысходность."
,,,,,,,,,,默认174,,,,害怕自然是因为怕疼，怕死。,害怕自然是因為怕疼，怕死。,The fear came naturally from the dread of pain and death.,恐怖はもちろん、痛みや死ぬことについてだ。,"Страх был из-за того, что я боялся боли, боялся умереть."
,,,,,,,,,,默认175,,,,愤怒则是因为热血上头，我在扬州城中存活数日，亲手杀过恶兵，此时难免想要以不屈的攻势回敬这些将我们逼至死地的兵。,憤怒則是因為熱血上頭，我在揚州城中存活數日，親手殺過惡兵，此時難免想要以不屈的攻勢回敬這些將我們逼至死地的兵。,"The anger surged from boiling blood—having survived days in Yangzhou City and slain demon soldiers myself, I burned to retaliate against these troops who'd driven us to ruin with unrelenting fury.",怒りは頭に血が上っていたせいだ。揚州での数日を生き延び、悪兵をこの手で殺した身としては、ここまで私たちを追い詰める兵達に一矢報いたくなるのも無理はないだろう。,"Гнев был из-за того, что мне в голову ударила кровь - я выживал несколько дней в Янчжоу, собственноручно прикончил солдата-лиходея, мне было сложно удержаться от желания ответить этим грозящим прикончить нас воякам несгибаемой контратакой."
,,,,,,,,,,默认176,,,,无奈则是感叹世事无常……,無奈則是感嘆世事無常……,The helplessness was a sigh at life's unpredictability...,諦めは、この世の無常さについての嘆きだ……,"Ну а безысходность была из-за осознания того, как непостоянен этот мир..."
,,,,,,,,,,默认177,,,,没想到……我躲过了城内许多轮的屠杀，到头来没死在被我看作妖兵的东虏之兵手中，却死在了城外兴平伯残兵的手里……,沒想到……我躲過了城內許多輪的屠殺，到頭來沒死在被我看作妖兵的東虜之兵手中，卻死在了城外興平伯殘兵的手裡……,"I never imagined... after surviving wave after wave of slaughter in the city, I wouldn't fall to the Eastern Barbarians I'd deemed demon soldiers, but instead meet my end at the hands of Marquess Xingping's remnants outside the walls...",よもやよもや……揚州の虐殺を何度も逃れてきた私が、ここにきて妖兵に見えていた東虜ではなく、興平伯の残党の手によって町の外で死ぬことになるとは……,"Кто бы мог подумать... Я столько раз избежал смерти в городе, где бушевала резня - и в итоге умру не от руки видевшихся мне яогуаями ""восточных лу"", а паду от остатков армии бо Синпина за пределами города..."
,,良,坚定,,,,,,,默认178,,,,[……],[……],"""...""",「……」,"""..."""
,,,,,,,,,,默认179,,,,面对生死的绝境，良叔毫无惧色。,面對生死的絕境，良叔毫無懼色。,"Confronting the desperate brink between life and death, Uncle Liang remained fearless.",生きるか死ぬかの場面なのに、良はまったく恐れる様子がなかった。,Перед лицом смерти дядюшка Лян не выказывал и тени страха.
,,,,,,,,,,默认180,,,,他紧皱着眉头，目光如锐利的刀，扫过眼前的敌人。,他緊皺著眉頭，目光如銳利的刀，掃過眼前的敵人。,"His brow deeply furrowed, his gaze sharp as a blade, swept across the enemies before him.",眉間に皺を寄せ、刃のように鋭い目つきで、目の前の敵たちを見渡している。,"Нахмурив брови, он острым, словно меч, взглядом осматривал врага перед глазами."
,,,,,,,,,,默认181,,,,他的手摸向刀鞘，俨然有了殊死一搏的想法。,他的手摸向刀鞘，儼然有了殊死一搏的想法。,"His hand moved toward the scabbard, evidently preparing for a life-or-death struggle.",彼の手が鞘に触れる。死を覚悟して戦う腹を決めたようだ。,Рука его тянулась к ножнам - он явно собирался сражаться до конца.
,,良,惊喜,,,,,,,默认182,,,,[！],[！],"""!""",「！」,"""!"""
,,,,,,,,,,默认183,,,,不过，当他再度盯着那黑脸将军细看几眼后，却突然变了脸色。,不過，當他再度盯著那黑臉將軍細看幾眼後，卻突然變了臉色。,"Yet after studying the Black-Faced General more closely, his expression abruptly shifted.",しかし黒顔の将軍の顔をまじまじと見て、良の顔色が変わった。,"Однако, внимательно рассмотрев того смуглолицего генерала, он вдруг изменился в лице."
,,良,张嘴愣住,,,,,,,默认184,,良/32-1_良_09,,[你是……李诃子？］,[你是……李訶子？］,"""You... are Li Hezi?""",「おまえは……<ruby=りかし>李訶子</ruby>か？」,"""Ты случаем... не Ли по прозвищу 'Нагрудник'?"""
,,,,,,,,,,默认185,,,,良叔望着为首的黑脸将军，犹疑地念出了一个称号。,良叔望著為首的黑臉將軍，猶疑地唸出了一個稱號。,Uncle Liang stared at the foremost Black-Faced General and uttered a title with hesitation.,良が先頭にいる黒顔の将軍を見ながら、恐る恐るそう呼んだ。,"Глядя на предводителя войск, произнёс он некое прозвище."
,,黑脸将军,通常,,,,,,,默认186,,,,[……],[……],"""...""",「……」,"""..."""
,,,,,,,,,,默认187,,,,黑脸将军闻声一怔，他在良叔开口后停住了脚步，似乎被勾起了一些回忆。,黑臉將軍聞聲一怔，他在良叔開口後停住了腳步，似乎被勾起了一些回憶。,"The Black-Faced General stiffened at the words. He stopped mid-stride after Uncle Liang spoke, seemingly triggered by some recollection.",黒顔の将軍が良の声に少し驚き、はたと足を止めた。何かの記憶を呼び起こされたようだ。,Смуглолицый генерал замер и остановил шаг - слова дядюшки Ляна будто всколыхнули в нём какое-то воспоминание.
,,黑脸将军,惊讶,,,,,,,默认188,,黑脸将军/32-1_黑脸将军_02,,[良！……良哥？],[良！……良哥？],"""Liang!... Brother Liang?""",「良！……良兄貴？」,"""Лян! ... Братец Лян?"""
,,,,,,,,,,默认189,,,,他念出了良叔的名字。,他唸出了良叔的名字。,He uttered Uncle Liang's name.,彼が良の名を思い出した。,Произнёс он его имя.
,,,,,,,,,,默认190,,,,突然，他眼中的杀气在一瞬间全部消散了，眼神也变得清澈了许多。,突然，他眼中的殺氣在一瞬間全部消散了，眼神也變得清澈了許多。,"Suddenly, the killing intent in his eyes vanished in an instant, and his gaze grew much clearer.",ふと彼の目に宿っていた殺気が消え失せ、澄んだ目へとがらりと変わる。,"Внезапно свирепость в его взгляде мигом рассеялась, глаза заметно прояснились."
,,,,,,,,,,默认191,,,,那残暴的气质陡然褪去，仿佛他一下子转变成了一名粗野憨厚的市井屠夫。,那殘暴的氣質陡然褪去，彷彿他一下子轉變成了一名粗野憨厚的市井屠夫。,"The brutal aura faded abruptly, as if he had transformed into a rough but honest street butcher.",あの凶暴そうだった雰囲気もどこへやら、まるで粗野ながらも情に厚い市井の屠殺夫のようだ。,Окружавшая его жестокая аура резко рассеялась - он словно разом превратился в грубого и простодушного мясника с городского рынка.
,,黑脸将军,,,,,,,,默认192,,黑脸将军/32-1_黑脸将军_03,,[他妈的！都给饿停下，谁他妈也不准上前了！！！],[他媽的！都給餓停下，誰他媽也不准上前了！！！],"""Damn it! Everyone stop! Not another fucking step!!!""",「ええい！やめんか！それ以上前に出たら承知せんぞ！」,"""Чорт! Вы усе, стояць на месце, ни шагу уперёд, маць вашу!"""
,,,,,,,,,,默认193,,,,他扬起手臂，操着粗口，朝着周围吼了一声。,他揚起手臂，操著粗口，朝著周圍吼了一聲。,"He raised his arm, cursing loudly, and roared at those around him.",彼が手を振り、乱雑な口ぶりで周囲に叫んだ。,"Подняв руку, грубо рыкнул он окружающим."
,Se,行军停止,,,,,,,,,,,,
,,,,,,,,,,默认194,,,,——铿锵,——鏗鏘,—Clang,――ガシャッ,*Лязг.*
,,,,,,,,,,默认195,,,,围拢的士兵停下了脚步，盔甲摩擦，兵刃低垂，纷纷僵立在原地。,圍攏的士兵停下了腳步，盔甲摩擦，兵刃低垂，紛紛僵立在原地。,"The surrounding soldiers halted, their armor clanking, weapons lowered, frozen in place.",私たちを取り囲んでいる兵士が足を止め、鎧が擦れ合った。みな剣を下げ、めいめいその場に立ち尽くす。,"Окружающие нас солдаты остановились, лязгнув доспехами. Они опустили мечи вниз и один за другим замерли на месте."
,,黑脸将军,通常,,,,,,,默认196,,黑脸将军/32-1_黑脸将军_04,,[妈的！真是大水冲了龙王庙！都听清楚了——这位是救过饿命的兄弟——良哥！],[媽的！真是大水沖了龍王廟！都聽清楚了——這位是救過餓命的兄弟——良哥！],"""Damn it! What a clash of titans! Listen up, everyone—this is the brother who saved my life—Brother Liang!""",「ああちくしょう！よもや身内とは、とんだ誤解を！みなよく聞け――この方はわしを救ってくださった兄弟――良兄貴だ！」,"""Вот чорт! Чутка свой свойго не порешали! Слухайце усе: гэта друган мой, шо у своё время життя мне спас - братец Лян!"""
,,,,,,,,,,默认197,,,,黑脸将军对手下高喊着。,黑臉將軍對手下高喊著。,The Black-Faced General shouted to his subordinates.,黒顔の将軍が部下たちに対してそう呼びかけた。,Выкрикнул смуглоглицый генерал своим людям.
,,,,,,,,,,默认198,,,,他声若洪钟，豪迈开朗，与先前判若两人。,他聲若洪鐘，豪邁開朗，與先前判若兩人。,"His voice boomed like a bell, bold and cheerful, utterly different from before.",鐘のように響く声は、豪放かつ朗らかで、先ほどとはまるで別人だ。,"Его голос гремел как колокол, лихо и приветливо - он как будто превратился в совершенно другого человека."
,,方知宥,,,,,,,,默认199,,,,[……],[……],"""...""",「……」,"""..."""
,,,,,,,,,,默认200,,,,我怔在原地，一时有些无法适应局势的骤变。,我怔在原地，一時有些無法適應局勢的驟變。,"I stood frozen, momentarily unable to process the sudden shift in the situation.",私はその場に立ちすくみ、突然の状況の変化についていけなかった。,"Я оторопело замер, не в силах приноровиться к резко сменяющейся обстановке вокруг."
,,,,,,,,,,默认201,,,,这是什么情况？,這是什麼情況？,What's going on here?,一体……どういうことだ？,Что за дела такие?
,,,,,,,,,,默认202,,,,他……这黑脸将军，似乎认识良叔？,他……這黑臉將軍，似乎認識良叔？,"He... this Black-Faced General, seems to know Uncle Liang?",彼は……この黒顔の将軍は、良と知り合いなのか？,Он... этот смуглолицый генерал и дядюшка Лян - знакомы?
,,良,笑,,,,,,,默认203,,良/32-1_良_10,,[李诃子，你怎么在这里？],[李訶子，你怎麼在這裡？],"""Li Hezi, what are you doing here?""",「久しぶりだな、李訶子。どうしてこんな所に？」,"""Ли Нагрудник, ты как здесь оказался?"""
,,,,,,,,,,默认204,,,,良叔也收敛了脸上的杀气，他的嘴角微微扬起，平静地问着那个黑脸将军。,良叔也收斂了臉上的殺氣，他的嘴角微微揚起，平靜地問著那個黑臉將軍。,Uncle Liang softened the killing intent on his face. The corners of his lips curled slightly as he calmly addressed the Black-Faced General.,良が顔の殺気を収め、にやりとする。そして黒顔の将軍に向かって、平然と問いかけた。,"Спросил дядюшка Ляна спокойным тоном - с его лица тоже исчезла свирепость, уголки губ слегка приподнялись."
,,黑脸将军,惊讶,,,,,,,默认205,,黑脸将军/32-1_黑脸将军_05,,[唉！良哥！你也知道，当年我犯过几次军令，大哥一直不待见我……当时翻山鹞他要走，饿只得跟着他走了！],[唉！良哥！你也知道，當年我犯過幾次軍令，大哥一直不喜歡我……當時翻山鷂他要走，餓只得跟著他走了！],"""Sigh! Brother Liang! You know, back then I violated military orders several times, and the boss never approved of me... When Fan Shanyao decided to leave, I had no choice but to follow him!""",「あい！良兄貴！あんたもよく知ってるだろう。当時のわしは何度も軍令に背き、大将に快く思われていなかった……あの時だって、<ruby=はんさんよう>翻山鷂</ruby>が行くと言うから、仕方なくついて行っただけだ！」,"""Эх! Братец Лян! Ты ж ведаешь, я тады разок-другой приказы нарушав, 'Старшой' мя никада не любив... Ну и када 'Лунь, Пересекающий Горы' решив уйци, мне и пришлося отправицца з ним!"""
,,黑脸将军,通常,,,,,,,默认206,,黑脸将军/32-1_黑脸将军_06,,[后来，翻山鹞步步高升，饿跟着他混得也算人模狗样……妈的，谁料他前些月，竟被许定国派的两个娼妓弄死了……让饿如今没了靠山！],[後來，翻山鷂步步高升，餓跟著他混得也算人模狗樣……媽的，誰料他前些月，竟被許定國派地兩個娼妓弄死了……讓餓如今沒了靠山！],"""Later, Fan Shanyao kept rising through the ranks, and I managed to make something of myself under him... Damn it, who would've thought he'd be killed by those two prostitutes sent by Xu Dingguo just months ago... Now I've lost my patron!""",「その後、翻山鷂は出世を重ねたが、ついて行ったわしはいい面の皮だ……ちくしょう、数か月前、<ruby=きょていこく>許定国</ruby>のよこした遊女に殺されるなんざ、誰が予想できるか……今じゃ後ろ盾もない！」,"""Потым 'Лунь, Пересекающий Горы' усё рос и рос - и я з ним за компанию тож, почитай, жив-не тужив... Но хто ж мог подумаць, маць-перамаць, шо яго давеча вдруг укокошат подосланыя Сюй Динго пара шлюх... И я адразу лишився опоры!"""
,,,,,,,,,,默认207,,,,黑脸将军愤愤地对良叔说道。,黑臉將軍憤憤地對良叔說道。,The Black-Faced General said angrily to Uncle Liang.,将軍が怒りまじりに良にそう言った。,Сердито поведал смуглолицый генерал дядюшке Ляну.
,,,,,,,,,,默认208,,,,翻山鹞……我记得……这指的是兴平伯高杰吧？,翻山鷂……我記得……這指的是興平伯高傑吧？,"Fan Shanyao... I remember... That refers to Marquess Xingping Gao Jie, right?",翻山鷂……ふむ……興平伯・高傑のことだな？,"""Лунь, Пересекающий Горы""... Насколько помню... это же прозвище того самого бо Синпина Гао Цзе?"
,,,,,,,,,,默认209,,,,他竟然死了？还死于娼妓之手？,他竟然死了？還死於娼妓之手？,He's dead? And died at the hands of the prostitutes?,彼が死んだ？しかも遊女の手によって？,Так он умер? И его убили проститутки?
,,,,,,,,,,默认210,,,,我在一旁愕然听着。,我在一旁愕然聽著。,"I stood by, listening in astonishment.",呆然とした思いでそれを聞く私。,"Я стоял, ошеломлённо слушая."
,,,,,,,,,,默认211,,,,记得林翩翩曾说过，“金翅大鹏王”因畏惧被刺杀，给他侍寝的女人必须脱得一丝不挂才能进营帐，是因为怕步了兴平伯的后尘……,記得林翩翩曾說過，“金翅大鵬王”因畏懼被刺殺，給他侍寢的女人必須脫得一絲不掛才能進營帳，是因為怕步了興平伯的後塵……,"I remember Lin Pianpian once said that the ""Golden Eagle King"", fearing assassination, required women serving him at night to enter his tent completely naked—lest he meet the same fate as the Marquess Xingping...",「金翼鵬王」が暗殺を恐れて、寝床に侍らせる女は一糸まとわぬ姿で天幕に入らなければならないという話を林翩翩から聞いたことがある。興平伯の後塵を拝さないようにするためだ……,"Мне вспомнилось, как Линь Пяньпянь тогда говорила, что ""Великий Златокрылый Кондор"", боясь покушения, приказывает девушкам, прислуживающим ему в постели, раздеваться до нитки, прежде чем зайти к нему в шатёр - и всё из-за некоего ""горького опыта"" бо Синпина..."
,,,,,,,,,,默认212,,,,当时我没听明白这是什么意思。,當時我沒聽明白這是什麼意思。,"At the time, I didn’t understand what this meant.",初めて聞いた時、その意味が分からなかった。,Тогда я не понял смысл этой фразы.
,,,,,,,,,,默认213,,,,如今才终于明白其深意。,如今才終於明白其深意。,Only now have I finally grasped its deeper meaning.,しかし今、ようやくその話の意図が読めた。,"Сейчас же до меня, наконец, дошло, что скрывалось за этими словами."
,,黑脸将军,惊讶,,,,,,,默认214,,黑脸将军/32-1_黑脸将军_07,,[良哥，你现在还在闯军那吗？大哥他现今如何？],[良哥，你現在還在闖軍那嗎？大哥他現今如何？],"""Brother Liang, are you still with the Dashing Army now? How is our Boss these days?""",「なあ、良兄貴。まだ<ruby=ちんぐん>闖軍</ruby>にいるのか？大将は元気か？」,"""Братец Лян, ты ща усё так же з Войсками, Идущими Напролом? Як там 'Старшой' поживает?"""
,,,,,,,,,,默认215,,,,黑脸将军试探般地对良叔询问道。,黑臉將軍試探般地對良叔詢問道。,The Black-Faced General inquired cautiously of Uncle Liang.,黒顔の将軍が良にそう問う。,Неловко задал вопрос смуглолицый генерал.
,,良,好奇,,,,,,,默认216,,良/32-1_良_11,,[早在四年前，我便已离开闯军了，至于大哥的近况……我也很久没听说了。],[早在四年前，我便已離開闖軍了，至於大哥的近況……我也很久沒聽說了。],"""I left the Dashing Army four years ago, and as for our Boss’s current situation... I haven’t heard anything in a long time.""",「もう四年前に闖軍を抜けた。大将については……長らくなんの話も聞いていないな」,"""Я уже четыре года как покинул их... И про 'Старшого' я тоже уже давно не слыхал."""
,,黑脸将军,通常,,,,,,,默认217,,黑脸将军/32-1_黑脸将军_08,,[哦，这样啊……不知道也无妨！总之咱俩有缘，过这么多年还能碰上！妈的，在饿眼皮子底下抢马，这般好身手，饿一猜便知道是良哥！],[哦，這樣啊……不知道也無妨！總之咱倆有緣，過這麼多年還能碰上！媽的，在餓眼皮子底下搶馬，這般好身手，餓一猜便知道是良哥！],"""Oh, I see... It's fine if you don't know! Anyway, it's fate that we've met again after all these years! Damn, stealing horse right under my nose - with skills like that, I knew it had to be Brother Liang!""",「はあ、そうか……ま、知らんなら仕方ない！ともあれまた会えたのも何かの縁だ！ったく、わしの目の前で馬を奪うような度胸のある者は、良兄貴くらいだわ！」,"""А, вот яно шо... Ну добро, не ведаеш, так ничаго страшнаго! У любым случае, мы з тобой просто будто судьбою связаны - через столька годов тута устретилися! Чорт возьми, у мя з-пад носа так коня красци - я так и ведав, шо гэтим прытким бойцом будешь ты, братец Лян!"""
,,,,,,,,,,默认218,,,,黑脸将军又笑了笑，他朝前走了几步，离我们近了一些。,黑臉將軍又笑了笑，他朝前走了幾步，離我們近了一些。,"The Black-Faced General smiled again and took a few steps forward, coming closer to us.",黒顔の将軍がからからと笑い、数歩前に出て私たちに近付いた。,Смуглолицый генерал улыбнулся и сделал пару шагов в нашу сторону.
,,黑脸将军,惊讶,,,,,,,默认219,,黑脸将军/32-1_黑脸将军_09,,[良哥！走吧！饿请你去喝酒！饿李诃子佩服的人没几个，你绝对算一个！今后你跟饿，饿带你搏个功名！],[良哥！走吧！餓請你去喝酒！餓李訶子佩服的人沒幾個，你絕對算一個！今後你跟餓，餓帶你搏個功名！],"""Brother Liang! Let's go! I'll treat you to drinks! There aren't many people Li Hezi admires, but you're definitely one of them! From now on, stick with me, and I'll help you make something of yourself!""",「さあ行こう、良兄貴！酒でもどうだ！この李訶子が尊敬する数少ない男のうちの一人だ！これからはわしについてきてくれ、立派な功名を立てさせよう！」,"""Братец Лян! Пагнали! Я те выпиць налью! Ты из немногих, яких я паважаю! Коль застанешься з мною, я те памагу добицца успеху!"""
,,,,,,,,,,默认220,,,,黑脸将军憨厚地笑着，同时对良叔发起邀约。,黑臉將軍憨厚地笑著，同時對良叔發起邀約。,The Black-Faced General smiled warmly while extending an invitation to Uncle Liang.,将軍は飾り気のない笑顔で、良にそう誘いをかけた。,Смуглолицый генерал тепло улыбнулся и предложил дядюшке Ляну присоединиться к нему.
,,良,笑,,,,,,,默认221,,良/32-1_良_12,,[不必了，李诃子，你的好意我心领了……只是，我不想再打仗了。],[不必了，李訶子，你的好意我心領了……只是，我不想再打仗了。],"""No need, Li Hezi. I appreciate your kindness... but I no longer wish to fight.""",「ありがとうな、李訶子。気持ちだけ受け取っておく……だが、もう戦争はこりごりだ」,"""Не стоит, Ли Нагрудник. Ты очень добр... но я не хочу больше воевать."""
,,,,,,,,,,默认222,,,,良叔摇了摇头，淡笑着婉拒了黑脸将军。,良叔搖了搖頭，淡笑著婉拒了黑臉將軍。,"Uncle Liang shook his head, declining the Black-Faced General with a faint smile.",良が首を横に振り、将軍の誘いを丁寧に断った。,"Покачав головой, дядюшка Лян с лёгкой улыбкой отказался от предложения."
,,黑脸将军,惊讶,,,,,,,默认223,,,,[……],[……],"""...""",「……」,"""..."""
,,,,,,,,,,默认224,,,,黑脸将军脸上的笑容突然僵住。,黑臉將軍臉上的笑容突然僵住。,The Black-Faced General’s smile suddenly froze.,将軍の顔の笑顔が凍り付いた。,Улыбка смуглолицего генерала вдруг застыла.
,,良,笑,,,,,,,默认225,,良/32-1_良_13,,[李诃子，我们急着走，你放我们走吧。],[李訶子，我們急著走，你放我們走吧。],"""Li Hezi, we’re in a hurry. Let us pass.""",「李訶子、先を急いでるんだ。行かせてくれないか」,"""Ли Нагрудник, дай пройти. Мы спешим."""
,,黑脸将军,通常,,,,,,,默认226,,,,[……],[……],"""...""",「……」,"""..."""
,,,,,,,,,,默认227,,,,黑脸将军虽然还维持着僵硬的笑容。,黑臉將軍雖然還維持著僵硬的笑容。,Though the Black-Faced General still wore a stiff smile.,黒顔の将軍はまだ強張った笑顔を貼り付けている。,На лице смуглолицего генерала хоть и оставалась натянутая улыбка...
,,,,,,,,,,默认228,,,,但不知为何，我能从他的笑容背后感受到一丝难以察觉的阴冷。,但不知為何，我能從他的笑容背後感受到一絲難以察覺的陰冷。,"Yet somehow, I detected a faint, chilling undertone beneath his smile.",しかしなぜか、私にはその裏からなんとも言えぬ冷たさを感じた。,Я почему-то ощущал под ней некую едва уловимую мрачность.
,,良,坚定,,,,,,,默认229,,,,[……],[……],"""...""",「……」,"""..."""
,,,,,,,,,,默认230,,,,良叔也收敛了笑容，面无表情地盯着他。,良叔也收斂了笑容，面無表情地盯著他。,Uncle Liang’s smile faded as he stared at him blankly.,良も笑顔をしまい、無表情で彼を見つめる。,"У дядюшки Ляна улыбка тоже погасла, и он смотрел на него без какого-либо выражения."
,,方知宥,,,,,,,,默认231,,,,[……],[……],"""...""",「……」,"""..."""
,,,,,,,,,,默认232,,,,我有些紧张，生怕眼前这将军突然翻脸，不念旧情——,我有些緊張，生怕眼前這將軍突然翻臉，不念舊情——,"I grew tense, fearing the General might suddenly turn hostile and cast aside their shared history—",ごくりと唾を呑んだ。この眼前の将軍が豹変し、かつての情を捨て去ったらと私は内心びくびくしていた。,Мне стало не по себе - вдруг этот генерал сейчас решит пойти наперекор прошлой дружбе...
,,,,,,,,,,默认233,,,,直到他突然开口——,直到他突然開口——,Until he suddenly spoke—,すると、彼が口を開いた――,Но вдруг он заговорил:
,,黑脸将军,惊讶,,,,,,,默认234,,黑脸将军/32-1_黑脸将军_10,,[哈哈哈哈哈哈！好！饿听良哥的——弟兄们，让开道！放良哥他们走！］,[哈哈哈哈哈哈！好！餓聽良哥的——弟兄們，讓開道！放良哥他們走！］,"""Hahahahaha! We'll follow Brother Liang's lead—men, clear the way! Let Brother Liang and his man pass!""",「ぶわっはっはっは！あいわかった！良兄貴がそう言うなら仕方ない――兄弟たち、道を開けろ！良兄貴たちを行かせてやれ！」,"""Ха-ха-ха-ха-ха-ха! Добро - будзь по-твоему, братец Лян... Братва, разойдитеся! Дайте братцу Ляну з яго спутником пройци!"""
,CharacterOff,,,,,,,,,,,,,
,,,,,,,,,,默认235,,,,黑脸将军大笑数声，然后返身上马。,黑臉將軍大笑數聲，然後返身上馬。,"The Black-Faced General burst into laughter, then turned and mounted his horse.",黒顔の将軍は豪快に笑うと、再び馬に跨った。,"Громогласно загоготав, смуглолицый генерал развернулся и оседлал свою лошадь."
,,,,,,,,,,默认236,,,,他高举着手中的刀，挥刀传令。,他高舉著手中的刀，揮刀傳令。,He raised his sword high and swung it to issue the command.,そして剣を高々と掲げ、部下たちに伝令した。,"Подняв меч, он взмахнул им, отдавая приказ."
,,,,,,,,,,默认237,,,,那原本包围着我们的骑兵，也纷纷让开了道路，包围圈裂开了一道缺口。,那原本包圍著我們的騎兵，也紛紛讓開了道路，包圍圈裂開了一道缺口。,"The encircling cavalries began to part, opening a gap in their formation.",私たちを囲んでいた騎兵たちが次々と道を空け、包囲網に一本の裂け目ができた。,"Окружившие нас всадники стали расступаться, открывая нам дорогу."
,,良,,,,,,,,默认238,,良/32-1_良_14,,[谢了。],[謝了。],"""Thanks.""",「感謝する」,"""Благодарствую."""
,,,,,,,,,,默认239,,,,良叔简短地道了一句谢，之后便带着我，策马穿过两边的骑兵。,良叔簡短地道了一句謝，之後便帶著我，策馬穿過兩邊的騎兵。,"Uncle Liang offered a brief word of thanks, then led me through the ranks of cavalries on either side.",良が短く感謝を述べると、私を乗せ、馬を駆って両側の騎兵の間を抜けていく。,Бросил на прощание дядюшка Лян и повёл меня через выстроившихся по обе стороны всадников.
,StopBgm,,,,,,3,,,,,,,,,,,
,,黑脸将军,惊讶,,,,,,,默认240,,黑脸将军/32-1_黑脸将军_11,,[良哥——后会有期啊！],[良哥——後會有期啊！],"""Brother Liang—till we meet again!""",「良兄貴――またいつか、どこかで会おう！」,"""Братец Лян, ишчо побачымся!"""
,CharacterOff,,,,,,0.7,,,,,,,
,,,,,,,,,,默认241,,,,疾风在耳边吹过，那黑脸将军的送别之声回响在了身后。,疾風在耳邊吹過，那黑臉將軍的送別之聲迴響在了身後。,"The swift wind whistled past my ears, the farewell voice of the Black-Faced General echoing behind me.",耳元を通り抜ける風の中、黒顔の将軍の別れの挨拶が後ろの方で聞こえた。,"Пока свистящий ветер проносился мимо моих ушей, где-то позади нас раздавалось эхо прощаний смуглолицего генерала."
,,,,,,,,,,默认242,,,,……,……,...,……,...
,StopVoice,,,,,,1,,,,,,,,,,,
,FadeOut,black,,,,,1,,,,,,,,,,,
,Wait,,,,,,1,,,,,,,,,,,
,FadeIn,black,,,,,1,,,,,,,,,,,
,Bgm,明末_芸芸众生_可循环,,,,3,3,,,,,,,,,,,
,,方知宥,,,,,,,,默认243,,方知宥/32-1_方知宥_05,,[良叔，方才那人是谁？],[良叔，方才那人是誰？],"""Uncle Liang, who was that man just now?""",「良さん、さっきの人は誰だ？」,"""Дядюшка Лян, а кто это был?"""
,,,,,,,,,,默认244,,,,等再也看不到那些人影后，我出声询问良叔。,等再也看不到那些人影后，我出聲詢問良叔。,"After those figures had completely disappeared from sight, I spoke up to ask Uncle Liang.",後ろの人影が見えなくなってから、私は良に声をかけた。,"Когда они скрылись из виду, я заговорил с дядюшкой Ляном."
,,良,好奇,,,,,,,默认245,,良/32-1_良_15,,[李诃子——旧时闯军的人，与高杰交好……八年前，我突围时曾救过他一命，将腿上中箭的他扛上马救走……后来他随高杰叛离闯王，便许多年没见过了。],[李訶子——舊時闖軍的人，與高傑交好……八年前，我突圍時曾救過他一命，將腿上中箭的他扛上馬救走……後來他隨高傑叛離闖王，便許多年沒見過了。],"""Li Hezi—a former member of the Dashing Army, close with Gao Jie... Eight years ago, during my breakout, I saved his life by carrying him onto a horse after he was struck by an arrow in the leg... Later, he defected from the Dashing King Li alongside Gao Jie, and we hadn’t seen each other for many years.""",「李訶子――闖軍時代の仲間だ。高傑と仲がよかった……八年前、俺が包囲を破ってあいつを救ってやったんだ。足に矢を受けたあいつを馬に乗せてな……高傑と共に闖王に反旗を翻してからは、何年も会っていなかった」,"<size=27>""Ли по кличке 'Нагрудник' - тоже раньше служил в 'Войсках, Идущих Напролом', друг Гао Цзе... Восемь лет назад я в бою прорвал окружение и спас ему жизнь - усадил на лошадь после того, как ему в ногу попала стрела... Потом вместе с Гао Цзе он покинул Короля, Идущего Напролом, и мы не виделись много лет.""</size>"
,,,,,,,,,,默认246,,,,良叔缓缓说道，讲述着他和李诃子的过往。,良叔緩緩說道，講述著他和李訶子的過往。,"Uncle Liang spoke slowly, recounting his past with Li Hezi.",良が淡々と李訶子とのいきさつを話す。,"Рассказывал дядюшка Лян, вспоминая о своём бывшем боевом товарище."
,,,,,,,,,,默认247,,,,原来如此……,原來如此……,I see...,そういうことか……,Вот оно что...
,,,,,,,,,,默认248,,,,怪不得那人肯放过良叔。,怪不得那人肯放過良叔。,No wonder that man let Uncle Liang go.,どうりで良を解放してくれたわけだ。,"Неудивительно, что он отпустил дядюшку Ляна."
,,,,,,,,,,默认249,,,,那人虽然是闯军的叛将，却欠着良叔的一次救命之恩。,那人雖然是闖軍的叛將，卻欠著良叔的一次救命之恩。,"Though that man was a traitorous general of the Dashing Army, he owed Uncle Liang a life-saving debt.",闖軍を裏切った将ではあるが、良に命を救われた恩があるのだ。,"Несмотря на то, что он предал ""Войска, Идущие Напролом"", дядюшке Ляну он был обязан жизнью."
,,,,,,,,,,默认250,,,,他虽然看起来是阴狠嗜杀之人，但面对救命恩人，还是会念一些旧情。,他雖然看起來是陰狠嗜殺之人，但面對救命恩人，還是會念一些舊情。,"Despite appearing cruel and bloodthirsty, he still cherished some old sentiments when facing the one who saved his life.",いかにも楽しんで人を殺しそうな見た目をしていたが、命の恩人に対してはやはり些かの情が湧いたのだろう。,"Хоть он и выглядел жестоким и кровожадным, но к своему спасителю всё равно отнёсся хорошо."
,,方知宥,,,,,,,,默认251,,方知宥/32-1_方知宥_06,,[他的大名叫什么？],[他的大名叫什麼？],"""What's his full name?""",「彼の本名は何と言うんだ？」,"""А какое у него полное имя?"""
,,,,,,,,,,默认252,,,,我缓缓询问。,我緩緩詢問。,I asked slowly.,彼にそう尋ねる。,Задал я вопрос.
,,良,通常,,,,,,,默认253,,良/32-1_良_16,,[李成栋。],[李成棟。],"""Li Chengdong.""",「<ruby=りせいとう>李成棟</ruby>だ」,"""Ли Чэндун."""
,,,,,,,,,,默认254,,,,良叔简洁地回答道。,良叔簡潔地回答道。,Uncle Liang answered tersely.,さらりと良が答えた。,Кратко ответил дядюшка Лян.
,,,,,,,,,,默认255,,,,李成栋……,李成棟……,Li Chengdong...,李成棟……,Ли Чэндун...
,,,,,,,,,,默认256,,,,此人应当不算有名，大概无论是在闯军还是在明军中都是个小人物，我竟然完全没听过。,此人應當不算有名，大概無論是在闖軍還是在明軍中都是個小人物，我竟然完全沒聽過。,He must not have been notable—likely a minor figure in either the Dashing Army or the Ming Army. I'd never even heard of him.,おそらくは、闖軍にとっても明軍にとっても大したことのない、無名の人物だろう。まったく聞いたことがない名だった。,"Никогда о нём не слышал - должно быть, он был не самым известным человеком. Скорее всего, он что в ""Войсках, Идущих Напролом"", что в минской армии ничего из себя не представлял."
,,方知宥,,,,,,,,默认257,,方知宥/32-1_方知宥_07,,[良叔，我的兽视怪病，方才又发作了。],[良叔，我的獸視怪病，方才又發作了。],"""Uncle Liang, my Beast's Affliction flared up again just now.""",「良さん……さっき、獣視病の発作がまた起きた」,"""Дядюшка Лян, у меня тогда опять случился приступ моей хвори."""
,,良,惊喜,,,,,,,默认258,,良/32-1_良_17,,[哦？你看到李成栋的兽相了？],[哦？你看到李成棟的獸相了？],"""Oh? Did you see Li Chengdong's Beastly Visage?""",「え？李成棟の顔が獣に見えたのか？」,"""А? Ты видел Ли Чэндуна в облике животного?"""
,,,,,,,,,,默认259,,,,良叔立时便领会到了我想说什么。,良叔立時便領會到了我想說什麼。,Uncle Liang immediately grasped what I meant to say.,私が何を言いたいのかすぐに察する良。,"Дядюшка Лян сразу понял, о чём я."
,,方知宥,,,,,,,,默认260,,方知宥/32-1_方知宥_08,,[是。],[是。],"""Yes.""",「ああ」,"""Угу."""
,,,,,,,,,,默认261,,,,我点了点头，深吸了一口气，再缓缓开口——,我點了點頭，深吸了一口氣，再緩緩開口——,"I nodded, drew a deep breath, and then spoke slowly—",私は頷くと、大きく息を吸い込み、再びゆっくりと口を開いた――,"Кивнув, я тяжко вздохнул и заговорил:"
,,方知宥,,,,,,,,默认262,,方知宥/32-1_方知宥_09,,[李成栋……他的兽相是一头黑狼，那是我这几天见过的——最凶残的一头狼。］,[李成棟……他的獸相是一頭黑狼，那是我這幾天見過的——最兇殘的一頭狼。］,"""Li Chengdong... his Beastly Visage is a Black Wolf—the most savage wolf I've encountered these past few days.""",「李成棟……彼の顔は黒い狼だった。この数日見てきた中で――最も凶暴で、残忍な狼だ」,"""У Ли Чэндуна... была морда чёрного волка... самого злобного волка, которого я видел за эти несколько дней."""
,,,,,,,,,,默认263,,,,我心有余悸地说道。,我心有餘悸地說道。,I said with lingering trepidation.,恐怖が冷めやらぬまま、彼にそう話す。,"Проговорил я, всё ещё с некоторым страхом вспоминая то зрелище."
,,良,通常,,,,,,,默认264,,良/32-1_良_18,,[不奇怪。],[不奇怪。],"""No surprise.""",「ま、不思議でもないな」,"""Не удивлён."""
,,,,,,,,,,默认265,,,,良叔淡漠地回答着，似乎早有预料。,良叔淡漠地回答著，似乎早有預料。,"Uncle Liang replied coolly, as if he had anticipated it.",そうだろうと思っていたのか、良の反応はあっさりしたものだった。,"Спокойно ответил дядюшка Лян, словно ожидал услышать подобное."
,,方知宥,,,,,,,,默认266,,,,[……],[……],"""...""",「……」,"""..."""
,,良,,,,,,,,默认267,,,,[……],[……],"""...""",「……」,"""..."""
,,方知宥,,,,,,,,默认268,,方知宥/32-1_方知宥_10,,[对了，良叔，给我讲讲李闯的事吧。],[對了，良叔，給我講講李闖的事吧。],"""By the way, Uncle Liang, tell me about Li Chuang.""",「そうだ、良さん。李自成について聞かせてくれ」,"""Кстати, дядюшка Лян, а расскажите мне о Ли 'Идущем Напролом'."""
,,,,,,,,,,默认269,,,,冷风掠过道旁的芦苇，发出沙沙声响。,冷風掠過道旁的蘆葦，發出沙沙聲響。,"A cold wind swept through the reeds along the path, rustling softly.",冷たい風が道端の芦を撫で、さらさらと音を立てている。,"Холодный ветерок тихо шелестел камышами, которые росли вдоль тропинки."
,,良,好奇,,,,,,,默认270,,良/32-1_良_19,,[你怎么突然想听？],[你怎麼突然想聽？],"""Why the sudden curiosity?""",「なんだまた唐突に」,"""Чего это ты так им заинтересовался?"""
,,方知宥,,,,,,,,默认271,,方知宥/32-1_方知宥_11,,[就是突然想听了，给我讲讲吧。],[就是突然想聽了，給我講講吧。],"""I just suddenly wanted to hear it. Tell me about it.""",「今聞きたくなったんだ。いいから話してくれ」,"""Да просто захотелось послушать ни с того ни с сего. Расскажите мне."""
,,良,通常,,,,,,,默认272,,良/32-1_良_20,,[从哪开始讲？],[從哪開始講？],"""Where should I begin?""",「どこから話せばいい？」,"""Откуда начать?"""
,,方知宥,,,,,,,,默认273,,方知宥/32-1_方知宥_12,,[从你最初遇见他时讲起吧。],[從你最初遇見他時講起吧。],"""Start from when you first met him.""",「最初の出会いからで頼む」,"""С того момента, как Вы встретили его."""
,,,,,,,,,,默认274,,,,我笑着说道。,我笑著說道。,I said with a smile.,私は笑いながらそう言った。,Ответил я с улыбкой.
,,,,,,,,,,默认275,,,,良叔点了点头，开始给我讲起了“李闯”的事——,良叔點了點頭，開始給我講起了“李闖”的事——,"Uncle Liang nodded and began telling me about ""Li Chuang""—",良が頷き、「李闖」について語り出した――,"Кивнув, дядюшка Лян начал свой рассказ."
,CharacterOff,,,,,,,,,,,,,
,StopAmbience,,,,,,,,,,,,,
,FadeOut,black,,,,,1,,,,,,,,,,,
,Wait,,,,,,1,,,,,,,
,Bg,天空,,,,,,,,,,,,
,FadeIn,black,,,,,1,,,,,,,,,,,
,,,,,,,,,,默认276,,,,……,……,...,……,...
,,,,,,,,,,默认277,,,,之后。,之後。,Afterward.,その後。,После этого.
,,,,,,,,,,默认278,,,,良叔给我讲了很久关于李闯的事。,良叔給我講了很久關於李闖的事。,Uncle Liang spoke to me at length about Li Chuang.,良は李自成について色々話してくれた。,Дядюшка Лян долго говорил мне о нём:
,,,,,,,,,,默认279,,,,他先是讲起与李闯的初遇。,他先是講起與李闖的初遇。,He began with his first meeting with Li Chuang.,まずは李自成との出会いからだ。,"Он начал с того, как впервые встретился с Ли ""Идущим Напролом""."
,,,,,,,,,,默认280,,,,那是崇祯五年，良叔还做着人牙子的脏活，,那是崇禎五年，良叔還做著人牙子的骯髒事，,"It was the fifth year of Chongzhen's reign, when Uncle Liang still worked the vile trade of a human trafficker.",崇禎五年、良がまだ人買いという汚れ仕事をしていた頃に話は遡る。,"Это был <ruby=1632 г.>пятый год</ruby> правления Чунчжэня, когда дядюшка Лян был торговцем людьми."
,,,,,,,,,,默认281,,,,他要把四个小女娃从华州送到洛阳。,他要把四個小女娃從華州送到洛陽。,He was transporting four young girls from Huazhou to Luoyang.,彼は四人の少女を華州から洛陽まで送り届けようとしていた。,Он вёл четырёх девочек из Хуачжоу в Лоян.
,,,,,,,,,,默认282,,,,路上，他遇到了李闯。,路上，他遇到了李闖。,"Along the way, he encountered Li Chuang.",その道中で、彼は李自成と出会った。,"По пути он и наткнулся на Ли ""Идущего Напролом""."
,,,,,,,,,,默认283,,,,李闯和他听闻的反军不同，他的部队对驻扎的村庄秋毫无犯，虽然会向村里的人索要一些粮食，但会以帮衬农活作为报答。,李闖和他聽聞的反軍不同，他的部隊對駐紮的村莊秋毫無犯，雖然會向村裡的人索要一些糧食，但會以幫襯農事作為報答。,"Li Chuang was unlike the rebel forces he'd heard of—his troops left the villages they occupied untouched. Though they demanded food from the villagers, they repaid them by helping with farm work.",李自成は噂のような賊軍と違い、駐屯する村に一切の手出しをすることがなかった。村の者に多少の食料を要求することはあっても、農作業の手伝いをすることでそれに報いる、そういう男だった。,"Тот отличался от других повстанцев, о которых он слышал раньше - его войска не причиняли вреда деревням, в которых останавливались на постой. Хотя они и собирали с местных еду, они всегда отрабатывали её, помогая в сельских работах."
,,,,,,,,,,默认284,,,,他们一行人被李闯的士兵截住，送到了李闯的面前。,他們一行人被李闖的士兵截住，送到了李闖的面前。,Their group was intercepted by Li Chuang's soldiers and brought before him.,良たちは李自成の兵に掴まり、李自成の前に連れていかれた。,"Их группу тогда поймали войска Ли ""Идущего Напролом"" и отвели прямо к нему."
,,,,,,,,,,默认285,,,,起初，他以为李闯要伤他们的性命，结果李闯在几次比试之后便放过了他们，只是让他们演了影子戏。,起初，他以為李闖要傷他們的性命，結果李闖在幾次比試之後便放過了他們，只是讓他們演了影子戲。,"At first, he thought Li Chuang meant to kill them, but after a few tests, Li Chuang let them go, only demanding a shadow puppetry performance.",てっきり良は李自成に殺されると思っていたが、李自成は何度か腕比べをした後に彼らを解放し、影絵芝居を演じさせただけだった。,"Сначала он думал, что Ли ""Идущий Напролом"" убьёт их, но после некоторых испытаний их отпустили, лишь попросив поставить теневой спектакль."
,,,,,,,,,,默认286,,,,分别之时，李闯见良叔身手不凡，便诚邀良叔随他一起打仗，良叔当时并未答应。,分別之時，李闖見良叔身手不凡，便誠邀良叔隨他一起打仗，良叔當時並未答應。,"When they parted, Li Chuang, impressed by Uncle Liang's remarkable skills, earnestly invited him to join the war. Uncle Liang declined at the time.",その時の別れ際、李自成は良の腕前に感心し、共に戦わないかと彼を本気で誘ったが、良がその場では断った。,"Когда они уходили, Ли ""Идущий Напролом"" был впечатлён мастерством дядюшки Ляна и упрашивал его присоединиться к нему. Тогда дядюшка Лян не согласился."
,,,,,,,,,,默认287,,,,然而，在那不久后，当良叔安顿好小女娃，并与满穗立了一个约定后，终究还是投奔了李闯。,然而，在那不久後，當良叔安頓好小女娃、並且與滿穗立了一個約定後，終究還是投奔了李闖。,"Yet not long after, once Uncle Liang had settled the little girls and made a promise with Man Sui, he ultimately joined Li Chuang.",しかし程なくして、少女たちを無事に届け、満穂とある約束を交わした後、良は李自成のもとに身を寄せることになった。,"Но вскоре, после того, как дядюшка Лян обезопасил будущее девочек и заключил с Маньсуй некий уговор, он в итоге присоединился к его войскам."
,,,,,,,,,,默认288,,,,他在李闯身边做了一名近侍护卫，跟随李闯南征北战、出生入死。,他在李闖身邊做了一名近侍護衛，跟隨李闖南征北戰、出生入死。,"He served as a personal guard to Li Chuang, accompanying him through countless battles and life-or-death struggles.",彼は李自成のもとで護衛を務め、李自成の行く先々で共に戦い、生死を共にした。,"Он был телохранителем Ли ""Идущего Напролом"", сопровождая его через бесчисленные сражения, постоянно находясь на грани жизни и смерти."
,,,,,,,,,,默认289,,,,良叔谈及了李闯的诸多优点，足足讲了半个时辰。,良叔談及了李闖的諸多優點，足足講了半個時辰。,Uncle Liang spoke of Li Chuang's many virtues for a full hour.,良が李自成の良い所を語り出し、ゆうに半刻もその話が続いた。,"Когда дядюшка Лян стал говорить о достоинствах Ли ""Идущего Напролом"", он проговорил об этом целых пол-стражи."
,,,,,,,,,,默认290,,,,他说：李闯很简朴。,他說：李闖很簡樸。,He said: 'Li Chuang is very frugal.',いわく、李自成は素朴な人間だったという。,"Он говорил, что тот - человек простой."
,,,,,,,,,,默认291,,,,他一年四季常服不过两三套：多是范阳笠，红披风，蓝箭衣等简单装束。,他一年四季常服不過兩三套：多是范陽笠，紅披風，藍箭衣等簡單裝束。,"Throughout the year, he wore no more than two or three sets of ordinary clothes—mostly simple attire like a Fanyang hat, red cloak, and blue archer's jacket.",彼は一年四季を通して、二三着の服しか着なかった。そのほとんどが<ruby=はんようりゅう>范陽笠</ruby>に赤い外套、青い<ruby=せんい>箭衣</ruby>という簡素な装いだ。,"За год у него было не более двух-трёх нарядов - в основном простая одежда, по типу войлочной шляпы в фаньянском стиле, синего наряда лучника и красной накидки."
,,,,,,,,,,默认292,,,,他还说，李闯很勇敢。,他還說，李闖很勇敢。,He also said that Li Chuang was very brave.,また、とても勇敢な人物だったと李自成のことを評した。,"Так же он говорил, что тот смелый."
,,,,,,,,,,默认293,,,,他作为主帅，却总是走在队伍的最前面，身先士卒，冲锋向前，鼓舞着身后所有人的士气。,他作為主帥，卻總是走在隊伍的最前面，身先士卒，衝鋒向前，鼓舞著身後所有人的士氣。,"As the commander, he always marched at the forefront, leading the charge and inspiring the morale of all who followed.",主将でありながら、常に隊の先頭に立ち、兵に先んじて突撃し、背中の兵達の士気を鼓舞していた。,"Будучи командиром, он всегда шёл в авангарде, ведя своё войско в бой и поднимая дух всех, кто шёл за ним."
,,,,,,,,,,默认294,,,,他还说，李闯很坚韧。,他還說，李闖很堅韌。,He also said that Li Chuang was remarkably tenacious.,さらに、しぶとい人物であるとも良は言う。,"Ещё он говорил, что тот очень упорен."
,,,,,,,,,,默认295,,,,闯军曾遭贺人龙、孙传庭等名将屡屡追杀。,闖軍曾遭賀人龍、孫傳庭等名將屢屢追殺。,The Dashing Army was repeatedly pursued by renowned generals like He Renlong and Sun Chuanting.,闖軍はかつて、<ruby=がじんりゅう>賀人龍</ruby>や<ruby=そんでんてい>孫伝庭</ruby>などの名だたる将軍たちに幾度も追い回された。,"Прославленные генералы, такие, как Сунь Чуаньтин и Хэ Жэньлун, постоянно преследовали ""Войска, Идущие Напролом""."
,,,,,,,,,,默认296,,,,他们为了生存下来，走过雪山峭壁、走过江河草场。,他們為了生存下來，走過雪山峭壁、走過江河草場。,"To survive, they trekked across snow-capped mountains and sheer cliffs, forded rivers, and traversed grasslands.",彼らは生きるために雪山や険しい崖を越え、川や草原を渡った。,"Чтобы выжить, повстанцам приходилось преодолевать заснеженные горы и крутые скалы, переправляться через реки и переходить степи."
,,,,,,,,,,默认297,,,,一次次的失败，从没有击溃李闯的心志，因为他始终坚信自己必胜，永不言弃。,一次次的失敗，從沒有擊潰李闖的心志，因為他始終堅信自己必勝，永不言棄。,"Repeated failures never broke Li Chuang's resolve, for he remained steadfast in his belief of ultimate victory, never yielding.",数度の失敗においても、李自成の闘志が折れることはなかった。なぜなら、彼は常に勝利を確信し、決して諦めることがなかったからだ。,"Многократные неудачи не подрывали решимость Ли ""Идущего Напролом"" - он оставался непоколебим в вере в окончательную победу и никогда не сдавался."
,,,,,,,,,,默认298,,,,……,……,...,……,...
,,,,,,,,,,默认299,,,,当然，李闯也并非是没有缺点的完人。,當然，李闖也並非是沒有缺點的完人。,"Of course, Li Chuang was no flawless paragon either.",もちろん、そんな李自成とて完全無欠の人物ではない。,"Конечно, Ли ""Идущий Напролом"" не был человеком совсем уж без недостатков."
,,,,,,,,,,默认300,,,,良叔也给我讲了一些他不好的地方，也足足讲了半个时辰。,良叔也給我講了一些他不好的地方，也足足講了半個時辰。,"Uncle Liang also recounted his faults to me, speaking for a full hour.",良は彼の悪い所も語ってくれたが、それもやはり半刻続いた。,"Ещё пол-стражи дядюшка Лян потратил и на то, чтобы рассказать про плохие стороны Ли ""Идущего Напролом""."
,,,,,,,,,,默认301,,,,他说：李闯有时太过宽容，有时却太过严厉，他做事太随自己的性子来，欠缺考虑，有时让人觉得是想一出是一出。,他說：李闖有時太過寬容，有時卻太過嚴厲，他做事太隨自己的性子來，欠缺考慮，有時讓人覺得是想到什麼就做什麼。,"He said: Li Chuang could be excessively forgiving at times, yet unreasonably severe at others. He acted too capriciously, without due consideration, often seeming to follow every passing whim.",いわく、李自成は時に寛容すぎ、時に厳しすぎるとのことだった。何をするにも気まぐれで熟考が足りず、行き当たりばったりなのではないかと不安になることもあったそうだ。,"Он говорил, что иногда тот был слишком великодушным, а иногда - слишком строгим. Порой он действовал безрассудно, будто действуя по воле случая."
,,,,,,,,,,默认302,,,,闯军中有个叫郝摇旗的，时常不听军令，虽然军师常劝李闯严惩此人，李闯却因为惜才之心，对他包容了许多次。,闖軍中有個叫郝搖旗的，時常不聽軍令，雖然軍師常勸李闖嚴懲此人，李闖卻因為惜才之心，對他包容了許多次。,"In the Dashing Army was a man named Hao Yaoqi who frequently defied military orders. Though the strategist often counseled Li Chuang to punish him harshly, Li Chuang spared him repeatedly, valuing his talents.",闖軍に<ruby=かくようえん>郝揺旗</ruby>というしばしば軍令を無視する者がいた。軍師が彼をきちんと処罰するよう進言するも、李自成は彼を可愛がっており、何度も許していた。,"В ""Войсках, Идущих Напролом"" был человек по имени Хао Яоци, который часто игнорировал приказы. Хотя советники нередко рекомендовали Ли ""Идущему Напролом"" строго наказать его, Ли многократно прощал его, ценя за таланты."
,,,,,,,,,,默认303,,,,反之，当李闯打下一些乡镇，捉到本地的地主乡绅时，他则是会一时脾气上来，不听军师的劝阻，对他们施以酷刑，令闯军将之折磨至死。,反之，當李闖打下一些鄉鎮，捉到本地的地主鄉紳時，他則是會一時脾氣上來，不聽軍師的勸阻，對他們施以酷刑，令闖軍將之折磨至死。,"Conversely, when Li Chuang captured towns and villages and seized local landlords and gentry, he would sometimes lose his temper, ignoring his military advisors' pleas, and subject them to torture, ordering the Dashing Army to torment them to death.",その一方で、町や村を落としその地の地主や村長を捕まえると、衝動的に昂ってしまい、軍師の進言も無視して残酷な刑を言い渡し、闖軍に死ぬまで痛めつけさせたという。,"С другой стороны, когла Ли ""Идущий Напролом"" захватывал города и деревни и пленял местных землевладельцев и дворян, он порой терял самообладание и, игнорируя советников, приказывал ""Войскам, Идущим Напролом"" пытать их до смерти."
,,,,,,,,,,默认304,,,,同时，李闯也对女子也缺乏耐心，常会发些莫名其妙的脾气。,同時，李闖也對女子也缺乏耐心，常會發些莫名其妙的脾氣。,"At the same time, Li Chuang lacked patience with women, often flying into inexplicable rages.",また、女にも辛抱がきかず、しばしばわけのわからぬことで癇癪を起していた。,"В то же время Ли ""Идущий Напролом"" плохо ладил с женщинами, не имел с ними терпения, отчего временами у него бывали необъяснимые вспышки гнева."
,,,,,,,,,,默认305,,,,正因如此，他曾有过的两个妻室都跟着别人跑了。,正因如此，他曾有過的兩個妻室都跟著別人跑了。,"Because of this, both wives he had once taken eventually ran off with other men.",そのせいで、かつていた二人の妻は、どちらも別の男のところへ逃げてしまった。,"Из-за этого обе жены, которые когда-то у него были, в итоге сбежали к другим мужчинам."
,,,,,,,,,,默认306,,,,据传，第一个拐他老婆走的人被他杀了，似乎是他从军前的事。,據傳，第一個拐他老婆走的人被他殺了，似乎是他從軍前的事。,It is said he killed the first man who ran off with his wife—apparently before he joined the army.,噂によると最初に妻を寝取った男は後に彼に殺されたらしい。彼が軍に入る前の話らしいが。,"По слухам, первого мужчину, который забрал его первую жену, он убил - вроде бы это было ещё до того, как он стал повстанцем."
,,,,,,,,,,默认307,,,,而第二个拐他老婆的——正是那大名鼎鼎的兴平伯高杰。,而第二個拐他老婆的——正是那大名鼎鼎的興平伯高傑。,"And the second man who eloped with his wife—was none other than the renowned Marquess Xingping, Gao Jie.",そして二人目の妻を奪った男が――名の知れた興平伯こと高傑だ。,"А вторым мужчиной, который забрал его уже вторую жену, был никто иной, как знаменитый бо Синпина, Гао Цзе."
,,,,,,,,,,默认308,,,,高杰叛变李闯时，不仅带走了他的老婆，还带走了他的许多的兵将——可谓是让李闯“赔了夫人又折兵”了。,高傑叛變李闖時，不僅帶走了他的老婆，還帶走了他的許多的兵將——可謂是讓李闖“賠了夫人又折兵”了。,"When Gao Jie defected from Li Chuang, he not only took Li Chuang's wife but also many of his soldiers—truly making it a case of ""losing both the bride and the army"".",高傑が李自成を裏切った時、彼の妻を奪っただけでなく、兵の多くも引き抜いていってしまった――まさに「<ruby=泣きっ面に蜂>賠了夫人又折兵</ruby>」だ。,"Когда Гао Цзе ополчился против Ли ""Идущего Напролом"", он забрал не только его жену, но и многих его солдат - можно сказать, тот потерпел ущерб со всех сторон."
,FadeOut,black,,,,,1,,,,,,,,,,,
,Wait,,,,,,1,,,,,,,
,Bg,天空阴,,,,,,,,,,,,
,FadeIn,black,,,,,1,,,,,,,,,,,
,,,,,,,,,,默认309,,,,……,……,...,……,...
,,,,,,,,,,默认310,,,,最后，良叔放缓缰绳，让马踱步前行，郑重其事地对我说了一段话。,最後，良叔放緩韁繩，讓馬踱步前行，鄭重其事地對我說了一段話。,"Finally, Uncle Liang slackened the reins, letting the horse walk at a leisurely pace, and spoke to me with great solemnity.",話の最期、良が手綱を緩め、ゆっくり馬を歩かせながら、真面目な様子で私にこう話した。,"Ослабив поводья, дядюшка Лян позволил лошади идти своим ходом, а затем заговорил с важным и серьёзным видом."
,,,,,,,,,,默认311,,,,他说，纵然李闯有千般缺点，并非完人……但他始终认为李闯是当今天下最适合当皇帝的人。,他說，縱然李闖有千般缺點，並非完人……但他始終認為李闖是當今天下最適合當皇帝的人。,He said that even if Li Chuang had countless flaws and was far from perfect... he still believed Li Chuang was the most fit to be emperor in all the world.,李自成は欠点ばかりで、とても完璧とは言いがたい……しかしそれでも、彼は李自成こそが今の天下で最も皇帝にふさわしい人物だとずっと信じている、と。,"Он сказал, что Ли ""Идущий Напролом"" далёк от идеала... но всё же он убеждён, что тот лучше всех подходит на роль императора Поднебесной."
,,,,,,,,,,默认312,,,,我问为何。,我問為何。,I asked why.,その理由を尋ねる私。,"Я спросил, почему."
,,,,,,,,,,默认313,,,,良叔说：李闯的梦想是他最向往的，也是普天之下最多人所向往的。,良叔說：李闖的夢想是他最嚮往的，也是普天之下最多人所嚮往的。,"Uncle Liang said: Li Chuang's dream was the one he cherished most, and it was also the one most people under heaven longed for.",李自成の夢は彼が最も憧れるものであり、天下の最も多くが憧れるものだからだ、と良が答えた。,"Дядюшка Лян ответил, что у Ли ""Идущего Напролом"" была мечта, которой он следовал - та самая мечта, о которой грезили многие люди Поднебесной."
,,,,,,,,,,默认314,,,,李闯想创造一个人人都能吃饱穿暖、穷人不被富人随便欺负、人人都有公道和尊严的天下。,李闖想創造一個人人都能能吃飽穿暖、窮人不被富人隨便欺負、人人都有公道和尊嚴的天下。,"Li Chuang dreamed of creating a world where everyone had enough to eat and wear, where the poor were not oppressed by the rich, and where all people could live with justice and dignity.",李自成は人々が十分に衣食住に困らず、貧しい者が富める者に虐げられることなく、誰もが公平と尊厳を享受できる天下を作ろうとしていた。,"Он мечтал создать мир, в котором у каждого было бы достаточно еды и одежды, где богатые не угнетали бы бедных, где все могли бы жить в справедливости и достоинстве."
,,,,,,,,,,默认315,,,,若不是为了更为重要的某个约定，也许良叔会继续跟着李闯，为了他心中的天下，陪他战至最后一刻。,若不是為了更為重要的某個約定，也許良叔會繼續跟著李闖，為了他心中的天下，陪他戰至最後一刻。,"Were it not for a more pressing promise, perhaps Uncle Liang would have stayed by Li Chuang's side, fighting to the bitter end for the world he believed in.",もしももっと重要な約束がなければ、今でも良は李自成の下で、彼の理想の天下のために、最後まで共に戦っていたかもしれない。,"Если бы не важное обещание, которое дал дядюшка Лян, он, скорее всего, остался бы с Ли ""Идущим Напролом"", сражаясь до конца за его мечту о Поднебесной."
,,,,,,,,,,默认316,,,,……,……,...,……,...
,FadeOut,black,,,,,1,,,,,,,,,,,
,Wait,,,,,,1,,,,,,,
,Bg,天空夜,,,,,,,,,,,,
,FadeIn,black,,,,,1,,,,,,,,,,,
,,,,,,,,,,默认317,,,,我们昼夜兼程，天幕由墨黑转至鱼肚白，再由青灰沉入夜色。,我們晝夜兼程，天幕由墨黑轉至魚肚白，再由青灰沉入夜色。,"We traveled day and night as the sky darkened from ink-black to the pallor of dawn, then faded from bluish-gray back into night's embrace.",私たちは昼夜を問わず先を急いだ。夜空が黒から白んでいき、また青から黒へと沈んでいった。,"Мы шли день и ночь: небо сначала наливалось чернилами, затем уступало место бледному рассвету, а потом снова окутывалось ночной сине-серой краской."
,,,,,,,,,,默认318,,,,一日一夜，十二个时辰过去。,一日一夜，十二個時辰過去。,A full day and night passed — twenty‑four hours in all.,一日一夜、十二刻が過ぎた。,Прошёл целый день - все двенадцать страж.
,FadeOut,black,,wipe_left,,,1.5,,,,,,,,,,,
,Bg,泰州渡口夜,,,,,0,,,,,,,,,,,
,FadeIn,black,,wipe_right,,,1.5,,,,,,,,,,,
,,,,,,,,,,默认319,,,,终于，在次日夜晚之时，我和良叔来到了泰州渡口。,終於，在次日夜晚之時，我和良叔來到了泰州渡口。,"Finally, by the next evening, Uncle Liang and I reached the Taizhou ferry.",そして翌日の夜中、私と良は泰州の渡し場に到着した。,На следующий вечер мы с дядюшкой Ляном наконец-то дошли до переправы в Тайчжоу.
,,,,,,,,,,默认320,,,,此时的芦苇荡中，停泊着几艘渔船，有几艘是向东走的，也有几艘是向西走的。,此時的蘆葦蕩中，停泊著幾艘漁船，有幾艘是向東走的，也有幾艘是向西走的。,"In the reed marshes at that moment, several fishing boats lay anchored—some heading east, others west.",芦原に数隻の漁船が停泊している。東に向かう船もあれば、西に向かう船もある。,"Там, среди камышовых зарослей, на причале стояли несколько рыбацких лодок. Какие-то лодки плыли на восток, какие-то - на запад."
,,,,,,,,,,默认321,,,,乘舟渡江，或可暂避周围乱军的锋芒，获得一些时日的安宁。,乘舟渡江，或可暫避周圍亂軍的鋒芒，獲得一些時日的安寧。,"Crossing the river by boat might offer temporary refuge from the surrounding rebel forces, granting a brief respite.",船で川を渡れば、しばらくは付近の戦争のごたごたを避け、一時の安寧を得られるかもしれない。,Переправа через реку на лодке могла дать временное укрытие от рыщущих повсюду войск и позволить нам небольшую передышку.
,,,,,,,,,,默认322,,,,不过，这些船家也知道来找他们的人是想来买“命”的，一般要价都很贵。,不過，這些船家也知道來找他們的人是想來買“命”的，一般要價都很貴。,"Yet these boatmen knew their clients were bargaining for ""lives"", and thus their prices were invariably steep.",しかしこの船乗りたちも、訪ねて来る者たちが「命」を買おうとしていることをよく知っているため、その値段はとても高い。,"Но лодочники знали, что на кону стоят человеческие жизни, и потому задирали цены до небес."
,,,,,,,,,,默认323,,,,良叔听了价格后，一开始不想坐他们的船，可他们解释说现在情况紧急，他们冒着生命危险来行船，自然值得高价的回报。,良叔聽了價格後，一開始不想坐他們的船，可他們解釋說現在情況緊急，他們冒著生命危險來行船，自然值得高價的回報。,"Uncle Liang balked at the price at first, but they argued that the dire circumstances justified the cost—they were risking their lives to ferry passengers.",良は価格を聞いて船に乗るのをやめようとした。しかし今は状況が状況で、命の危険を冒して船を渡すため、値が張るのは当然のことだと船乗りたちが説明する。,"Сначала дядюшка Лян от таких цен отказывался садиться на лодку. Но лодочники уверяли, что в это непростое время такие цены оправданы - ведь, переправляя пассажиров, они сами рискуют жизнью."
,,,,,,,,,,默认324,,,,他们还说，这几日郑鸿逵正在炮轰瓜洲渡口，最近陆续有那里的难民逃难而来，难民与日俱增，他们的要价只会越来越贵。,他們還說，這幾日鄭鴻逵正在炮轟瓜洲渡口，最近陸續有那裡的難民逃難而來，難民與日俱增，他們的要價只會越來越貴。,"They also mentioned that Zheng Hongkui had been shelling Guazhou Ferry lately, and with refugees fleeing in growing numbers, their fares would only climb higher.",また、この数日は<ruby=ていこうき>鄭鴻逵</ruby>が瓜州の渡し場を砲撃しているため、そこからの難民が次々と押し寄せるせいで、難民が日増しに増え、それに伴って彼らの要求額もますます増えているとも語った。,"Они также рассказали, что Чжэн Хункуй недавно обстрелял переправу в Гуачжоу и в последнее время оттуда то и дело прибывают беженцы - так что цена будет только расти. <i>(Чжэн Хункуй - дядя и соратник известного пирата Чжэн Чэнгуна, также известного как Коксинга)</i>"
,,,,,,,,,,默认325,,,,于是，良叔与我商议后，还是打算用剩下的银两即刻渡江，不再犹豫。,於是，良叔與我商議後，還是打算用剩下的銀兩即刻渡江，不再猶豫。,"After discussing it with Uncle Liang, we decided to use the remaining silver taels to cross the river immediately, without further hesitation.",そのため、私と良は相談した末、残りの金ですぐに川を渡ることにし、一刻の躊躇もしないことにした。,"Посоветовавшись со мной, дядюшка Лян в конце концов перестал колебаться и решил всё-таки переправиться через реку на оставшиеся деньги."
,,,,,,,,,,默认326,,,,我问了良叔今后打算去哪。,我問了良叔今後打算去哪。,I asked Uncle Liang where he planned to go next.,良にこれからどこに行くつもりなのかと問う。,"Я спросил дядюшку Ляна, куда он направится дальше."
,,,,,,,,,,默认327,,,,他说，接下来，他要去往杭州，在出海的港口与满穗汇合。,他說，接下來，他要去往杭州，在出海的港口與滿穗匯合。,He said he would next head to Hangzhou to meet Man Sui at the departure port.,この後杭州に行き、海に出る港で満穂と合流する予定だと彼が答えた。,"Он ответил, что в Ханчжоу - чтобы встретиться с Маньсуй в порту."
,,,,,,,,,,默认328,,,,满穗早前购得一船，多半是为了出海的。,滿穗早前購得一船，多半是為了出海的。,"Man Sui had purchased a boat earlier, most likely for sailing overseas.",穂は以前に船を買っていたが、おそらく海に出るためだったのだろう。,"Маньсуй должна была купить корабль, на котором они, скорее всего, отплывут за море."
,,,,,,,,,,默认329,,,,若是她想出海，良叔自然会陪同。,若是她想出海，良叔自然會陪同。,"If she wished to set sail, Uncle Liang would naturally accompany her.",彼女が海に出たいと言うなら、良がそれについていくのは必然とも言えた。,"Если Маньсуй захочет отплыть в море, понятное дело, дядюшка Лян будет сопровождать её."
,,良,笑,,,,,,,默认330,,良/32-1_良_21,,[如何，我们是在此地分开，还是你随我同行？],[如何，我們是在此地分開，還是你隨我同行？],"""So, shall we part ways here, or will you come with me?""",「どうする。ここで別れるか、それとも俺についてくるか」,"""Так что? Расходимся здесь - или ты со мной переправишься?"""
,,,,,,,,,,默认331,,,,渡口岸边，良叔询问着我的抉择。,渡口岸邊，良叔詢問著我的抉擇。,"At the ferry shore, Uncle Liang asked for my decision.",渡し場で、良が私の選択を訊ねた。,"Стоя у переправы, спросил меня дядюшка Лян."
,,,,,,,,,,默认332,,,,江风拂面，带着水汽的凉意。,江風拂面，帶著水氣的涼意。,"The river breeze brushed against my face, carrying a cool, damp chill.",川風が頬を撫で、水気を帯びたひんやりとした感触がした。,Прохладный влажный речной ветерок коснулся моего лица.
,,,,,,,,,,默认333,,,,我沉思片刻，说出了我的决定——,我沉思片刻，說出了我的決定——,"After a moment of contemplation, I spoke my decision—",少し考え、良に私の決断を伝える――,"Подумав немного, я высказал своё решение:"
,StopBgm,,,,,,3,,,,,,,,,,,
,Selection,*告别良叔，向西寻闯,,,,,,,,,,,,告别良叔，向西寻闯,告別良叔，向西尋闖,Say goodbye to Uncle Liang and head west,良に別れを告げ、西に向かい闖王をたずねる,Попрощаться с дядюшкой Ляном и отправиться на запад.
,Selection,*跟随良叔，向东出海,,,,,,,,,,,,跟随良叔，向东出海,跟隨良叔，向東出海,Go with Uncle Liang and set sail east,良についていき、東に向かい海に出る,Пойти с дядюшкой Ляном и отплыть на восток.
,*告别良叔，向西寻闯
,FadeOut,black,,,,,2,,,,,,,,,,,
,Jump,*map_commonEnd_1
,*跟随良叔，向东出海
,FadeOut,black,,,,,2,,,,,,,,,,,
,Jump,*map_commonEnd_2
