#SHEET_NAME,记-第十八回三
,Command,Arg1,Arg2,Arg3,Arg4,Arg5,Arg6,Arg7,WaitType,Text,PageCtrl,Voice,WindowType,SC,TC,English,Japanese,Russian
,ChapterAnimation,BG_Ji_18_3,chapter_bg_J,chapter_title_J18_3,Liang,265,,,,,,,,,,,
,*map_ji_18_3,,,,,,,,,,,,,,,,
,UnlockPlotMap,map_ji_18_3,,,,,,,,,,,,,,,
,SetChapterName,记-第十八回三,,,,,,
,Wait,,,,,,1,
,FadeOut,black,,,,,0,
,Bg,青楼中庭破败夜,,,,,,,,,,,,,,,
,FadeIn,black,,,,,1,,,,,,,,,,,
,Ambience,室外主风,TRUE
,,方知宥,,,,,,,,默认1,,方知宥/34_方知宥_01,,[我还是留在城里吧。],[我還是留在城裡吧。],"""I'll stay in the city after all.""",「やはり、この町に残ることにするよ」,"""Я думаю, что лучше останусь в городе."""
,,,,,,,,,,默认2,,,,沉吟片刻后，我轻声笑了笑，对琼华说出了我的决定。,沉吟片刻後，我輕聲笑了笑，對瓊華說出了我的決定。,"After a moment of contemplation, I chuckled softly and revealed my decision to Qionghua.",少し考えた後、からりと笑い、瓊華にそう答えた。,"Немного подумав, я, усмехнувшись, озвучил своё решение Цюнхуа."
,Sprite,黑,,特效前,,,0.5,,,,,,,,,,,
,Tween,黑,ColorTo,alpha=0 time=0,,,,,,,,,,,,,,
,Tween,黑,ColorTo,alpha=0.4 time=0,,,,,NoWait,,,,,,,,,
,Wait,,,,,,0,,,,,,,,,,,
,,,,,,,,,,默认3,,,,我虽不敢自比史阁部那般高风亮节，却也绝非是趋炎附势、轻易屈从之人。,我雖不敢自比史閣部那般高風亮節，卻也絕非是趨炎附勢、輕易屈從之人。,"Though I dare not claim the same moral fortitude as Minister Shi, I am no sycophant who bends easily to power.",私は史閣部ほど高潔ではないと自負している。しかし長い物に巻かれ、易々と屈するほど落ちぶれてもいない。,"Я хоть и не силён духом, как тот же министр Ши, но всё же и не подхалим, который легко подчиняется любой власти."
,,,,,,,,,,默认4,,,,这数日之间，我目睹了太多暴虐，见证了太多生死……我实在无法在经历了这一切之后，还选择追随那些施暴之人。,這數日之間，我目睹了太多暴虐，見證了太多生死……我實在無法在經歷了這一切之後，還選擇追隨那些施暴之人。,"These past few days, I’ve seen too much cruelty, too much death... Having endured all this, I cannot bring myself to follow those who inflict such violence.",この数日間、私はあまりにも多くの暴虐を目にし、死を目の当たりにしてきた……このような経験をしてなお、この暴力の当事者についていくことはできない。,"За эти пару дней я насмотрелся на столько жестокости, увидел столько смертей..."
,,,,,,,,,,默认5,,,,即便琼华所属的王家，是东虏阵营中尚存良善之心的存在，但他们终究效忠于那位“金翅大鹏王”——这一点，我无法视而不见，也注定无法释怀。,即便瓊華所屬的王家，是東虜陣營中尚存良善之心的存在，但他們終究效忠於那位“金翅大鵬王”——這一點，我無法視而不見，也注定無法釋懷。,"Even if Qionghua’s royal family harbors some decency among the Eastern Barbarians, they still serve the ""Golden Eagle King""—a truth I cannot overlook or ever accept.",いくら瓊華が王家の者で、東虜の陣営でも良心ある存在だとしても、つまるところ「金翼鵬王」に忠誠を誓う者たちだ――その事実を見過ごすことも、許すこともできない。,"Даже если семья Ван, к которой принадлежит Цюнхуа, и ведёт себя порядочнее, чем остальные ""восточные лу"", они всё равно служат Великому Златокрылому Кондору - на этот факт я не могу закрыть глаза."
,,,,,,,,,,默认6,,,,当然，这些话，我不会对琼华明说。,當然，這些話，我不會對瓊華明說。,"Of course, I wouldn't say these things to Qionghua openly.",もちろん、瓊華に面と向かっては言わないが。,"Конечно, самой Цюнхуа ничего этого я вслух не сказал."
,SpriteOff,黑,,,,,0.5,,NoWait,,,,,,,,,
,Wait,,,,,,0.5,,,,,,,,,,,
,,大琼华,自责,,,,,,,默认666,,,,[……],[……],[……],[……],...
,,,,,,,,,,默认7,,,,……,……,...,……,...
,,,,,,,,,,默认8,,,,琼华听完我的决定，她唇瓣微动，似乎想说什么，却终究没有开口。,瓊華聽完我的決定，她唇瓣微動，似乎想說什麼，卻終究沒有開口。,"After hearing my decision, Qionghua's lips quivered as if she wanted to speak, but in the end, she said nothing.",瓊華は私の決断を聞くと、何か言いたそうに唇をわずかに動かしたが、結局何も言うことはなかった。,"Когда Цюнхуа услышала моё решение, её губы дрогнули, словно она хотела что-то сказать, но в итоге она просто промолчала."
,,,,,,,,,,默认9,,,,她默默递给我一些银两和干粮，然后便转身随军离去了。,她默默遞給我一些銀兩和乾糧，然後便轉身隨軍離去了。,"Wordlessly, she handed me some silver taels and provisions, then turned to leave with the troops.",彼女は黙って金と食料を私に渡すと、くるりと身を翻し隊列と共に去っていった。,"Молча она дала мне несколько таэлей серебра и еды, а затем, развернувшись, отправилась вслед за войсками."
,,,,,,,,,,默认10,,,,……,……,...,……,...
,CharacterOff,,,,,,,,,,,,,
,Bgm,繁华落尽,,,,0.2,2,,,,,,,,,,,
,CharacterOff,,,,,,1.5,,,,,,,,,,,
,HideMessageWindow,,,,,,,,,,,,,,,,,
,CaptureImage,截图,SpriteCamera,背景截图,,,,,,,,,,,,,,
,Bg,琼华离去1,,,,,,,,,,,,,,,,
,RuleFadeOut,截图,ReInk,,Linear,,1.5,,PageWait,,,,,,,,,
,Wait,,,,,,1,,,,,,,,,,,
,ShowMessageWindow,,,,,,,,,,,,,,,,,
,,,,,,,,,,默认11,,,,王将军他们启程、离开泠音阁的那一刻——那些曾受他们庇护的百姓，纷纷聚在道路两旁相送。,王將軍他們啟程、離開泠音閣的那一刻——那些曾受他們庇護的百姓，紛紛聚在道路兩旁相送。,As General Wang and his soldiers set off from <ruby=泠音>Lingyin</ruby> Pavilion—the people they'd protected gathered along the roadside to bid them farewell.,王将軍たちが出発し、泠音閣を去っていくとき――これまで保護されていた民たちがぞろぞろと道の両側に並び、彼らを見送った。,"После того, как войска генерала Вана покинули ""Мелодичный павильон"", спасённые ими люди выстроились вдоль дороги, чтобы проводить их."
,,,,,,,,,,默认12,,,,有人踮脚远望，有人掩面低泣，有人伏地叩首，感激涕零。,有人踮腳遠望，有人掩面低泣，有人伏地叩首，感激涕零。,"Some stood on tiptoes for a last glimpse, some hid their faces and sobbed quietly, while others prostrated themselves, weeping with gratitude.",ある者はつま先立ちで眺め、ある者は顔を覆って泣き、ある者は叩頭して感激のあまり涙をこぼした。,"Кто-то стоял на носочках, желая увидеть их, другие, закрыв лица, плакали, а некоторые падали на колени и били земные поклоны в благодарности."
,,,,,,,,,,默认13,,,,更多的人，只是睁着湿润的双眼，静静地望着军队远去的方向，一言不发。,更多的人，只是睜著濕潤的雙眼，靜靜地望著軍隊遠去的方向，一言不發。,"But most simply stood with tear-filled eyes, silently watching the army's retreating figures without a word.",しかし多くの者は、ただ潤んだ目で、軍が遠のいていくのを黙って見送った。,"Многие просто смотрели широко раскрытыми влажными глазами, молча наблюдая, как войско исчезает вдали."
,CharacterOff,,,,,,1.5,,,,,,,,,,,
,HideMessageWindow,,,,,,,,,,,,,,,,,
,CaptureImage,截图,SpriteCamera,背景截图,,,,,,,,,,,,,,
,Bg,琼华离去2,,,,,,,,,,,,,,,,
,RuleFadeOut,截图,Ink2,,Linear,,1.5,,PageWait,,,,,,,,,
,Wait,,,,,,1,,,,,,,,,,,
,ShowMessageWindow,,,,,,,,,,,,,,,,,
,,,,,,,,,,默认14,,,,人们的手中都握着一朵花——那是扬州城里随处可见的琼花。,人們的手中都握著一朵花——那是揚州城裡隨處可見的瓊花。,In everyone's hands was a flower—the Qiong Flower that could be seen everywhere in the City of Yangzhou.,人々の手には一輪の花が握られている――揚州ならどこにでもある瓊花だ。,"Большинство провожающих держали в руках цветок - самый обычный для Янчжоу цветок калины, который растёт здесь на каждом шагу."
,,,,,,,,,,默认15,,,,一朵，两朵，三朵……,一朵，兩朵，三朵……,"One, two, three...",一輪、二輪、三輪……,"Один, два, три..."
,,,,,,,,,,默认16,,,,琼花连成一片，沿着长街一路蔓延，仿佛整条街都在这一刻化作了一条流动的花河。,瓊花連成一片，沿著長街一路蔓延，彷彿整條街都在這一刻化作了一條流動的花河。,"The Qiong Flowers merged into a continuous stretch, spreading along the long street as if the entire road had transformed into a flowing river of blossoms at that moment.",瓊花が連なり、街道に沿って続いていく。それはまるで、通りが一本の流れる花の川になったかのようだった。,"Один за другим цветки калины создавали белое море на длинной улице, нежно покачиваясь под порывами янчжоуского ветра."
,,,,,,,,,,默认17,,,,——春风十里扬州路，尽是琼花送琼华。,——春風十里揚州路，盡是瓊花送瓊華。,"—For ten miles along Yangzhou Road in spring breeze, nothing but Qiong Flowers bidding farewell to Qionghua.",――<ruby=春風十里 揚州の道>春風十里揚州路</ruby>、<ruby=尽く瓊花が瓊華を送る>尽是瓊花送瓊華</ruby>。,"Целых десять ли на янчжоуской дороге, продуваемой весенним ветром, были видны только цветки калины - прощальный подарок Цюнхуа."
,,,,,,,,,,默认18,,,,或许，这些活下来的扬州人，永远也不会知道，那所谓的“琼花夫人”，其实是叫“琼华夫人”。,或許，這些活下來的揚州人，永遠也不會知道，那所謂的“瓊花夫人”，其實是叫“瓊華夫人”。,"Perhaps these surviving citizens of Yangzhou would never know that the so-called ""Madam Qionghua"" was actually named ""Madam Qionghua"".",生き残った揚州の人は、「瓊花夫人」が「瓊華夫人」であることを永遠に知ることもないかもしれない。,"Люди, наверное, и не догадываются, что <ruby=琼花 (Цюнхуа)>""госпожу Калиновый Цветок""</ruby> на самом деле зовут <ruby=琼华 (Цюнхуа)>""госпожа Цюнхуа"".</ruby>"
,,,,,,,,,,默认19,,,,他们只是以一朵朵琼花，铭记她的救命之恩，并将这份感念，口耳相传，流传给后世子孙……,他們只是以一朵朵瓊花，銘記她的救命之恩，並將這份感念，口耳相傳，流傳給後世子孫……,"They simply used the Qiong Flowers to honor her life-saving grace, passing down this gratitude through word of mouth to future generations...",彼らは一輪の瓊花に命を救われた恩を刻み、その感謝の念を口づてで子や孫の世代へと語り継いでいくだけだろう……,"Местные, связав её милосердие с цветком калины, будут передавать эту историю из поколения в поколение."
,,,,,,,,,,默认20,,,,……,……,...,……,...
,CharacterOff,,,,,,1.5,,,,,,,,,,,
,HideMessageWindow,,,,,,,,,,,,,,,,,
,CaptureImage,截图,SpriteCamera,背景截图,,,,,,,,,,,,,,
,Bg,琼华离去3,,,,,,,,,,,,,,,,
,RuleFadeOut,截图,Ink2,,Linear,,1.5,,PageWait,,,,,,,,,
,Wait,,,,,,1,,,,,,,,,,,
,ShowMessageWindow,,,,,,,,,,,,,,,,,
,,,,,,,,,,默认21,,,,琼华他们离去后不久，昨日才草草设立的官府，便派人敲锣打鼓，穿街走巷，宣告“开仓放赈”的消息。,瓊華他們離去後不久，昨日才草草設立的官府，便派人敲鑼打鼓，穿街走巷，宣告“開倉放賑”的消息。,"Shortly after Qionghua and the others departed, the hastily established government office from the day before sent people beating gongs and drums through the streets, proclaiming the ""granary opening for famine relief"".",瓊華が去ってから間もなく、急ごしらえの官府の役人が銅鑼を打ち鳴らして街道を回り、「食料の配給」を伝えた。,"Вскоре после отъезда Цюньхуа и остальных поспешно созданная вчерашним днём местная власть послала глашатаев с барабанами по улицам и переулкам, чтобы объявить об ""открытии житницы для голодающих""."
,,,,,,,,,,默认22,,,,他们说，粮食都屯在“缺口关”，幸存的扬州城民都可以前去领取，一人能领到一小碗米。,他們說，糧食都屯在“缺口關”，倖存的揚州城民都可以前去領取，一人能領到一小碗米。,"They claimed the grain was stockpiled at ""Quekou Pass"", and any surviving residents of Yangzhou could collect a small bowl per person.",食料は全て「<ruby=けっこうかん>欠口関</ruby>」にあり、生き残った揚州の住民であれば誰でも一人につき一杯の米を受け取れるそうだ。,"Они кричали, что зерно хранится у проломанных ворот, и все выжившие могут получить по одной миске зерна на человека."
,,,,,,,,,,默认23,,,,消息刚传开时，几乎无人敢信。,消息剛傳開時，幾乎無人敢信。,"When the news first broke, scarcely anyone dared believe it.",知らせが広まったばかりの頃は、ほぼ誰もそれを信用しようとしなかった。,"Когда новость только разошлась, мало кто поверил в неё."
,,,,,,,,,,默认24,,,,官差敲着锣，大摇大摆地走在空旷的街上，却无人上前应答。,官差敲著鑼，大搖大擺地走在空曠的街上，卻無人上前應答。,"The officials swaggered down the deserted streets, clanging their gongs, yet no one came forward to acknowledge them.",役人が銅鑼を叩いてがらんとした街道をのんびりと歩いているものの、誰も反応しない。,"Чиновники ходили по пустым улицам и били в барабан, но никто не выходил им навстречу."
,,,,,,,,,,默认25,,,,人们每当看到他们路过，都会像躲阎王一般躲起来。,人們每當看到他們路過，都會像躲閻王一般躲起來。,"Whenever townsfolk spotted them approaching, they'd hide as if evading the King of Hell.",彼らが通り過ぎるたび、住民たちは疫病神を避けるかのように隠れた。,"Всякий раз, когда люди замечали их, они прятались, словно увидели самого Янь-вана."
,,,,,,,,,,默认26,,,,这也难怪。,這也難怪。,This is hardly surprising.,無理もない。,Ну это и понятно.
,,,,,,,,,,默认27,,,,前几日，那些恶兵还曾以“安民符节”为诱饵，将人骗出后残忍杀害。,前幾日，那些惡兵還曾以“安民符節”為誘餌，將人騙出後殘忍殺害。,"Days earlier, those vile soldiers had used the ""Pacification Edict"" as bait to lure people out before slaughtering them mercilessly.",ほんの数日前、「安民符」を餌に、悪兵どもが住民を釣り出して残酷に殺したばかりだ。,Пару дней назад солдаты под видом защитных грамот выманивали людей и безжалостно убивали их.
,,,,,,,,,,默认28,,,,如今，谁还敢轻易相信这些所谓的“官兵”？,如今，誰還敢輕易相信這些所謂的“官兵”？,"Nowadays, who would dare trust these so-called ""Imperial Guards""?",「官兵」など誰が信じられるというのだ。,"Кто поверит этим так называемым ""чиновникам""?"
,,,,,,,,,,默认29,,,,……,……,...,……,...
,CharacterOff,,,,,,1.5,,,,,,,,,,,
,HideMessageWindow,,,,,,,,,,,,,,,,,
,CaptureImage,截图,SpriteCamera,背景截图,,,,,,,,,,,,,,
,Bg,琼华离去4,,,,,,,,,,,,,,,,
,RuleFadeOut,截图,Ink2,,Linear,,1.5,,PageWait,,,,,,,,,
,Wait,,,,,,1,,,,,,,,,,,
,ShowMessageWindow,,,,,,,,,,,,,,,,,
,,,,,,,,,,默认30,,,,许久之后，几个胆大之人冒险前去，竟真的从“缺口关”领到了粮食。,許久之後，幾個膽大之人冒險前去，竟真的從“缺口關”領到了糧食。,"Long afterward, a few bold souls ventured out and actually received grain rations from ""Quekou Pass"".",それからしばらくし、度胸のある者が危険を承知で向かうと、本当に「欠口関」で食料をもらうことができた。,Спустя долгое время несколько смельчаков всё же решились отправиться попытать счастья - и действительно получили у разрушенных ворот зерно.
,,,,,,,,,,默认31,,,,这消息如一阵乘着风飞窜的野火，转眼间便烧遍了扬州城的大街小巷。,這消息如一陣乘著風飛竄地野火，轉眼間便燒遍了揚州城的大街小巷。,The news spread like wildfire through every street and alley of Yangzhou City in moments.,その噂は瞬く間に広がり、揚州の隅々まで行き届いた。,"Новость, словно лесной пожар, разнеслась по каждой улице Янчжоу."
,,,,,,,,,,默认32,,,,它钻进破庙的屋檐下，钻进地窖的米缸里，钻进废弃的马厩，甚至钻进臭气熏天的茅坑——引得一个个幸存者，从各种难以想象的角落里，慢慢爬了出来。,它鑽進破廟的屋簷下，鑽進地窖的米缸裡，鑽進廢棄的馬廄，甚至鑽進臭氣熏天的茅坑——引得一個個倖存者，從各種難以想像的角落裡，慢慢爬了出來。,"It crept under broken temple eaves, into cellar rice jars, through abandoned stables—even into reeking latrine pits—drawing survivors from every imaginable hiding place, crawling forth one by one.",ぼろ寺の屋根の下に、地下室の米びつの中に、荒れた厩に、悪臭漂う厠に――噂は生き残った者たちを惹きつけ、想像もしないような場所から次々と這い出てきた。,"Она пробиралась под разрушенные крыши храмов, в погреба с рисом, в заброшенные конюшни, даже в зловонные выгребные ямы, выманивая выживших из самых неожиданных укрытий, заставляя их ползти наружу один за другим."
,,,,,,,,,,默认33,,,,每个人都是一脸饥色，一副饿坏了的模样。,每個人都是一臉飢色，一副餓壞了的模樣。,"Everyone looked gaunt, bearing the marks of starvation.",誰も彼もが腹を空かせ、すっかり飢えた顔つきをしている。,Все выглядели измождёнными от голода.
,,,,,,,,,,默认34,,,,每个人的身上都或多或少带着些伤。,每個人的身上都或多或少帶著些傷。,"Everyone carried wounds, some more severe than others.",みな多少なりとも傷を負っていた。,"Все были ранены - кто-то тяжелее, кто-то легче."
,,,,,,,,,,默认35,,,,有人的脸上结了厚厚的血痂，有人则是满脸污泥。,有人的臉上結了厚厚的血痂，有人則是滿臉汙泥。,"Some faces were crusted with thick blood scabs, others smeared with dirt.",ある者は顔に大きなかさぶたを、ある者は泥まみれの顔を。,"У некоторых лица были измазаны запёкшейся кровью, у других же они были измазаны грязью."
,,,,,,,,,,默认36,,,,更有甚者，有人的脸上甚至挂着一些粪便，不难想象——他们为了求生究竟躲在了哪里。,更有甚者，有人的臉上甚至掛著一些糞便，不難想像——他們為了求生究竟躲在了哪裡。,"Worst of all, some even had feces on their faces—one could easily guess where they'd hidden to survive.",ひどい者は顔中を糞まみれにしていた――生きるためにどこに隠れていたのかは、想像に難くない。,"У некоторых и вовсе лица были измазаны фекалиями - легко было догадаться, где они прятались, чтобы выжить."
,,,,,,,,,,默认37,,,,几乎所有人的脸上，都有两道清晰的泪痕。,幾乎所有人的臉上，都有兩道清晰的淚痕。,Nearly every face showed two distinct trails of dried tears.,ほとんどの者が頬に、はっきりと涙の痕を残していた。,Почти на каждом лице были видны заметные дорожки засохших слёз.
,,,,,,,,,,默认38,,,,我想，那应当是连日来的恐惧与悲痛留下的印记。,我想，那應當是連日來的恐懼與悲痛留下的印記。,I imagined these were traces left by days of terror and sorrow.,連日に渡る恐怖と悲痛が残した痕なのだと、私は思う。,"Наверное, это следы, оставленные днями постоянного ужаса и горя."
,,,,,,,,,,默认39,,,,人们鼓起勇气，从藏身之处踉跄地走出。,人們鼓起勇氣，從藏身之處踉蹌地走出。,"Summoning their courage, people staggered out from their hiding places.",人々が勇気を振り絞り、めいめいの隠れ場所からよろよろと出てきた。,"Набравшись храбрости, они стали выходить из своих убежищ."
,,,,,,,,,,默认40,,,,人们的脚步由慢到快、由蹒跚到奔跑、最后越跑越快、越追越赶。,人們的腳步由慢到快、由蹣跚到奔跑、最後越跑越快、越追越趕。,"People's footsteps shifted from slow to fast, from stumbling to running, until finally they were sprinting desperately, chasing frantically.",足取りがのっそりしたものから徐々に駆け足に、よろめきから走りになっていく。そしてさらに速度を増し、追えば追うほど遠くへ駆けていく。,"Медленные шаги сменялись быстрыми, затем трусцой и, в конце концов, отчаянным бегом."
,,,,,,,,,,默认41,,,,最后，他们哪怕跌倒了，也会立刻爬起，竭尽全力地向前跑去……,最後，他們哪怕跌倒了，也會立刻爬起，竭盡全力地向前跑去……,"In the end, even when they fell, they scrambled up at once and ran forward with all their strength...",終いには、転倒しようとすぐに立ち上がり、全力で前へと走っていくのであった……,"Даже спотыкаясь и падая, они сразу же вскакивали и бежали вперёд ещё быстрее."
,,,,,,,,,,默认42,,,,……,……,...,……,...
,CharacterOff,,,,,,1.5,,,,,,,,,,,
,HideMessageWindow,,,,,,,,,,,,,,,,,
,CaptureImage,截图,SpriteCamera,背景截图,,,,,,,,,,,,,,
,Bg,琼华离去6,,,,,,,,,,,,,,,,
,RuleFadeOut,截图,Ink2,,Linear,,1.5,,PageWait,,,,,,,,,
,Wait,,,,,,1,,,,,,,,,,,
,ShowMessageWindow,,,,,,,,,,,,,,,,,
,,,,,,,,,,默认43,,,,等我赶到“缺口关”时，粮食几乎已被抢空。,等我趕到“缺口關”時，糧食幾乎已被搶空。,"By the time I reached ""Quekou Pass"", the food had nearly been stripped bare.",私が「欠口関」に着いた時には、食料がほぼなくなっていた。,"Когда я дошёл до разрушенных ворот, еды почти не осталось."
,,,,,,,,,,默认44,,,,咒骂声、哭喊声、推搡声不绝于耳。,咒罵聲、哭喊聲、推搡聲不絕於耳。,"Curses, wails, and the clamor of shoving filled the air relentlessly.",怒声、泣き声、押し合う声が絶え間なく響いている。,"Ругательства, плач и шум толкотни наполняли воздух."
,,,,,,,,,,默认45,,,,黑压压的人群围成一圈又一圈，早已不成队列。,黑壓壓的人群圍成一圈又一圈，早已不成隊列。,"A sea of people pressed together in chaotic rings, any semblance of order long gone.",黒々とした人だかりが何層にもなって取り囲み、もはや列をなしていなかった。,"Море людей сжималось в беспорядочные кольца, потеряв какой либо контроль."
,,,,,,,,,,默认46,,,,人们互相推挤，身强力壮的推倒瘦弱的，结伙的欺压落单的，男人踢开女人，长幼互相插队，早已无礼无序。,人們互相推擠，身強力壯的推倒瘦弱的，結夥的欺壓落單的，男人踢開女人，長幼互相插隊，早已無禮無序。,"People jostled violently—the strong trampled the weak, gangs preyed on the isolated, men shoved women aside, and young and old cut in line—all decency and discipline had collapsed.",人々が互いに押しのけ合っている。力強い者がやせ細った者を押し倒し、群れがはぐれ者を威嚇し、男が女を蹴飛ばし、年長が幼い列に割り込む。もはや礼も秩序もなかった。,"Люди толкались, сильные затаптывали слабых, группы нападали на одиночек, мужчины отталкивали женщин, молодые и старые проталкивались вперёд. Люди превратились в животных, потеряв всякий намёк на приличие и порядок."
,,,,,,,,,,默认47,,,,有人明明领过一回，却在领完后混入人群，想再领第二回。,有人明明領過一回，卻在領完後混入人群，想再領第二回。,"Some had clearly received their share once, yet after taking it, they slipped back into the crowd, hoping to claim a second portion.",一回受け取っているのに、再び人ごみに紛れ、二回目を受け取ろうとする者もいた。,"Некоторые уже получили свою порцию, но всё равно опять лезли в толпу, пытаясь получить ещё."
,,,,,,,,,,默认48,,,,有人见到昔日亲友，却假装寒暄，趁其不备之际夺走对方手中的米碗。,有人見到昔日親友，卻假裝寒暄，趁其不備之際奪走對方手中的米碗。,"Some ran into old friends or relatives but feigned small talk, only to snatch the rice bowl from their hands when they least expected it.",旧友を見つけるなり挨拶を装い、隙を見つけて相手の米が入った椀を奪う者もいた。,"Некоторые, встретив своих друзей или родственников, притворялись, что вступают с ними в беседу - только для того, чтобы вырвать из их рук миску с рисом, когда те утрачивали бдительность."
,,,,,,,,,,默认49,,,,有人贪得无厌，公然抢夺刚领完米粮的人手中的碗，抢了一次又一次，直到被官吏用刀鞘狠狠抽打，才悻悻退去……,有人貪得無厭，公然搶奪剛領完米糧的人手中的碗，搶了一次又一次，直到被官吏用刀鞘狠狠抽打，才悻悻退去……,"Others, driven by greed, openly seized bowls from those who had just received their ration—taking them repeatedly until officials drove them back with sword sheaths, leaving them to slink away resentfully...",またある者は強欲にも、公然と人が受け取ったばかりの椀を次々と奪い取っていった。官吏に鞘で打ち据えられ、しぶしぶ引き下がっていったが……,"Другие же в своей алчности открыто отбирали миски у тех, кто только что получил свою порцию, и делали это раз за разом, пока чиновники не задавали им трёпку ножнами меча - и только тогда те в досаде уходили..."
,,,,,,,,,,默认50,,,,据说，这里的粮食原本堆积如山，足够装上千担。,據說，這裡的糧食原本堆積如山，足夠裝上千擔。,"They said the grain here had once been piled mountain-high, enough to fill a thousand bushels.",噂によると、ここにはもともと千担にものぼる食料が山のように積み上げられていたという。,"Говорят, что здесь была целая гора зерна, примерно в тысячу даней. <i>(1 дань во времена династии Мин - примерно 60 кг)</i>"
,,,,,,,,,,默认51,,,,可饥饿的人们如潮水般涌来，不过半日，便将粮食抢掠一空。,可飢餓的人們如潮水般湧來，不過半日，便將糧食搶掠一空。,"But the starving crowd surged in like a tide, and within half a day, they had stripped the place bare.",しかし飢えた人々がどっと押し寄せ、半日も経たぬうちにすっからかんになってしまったそうだ。,"Но, словно прилив, нахлынула голодная толпа и за полдня опустошила всё до последнего зёрнышка."
,,,,,,,,,,默认52,,,,这里的存粮像是一只死去的巨兽，漫天的飞虫飞过，很快便将之啃食殆尽。,這裡的存糧像是一隻死去的巨獸，漫天的飛蟲飛過，很快便將之啃食殆盡。,"The stockpiled grain lay like a dead leviathan, soon picked clean by swarms of flying insects.",ここにあった食料は、まるで死んだ巨獣だ。空にたかる虫が飛来し、あっという間に貪り尽くしてしまった。,"Зерно было словно труп огромного зверя, который в считанные минуты был обглодан роем насекомых."
,,,,,,,,,,默认53,,,,望着眼前这喧闹拥挤的人群，我竟生出一丝错觉——,望著眼前這喧鬧擁擠的人群，我竟生出一絲錯覺——,"As I watched this clamorous, jostling crowd, an illusion seized me—",目の前のがやがやとした人だかりを見て、錯覚を覚えた――,"Наблюдая за этой шумной, толкающейся толпой, я вдруг задумался..."
,,,,,,,,,,默认54,,,,也许，妖兵并没有杀那么多人？,也許，妖兵並沒有殺那麼多人？,maybe the demon soldiers didn't slaughter so many after all?,妖兵はそんなに人を殺していなかったのではないかと。,"Может, яогуаи на самом деле убили не так уж много людей?"
,,,,,,,,,,默认55,,,,若是他们真杀了许多人，为何还会有这么多的人？,若是他們真殺了許多人，為何還會有這麼多的人？,"If they'd truly massacred multitudes, how could so many still remain?",もしも彼らが大勢を虐殺したというのなら、ここにいる連中は何だ？,"Если бы они убили много, то откуда тут могла бы взяться такая огромная толпа?"
,,,,,,,,,,默认56,,,,但是，这念头只是一闪而过。,但是，這念頭只是一閃而過。,Yet the notion vanished as quickly as it came.,しかしすぐに、頭を振ってそのような考えを捨てた。,"Однако эта мысль исчезла так же быстро, как и появилась."
,,,,,,,,,,默认57,,,,当我抬眼望向远处空寂的街道，闻到那至今仍未消散的血腥气，便觉得这想法是何等的可笑。,當我抬眼望向遠處空寂的街道，聞到那至今仍未消散的血腥氣，便覺得這想法是何等的可笑。,"When I lifted my gaze to the empty streets beyond and caught the iron scent of blood still hanging heavy in the air, the absurdity of that thought struck me.",向こうの空虚な街道を眺め、未だに消えぬ血生臭さを嗅ぐと、それがどれだけ馬鹿げた考えなのかがわかる。,"Когда я посмотрел на пустующие улицы и почувствовал тяжёлый запах крови, всё ещё витавший в воздухе, мне стало ясно, насколько абсурдна эта мысль."
,,,,,,,,,,默认58,,,,此时此刻，城里大半的人都在此处了。,此時此刻，城裡大半的人都在此處了。,"At this moment, most of the city's people are gathered here.",今、町の大半の人がこの場所に集まっているのだ。,Сейчас тут собралась б<i>о</i>льшая часть населения города.
,,,,,,,,,,默认59,,,,其余的人，要么仍躲着等死，无力行动。,其餘的人，要麼仍躲著等死，無力行動。,"The rest are either still hiding, waiting to die, or too weak to move.",他の者はまだ隠れたまま死を待っているか、動く気力すらないかのどれかだ。,"Остальные же либо продолжают прятаться в ожидании смерти, слишком слабые, чтобы куда-то идти."
,,,,,,,,,,默认60,,,,要么早就死了，他们在土里，在河里，在城墙边上，在废墟下面……都来不了，看不见了……,要麼早就死了，他們在土裡，在河裡，在城牆邊上，在廢墟下面……都來不了，看不見了……,"Or they have already died—buried in the earth, sunk in the rivers, piled by the city walls, crushed beneath the ruins... unable to come, unable to see...",そうでなければ、土の中か、川の中か、あるいは城壁の上か、廃墟の下か……いずれにせよ来られないし、見ることもできない……,"Либо же давно мертвы - похороненные в земле, утонувшие в реках, сложенные у городских стен, раздавленные под руинами... неспособные прийти, неспособные увидеть..."
,,,,,,,,,,默认61,,,,……,……,...,……,...
,CharacterOff,,,,,,1.5,,,,,,,,,,,
,HideMessageWindow,,,,,,,,,,,,,,,,,
,CaptureImage,截图,SpriteCamera,背景截图,,,,,,,,,,,,,,
,Bg,琼华离去8,,,,,,,,,,,,,,,,
,RuleFadeOut,截图,Ink2,,Linear,,1.5,,PageWait,,,,,,,,,
,Wait,,,,,,1,,,,,,,,,,,
,ShowMessageWindow,,,,,,,,,,,,,,,,,
,,,,,,,,,,默认62,,,,五月初四。,五月初四。,The fourth day of the fifth month.,五月四日。,Четвёртый день пятого месяца.
,,,,,,,,,,默认63,,,,又过了一日。,又過了一日。,Another day passed.,また一日が過ぎた。,Прошёл ещё один день.
,,,,,,,,,,默认64,,,,本日天色放晴，烈日当空，与屠城那五日使人心情压抑的阴雨天截然不同。,本日天色放晴，烈日當空，與屠城那五日使人心情壓抑的陰雨天截然不同。,"Today the sky cleared, the sun blazed overhead—a stark contrast to the oppressive rainy days during those five days of slaughter.",今日の天気は快晴で、ぎらぎらと日が照りつけていた。虐殺の五日間、ずっと陰鬱な気分にさせていた雨はどこへやら。,"Сегодня распогодилось и солнце ярко засветило, создавая резкий контраст с угнетающими дождливыми днями во время пятидневной резни."
,,,,,,,,,,默认65,,,,这样的晴空，让人一时认为秩序已经彻底恢复，越来越多的人，试探着走上街头。,這樣的晴空，讓人一時認為秩序已經徹底恢復，越來越多的人，試探著走上街頭。,"Such clear skies made it easy to believe order had been fully restored, and more people tentatively ventured onto the streets.",晴れ晴れとした空を見ていると、ふと町の秩序が戻ったのではないかと錯覚してしまう。次第に多くの人が、様子を見に町に顔を出すようになった。,"Такое ясное небо давало веру в то, что порядок был полностью восстановлен, и всё больше людей осторожно выходили на улицы."
,,,,,,,,,,默认66,,,,缺口关的粮食，愈发难领了。,缺口關的糧食，越來越難領了。,Obtaining rations at Quekou Pass has grown increasingly difficult.,欠口関の食料は、ますます受け取るのが困難になっていった。,Получить еду у разрушенных ворот становилось всё труднее.
,,,,,,,,,,默认67,,,,幸好琼华临走前给我留了足够的银钱与干粮，我尚能勉强果腹，不必担心会被饿死。,幸好瓊華臨走前給我留了足夠的銀錢與乾糧，我尚能勉強果腹，不必擔心會被餓死。,"Fortunately, Qionghua left me enough money and dry provisions before leaving, so I can barely stave off hunger without fearing starvation.",幸いにも瓊華が出発前に十分な金と干し米を残してくれておいたおかげで、なんとか腹を満たすことができ、飢え死にする心配はなかった。,"К счастью, Цюнхуа оставила мне достаточно денег и сухих лепёшек перед тем как уйти, так что я могу поесть, не боясь голодной смерти."
,,,,,,,,,,默认68,,,,而且……即便领到粮食，除非是饿到不得不吃，不然我也难以有食欲。,而且……即便領到糧食，除非是餓到不得不吃，不然我也難以有食慾。,"And yet... even if given rations, I couldn’t bring myself to eat unless driven by absolute hunger.",それに……仮に食料を受け取ったとしても、どうしても食わねば死ぬといった状況でない限り、食欲が湧かなかった。,"Но... даже получи я миску риса, вряд ли бы у меня появился аппетит её есть - ну разве что чувство голода совсем бы обуяло меня."
,,,,,,,,,,默认69,,,,艳阳高照的天气，正适合焚化尸体。,艷陽高照的天氣，正適合焚化屍體。,The scorching sunlight made ideal conditions for burning corpses.,太陽の照り付けるこの天気は、死体を焼くのにうってつけだ。,Жаркое солнце создавало идеальные условия для сжигания тел.
,CharacterOff,,,,,,1.5,,,,,,,,,,,
,HideMessageWindow,,,,,,,,,,,,,,,,,
,CaptureImage,截图,SpriteCamera,背景截图,,,,,,,,,,,,,,
,Bg,琼华离去7,,,,,,,,,,,,,,,,
,RuleFadeOut,截图,Ink2,,Linear,,1.5,,PageWait,,,,,,,,,
,Wait,,,,,,1,,,,,,,,,,,
,ShowMessageWindow,,,,,,,,,,,,,,,,,
,,,,,,,,,,默认70,,,,估计是那些官差和僧侣刻意留着一些尸体没有焚烧，刻意想等一个晴天再去一起烧。,估計是那些官差和僧侶刻意留著一些屍體沒有焚燒，刻意想等一個晴天再去一起燒。,"The officials and monks must have intentionally left some corpses unburned, waiting for a sunny day to cremate them together.",役人や僧たちはあえて一部の死体を燃やさず、晴れてから改めて燃すつもりだったのだろう。,"Те чиновники и монахи, видимо, специально оставляли часть тел, чтобы дождаться солнечного дня и сжечь все трупы вместе."
,,,,,,,,,,默认71,,,,此时，城中四处弥漫着焦糊与腐臭交织的气味，浓烟滚滚，绵延数十里，几乎令人窒息。,此時，城中四處瀰漫著焦糊與腐臭交織的氣味，濃煙滾滾，綿延數十里，幾乎令人窒息。,"The city now reeked of a choking blend of charred flesh and decay, with thick smoke stretching for miles.",町のあちこちで焦げ臭さと腐臭が混じった臭いがし、もうもうとした煙が数十里に渡って伸び、とても息苦しかった。,По всему городу проносилась удушающая вонь сожжённой плоти и гниения - густой дым тянулся на десятки ли.
,,,,,,,,,,默认72,,,,焚烧大量尸体不仅会带来一阵尸臭，也会使一些扬州城民哭得更厉害。,焚燒大量屍體不僅會帶來一陣屍臭，也會使一些揚州城民哭得更厲害。,Burning piles of corpses not only fills the air with a foul stench but also makes some citizens of Yangzhou weep even more bitterly.,大量の遺体を火葬にしたことで死臭だけでなく、揚州の町民の泣き声もさらに激しいものになった。,"Горячие кучи трупов не только наполняли воздух своим зловонием, но и заставляли некоторых людей плакать ещё сильнее."
,,,,,,,,,,默认73,,,,我走在街上，每走几步，便能听见隐隐的哭声。,我走在街上，每走幾步，便能聽見隱隱的哭聲。,"Walking down the street, I hear muffled sobs every few steps.",町を歩いていると、数歩おきに微かな泣き声が聞こえた。,"Идя по улице, через каждые пару шагов я мог слышать приглушённый плач."
,,,,,,,,,,默认74,,,,有人为烧毁的房屋与家产而泣，站在废墟边低声啜泣。,有人為燒毀的房屋與家產而泣，站在廢墟邊低聲啜泣。,"Some mourn their burned homes and possessions, standing by the ruins and whimpering softly.",焼け落ちた家や家財を惜しみ、廃墟の傍ですすり泣く者。,"Кто-то тихо оплакивал свои сгоревшие дома и вещи, стоя у руин."
,,,,,,,,,,默认75,,,,有人为死去多日的亲人而哭，跪在燃烧的焦尸旁哀声痛哭。,有人為死去多日的親人而哭，跪在燃燒的焦屍旁哀聲痛哭。,"Others wail for kin who died days earlier, kneeling beside smoldering remains and weeping inconsolably.",数日前に死んだ家族を悼み、燃える屍の傍らに跪き悲痛に泣く者。,"Кто-то, стоя на коленях у тлеющих останков, горестно оплакивал родных, погибших какое-то время назад."
,,,,,,,,,,默认76,,,,还有人，为正在死去的亲人而痛哭，他们伏在地上，哭得撕心裂肺。,還有人，為正在死去的親人而痛哭，他們伏在地上，哭得撕心裂肺。,"Still others sob over loved ones slipping away, collapsed on the ground and crying as if their hearts would break.",今にも死にそうな家族のために泣く者もいた。彼らは地面に伏し、喉が壊れんばかりの勢いでおいおい泣いている。,"Кто-то, упав на землю перед умирающими близкими, рыдал так, будто у него разрывалось сердце."
,,,,,,,,,,默认77,,,,是啊，即便妖兵已撤出数日，城中仍不断有人死去，且不在少数。,是啊，即便妖兵已撤出數日，城中仍不斷有人死去，且不在少數。,"Yes, though the demon soldiers retreated days ago, deaths in the city have not ceased—and not in small numbers.",そうだろうな。妖兵が出て行って数日経つが、町ではまだ人が死んでいる。それも少なくない人数が。,"Да, яогуаи ушли несколько дней назад, но в городе всё ещё умирали люди - и немало."
,,,,,,,,,,默认78,,,,幸存者们大多都带着伤，重伤者无处求医，无药可治，只能眼睁睁熬到死。,倖存者們大多都帶著傷，重傷者無處求醫，無藥可治，只能眼睜睜熬到死。,"Most survivors bore wounds, and the severely injured had nowhere to seek treatment or medicine, left to slowly perish.",生き残った者のほとんどは怪我をしている。重傷者は医者もおらず、薬もなく、ただ手をこまねいて死を待つしかなかった。,"У большинства выживших были раны: те, у кого они были серьёзными, без возможности получить врачебную помощь и лекарства были обречены на медленную смерть."
,,,,,,,,,,默认79,,,,轻伤者如果没有能照应自己的亲人，也会因为连日饥饿，在领粮途中被人推打，若是伤口恶化，也会逐渐转为重伤，最终不治而亡。,輕傷者如果沒有能照應自己的親人，也會因為連日飢餓，在領糧途中被人推打，若是傷口惡化，也會逐漸轉為重傷，最終不治而亡。,"Those with minor injuries, without kin to tend to them, starved for days and faced beatings while fetching rations. If their wounds festered, they deteriorated until death claimed them.",軽傷でも面倒を見てくれる家族がいなければ、連日の飢えや、食料の配給を受ける途中で押しのけられたり殴られたりするだろう。もしもそれで傷が悪化して重症に転じれば、治すこともできず死ぬことになる。,"Те, у кого раны были лёгкими, но не было близких, способных о них позаботиться, голодали и подвергались нападениям, когда шли за едой. Если раны начинали гноиться, им становилось всё хуже, пока они не умирали."
,,,,,,,,,,默认80,,,,更何况，东虏的恶兵虽然退了，但城中的官差不够多，仍然有许多恶徒在流窜。,更何況，東虜的惡兵雖然退了，但城中的官差不夠多，仍然有許多惡徒在流竄。,"Furthermore, though the Eastern Barbarians' marauding troops had withdrawn, the city lacked sufficient officials, allowing many ruffians to roam unchecked.",それに、東虜の悪兵どもが撤収したとはいえ、町の役人もまだまだ足りない。未だに悪党が跋扈している。,"Хоть и мародёры ""восточных лу"" ушли, но в городе не хватало чиновников, из-за чего многие разбойники могли беспрепятственно разгуливать по городу."
,,,,,,,,,,默认81,,,,他们或穿着残破的明军铠甲，或披着流民破衣，手持铁锤棍棒，四处勒索抢掠，不少人因此丧命。,他們或穿著殘破的明軍鎧甲，或披著流民破衣，手持鐵錘棍棒，四處勒索搶掠，不少人因此喪命。,"Clad in either tattered Ming Army armor or refugees' rags, they brandished hammers and clubs to extort and loot, leaving many dead in their wake.",彼らは壊れた明軍の鎧や難民のぼろ服を着て、鉄槌や棍棒を手に、手あたり次第恐喝や略奪を繰り返している。そのせいで多くが命を落とした。,"Одетые то в изношенные минские доспехи, то в лохмотья беженцев, они, размахивая молотами и дубинами, грабили и вымогали деньги - немало людей погибло от их рук."
,,,,,,,,,,默认82,,,,我不知道他们是溃散的东虏之兵、还是兴平伯的残部，亦或是趁火打劫的乱民——,我不知道他們是潰散的東虜之兵、還是興平伯的殘部，亦或是趁火打劫的亂民——,"I didn't know whether they were fleeing Eastern Barbarians soldiers, remnants of Marquess Xingping's forces, or opportunistic rioters exploiting the chaos—",そいつらが落ち延びた東虜なのか、それとも興平伯の残党なのか、あるいは火事場泥棒なのかはわからない――,"Не знаю, были ли они дезертирами ""восточных лу"", остатками армии бо Синпина, либо же разбойниками, воспользовавшимися ситуацией ради наживы."
,,,,,,,,,,默认83,,,,我只知道，他们的行径，与那曾屠杀过民众的东虏之兵并无二致，也称得上是“畜生”。,我只知道，他們的行徑，與那曾屠殺過民眾的東虜之兵並無二致，也稱得上是“畜生”。,"All I knew was their actions were no different from those Eastern Barbarian soldiers who had slaughtered civilians—they too deserved to be called ""beasts"".",ただ一つ確かなのは、連中の行いが民を虐殺して回った韃子と何ら変わらぬ「畜生」であるということだ。,"Я знал лишь одно - они были ничем не лучше тех ""восточных лу"", что не так давно устраивали в городе резню. Они тоже заслуживали называться зверьём."
,,,,,,,,,,默认84,,,,唉。,唉。,Sigh...,やれやれ。,Эх...
,,,,,,,,,,默认85,,,,那些躲过了屠城，却死在今日的人，究竟是更幸运，还是更可悲？,那些躲過了屠城，卻死在今日的人，究竟是更幸運，還是更可悲？,Were those who escaped the massacre only to perish today more fortunate or more wretched?,せっかく虐殺から逃れたのに今死んでいる者たちは、はたして幸運なのか不運なのか。,"Тех, кто спасся от резни, но погиб сегодня, можно считать более везучими или, наоборот, более невезучими?"
,,,,,,,,,,默认86,,,,我说不上来。,我說不上來。,I couldn't tell.,私には何とも言えない。,Сложно сказать.
,,,,,,,,,,默认87,,,,……,……,...,……,...
,,,,,,,,,,默认88,,,,五月初五。,五月初五。,The fifth day of the fifth month.,五月五日。,Пятый день пятого месяца.
,,,,,,,,,,默认89,,,,这一日，城中的乱象稍缓，管事的官差多了些，作恶的畜生少了些，秩序似乎在一点点地恢复。,這一日，城中的亂象稍緩，管事的官差多了些，作惡的畜生少了些，秩序似乎在一點點地恢復。,"That day, the city's turmoil lessened slightly—more officials took charge, fewer beasts ran amok, and order appeared to be gradually restoring.",町の混乱も少し収まり、取り締まりの役人の数が増えた。罪を働く畜生どもも鳴りをひそめ、少しずつ秩序が戻っているようだ。,"Беспорядков в городе стало меньше - появилось больше чиновников, на улицах стало меньше того разбушевавшегося зверья. Порядок, похоже, действительно мало-помалу восстанавливался."
,CharacterOff,,,,,,1.5,,,,,,,,,,,
,HideMessageWindow,,,,,,,,,,,,,,,,,
,CaptureImage,截图,SpriteCamera,背景截图,,,,,,,,,,,,,,
,Bg,东关街关口,,,,,,,,,,,,,,,,
,RuleFadeOut,截图,ReInk,,Linear,,1.5,,PageWait,,,,,,,,,
,Wait,,,,,,1,,,,,,,,,,,
,ShowMessageWindow,,,,,,,,,,,,,,,,,
,,,,,,,,,,默认90,,,,我在缺口关附近的一处废墟旁，遇见了王生。,我在缺口關附近的一處廢墟旁，遇見了王生。,"Near Quekou Pass, amidst some ruins, I encountered Scholar Wang.",欠口関の近くの廃墟で、偶然にも王書生と出会った。,Около руин возле разрушенных ворот я наткнулся на учёного Вана.
,,王生逃难,眼神空洞,,,,0.8,,,,,,,
,,,,,,,,,,默认91,,,,他穿着一身沾满血污的破衣，头发凌乱，面色惨白，眼窝深陷。,他穿著一身沾滿血汙的破衣，頭髮凌亂，臉色慘白，眼窩深陷。,"He wore bloodstained rags, his hair unkempt, his face ghostly pale with sunken eyes.",彼は血だらけのぼろ服を纏い、髪はすっかり乱れ、顔は土気色で、目は落ちくぼんでいた。,"На нём были окровавленные обноски, волосы были растрёпаны, а лицо было мертвенно-бледным, с запавшими глазами."
,,,,,,,,,,默认92,,,,他看上去经历了许多事，看起来比之前苍老了许多。,他看起來經歷了許多事，看起來比之前蒼老了許多。,"He appeared to have endured much, looking considerably older than before.",相当なことがあったのだろう。以前よりも老け込んで見えた。,"Похоже, он многое пережил - даже заметно постарел от этого на вид."
,,王生逃难,惊讶,,,,,,,默认93,,王生/34_王生_01,,[知宥……],[知宥……],"""Zhiyou...""",「知宥……」,"""Чжию..."""
,,,,,,,,,,默认94,,,,他看见我后，那暗淡无光的眼瞳逐渐亮了起来，原本眼中深邃的悲伤转为了一丝喜色。,他看見我後，那暗淡無光的眼瞳逐漸亮了起來，原本眼中深邃的悲傷轉為了一絲喜色。,"When he noticed me, his dull eyes gradually lit up, the deep sorrow within them giving way to a flicker of joy.",私を見ると光を失っていた瞳が徐々に明るさを取り戻し、深い悲しみの表情にわずかに喜びの色が浮かんだ。,"При виде меня его поникшие глаза понемногу стали загораться, и глубокая печаль, таившаяся в них, сменилась проблеском радости."
,,,,,,,,,,默认95,,,,他的声音沙哑而疲惫。,他的聲音沙啞而疲憊。,His voice came out hoarse and exhausted.,彼の声はかすれ、疲れが滲んでいた。,Его голос был хриплым и усталым.
,,方知宥,,,,,,,,默认96,,方知宥/34_方知宥_02,,[王兄。],[王兄。],"""Brother Wang.""",「王」,"""Братец Ван..."""
,,,,,,,,,,默认97,,,,我淡笑了一声，走近了他。,我淡笑了一聲，走近了他。,I offered a faint smile and stepped closer to him.,彼に笑いかけ、近付いていく。,"Слабо улыбнувшись, я подошёл к нему."
,,王生逃难,悲凉,,,,,,,默认98,,,,[……],[……],"""...""",「……」,"""..."""
,,方知宥,,,,,,,,默认99,,,,[……],[……],"""...""",「……」,"""..."""
,,,,,,,,,,默认100,,,,我们两人站在废墟间，先是对望了一阵，再而开始了久别重逢的对话。,我們兩人站在廢墟間，先是對望了一陣，再而開始了久別重逢的對話。,"We stood among the ruins, locking eyes momentarily before commencing our long-awaited reunion.",廃墟に立つ二人。しばらく互いを見やり、改めて再会の会話と相成った。,"Стоя посреди руин, мы встретились взглядами, прежде чем приступили к первой беседе с нашего долгожданного воссоединения."
,,方知宥,,,,,,,,默认101,,方知宥/34_方知宥_03,,[你还活着，真好。］,[你還活著，真好。］,"""You're still alive... that's good.""",「生きていたか、よかった」,"""Ты выжил... это хорошо."""
,,王生逃难,低落垂眸,,,,,,,默认102,,王生/34_王生_02,,[好什么，家里原本八口人，如今只剩三个了。],[好什麼，家裡原本八口人，如今只剩三個了。],"""Good what? Our family had eight members, but now only three remain.""",「何がよかっただ、うちの家族は八人もいたのに、今じゃたった三人になってしまった」,"""Что хорошего? У меня восемь родственников было, осталось три."""
,,,,,,,,,,默认103,,,,他憔悴地抽动嘴角笑了笑，眼里却无一丝笑意。,他憔悴地抽動嘴角笑了笑，眼裡卻無一絲笑意。,"He managed a weary smile, though his eyes held no trace of joy.",憔悴した表情で口元だけを吊り上げる彼。目は全く笑っていなかった。,"Он устало приподнял уголки губ, но в его глазах не было и тени улыбки."
,,方知宥,,,,,,,,默认104,,方知宥/34_方知宥_04,,[唉……],[唉……],"""Sigh...""",「はぁ……」,"""Эх..."""
,,,,,,,,,,默认105,,,,我低叹一声。,我低嘆一聲。,I sighed quietly.,軽く溜息をつく。,Тихо вздохнул я.
,,,,,,,,,,默认106,,,,气氛陡然沉重。,氣氛陡然沉重。,The atmosphere turned heavy suddenly.,空気が重くなってしまった。,Атмосфера внезапно стала тяжёлой.
,,王生逃难,通常,,,,,,,默认107,,,,[……］,[……］,"""...""",「……」,"""..."""
,,方知宥,,,,,,,,默认108,,,,[……］,[……］,"""...""",「……」,"""..."""
,,,,,,,,,,默认109,,,,我们相视无言。,我們相視無言。,We shared a silent look.,互いに目を合わせたまま、沈黙が流れる。,"Мы глядели друг на друга, не говоря ни слова."
,,,,,,,,,,默认110,,,,一阵烧焦的烟雾飘过我们面前，这时我才注意到，原来王生正在焚烧一具尸体。,一陣燒焦的煙霧飄過我們面前，這時我才注意到，原來王生正在焚燒一具屍體。,"A wisp of acrid smoke drifted past, and only then did I notice Scholar Wang burning a body.",焦げた煙が私たちの間を横切った。そこではたと気付く。王はここで遺体を焼いていたのだと。,"Мимо проплыл клочок едкого дыма, и только тогда я заметил, что учёный Ван сжигал тело."
,,,,,,,,,,默认111,,,,这大概是他某个亲人的尸体，看那身形，像是我曾见过的他家的大哥。,這大概是他某個親人的屍體，看那身形，像是我曾見過的他家的大哥。,"It was likely a relative's corpse—the build resembled his Eldest Brother, whom I'd once met.",おそらく家族の誰かの遺体だろう。姿かたちを見るに、長兄のもののようだった。,"Скорее всего, это был кто-то из его родственников. Судя по комплекции тела - это был его старший брат, которого я когда-то встретил."
,,王生逃难,苦笑,,,,,,,默认112,,王生/34_王生_03,,[知宥，你啊……你家里本就你一个，如今也还是一个，倒是一个都没少……],[知宥，你啊……你家裡本就你一個，如今也還是一個，倒是一個都沒少……],"""Zhiyou, you... Your family was just you alone, and it's still just you now—not a single one lost...""",「知宥、おまえは……そもそも一人で、今でも一人きりだ。ま、一人も減っちゃいないと言えばそうだが……」,"""Чжию, а вот у тебя... У тебя в семье и так был один лишь ты. Так что всё осталось по-прежнему - никто не умер."""
,,方知宥,,,,,,,,默认113,,方知宥/34_方知宥_05,,[哈哈……],[哈哈……],"""Haha...""",「ははは……」,"""Ха-ха..."""
,,,,,,,,,,默认114,,,,他似乎是想让气氛轻松些，用沙哑的嗓音调侃了我一句。,他似乎是想讓氣氛輕鬆些，用沙啞的嗓音調侃了我一句。,"He seemed to want to lighten the mood, teasing me in a hoarse voice.",きっと空気を和らげようとしたのだろう、彼は乾いた声で私をそうからかった。,"Попытавшись разрядить обстановку, хрипло пошутил он."
,,,,,,,,,,默认115,,,,我也自嘲般地笑了笑。,我也自嘲般地笑了笑。,I laughed at myself self-deprecatingly.,私も自嘲気味に笑う。,Я горько посмеялся в ответ.
,CharacterOff,,,,,,,,,,,,,
,Sprite,黑,,特效前,,,0.5,,,,,,,,,,,
,Tween,黑,ColorTo,alpha=0 time=0,,,,,,,,,,,,,,
,Tween,黑,ColorTo,alpha=0.4 time=0,,,,,NoWait,,,,,,,,,
,Wait,,,,,,0,,,,,,,,,,,
,,,,,,,,,,默认116,,,,是啊。,是啊。,Yeah.,そうだ。,Он прав.
,,,,,,,,,,默认117,,,,我并未成家，始终都是孤身一人。,我並未成家，始終都是孤身一人。,I never married—always alone.,結婚もしていない私は、どこまで行っても一人きりだ。,Жены у меня не было - я всегда был в одиночестве.
,,,,,,,,,,默认118,,,,这是不幸，却也是幸运。,這是不幸，卻也是幸運。,"This was unfortunate, yet also a blessing.",それは不幸でもあり、幸運でもあった。,Это была палка о двух концах.
,,,,,,,,,,默认119,,,,屠城之时，我无牵无挂，也没什么可失去的。,屠城之時，我無牽無掛，也沒什麼可失去的。,"When the city fell, I had no ties left and nothing to lose.",今回の虐殺において、気に掛けるものもなければ、失うものもなかった。,"Когда город пал, мне нечего было терять."
,,,,,,,,,,默认120,,,,哦……不过，虽然并非是家人。,哦……不過，雖然並非是家人。,Oh... though they weren’t family.,おっと……家族ではないが……,Хотя... пусть их и сложно было назвать семьёй...
,,,,,,,,,,默认121,,,,我应当也失去了一些“重要之人”吧。,我應當也失去了一些“重要之人”吧。,"I suppose I lost some ""important people"" too.",「大事な人」なら失ってしまったな。,"Всё равно можно сказать, что я тоже потерял близких мне людей:"
,,,,,,,,,,默认122,,,,有那个幻觉中的“小雁儿”。,有那個幻覺中的“小雁兒”。,"There was that phantom ""Little Yan"".",あの幻覚の「小雁」だ。,Иллюзию в виде Лебёдушки.
,,,,,,,,,,默认123,,,,或许，还有我记忆复苏后逐渐想起来的林翩翩。,或許，還有我記憶復甦後逐漸想起來的林翩翩。,"Perhaps also Lin Pianpian, whom I gradually remembered as my memories returned.",それから、記憶が戻ってから徐々に思い出した林翩翩も。,"И, пожалуй, Линь Пяньпянь - о которой я вспомнил спустя время, когда мои воспоминания вернулись."
,SpriteOff,黑,,,,,0.5,,NoWait,,,,,,,,,
,Wait,,,,,,0.5,,,,,,,,,,,
,,方知宥,,,,,,,,默认124,,,,[……］,[……］,"""...""",「……」,"""..."""
,,,,,,,,,,默认125,,,,一想到翩翩最后的去向，我的脸色不由沉了下来。,一想到翩翩最後的去向，我的臉色不由沉了下來。,The thought of Pianpian's final fate made my expression darken involuntarily.,翩翩の最後の行き先を思い、私は気分が沈んだ。,При мысли о Линь Пяньпянь моё лицо невольно помрачнело.
,,,,,,,,,,默认126,,,,王生大概是注意到了此事，主动开口，引开了话题——,王生大概是注意到了此事，主動開口，引開了話題——,"Scholar Wang must have noticed, as he deliberately changed the subject—",王はそれを察すると、口を開いて話題を変えてくれた――,"Учёный Ван, скорее всего, это заметил и поспешил сменить тему..."
,,王生逃难,悲凉,,,,,,,默认127,,王生/34_王生_04,,[知宥，当初在乔承望那宅子里，是你递给我一片刀片的吧？],[知宥，當初在喬承望那住宅裡，是你遞給我一片刀片的吧？],"""Zhiyou, back at Qiao Chengwang's estate, you were the one who slipped me that razor blade, weren't you?""",「なあ知宥、<ruby=きょうしょうぼう>喬承望</ruby>の屋敷で小刀をくれたのは、おまえだろ？」,"""Чжию, в поместье Цяо Чэнвана это же ты мне дал лезвие бритвы, да?"""
,,方知宥,,,,,,,,默认128,,方知宥/34_方知宥_06,,[是。],[是。],"""Yes.""",「ああ」,"""Да."""
,,王生逃难,,,,,,,,默认129,,王生/34_王生_05,,[多谢你的救命之恩……你那刀片是哪来的？],[多謝你的救命之恩……你那刀片是哪來的？],"""Thank you for saving my life... Where did you get that blade?""",「命の恩人だな……あれはどこで手に入れたんだ？」,"""Спасибо, что спас мою жизнь... Где ты достал эту бритву?"""
,,方知宥,,,,,,,,默认130,,方知宥/34_方知宥_07,,[林翩翩给的。］,[林翩翩給的。］,"""Lin Pianpian gave it to me.""",「林翩翩がくれた」,"""Линь Пяньпянь дала мне её."""
,,王生逃难,疑惑,,,,,,,默认131,,王生/34_王生_06,,[林翩翩？……哦，你认识她的，她如今……怎么样了？］,[林翩翩？……哦，你認識她的，她如今……怎麼樣了？］,"""Lin Pianpian?... Oh, you know her. How is she... doing now?""",「林翩翩？……ああ、彼女を知ってるのか。今は……どうしてる？」,"""Линь Пяньпянь?.. А, ты же знаешь её... Как она вообще?"""
,,方知宥,,,,,,,,默认132,,方知宥/34_方知宥_08,,[她被王爷看中，充入女俘营，被带走了。］,[她被王爺看中，充入女俘營，被帶走了。］,"""The prince took a liking to her. She was sent to the female prisoner camp.""",「親王に気に入られて、捕らえられた女たちに加わって連れていかれたよ」,"""Она понравилась князю, и он увёл её с собой."""
,,,,,,,,,,默认133,,,,我面色一沉，声音不自觉地变低。,我臉色一沉，聲音不自覺地變低。,"My face darkened, and my voice dropped unconsciously.",顔を曇らせる私。無意識に声の調子が落ちた。,Моё лицо помрачнело и я невольно заговорил тише.
,,王生逃难,疲惫,,,,,,,默认134,,王生/34_王生_07,,[唉……］,[唉……］,"""Sigh...""",「そうか、はあ……」,"""Эх..."""
,,王生逃难,低落垂眸,,,,,,,,,,,
,,,,,,,,,,默认135,,,,这次，换他用一声长叹安慰我了。,這次，換他用一聲長嘆安慰我了。,"This time, he comforted me with a long sigh instead.",彼も長い溜息で私に同情してくれた。,На этот раз уже он утешил меня долгим вздохом.
,,,,,,,,,,默认136,,,,……,……,...,……,...
,,方知宥,,,,,,,,默认137,,方知宥/34_方知宥_09,,[离开乔承望那宅子之后，你是怎么活下来的？],[離開喬承望那住宅之後，你是怎麼活下來的？],"""How did you survive after leaving Qiao Chengwang's house?""",「屋敷を出てから、どうやって生き延びたんだ？」,"""Как ты выжил после побега из поместья Цяо Чэнвана?"""
,,,,,,,,,,默认138,,,,隔了一会儿后，我好奇地询问王生。,隔了一會後，我好奇地詢問王生。,"After a pause, I asked Scholar Wang curiously.",少しして、私は王書生に気になったことを訊いてみた。,"Помолчав, осторожно спросил я его."
,,王生逃难,通常,,,,,,,默认139,,王生/34_王生_08,,[哦……我先是逃了好久，找到我妻子……后来受二哥的亲戚洪妪照顾，她给我们寻了个藏身之处。］,[哦……我先是逃了好久，找到我妻子……後來受二哥的親戚洪嫗照顧，她給我們尋了個藏身之處。］,"""Oh... I fled for a long time first, then found my wife... Later, Second Brother's relative Granny Hong took us in and found us a hiding place.""",「ああ……ひとまず逃げに逃げて、妻を見つけた……その後、次兄の親戚の<ruby=こうおう>洪嫗</ruby>の世話になって、隠れ家を用意してもらった」,"""А... Сначала я долго был в бегах, потом нашёл свою жену... Потом бабуля Хун, родственница второго старшего брата, приютила нас и дала убежище."""
,,王生逃难,低落垂眸,,,,,,,默认140,,王生/34_王生_09,,[再后来，她寻得地方也不安全了，我们就躲到何家坟，藏在棺材里……洪妪她人很好，一直没出卖我们。］,[再後來，她尋得地方也不安全了，我們就躲到何家墳，藏在棺材裡……洪嫗她人很好，一直沒出賣我們。］,"""Eventually, her hiding spot became unsafe too, so we took refuge in the He family's graves, hiding inside coffins... Granny Hong was truly kind—she never betrayed us.""",「後になって、彼女の用意してくれた場所も危険になったため、何家墳まで落ち延び、棺桶の中に隠れていた……洪嫗は実に良い人だった。一度たりとも俺たちを売ることもなかったしな」,"""Со временем её убежище тоже стало небезопасным, и мы прятались в гробах на родовом кладбище семьи Хэ... Бабуля Хун была так добра... они когда бы нас не предала."""
,,,,,,,,,,默认141,,,,王生缓缓说着，似乎一边说一边回忆到了一些事。,王生緩緩說著，似乎一邊說一邊回憶到了一些事。,"Scholar Wang spoke slowly, as if reminiscing while he talked.",王が記憶をたどりつつ、その後の出来事を話してくれた。,"Медленно говорил учёный Ван, словно вспоминая всё это по ходу дела."
,,,,,,,,,,默认142,,,,他起初的语气还算轻松，越说便越显得严肃。,他起初的語氣還算輕鬆，越說便越顯得嚴肅。,"His tone was light at first, but grew increasingly serious as he spoke.",初めこそ軽快な口ぶりだったものの、話すうちに徐々に真面目になっていった。,"Сначала он говорил относительно непринуждённо, но чем дальше, тем всё более серьёзным становился его."
,,方知宥,,,,,,,,默认143,,,,[……］,[……］,"""...""",「……」,"""..."""
,,,,,,,,,,默认144,,,,我静静听着，心中略有些惊讶。,我靜靜聽著，心中略有些驚訝。,"I listened quietly, feeling a quiet surprise in my heart.",内心驚きつつも、静かに彼の話を聞く。,"Молча слушая его, я испытывал лёгкое удивление:"
,,,,,,,,,,默认145,,,,没想到王生也曾躲在何家坟一带。,沒想到王生也曾躲在何家墳一帶。,I never thought Scholar Wang had also taken refuge near He Family's Cemetery.,王も何家墳に身を隠していたとは。,"Я и подумать не мог, что учёный Ван скрывался около родового кладбища семьи Хэ."
,,,,,,,,,,默认146,,,,那时，我与良叔去救翠儿，曾经过一具具棺木。,那時，我與良叔去救翠兒，曾經過一具具棺木。,"Back then, when Uncle Liang and I went to rescue Cui'er, we passed countless coffins.",良と翠児を助けに行くときに、いくつもの棺桶を通り過ぎた。,"Когда я шёл с дядюшкой Ляном спасать Цуй'эр, мы проходили мимо бесчисленного количества гробов."
,,,,,,,,,,默认147,,,,这么想来，其中一具也许便躲着王生。,這麼想來，其中一具也許便躲著王生。,"Thinking about it, perhaps one of them concealed Scholar Wang.",そのうちの一つに、王が隠れていたのだ。,"Получается, что в одном из них как раз прятался учёный Ван."
,,,,,,,,,,默认148,,,,……,……,...,……,...
,,王生逃难,悲凉,,,,,,,默认149,,王生/34_王生_10,,[躲了没多久……兵越来越多，何家坟也藏不住了……我和妻子遇上过好几个畜生不如的兵……我们被打、被欺负，几次都快死了。］,[躲了沒多久……兵越來越多，何家墳也藏不住了……我和妻子遇上過好幾個畜生不如的兵……我們被打、被欺負，幾次都快死了。］,"""We didn't hide long... More soldiers kept coming... Soon even He Family's Cemetery wasn't safe... My wife and I met several soldiers worse than animals... They beat us, abused us - we nearly died multiple times.""",「しばらく身を隠していたが……兵が増えてきて、何家墳も隠れ切れなくなった……俺たちは何人もの畜生にも劣る兵達に見つかり……殴られ、嬲られ、何度も死にかけた」,"""Но прятались мы недолго... Приходило всё больше солдат... Вскоре даже кладбище стало небезопасным. Мы с женой наткнулись на толпу солдат, которые были хуже зверей... Они избивали и издевались над нами... Мы чуть не погибли."""
,,王生逃难,眼神空洞,,,,,,,默认150,,王生/34_王生_11,,[是大哥护着我们，不让他们下死手，我们才活下来……他也因此被一个畜生迁怒，被砍成重伤……如今伤重不治……］,[是大哥護著我們，不讓他們下死手，我們才活下來……他也因此被一個畜生遷怒，被砍成重傷……如今傷重不治……］,"""It was Eldest Brother who shielded us, stopping them from delivering killing blows—that’s how we survived... But for this, he incurred the rage of a brute and was hacked into critical condition... Now his wounds are beyond healing...""",「一番上の兄貴が守ってくれて、あいつらに好き放題やらせなかったおかげで、生き延びることができた……だが兄貴はそのせいで畜生の怒りを買い、ひどい怪我を負わされて……結局……」,"""Старый брат защитил нас, не дал им нас убить - вот так мы и выжили... Но этим он навлёк на себя их ярость - и ему нанесли тяжёлую рану мечом... От которой он так и не оправился..."""
,,,,,,,,,,默认151,,,,王生继续说着，他的目光始终凝在眼前那具被烧得焦黑的尸体上，眼圈逐渐红了起来。,王生繼續說著，他的目光始終凝在眼前那具被燒得焦黑的屍體上，眼圈逐漸紅了起來。,"Scholar Wang went on, his eyes locked on the blackened corpse before him, their rims slowly turning red.",王が話を続ける。彼の視線は焼け焦げた死体をずっと見ていた。彼の目の周りが徐々に赤みを帯びる。,"С краснеющими глазами учёный Ван продолжал говорить, не отрывая взгляда от обугленного трупа перед ним."
,,王生逃难,通常,,,,,,,默认152,,王生/34_王生_12,,[最后，我和妻子都快不行了……这时却突然来了一个年轻俊美的红甲将军，我原以为他是来杀我的……没想到，他竟然放了我们一条生路。］,[最後，我和妻子都快不行了……這時卻突然來了一個年輕俊美的紅甲將軍，我原以為他是來殺我的……沒想到，他竟然放了我們一條生路。］,"""At last, my wife and I were nearly gone... Then out of nowhere came a young, strikingly handsome Red-Armored General. I assumed he’d come to finish me... Yet to my shock, he let us live.""",「そして俺も妻もいよいよとなった時……若く美しい赤い鎧の将軍が現れた。てっきり手を下しに来たのかと思ったが……見逃してくれたんだ」,"""Когда мы с женой уже были на грани смерти... вдруг откуда-то появился молодой и очень красивый генерал в красной броне. Я уже подумал, что всё, добьёт нас сейчас... Но, к моему удивлению, он оставил нас в живых."""
,,王生逃难,低落垂眸,,,,,,,默认153,,王生/34_王生_13,,[他告诉我们封刀的消息，还给了些吃的和衣裳，带我们去到一个地方，托一个老妇照顾我们……我们这才活到了今日……］,[他告訴我們封刀的消息，還給了些吃的和衣裳，帶我們去到一個地方，托一個老婦照顧我們……我們這才活到了今日……］,"""He told us of the truce, gave us food and clothing, and led us to a place where an old woman nursed us... That’s how we made it to this day...""",「彼は封刀令のことを教えてくれただけでなく、食い物や服まで与えてくれた。そしてある場所へ俺たちを連れて行き、老婆に世話を頼んでくれたんだ……そして、今の俺たちがある……」,"""Он нам рассказал о приказе 'вложения меча в ножны', накормил и одел, а затем отвёл в одно место, где за нами ухаживала некая пожилая женщина... Так мы и выжили до сегодняшнего дня."""
,,方知宥,,,,,,,,默认154,,,,[……],[……],"""...""",「……」,"""..."""
,,,,,,,,,,默认155,,,,王生最后提到的这人。,王生最後提到的這人。,The person Scholar Wang mentioned last.,王が最後に話した人物。,"Этот генерал, о котором упомянул учёный Ван."
,,,,,,,,,,默认156,,,,听描述，应当是琼华的夫君——那位我曾见过一面的王小将军。,聽描述，應當是瓊華的夫君——那位我曾見過一面的王小將軍。,"From the description, it must have been Qionghua's husband—that Little General Wang I once met.",特徴を聞くに、おそらくは瓊華の夫――一度だけ会った、王小将軍のことだろう。,"Судя по его описанию, это был муж Цюнхуа, тот самый генерал Ван-младший, которого я некогда видел."
,,,,,,,,,,默认157,,,,看来王生确实是好运了，将死之际，遇到的竟是扬州城当时称得上最善的一位将军。,看來王生確實是好運了，將死之際，遇到的竟是揚州城當時稱得上最善的一位將軍。,"It seems Scholar Wang was truly fortunate to encounter, at death's door, what was then considered Yangzhou's most virtuous general.",王はついていたようだ。死に際に、揚州で最も善人と評される将軍に出会えたのだから。,"Похоже, учёному Вану очень повезло, что, будучи на грани смерти, он встретил того, кого в Янчжоу считали самым милосердным генералом."
,,方知宥,,,,,,,,默认158,,方知宥/34_方知宥_10,,[唉……你我接连遇到许多贵人，也算是命不该绝……］,[唉……你我接連遇到許多貴人，也算是命不該絕……］,"""Ah... you and I have met many kind benefactors in succession—fate truly wouldn't let us perish...""",「やれやれ……私も君も、良い人に恵まれたな。ここで死ぬべきではないということか……」,"""Хм... нам с тобой повстречалось много добрых людей - похоже, у судьбы есть на нас планы..."""
,,,,,,,,,,默认159,,,,我听完王生逃生的经历后，轻叹着感慨道。,我聽完王生逃生的經歷後，輕嘆著感慨道。,"After hearing Scholar Wang's survival story, I sighed softly and remarked.",王書生の逃亡劇を聞き終えた後、私は溜息をついて感慨にふけった。,"Выслушав историю учёного Вана о том, как ему удалось выжить, подметил я с тихим вздохом."
,,王生逃难,眼神空洞,,,,,,,默认160,,王生/34_王生_14,,[是啊，只是可惜……大哥他们却……。］,[是啊，只是可惜……大哥他們卻……。］,"""Yes, though it's a pity... Eldest Brother and the others...""",「そうだな。だが残念ながら……兄貴たちは……」,"""Это да, жаль только... что вот брат и остальные-то..."""
,,,,,,,,,,默认161,,,,王生依旧脸色灰暗，眼圈泛红，他望着那焦黑的尸骨，久久不能释怀。,王生依舊臉色灰暗，眼圈泛紅，他望著那焦黑的屍骨，久久不能釋懷。,"Scholar Wang remained pale, his eyes red-rimmed, staring at the charred remains, unable to find peace for a long while.",依然として曇った顔で、目の端を赤くしている王。彼はすっかり焦げた遺骨を見つめたまま、やりきれない様子だった。,"Он всё ещё не мог успокоиться: пока он смотрел на обугленные останки, его лицо оставалось бледным, а глаза покрасневшими."
,,王生逃难,,,,,,,,默认162,,,,[……］,[……］,"""...""",「……」,"""..."""
,,方知宥,,,,,,,,默认163,,,,[……］,[……］,"""...""",「……」,"""..."""
,,王生逃难,疑惑,,,,,,,默认164,,王生/34_王生_15,,[知宥，你呢？你是怎么活下来的？］,[知宥，你呢？你是怎麼活下來的？］,"""Zhiyou, what about you? How did you survive?""",「知宥、そう言うおまえはどうなんだ？どうやってここまで生き延びた？」,"""Чжию, а ты как выжил?"""
,,,,,,,,,,默认165,,,,再隔了一会儿后，他忽然问我。,再隔了一會後，他忽然問我。,"After another pause, he suddenly asked me.",また少しして、彼が口を開き私に訊く。,"Немного помолчав, спросил он."
,,方知宥,,,,,,,,默认166,,,,[……],[……],"""...""",「……」,"""..."""
,,,,,,,,,,默认167,,,,于是，我深深吸了一口气，开始向他讲述我这十日的经历——,於是，我深深吸了一口氣，開始向他講述我這十日的經歷——,"So, I took a deep breath and began recounting my experiences of the past ten days to him—",ふう、と長い溜息をつくと、彼にこの十日間で起きたことを話した――,"Глубоко вздохнув, я пересказал ему всё, что случилось со мной за эти пару дней:"
,CharacterOff,,,,,,,,,,,,,
,,,,,,,,,,默认168,,,,起初，我疯病发作，在东城区遇见了小雁儿——也就是由我记忆中苏怜烟儿时的形象所产生的幻觉。,起初，我瘋病發作，在東城區遇見了小雁兒——也就是由我記憶中蘇憐煙兒時的形象所產生的幻覺。,"At first, when my madness flared up, I encountered Little Yan in the East District—a hallucination born from my memory of Su Lianyan's childhood.",発作が起きて、東城区で小雁と出会った話から始めた――蘇憐煙が子供だった頃の記憶から生まれた幻覚だ。,"Как моя хворь усилилась, как я встретил в восточном квартале Лебёдушку - иллюзию, рождённую моими детскими воспоминаниями о Су Ляньянь."
,,,,,,,,,,默认169,,,,多亏了这疯病，我才有了求生的欲念，几次三番都鼓足勇气拼死一搏，侥幸逃出生天。,多虧了這瘋病，我才有了求生的慾念，幾次三番都鼓足勇氣拚死一搏，僥倖逃出生天。,"Thanks to this madness, I found the will to survive, mustering courage repeatedly to fight desperately and narrowly escape death.",この病のおかげで私は生きたいという意志が芽生え、何度も自分を鼓舞して死線を潜り抜け、幸運にも生き残ることができた。,"Как благодаря своей хвори я обрёл волю к жизни, раз за разом находя в себе смелость отчаянно сражаться и чудом избегать смерти."
,,,,,,,,,,默认170,,,,后来遇见空幻和尚，他收留我住了一晚。,後來遇見空幻和尚，他收留我住了一晚。,"Later, I met Monk Konghuan, who took me in for a night.",後に空幻和尚と出会い、一晩匿ってもらった。,"Как я встретился с учителем Кунхуанем, который приютил меня на ночь."
,,,,,,,,,,默认171,,,,这之后，我又在乔承望府中与林翩翩重逢，她也为我指了一条生路。,這之後，我又在喬承望府中與林翩翩重逢，她也為我指了一條生路。,"After that, I reunited with Lin Pianpian at Qiao Chengwang's estate, where she showed me a path to survival.",その後、こんどは喬承望の屋敷で林翩翩と再会し、生き延びる機会を与えてもらった。,"Как я воссоединился с Линь Пяньпянь в поместье Цяо Чэнвана, где она рассказала мне, как спастись."
,,,,,,,,,,默认172,,,,再后来……我遇上了良叔，遇到了琼华，在必死之际又被老林头和林翩翩所救，保住了这条性命直到现在……,再後來……我遇上了良叔，遇到了瓊華，在必死之際又被老林頭和林翩翩所救，保住了這條性命直到現在……,"Later... I met Uncle Liang and Qionghua, then was rescued from certain death by Old Man Lin and Lin Pianpian—somehow preserving my life until now...",さらにその後……良と出会い、瓊華と出会い、死は必至と思われた時に林老人と翩翩に救われ、死ぬことなく今に至る……,"Как я... встретил дядюшку Ляна и Цюнхуа, как благодаря старику Линю и Линь Пяньпянь я всё ещё остался жив."
,,,,,,,,,,默认173,,,,……,……,...,……,...
,,,,,,,,,,默认174,,,,王生听完我的讲述后，也不由得感慨——我和他确实都是好运之人。,王生聽完我的講述後，也不由得感慨——我和他確實都是好運之人。,"After hearing my tale, Scholar Wang sighed in agreement—we were both truly fortunate men.",王は私の話を聞き終えると、思わず感嘆した――私も彼も、どちらも運がよかったのだ。,"Выслушав меня, учёный Ван со вздохом согласился - нам очень повезло."
,,,,,,,,,,默认175,,,,这一路走来，我们屡次遇到贵人，因此才在这十不存一的死城里，活到了这第十日。,這一路走來，我們屢次遇到貴人，因此才在這十不存一的死城裡，活到了這第十日。,"Time and again on this journey, we've met saviors—that's how we've survived to this tenth day in a city where barely one in ten remains.",これまでの道中、幾度となく良い人に助けられた。だからこそ十に一つも生きられないこの死の町で、この十日目まで生きてこられたのだ。,"На протяжении всего этого злоключения мы встречали людей, которые помогали нам - именно благодаря им мы дожили до десятого дня в городе, где выжила одна десятая всего населения."
,,,,,,,,,,默认176,,,,两个手无缚鸡之力的文人，竟然能活到最后，实属难得。,兩個手無縛雞之力的文人，竟然能活到最後，實屬難得。,For two bookish scholars with no strength to bind a chicken to survive until the end—that's nothing short of miraculous.,非力な文人が二人も最後まで生き延びられたことは、もはや珍事と言えるだろう。,"То, что два слабосильных книгочея-учёных смогли всё-таки выбраться из всего этого живыми, было настоящим чудом."
,,,,,,,,,,默认177,,,,……,……,...,……,...
,,王生逃难,愤怒,,,,,,,默认178,,王生/34_王生_16,,[知宥，我打算写一本书。],[知宥，我打算寫一本書。],"""Zhiyou, I plan to write a book.""",「知宥、俺はな、本を書こうと思うんだ」,"""Чжию, я хочу написать книгу."""
,,,,,,,,,,默认179,,,,正当我感慨命运无常之时，王生忽然开口。,正當我感慨命運無常之時，王生忽然開口。,"Just as I was lamenting fate's unpredictability, Scholar Wang suddenly spoke.",運命の無常さに浸っていると、王がふと口を開いた。,"Пока я в душе поражался непредсказуемостью судьбы, учёный Ван внезапно заговорил."
,,方知宥,,,,,,,,默认180,,方知宥/34_方知宥_11,,[什么书？],[什麼書？],"""What kind of book?""",「どんな？」,"""Какую?"""
,,,,,,,,,,默认181,,,,我抬眼望向他。,我抬眼望向他。,I raised my eyes to meet his gaze.,彼の方を見る。,"Подняв глаза, я встретился с ним взглядом."
,,王生逃难,坚定,,,,,,,默认182,,王生/34_王生_17,,[我想写一本叫《城破五日记》的书，把屠城的五日发生的事情，全部记载下来……你文笔比我好，到时还得请你帮我润色一番。],[我想寫一本叫《城破五日記》的書，把屠城的五日發生的事情，全部記載下來……你文筆比我好，到時還得請你幫我潤色一番。],"""I want to write a book titled 'Five Days of the Fallen City'—to record everything that happened during those five days of slaughter... Your prose is better than mine, so I'll need your help polishing it later.""",「『破城五日記』という題にしようと思ってる。この虐殺の五日間で起きたことを、すべて書き留めるんだ……おまえの方が俺よりも文才がある、書き上げたら添削を頼むよ」,"""Я хочу написать 'Пять дней после падения города'... Хочу записать всё, что произошло за время резни... Слог у тебя получше моего, так что мне потребуется твоя помощь в редактуре."""
,,,,,,,,,,默认183,,,,王生神色庄重，一字一句地说道。,王生神色莊重，一字一句地說道。,"Scholar Wang spoke with grave solemnity, weighing each word.",王が真面目な顔つきで、はっきりとそう言った。,"Серьёзно сказал учёный Ван, взвешивая каждое слово."
,,,,,,,,,,默认184,,,,说到最后，他对我发出了帮忙修书的请求。,說到最後，他對我發出了幫忙修書的請求。,"Finally, he asked for my assistance in revising the manuscript.",話の終わりに、校正の手伝いの依頼を添えて。,Он попросил меня помочь с редактурой книги.
,,方知宥,,,,,,,,默认185,,,,[……],[……],"""...""",「……」,"""..."""
,,,,,,,,,,默认186,,,,我沉思片刻。,我沉思片刻。,I paused in thought.,しばし考え込む。,Я задумался.
,Sprite,黑,,特效前,,,0.5,,,,,,,,,,,
,Tween,黑,ColorTo,alpha=0 time=0,,,,,,,,,,,,,,
,Tween,黑,ColorTo,alpha=0.4 time=0,,,,,NoWait,,,,,,,,,
,Wait,,,,,,0,,,,,,,,,,,
,,,,,,,,,,默认187,,,,写书？写一本能记载这次屠城的书？,寫書？寫一本能記載這次屠城的書？,Write a book? A book documenting this massacre?,本……？今回の虐殺についての本を？,"Написать книгу? Записать всё, что произошло за время резни?"
,,,,,,,,,,默认188,,,,确实是一个不错的主意。,確實是一個不錯的主意。,That's actually quite a good idea.,ふむ、なるほど悪くない考えだ。,Хорошая идея.
,,,,,,,,,,默认189,,,,不过……,不過……,However.,しかし……,Но.
,SpriteOff,黑,,,,,0.5,,NoWait,,,,,,,,,
,Wait,,,,,,0.5,,,,,,,,,,,
,,方知宥,,,,,,,,默认190,,方知宥/34_方知宥_12,,[首先，你这书名就得改改，《城破五日记》不好……不如叫《扬州十日记》……扬州的名字不该被隐去……那后五日死去的人，也不该被忘记。],[首先，你這書名就得改改，《城破五日記》不好……不如叫《揚州十日記》……揚州的名字不該被隱去……那後五日死去的人，也不該被忘記。],"""First, you should change this book title. 'Five Days of the Fallen City' isn't good... It would be better to call it 'Ten Days of Yangzhou'... The name of Yangzhou shouldn't be erased... And those who died in the latter five days shouldn't be forgotten.""",「まずは題名からだな。『破城五日記』はよくない……『揚州十日記』というのはどうだろう……揚州という名は晒すべきだ……その後の五日で死んでいった者達も、忘れられてはならない」,"""Сначала поменяй название. 'Пять дней после падения города' - не самый лучший выбор... Лучше назвать 'Записки о десяти днях в Янчжоу'... Нельзя стирать название города... И те, кто умер за пять дней после резни, тоже не должны быть забыты."""
,,,,,,,,,,默认191,,,,我郑重地对王生提点道，也算是直接用行动表明了愿意帮他修书的意向。,我鄭重地對王生提點道，也算是直接用行動表明了願意幫他修書的意向。,"I earnestly advised Scholar Wang, directly expressing my willingness to help him revise the book.",丁寧に王に助言をする。それは彼に対し、校正を喜んで請け負うという意志表示でもあった。,С искренностью дал я ему свой совет - тем самым выразив и готовность помочь с редактурой книги.
,,王生逃难,悲凉,,,,,,,默认192,,王生/34_王生_18,,[确实如此。],[確實如此。],"""Indeed it is so.""",「なるほど、確かに」,"""Да, ты прав."""
,,,,,,,,,,默认193,,,,王生点了点头，同意了我的提议。,王生點了點頭，同意了我的提議。,Scholar Wang nodded in agreement with my suggestion.,王が頷き、私の案に賛成する。,"Кивнув, учёный Ван согласился с моим предложением."
,,,,,,,,,,默认194,,,,……,……,...,……,...
,StopVoice,,,,,,1,,,,,,,,,,,
,FadeOut,black,,,,,1,,,,,,,,,,,
,Wait,,,,,,1,,,,,,,,,,,
,FadeIn,black,,,,,1,,,,,,,,,,,
,,,,,,,,,,默认195,,,,之后，我和王生望着眼前的废墟和残骸，又静默了许久。,之後，我和王生望著眼前的廢墟和殘骸，又靜默了許久。,"Afterwards, Scholar Wang and I gazed at the ruins before us, remaining silent for a long while.",その後、私と王書生は目の前の廃墟や残骸を眺めながら、しばらく無言で過ごした。,"После этого мы с учёным Ваном молча смотрели на развалины, раскинувшиеся перед нами."
,,,,,,,,,,默认196,,,,我们回忆着这几日经历的事，对比着几年前那个繁华和平的扬州，更觉得物是人非，令人感慨……,我們回憶著這幾日經歷的事，對比著幾年前那個繁華和平的揚州，更覺得物是人非，令人感慨……,"We reflected on the events of these past days, contrasting them with the prosperous and peaceful Yangzhou of years past, feeling all the more how much had changed, it was profoundly moving...",私たちはこの数日の出来事を振り返り、数年前の賑やかで平和だった揚州と比べ、諸行無常の感慨に耽った……,"Мы размышляли о событиях последних дней, сравнивая их с процветающим и мирным Янчжоу прошлых лет, и тем сильнее ощущали, как же всё изменилось. Мы невольно глубоко вздохнули."
,,王生逃难,疑惑,,,,,,,默认197,,王生/34_王生_19,,[知宥，你之后有什么打算？],[知宥，你之後有什麼打算？],"""Zhiyou, what are your plans now?""",「知宥、これからどうするつもりだ？」,"""Чжию, а что ты планируешь делать?"""
,,,,,,,,,,默认198,,,,许久后，王生突然问我。,許久後，王生突然問我。,"After a long silence, Scholar Wang suddenly asked me.",そうしていると、王が口を開いた。,После долгого молчания внезапно спросил он.
,,方知宥,,,,,,,,默认199,,方知宥/34_方知宥_13,,[我啊……],[我啊……],"""As for me...""",「そうだな……」,"""Ну я..."""
,,,,,,,,,,默认200,,,,我仰起头，望向那飘散着浓烟的天空，缓缓说出了我的选择——,我仰起頭，望向那飄散著濃煙的天空，緩緩說出了我的選擇——,I lifted my gaze to the smoke-choked sky and slowly uttered my decision—,煙の昇る空を仰ぎ、私の選択を告げた――,"Подняв глаза на затянутое дымом небо, я медленно высказал ему свои планы:"
,CharacterOff,,,,,,1
,FadeOut,black,,wipe_up,,,1,,,,,,,,,,,
,Bg,天空阴,,,,,0,,,,,,,,,,,
,FadeIn,black,,wipe_down,,,1,,,,,,,,,,,
,Selection,*离开扬州城,,,,,,,,,,,,离开扬州城,離開揚州城,Leave Yangzhou,揚州を去る,Покинуть Янчжоу.
,Selection,*留在扬州城,,,,,,,,,,,,留在扬州城,留在揚州城,Remain in Yangzhou,揚州に残る,Остаться в Янчжоу.
,*离开扬州城
,FadeOut,black,,,,,2,,,,,,,,,,,
,Jump,*记-第十九回二
,*留在扬州城
,FadeOut,black,,,,,2,,,,,,,,,,,
,Jump,*记-第十八回四
