#SHEET_NAME,记-第二回
,Command,Arg1,Arg2,Arg3,Arg4,Arg5,Arg6,Arg7,WaitType,Text,PageCtrl,Voice,WindowType,SC,TC,English,Japanese,Russian
,ChapterAnimation,BG_Ji_2,chapter_bg_J,chapter_title_J2,Liang,265,,,,,,,,,,,,
,*map_ji_2,,,,,,,,,,,,,,,,,
,UnlockPlotMap,map_ji_2,,,,,,,,,,,,,,,,
,SetChapterName,记-第二回,,,,,,
,Wait,,,,,,1,
,FadeOut,black,,,,,0,
,Ambience,大雨,TRUE,,,,2,,,,,,,,,,,,
,Bg,集市雨,,,,,2,,,,,,,,,,,,
,FadeIn,black,,eye,,,1,,,,,,,,,,,
,Sprite,黑,,特效前,,,0.5,,,,,,,,,,,
,Tween,黑,ColorTo,alpha=0 time=0,,,,,,,,,,,,,,
,Tween,黑,ColorTo,alpha=0.4 time=0,,,,,NoWait,,,,,,,,,
,Wait,,,,,,0,,,,,,,,,,,
,AutoSave,,,,,,,,,,,,,,,,,,
,,,,,,,,,,默认1,,,,我不该贪杯，喝光那一坛女儿红。,我不該貪杯，喝光那一壇女兒紅。,I shouldn’t have overindulged—drained that whole jar of aged Nü'er Hong.,深酒はよすべきだった。女児紅を空けてしまうなんて。,"Ох, не стоило мне столько пить выдержанного ""девичьего вина"".",
,,,,,,,,,,默认2,,,,就因为灌了整整一坛，我的魂魄像是被九天劫了去，再也分不清是梦是真。,就因為灌了整整一壇，我的魂魄像是被九天劫了去，再也分不清是夢是真。,"Because I guzzled that entire jar, my soul seemed seized by the Nine Heavens—I could no longer tell dream from reality.",まるまる一壺飲んでしまったせいで、魂がさらわれたかのように、夢と現実の区別がつかなくなってしまった。,"Оттого, что я вылакал весь кувшин, моя душа словно была отнята Девятью небесами - я уже не различал сна и яви.",
,,,,,,,,,,默认3,,,,我不知道这里究竟是广陵，还是那可怕的狮驼国。,我不知道這裡究竟是廣陵，還是那可怕的獅駝國。,I don’t know if this is Guangling or that accursed Lion Camel Kingdom.,ここが広陵なのか、それともかの恐ろしい獅駝国なのか、もはやわからない……,"Понятия не имею, где я сейчас. В Гуанлине или в этом жутком королевстве Льва и Верблюда.",
,,,,,,,,,,默认4,,,,……,……,...,……,...,
,,,,,,,,,,默认5,,,,天空灰蒙蒙的，飘着冰冷的细雨。,天空灰濛濛的，飄著冰冷的細雨。,"The sky hung ash-gray, drizzling icy mist.",空は一面鈍色の雲に覆われ、冷たい雨がしとしとと降っている。,Пепельно-серое небо моросило ледяным дождём.,
,,,,,,,,,,默认6,,,,我混在逃命的人流里，在城北的街巷中乱窜。,我混在逃命的人流裡，在城北的街巷中亂竄。,"I merged with the fleeing crowd, scrambling through northern alleys in blind panic.",逃げ惑う人ごみに紛れて、私は町の北側を表から裏まで駆けずり回った。,"Я влился в толпу людей, в слепой панике бегущих через северные переулки.",
,,,,,,,,,,默认7,,,,刚才逃跑前，我匆匆瞥了一眼。,剛才逃跑前，我匆匆瞥了一眼。,"Right before bolting, I caught a frantic glimpse—",逃げ始める前に、私はちらりと見ていた。,"Прежде чем броситься бежать, я кое-что заметил:",
,,,,,,,,,,默认8,,,,那些攻城的群妖已经爬上了城墙，他们穿着各色盔甲，黄、白、蓝、红四色都有。,那些攻城的群妖已經爬上了城牆，他們穿著各色盔甲，黃、白、藍、紅四色都有。,"The horde of demons storming the walls had already scaled the battlements, clad in motley armor—yellow, white, blue, crimson.",町を襲ってきた妖怪たちは城壁をよじ登っていた。その鎧は黄に白、赤に青の四色だった。,"Орда яогуаев штурмующая город, уже взобралась на стены - доспехи у них были самых разных цветов, и жёлтого, и белого, и синего, и красного.",
,,,,,,,,,,默认9,,,,他们的面容更是千奇百怪，有象妖、狮妖、鹏妖，也有如兴平伯的手下那般的狼妖。,他們的面容更是千奇百怪，有象妖、獅妖、鵬妖，也有如興平伯的手下那般的狼妖。,"Their faces were grotesque variations—Elephant Demons, Lion Demons, Roc demons, even Wolf Demons like those serving Marquess Xingping.",姿ときたら、さらに奇怪なものである。象妖に獅妖、鳥妖もいる。興平伯の部下らしき狼妖も。,"Лица у них были ещё более странными и гротескными: там были слоны-яогуаи, львы-яогуаи, кондоры-яогуаи, были даже волки-яогуаи, похожие на тех, кто служил бо Синпина.",
,,,,,,,,,,默认10,,,,群妖们追杀着溃逃的士兵。,群妖們追殺著潰逃的士兵。,The demon horde hunted down the routed soldiers.,妖怪たちは、逃げ惑う兵士たちを追いかけている。,Орда яогуаев преследовала отступающих солдат.,
,,,,,,,,,,默认11,,,,士兵们要么像雨点般大片大片地坠落，要么便挤作一团，奔逃着挤到城墙根下。,士兵們要麼像雨點般大片大片地墜落，要麼便擠作一團，奔逃著擠到城牆根下。,"Men fell like torrential rain or clumped together in panicked herds, fleeing to huddle at the foot of the city walls.",兵士たちが雨のように地に叩きつけられていく。あるいは追い詰められ城壁の下にぎゅうぎゅう詰めになっている。,"Солдаты либо падали на землю, словно капли дождя, либо сбивались в панические стада, стремясь укрыться под основанием городских стен.",
,,,,,,,,,,默认12,,,,有的兵往南一路奔逃，有的则撞开附近的民居，躲入其中。,有的兵往南一路奔逃，有的則撞開附近的民居，躲入其中。,Some soldiers fled south in chaos; others smashed into nearby houses and barricaded themselves inside.,南へ一目散に逃げだす者もいれば、近くの民家に転がり込む者もいた。,"Одни солдаты в суматохе бежали на юг, другие же врывались в близлежащие жилые дома, пытаясь укрыться там.",
,,,,,,,,,,默认13,,,,不行，要回家！,不行，要回家！,No—I must get home!,まずい、帰ろう！,"Нет, надо бежать домой!",
,SpriteOff,黑,,,,,0.5,,NoWait,,,,,,,,,
,Wait,,,,,,0.5,,,,,,,,,,,
,,,,,,,,,,默认14,,,,想起王生的警告，我立刻决定回家。,想起王生的警告，我立刻決定回家。,"Scholar Wang's warning flashed through my wine-addled mind, I at once resolved to return home.",王の警告を思い出し、すぐさま家に戻ることにした。,"Вспомнив предупреждение учёного Вана, я тут же утвердился в этом решении.",
,,,,,,,,,,默认15,,,,锁好门，找个地方藏起来罢！,鎖好門，找個地方藏起來罷！,Bar the door. Find somewhere to disappear.,鍵をかけ、どこかに隠れておこう。,"Запру дверь, найду где спрятаться.",
,,,,,,,,,,默认16,,,,若我再在大街上晃来晃去，一会儿无论是遇到鞑虏、贼寇、还是遇到群妖，定然没有我的生路！,若我再在大街上晃來晃去，一會無論是遇到韃虜、賊寇、還是遇到群妖，定然沒有我的生路！,"If I keep wandering the streets, whether I encounter Tatars, bandits, or the Horde of Demons, I'm surely done for!",あのまま通りの真ん中をふらふらと歩いていたら、韃子にしろ賊にしろ、あるいは妖怪にしろ……出会ったそこが運の尽きだ。,"Если я продолжу бродить по улицам, то, на кого бы я ни наткнулся - варвары ли, разбойники, яогуаи - мне наверняка не выжить!",
,,,,,,,,,,默认17,,,,恐惧冲刷着我的大脑，醉意也消解了几分。,恐懼沖刷著我的大腦，醉意也消解了幾分。,"Fear surged through my mind, cutting through the drunken haze.",恐怖で思考が洗い流され、酔いも共に幾分か覚めていた。,"Страх вселился в мой разум, отрезвляя меня.",
,,,,,,,,,,默认18,,,,我不再漫无目的地溃逃，而是往家冲去。,我不再漫無目的地潰逃，而是往家衝去。,I stopped fleeing aimlessly and sprinted toward home.,あてもなく逃げ回るのはやめ、まっすぐに家に向かって駆け出した。,Я перестал бездумно бежать и ринулся домой.,
,,方知宥,,,,,,,,默认19,,,,[……],[……],"""...""",「……」,"""...""",
,Sprite,黑,,特效前,,,0.5,,,,,,,,,,,
,Tween,黑,ColorTo,alpha=0 time=0,,,,,,,,,,,,,,
,Tween,黑,ColorTo,alpha=0.4 time=0,,,,,NoWait,,,,,,,,,
,Wait,,,,,,0,,,,,,,,,,,
,,,,,,,,,,默认20,,,,等下。,等一下。,Wait.,待てよ。,Погодите.,
,,,,,,,,,,默认21,,,,我刚刚坚定想法，迈出脚步，便倏然停住。,我剛剛堅定想法，邁出腳步，便倏然停住。,No sooner had I steeled my resolve and stepped forward than I froze dead in my tracks.,決意を固め、足を踏み出したところで、固まった。,"Едва я собрался с духом и сделал шаг вперёд, как замер на месте.",
,,,,,,,,,,默认22,,,,我的家在哪？,我的家在哪？,Where is my home?,私の家は……どこだ？,А где вообще я живу?,
,,,,,,,,,,默认23,,,,我至今都分不清如今是在原先的广陵，还是在狮驼国。,我至今都分不清如今是在原先的廣陵，還是在獅駝國。,"Even now, I can't tell whether this is still the original Guangling or the Lion Camel Kingdom.",ここが本来の広陵なのか、獅駝国なのかもわからない。,"Даже сейчас я не мог понять, в Гуанлине ли я, или же в Королевстве Льва и Верблюда.",
,,,,,,,,,,默认24,,,,眼前的街道，熟悉又陌生。,眼前的街道，熟悉又陌生。,The street before me was both familiar and foreign.,目の前の道も、知っているようで知らないような気もする。,Улица была одновременно знакома и чужда.,
,,,,,,,,,,默认25,,,,地上的石砖、两旁的房子、街边的杨柳树，都让我觉得似曾相识，却又不敢确认。,地上的石磚、兩旁的房子、街邊的楊柳樹，都讓我覺得似曾相識，卻又不敢確認。,"The stone bricks beneath my feet, the houses flanking the streets, the willow trees by the roadside—all felt eerily familiar, yet I couldn’t trust my own recognition.",地面に敷かれた石畳、両脇の家、街並みに植えられた柳……いずれも見たことがあるような気がするものの、確信は持てない。,"Вымощенная кирпичом дорога, дома по обе стороны, ивы, растущие у дороги - всё было словно бы знакомо мне, но уверенности в этом мне не доставало.",
,,方知宥,,,,,,,,默认26,,方知宥/03_方知宥_01,,[罢了！不想太多，随着感觉走！],[罷了！不想太多，隨著感覺走！],"""Enough! No more overthinking—just follow my instinct!""",「ああもう！考えるのはやめて、勘で進もう」,"""Хватит! Не стоит слишком много размышлять, пойду по наитию!""",
,,,,,,,,,,默认27,,,,我叹了一口气，看周围的人都纷纷在逃，也不敢停下脚步。,我嘆了一口氣，看周圍的人都紛紛在逃，也不敢停下腳步。,"I sighed, watching the panicked crowd flee around me, not daring to stop my own stumbling steps.",私は溜息をついた。逃げ惑う周囲の人々を見て、足を止める勇気もなかった。,"Я вздохнул и, глядя на бегущую в панике толпу, болей не решался останавливать свой шаг.",
,,,,,,,,,,默认28,,,,于是，我听从心中模糊的意念，凭直觉迈出了脚步……,於是，我聽從心中模糊的意念，憑直覺邁出了腳步……,"So I obeyed the murky whispers in my mind, letting intuition guide my feet forward...",心の中の曖昧な指示に従い、直感で歩を進めた……,"Прислушиваясь к невнятным образам в моём сердце, я по наитию ступал вперёд...",
,SpriteOff,黑,,,,,0.5,,NoWait,,,,,,,,,
,Wait,,,,,,0.5,,,,,,,,,,,
,,,,,,,,,,默认29,,,,……,……,...,……,...,
,FadeOut,black,,wipe_left,,,0.5,,,,,,,,,,,
,Bg,方院外街道雨,,,,,,,,,,,,,,,,,
,FadeIn,black,,,,,1,,,,,,,,,,,
,,,,,,,,,,默认30,,,,我快步走着，穿过几个街区，绕过一处废井，找到了一处院落。,我快步走著，穿過幾個街區，繞過一處廢井，找到了一處院落。,"I quickened my pace, cutting through blocks, skirting a derelict well, until I stumbled upon a courtyard.",早足で歩き、いくつもの区画を抜けた。そして廃井を曲がったところで、屋敷を見つけた。,"Быстрым шагом я прошёл несколько кварталов, обошёл заброшенный колодец и, наконец, отыскал двор.",
,,,,,,,,,,默认31,,,,万幸。,萬幸。,Thank fate.,助かった。,Повезло.,
,,,,,,,,,,默认32,,,,虽然我被幻梦所扰，但凭着感觉，我还是回来了。,雖然我被幻夢所擾，但憑著感覺，我還是回來了。。,"Even in my delirium, some primal compass had led me home.",幻覚に惑わされながらも、勘頼りで戻ってこれた。,"Пусть и обуреваемый мороком, следуя своим ощущениям, я всё равно дошёл до дома.",
,Sprite,黑,,特效前,,,0.5,,,,,,,,,,,
,Tween,黑,ColorTo,alpha=0 time=0,,,,,,,,,,,,,,
,Tween,黑,ColorTo,alpha=0.4 time=0,,,,,NoWait,,,,,,,,,
,Wait,,,,,,0,,,,,,,,,,,
,,,,,,,,,,默认33,,,,眼前的院落正是我这些年住的地方，名为“方院”。,眼前的院落正是我這些年住的地方，名為“方院”。,"The courtyard before me was where I'd lived all these years—the so-called ""Fang's Courtyard"".",この屋敷は、ここしばらく私が住んでいる場所で、名を「方院」と言う。,"Двор перед моими глазами был тем самым, где я прожил все эти годы - именуемый ""двором семьи Фан"".",
,,,,,,,,,,默认34,,,,“方院”修了三室一院，若是对东城区其他大户人家来说，定会显得狭小而局促。,“方院”修了三室一院，若是對東城區其他大戶人家來說，定會顯得狹小而侷促。,"With its three chambers and single yard, ""Fang's Courtyard"" would appear cramped compared to other East District mansions.",「方院」は三室一庭の造りになっている。東城区の金持ちからすれば、猫の額ほどの狭さだろう。,Он состоял из главного дома с двумя флигелями - для богатых семей из остальных усадеб Восточного квартала он наверняка казался маленьким и тесным.,
,,,,,,,,,,默认35,,,,但对我这个没有成家的独居者而言，这里倒显得有些宽敞了。,但對我這個沒有成家的獨居者而言，這裡倒顯得有些寬敞了。,"Yet for a solitary bachelor like me, the space felt almost wasteful.",だが私のような独居者にとっては、居心地のいい場所だ。,"Но для такого одиночки, как я, без жены и детей, он даже был немного великоват.",
,,,,,,,,,,默认36,,,,东城区几乎所有的房屋都是以“院”的形式存在，因此可以称得上是城中的富人区。,東城區幾乎所有的房屋都是以“院”的形式存在，因此可以稱得上是城中的富人區。,"Nearly all dwellings in the East District exist in the form of ""courtyard houses"", making it veritably the affluent quarter of the city.",東城区のほぼ全ての家は「院」と呼ばれる庭つきで存在するため、この町におけるお屋敷町と言える。,"Почти все жилища Восточного квартала имели при себе ""двор"" - можно сказать, что квартал наш в городе был зажиточным.",
,,,,,,,,,,默认37,,,,我这院落大概是东城区中最不值钱的一处了。,我這院落大概是東城區中最不值錢的一處了。,Mine stood as the district's most worthless property.,この「方院」は、おそらく東城区でも最も値がつかない場所だろう。,"Мой двор, пожалуй, был самым дешёвым в квартале.",
,,,,,,,,,,默认38,,,,它不仅占地最小，也被众人认为“风水不佳”，因为这旁边紧邻着一口“犯了忌讳”的废井。,它不僅占地最小，也被眾人認為“風水不佳”，因為這旁邊緊鄰著一口“犯了忌諱”的廢井。,"Not only was it the smallest in area, but it was also widely considered to have ""bad feng shui"", for beside it lay a forsaken well, deemed a thing of dire taboo.",面積が小さいだけでなく、風水的に悪い場所と皆に考えられている。真隣に「不吉」とされる井戸があるのだ。,"Мало того, что он был самым маленьким, так ещё и все считали, что здесь ""плохой фэншуй"", ведь рядом находился ""осквернённый"" колодец.",
,,,,,,,,,,默认39,,,,十年间，两人丧命于此井，一人是钱家的小妾，因不得宠而自尽，一人是集家幼子，游玩之时不慎落井，数日后才被发现。,十年間，兩人喪命於此井，一人是錢家的小妾，因不得寵而自盡，一人是集家幼子，遊玩之時不慎落井，數日後才被發現。,"Over a decade, two lives were lost in this well—one was the Qian family's concubine, who took her own life out of neglect, and the other was the Ji family's youngest son, who fell in while playing and wasn’t found until days later.",この十年で、二人がその井戸で命を落とした。一人は銭家の妾で、その愛を得られず身を投げた。一人は集家の幼子で、遊んでいる時にうっかり落ちてしまい、数日後に発見された。,"За эти десять лет в колодце сгинули двое: наложница семьи Цянь, покончившая с собой из-за плохого обращения, и младший сын семьи Цзи, упавший туда во время игры; его тело нашли только через несколько дней.",
,,,,,,,,,,默认40,,,,死过两人之后，流言四起，众人都在传这里风水不好。,死過兩人之後，流言四起，眾人都在傳這裡風水不好。,"After the two deaths, rumors spread like wildfire, with everyone blaming the cursed feng shui here.",二人が死ぬと噂が広まり、人々はこの場所の風水がよくないと口々に囁くようになった。,"После этих двух смертей, все сразу же начали сетовать на ""плохой фэншуй"".",
,,,,,,,,,,默认41,,,,然而，我对此并不在意，只觉众人议论聒噪。,然而，我對此並不在意，只覺眾人議論聒噪。,"Yet I ignored it, dismissing the crowd's chatter as mere noise.",しかし私はそんなことどうでもよく、ただ耳障りな連中だと思ったものだ。,Но мне было всё равно до пустых слухов.,
,,,,,,,,,,默认42,,,,我不想离开这里。,我不想離開這裡。,I don’t want to leave this place.,ここを去るつもりはない。,Я не хочу отсюда уходить.,
,,,,,,,,,,默认43,,,,无论是在广陵，还是在狮驼国，这都是我住的地方。,無論是在廣陵，還是在獅駝國，這都是我住的地方。,"Whether in Guangling or the Lion Camel Kingdom, this is my home.",広陵だろうと獅駝国だろうと、ここは私の暮らす場所だ。,"Что в Гуанлине, что в королевстве Льва и Верблюда - это мой дом.",
,,,,,,,,,,默认44,,,,我不想离开这里。,我不想離開這裡。,I don’t want to leave this place.,ここを去りたくはない。,Я не хочу отсюда уходить.,
,,,,,,,,,,默认45,,,,虽然我忘了很多事，但总觉得我与这里有着一些缘分，无论怎样我都想住下去。,雖然我忘了很多事，但總覺得我與這裡有著一些緣分，無論怎樣我都想住下去。,"Though I’ve forgotten much, I feel an inexplicable bond with this place—no matter what, I intend to stay.",すでに忘れてしまったことも多いが、この場所は何かと縁があるのだ。何があっても住み続けたい。,"Я многое забыл, но какая-то неведомая привязанность к этому дому оставалась у меня в душе - так что я останусь тут.",
,SpriteOff,黑,,,,,0.5,,NoWait,,,,,,,,,
,Wait,,,,,,0.5,,,,,,,,,,,
,,,,,,,,,,默认46,,,,……,……,...,……,...,
,,方知宥,,,,,,,,默认47,,,,[……],[……],"""...""",「……」,"""...""",
,,,,,,,,,,默认48,,,,我从袖袍中取出一把铜钥匙。,我從袖袍中取出一把銅鑰匙。,I drew a bronze key from my sleeve.,袖から銅の鍵を取り出す。,Я вынул из рукава бронзовый ключ.,
,,,,,,,,,,默认49,,,,咦？,咦？,Eh?,ん？,А?,
,,,,,,,,,,默认50,,,,正当我欲开铜锁之时……,正當我欲開銅鎖之時……,Just as I was about to unlock it？,銅の錠をかけるとき？,"В тот момент, когда я собирался открыть медный замок",
,Tween,BG,ScaleTo,x=2 y=2 time=0,,,,,,,,,,,,,,,
,Tween,BG,MoveTo,x=-645 y=0 time=1,,,,,,,,,,,,,,,
,,,,,,,,,,默认5088,,,,却发现门未锁紧。,卻發現門未鎖緊。,But I found that the door was not locked tightly.,しかし、ドアがしっかり閉まっていなかったことに気づいた,"но обнаружил, что дверь не заперта плотно",
,,,,,,,,,,默认5089,,,,咦？这锁怎么虚挂着？,咦？這鎖怎麼虛掛著？,Huh? Why is this lock hanging loosely?,え？この鍵はどうして空いているの？,"Эх, почему этот замок висит в воздухе?",
,,方知宥,,,,,,,,默认51,,,,[……],[……],"""...""",「……」,"""...""",
,,,,,,,,,,默认52,,,,哦，想来是我昨日去王生家吃酒前忘锁门了。,哦，想來是我昨日去王生家吃酒前忘鎖門了。,"Ah, I must've forgotten to lock it yesterday before heading to Scholar Wang's place for some aged wine.",ふむ、どうやら酒を飲みに王のところへ行く時、掛け忘れたようだ。,"А, я, наверное, забыл закрыть их, перед тем, как пошёл к учёному Вану пить вино.",
,,,,,,,,,,默认53,,,,还好，我家看着就很破落。,還好，我家看著就很破落。,"Well, at least my place looks downright shabby.",まあいい、どうせぼろ屋だ。,"К счастью, мой дом выглядил довольно убого.",
,,,,,,,,,,默认54,,,,哪怕是在东城区，大概也不容易招惹贼人。,哪怕是在東城區，大概也不容易招惹賊人。,"Even in the East District, it probably wouldn't tempt any thieves.",いくら東城区とはいえ、これでは空き巣も入るまい。,"Пусть он и в Восточном квартале, вряд ли бы он привлёк внимание воров.",
,,,,,,,,,,默认55,,,,说起这屋里值钱的东西，大概有我藏的一些旧书。,說起這屋裡值錢的東西，大概有我藏的一些舊書。,"As for valuables here, maybe just some old books I've stashed away.",値打ちのあるものといえば、せいぜい集めている古本くらいだ。,"Если у меня и было что-то ценное, так это собранные мной старые книги.",
,,,,,,,,,,默认56,,,,我藏了好几箱的书，一些手抄本或孤本极为稀有，能卖不少钱。,我藏了好幾箱的書，一些手抄本或孤本極為稀有，能賣不少錢。,"I've hidden several crates of books—some handwritten copies or rare editions are extremely valuable, worth no little fortune.",私は本を何箱も収集している。中には手書きの写本やとても希少なものもあり、売ればそこそこの金になるだろう。,В моей коллекции было несколько ящиков с книгами - некоторые рукописные или редкие издания стоят весьма недёшево.,
,,,,,,,,,,默认57,,,,但是，我不信入室之贼能够识货，不信他们能认得每一本书的价值，甚至我觉得他们大概很难找到卖书的地方。,但是，我不信入室之賊能夠識貨，不信他們能認得每一本書的價值，甚至我覺得他們大概很難找到賣書的地方。,"But I doubt any burglar would recognize their worth, let alone know where to sell them.",しかし空き巣ごときがそこに気付くとは思えないし、本の価値などわかろうはずもない。盗ったところで売る場所すら見つけられないだろう。,"Но не думаю, что вломившиеся ко мне воры были бы так разборчивы, что смогли бы разглядеть их ценность - да и вряд ли бы им удалось отыскать, куда их сбыть.",
,,,,,,,,,,默认58,,,,至于更贵重也容易被贼人看出价值的首饰银两，我都藏在了床底的宝箱之中，外加一锁，应无大碍。,至於更貴重也容易被賊人看出價值的首飾銀兩，我都藏在了床底的寶箱之中，外加一鎖，應無大礙。,"As for more valuable items like jewelry and silver taels that could easily attract thieves, I've hidden them all in a treasure chest under my bed, secured with an extra lock—it should have been safe enough.",より盗人の目につきやすい宝飾や銭の類は、寝台の下の宝箱に隠した上で鍵もかけてある。心配はないはずだ。,"Что до драгоценностей - украшений, серебряных таэлей и всего остального, что могло бы привлечь воров, - я спрятал их в сундуке с надёжным замком под кроватью, так что всё должно быть в безопасности.",
,,,,,,,,,,默认59,,,,想到这里，我便放下心来，进了院落。,想到這裡，我便放下心來，進了院落。,"With this thought, I set my mind at ease and entered the courtyard.",そこまで考えたところで私は安心し、屋敷に入った。,"Подумав обо всём этом, я успокоился и зашёл во двор.",
,,,,,,,,,,默认60,,,,——嗒。,——嗒。,—Tap.,――コツッ。,*Топ.*,
,Sprite,黑,,特效前,,,0.5,,,,,,,,,,,
,Tween,黑,ColorTo,alpha=0 time=0,,,,,,,,,,,,,,
,Tween,黑,ColorTo,alpha=0.4 time=0,,,,,NoWait,,,,,,,,,
,Wait,,,,,,0,,,,,,,,,,,
,BgOff,,,,,,1,,,,,,,,,,,
,Bg,方院外街道压抑,,,,,0.5,,,,,,,,,,,
,Tween,BG,ScaleTo,x=1 y=1 time=0,,,,,,,,,,,,,,
,Tween,BG,MoveTo,x=0 y=0 time=0,,,,,,,,,,,,,,
,Se,推门,,,,,,,,默认61,,,,一脚迈过门槛，映入我眼帘的便是一处破落的庭院，主屋是一间会客厅，左右两边各有一间旁屋。,一腳邁過門檻，映入我眼簾的便是一處破落的庭院，主屋是一間會客廳，左右兩邊各有一間旁屋。,"As I stepped over the threshold, a dilapidated courtyard came into view: the main hall served as a reception room, with side chambers to the left and right.",門をくぐると、荒れ果てた庭が目に飛び込む。母屋が応接間となっており、その左右にそれぞれ一軒ずつ傍屋が立っている。,"Переступив порог, я увидел обветшалый двор с главным домом, где когда-то принимали гостей, и флигелями по бокам.",
,CharacterOff,,,,,,3,,,,,,,,,,,
,HideMessageWindow,,,,,,,,,,,,,,,,,
,CaptureImage,截图,SpriteCamera,背景截图,,,,,,,,,,,,,,
,Bg,方院雨天,,,,,,,,,,,,,,,,
,RuleFadeOut,截图,FadeCircle,,Linear,,3,,PageWait,,,,,,,,,
,Wait,,,,,,1,,,,,,,,,,,
,ShowMessageWindow,,,,,,,,,,,,,,,,,
,,,,,,,,,,默认62,,,,我平常在左屋歇息，右屋原本打算安顿其他家人，或是让一个家仆住在这里。,我平常在左屋歇息，右屋原本打算安頓其他家人，或是讓一個家僕住在這裡。,"I usually rest in the Left Chamber, while the Right Chamber was originally intended for family members or a live-in servant.",私はいつも左の傍屋で暮らしており、右の傍屋は誰かを泊めたり下男でも住ませておくつもりだった。,"Обычно я обитал в левом флигеле, а в правом задумывал поселить других домашних или разместить там прислугу.",
,,,,,,,,,,默认63,,,,但是，这些年来，我过得越来越潦倒落魄，近几年更是入不敷出，我没有娶妻，没有生子，更没有银两去雇请家仆。,但是，這些年來，我過得越來越潦倒落魄，近幾年更是入不敷出，我沒有娶妻，沒有生子，更沒有銀兩去僱請家僕。,"But over the years, I've fallen into increasingly dire straits—lately, my expenses have outstripped my income. I never married, never had children, and certainly couldn't afford to hire servants.",しかし最近の私といえばますます落ちぶれ、ここ数年に至っては入る金より出ていく金の方が多い有様だ。妻もおらず子もいない。召使を雇う金などもってのほかだ。,"Однако последние несколько лет были всё тяжелее и тяжелее, и я едва сводил концы с концами. Жён и детей у меня не было, а денег на найм прислуги - тем более.",
,,,,,,,,,,默认64,,,,久而久之，我便开始往右屋堆东西，我会将一些本该丢掉的东西都丢到那里，越堆越满。,久而久之，我便開始往右屋堆東西，我會將一些本該丟掉的東西都丟到那裡，越堆越滿。,"Over time, I began hoarding things in the Right Chamber—items that should've been discarded. The pile kept growing, cramming the space.",そうこうしているうちに、私は右の傍屋に物を置くようになった。本来ならば捨てるべき物までどんどん放り込んだ結果、次第に山積みになっていった。,"Со временем я начал складировать в правом флигеле всё подряд - в основном мусор, который надо давно было выбросить, и его копилось там всё больше и больше.",
,,,,,,,,,,默认65,,,,那些杂物的上面积了一层又一层的灰，我也懒得去打扫。,那些雜物的上面積了一層又一層的灰，我也懶得去打掃。,"Layers of dust coated those heaps of junk, but I never bothered to sweep them away.",それらには埃がうず高く積もっていったが、ここまでくると掃除をするのも億劫になる。,"Как росла куча хлама, занимая всё больше пространства, так и рос слой пыли на ней, которую мне было лень убирать.",
,,,,,,,,,,默认66,,,,有时，我会踩在右屋的那些杂物之上，登高望远，透过小窗探出头去，看窗外的街景。,有時，我會踩在右屋的那些雜物之上，登高望遠，透過小窗探出頭去，看窗外的街景。,"Sometimes I'd clamber onto the Right Chamber's clutter, straining through its narrow window to watch the chaotic streets outside.",時々、私はがらくたの山に登り、小窓から顔を出して町の景色を眺める。,"Иногда я забирался на эту кучу хлама, чтобы поглядеть через окошко на улицы сверху вниз.",
,,,,,,,,,,默认67,,,,嗯……刚才狮驼岭的群妖破城后，我随着街上的人逃窜回家，也不知道后来怎么样了。,嗯……剛才獅駝嶺的群妖破城後，我隨著街上的人逃竄回家，也不知道後來怎麼樣了。,"Hmm... When the Lion Camel Ridge's demon horde shattered the gates earlier, I scrambled home with the panicked crowd. The aftermath? No clue.",ふむ……先ほどの獅駝嶺の妖怪たちが襲ってきてから、逃げ惑う人々に紛れて家に帰ってきたが、町はどうなったのだろうか。,"Хм-м... Когда орда яогуаев с Львино-Верблюжего хребта пробила ворота, я сразу же побежал домой вместе с паникующей толпой и не ведал, что там происходило дальше.",
,,,,,,,,,,默认68,,,,我是安分一点，在左屋乖乖躲着，还是从右屋的小窗看看外面的情况？,我是安分一點，在左屋乖乖躲著，還是從右屋的小窗看下外面的情況？,"Should I play it safe and hide in the Left Chamber, or sneak a peek outside through the Right Chamber's window?",おとなしく左の傍家で隠れているべきか、それとも右の傍家の小窓から外の様子を伺うか……,"Может, стоит вести себя аккуратнее и спрятаться во флигеле слева, или же рискнуть и понаблюдать за улицей из-за окна флигеля справа?",
,,,,,,,,,,默认69,,,,……,……,...,……,,
,SpriteOff,黑,,,,,0.5,,NoWait,,,,,,,,,
,Wait,,,,,,0.5,,,,,,,,,,,
,Bgm,心悸时刻,,,,0.2,3,,,,,,,,,,,
,Selection,*入左屋，安分守己,,,,,,,,默认70,,,,入左屋，安分守己,入左屋，安分守己,"Enter in the Left Chamber, keep a low profile",左の傍屋でおとなしくしておく,Спрятаться в флигеле слева,
,Selection,*入右屋，窥视街道,,,,,,,,默认71,,,,入右屋，窥视街道,入右屋，窺視街道,"Enter the Right Chamber, peek at the street",右の傍屋で町の様子を見る,Наблюдать за улицей из правого флигеля,
,*入右屋，窥视街道,,,,,,,,,,,,,,,,,,
,StopBgm,,,,,,3,,,,,,,,,,,
,,,,,,,,,,默认72,,,,……,……,...,……,...,
,,,,,,,,,,默认73,,,,还是进右屋，往窗外看一下吧。,還是進右屋，往窗外看一下吧。,I’ll go into the Right Chamber and glance out the window after all.,やはり気になる。右の傍屋に行き、窓から外を見てみよう。,Пойду всё же в правый флигель и выгляну через окошко.,
,,,,,,,,,,默认74,,,,虽说可能会引起不必要的注意。,雖說可能會引起不必要的注意。,Though it might draw unnecessary attention.,余計な注意を引いてしまうかもしれない。,Хоть это и может привлечь лишнее внимание.,
,,,,,,,,,,默认75,,,,但是，哪怕要冒一些风险，我还是想去看看。,但是，哪怕要冒一些風險，我還是想去看看。,"But even if it means taking some risks, I still want to see.",しかし、危険を冒してでもこの目で見ておきたかった。,"Но мне надо увидеть, что происходит на улицах, так что стоит пойти на риск.",
,,,,,,,,,,默认76,,,,我想知道城里现在怎么样了，知道更多的事，这样才能消解我心中的不安。,我想知道城裡現在怎麼樣了，知道更多的事，這樣才能消解我心中的不安。,"I need to know how the city fares now—to learn more, to quell this unease gnawing at me.",町の様子を知っておきたかった。むしろ、それによって不安を取り除きたかったのだ。,"Чтобы унять терзающее меня чувство, я должен узнать хоть что-то.",
,,,,,,,,,,默认77,,,,此时的扬州……到底有没有变成狮驼国？,此時的揚州……到底有沒有變成獅駝國？,Has Yangzhou... truly become the Lion Camel Kingdom by now?,今の揚州が……獅駝国になっているのかどうかを。,Неужели Янчжоу стал королевством Льва и Верблюда?,
,,,,,,,,,,默认78,,,,如果真变成狮驼国了……我该做什么准备？,如果真變成獅駝國了……我該做什麼準備？,If it has truly become the Lion Camel Kingdom... what preparations should I make?,もし獅駝国になっていたのなら……私はどうすればいい？,"Если это действительно так, что мне надо делать?",
,,,,,,,,,,默认79,,,,——嗒。,——嗒。,—Tap.,――コツッ。,*Топ.*,
,,,,,,,,,,默认80,,,,我躲过屋檐上滴落的雨水，踏进了右屋，扑面而来的是草屑和破布的味道。,我躲過屋簷上滴落的雨水，踏進了右屋，撲麵而來的是草屑和破布的味道。,"I dodged the raindrops dripping from the eaves and stepped into the Right Chamber, greeted by the scent of hay scraps and tattered cloth.",軒先から滴る雨水を避けて右の傍屋へ足を踏み入れると、草屑とぼろ布の匂いが鼻をついた。,"Уклоняясь от капель дождя с карнизов, я вошёл в правый флигель, встреченный запахом соломы и старой одежды.",
,Bg,右屋雨盖,,,,,0.5,,,,,,,,,,,,
,Ambience,小雨,TRUE,,,,1,,,,,,,,,,,,
,,,,,,,,,,默认81,,,,我走到堆着的杂物前，抬起脚，迈步踏上一个能勉强落脚的木箱。,我走到堆著的雜物前，抬起腳，邁步踏上一個能勉強落腳的木箱。,"I walked to the pile of clutter, lifted my foot, and stepped onto a wooden crate barely sturdy enough to bear my weight.",積み重なったがらくたの前に行くと、なんとか足場になりそうな木箱に足をかける。,"Я подошёл к куче хлама и поднял ногу, чтобы ступить на шаткий деревянный ящик, едва способный выдержать меня.",
,,,,,,,,,,默认82,,,,——呼。,——呼。,—Huff.,――ふぅ。,*Вжу-у-ух.*,
,,,,,,,,,,默认83,,,,布鞋踩起了弥漫的灰尘，我爬到木箱之上，双手扒着窗户，透过右屋的小窗看向远方——,布鞋踩起了瀰漫的灰塵，我爬到木箱之上，雙手扒著窗戶，透過右屋的小窗看向遠方——,"My cloth shoes kicked up swirling dust as I climbed atop the crate, gripping the windowsill with both hands to peer through the Right Chamber’s narrow window—",布靴が舞い上がった埃を踏みしめ、私は木箱の上に登った。そして両手で窓枠を掴むと、小窓から遠くを見る――,"Ухватившись за подоконник, я встал на ящик, подняв вихрь пыли своими тканевыми туфлями, и выглянул из окошка правого флигеля.",
,,,,,,,,,,默认84,,,,……,……,...,……,...,
,Thread,*移镜头-到右屋窗边位置,,,,,,,,,,,,,,,,,
,Thread,*移镜头-到右屋窗边大小,,,,,,,,,,,,,,,,,
,Sprite,黑,,特效前,,,0.5,,,,,,,,,,,
,Tween,黑,ColorTo,alpha=0 time=0,,,,,,,,,,,,,,
,Tween,黑,ColorTo,alpha=0.4 time=0,,,,,NoWait,,,,,,,,,
,Wait,,,,,,0,,,,,,,,,,,
,,,,,,,,,,默认85,,,,嗯……从右屋往外看，正好能看到贯穿东城区的街道。,嗯……從右屋往外看，正好能看到貫穿東城區的街道。,"Hmm... From the Right Chamber’s window, I could see straight down the street cutting through the East District.",ふむ……右の傍屋からだと、ちょうど東城区の街並みが一望できる。,"Хм-м... С высоты мне было отлично видно главную улицу, которая пролегала через восточный квартал.",
,,,,,,,,,,默认86,,,,街道绵延数百步，由南向北。,街道綿延數百步，由南向北。,"The road stretched hundreds of paces, running south to north.",街道が数百歩に渡って南北に伸びている。,Дорога тянулась на сотни шагов с юга на север.,
,,,,,,,,,,默认87,,,,此时，街道之上空无一人，估计大多数城民都像我一样躲在了家中。,此時，街道之上空無一人，估計大多數城民都像我一樣躲在了家中。,The streets lay utterly deserted now—most townsfolk had likely barricaded themselves indoors like me.,人っ子ひとりいない。ほとんどの住民は私のように家の中に避難しているのだろう。,"Но на улице было ни души. Наверное, все, как и я, попрятались по своим усадьбам.",
,,,,,,,,,,默认88,,,,……,……,...,……,...,
,,方知宥,,,,,,,,默认89,,,,[……],[……],"""...""",「……」,"""...""",
,Sprite,黑,,特效前,,,0.5,,,,,,,,,,,
,Tween,黑,ColorTo,alpha=0 time=0,,,,,,,,,,,,,,
,Tween,黑,ColorTo,alpha=0.4 time=0,,,,,NoWait,,,,,,,,,
,Wait,,,,,,0,,,,,,,,,,,
,,,,,,,,,,默认90,,,,我持续看了一会儿，依旧如此。,我持續看了一會，依舊如此。,"I stared for a long while, but the scene remained unchanged.",しばらく見ていたが、様子に変化はない。,"Я долго смотрел, но всё оставалось как прежде.",
,,,,,,,,,,默认91,,,,看来刚才城墙边上炮火不断、喊杀震天，大家都怕了。,看來剛才城牆邊上炮火不斷、喊殺震天，大家都怕了。,The earlier barrage of cannon fire and war cries near the city walls must’ve terrified everyone.,先ほどの城壁の砲火で轟音がしたため、皆怖がっているのだろう。,"Пушечная канонада и боевые крики у городских стен, должно быть, всех испугали.",
,,,,,,,,,,默认92,,,,……,……,...,……,...,
,,,,,,,,,,默认93,,,,哦？,哦？,Oh?,ん？,А?,
,,,,,,,,,,默认94,,,,来人了。,來人了。,Figures approached.,誰か来た。,Кто-то появился.,
,,,,,,,,,,默认95,,,,略微等了一会儿后，我看到些许人影。,略微等了一會後，我看到些許人影。,"After a brief wait, shadowy outlines emerged in the distance.",しばらく眺めていると、人影が現れた。,Спустя какое-то время я заметил вдалеке людские силуэты.,
,,,,,,,,,,默认96,,,,我看到有三个人。,我看到有三個人。,Three figures came into view.,人影は三人見える。,Их было трое.,
,,,,,,,,,,默认97,,,,为首的人骑着马，放开缰绳让马缓步前行。,為首的人騎著馬，放開韁繩讓馬緩步前行。,"The one leading rode horseback, slackening the reins to let his steed plod ahead.",先頭の者は馬にまたがり、手綱を緩めてゆっくりと前進している。,"Командир сидел на лошади, ослабив поводья, позволяя ей идти своим чередом.",
,,,,,,,,,,默认98,,,,这三人都垂头丧气，仿佛议论着什么，毫无作战士气，就连他们的马，也满眼哀怨，时不时仰头哀鸣。,這三人都垂頭喪氣，彷彿議論著什麼，毫無作戰士氣，就連他們的馬，也滿眼哀怨，三不五時仰頭哀鳴。,"All three slumped in defeat, whispering grimly without a shred of morale—even their horses seemed haunted, tossing their heads with hollow, grieving neighs.",三人はうなだれ、何かを話しているようで士気はない。彼らの馬まで悲嘆に暮れた目で、時折嘶いている。,"Все трое опустили головы и мрачно перешёптывались; сломлен был дух у каждого - даже у лошадей, которые встряхивали головами и издавали глухие, скорбные ржания.",
,,,,,,,,,,默认99,,,,他们……难道是吃了败仗的守军？,他們……難道是吃了敗仗的守軍？,Were they... defeated garrison troops?,彼らは……蹂躙された防衛軍の一員だろうか？,Неужели...они из проигравших защитников города?,
,,,,,,,,,,默认100,,,,为何这三人不像其他人一样匆忙？而且他们从北往南走，这是要去哪？,為何這三人不像是其他人一樣匆忙，而且他們從北往南走，這是要去哪？,Why weren’t these three rushing like the others? And why were they heading south from the north—where were they going?,ならばなぜ他の者達のように急がず、南へ向かっているのだろうか。一体どこへ？,"А почему они не бегут, как остальные? И они идут с севера на юг - куда это они направляются?",
,,,,,,,,,,默认101,,,,……,……,...,……,...,
,,,,,,,,,,默认102,,,,我眯着眼睛思考。,我眯著眼睛思考。,"I squinted, pondering.",目を細めて考える。,Я прищурился в раздумьях.,
,,,,,,,,,,默认103,,,,然后，一炷香的时间匆匆掠过，街上再次空无一人。,然後，一炷香的時間匆匆掠過，街上再次空無一人。,"Then, in the time it takes a stick of incense to burn, the streets emptied again.",ふと気づくと、一炷香ほど時が経っており、街道は再び無人となっていた。,Спустя быстро пролетевшее время сгорания одной палочки благовоний улицы снова опустели.,
,,,,,,,,,,默认104,,,,一炷香后，正当我站得腿酸了想要下去歇息——密密麻麻的黑影突然出现在了我目之所及的远处。,,"After the incense burned, just as my legs grew sore and I thought to rest—a seething mass of shadows surged into view in the distance.",いい加減足も痺れてきたため、下に降りて一息つこうとしたその時――びっしりと並んだ真っ黒な影が遥か向こうに見えた。,"Ещё погодя, мои ноги начали затекать и я уже хотел пойти отдохнуть... как вдруг на далёком горизонте возникла огромная череда чёрных теней.",
,SpriteOff,黑,,,,,0.5,,NoWait,,,,,,,,,
,Wait,,,,,,0.5,,,,,,,,,,,
,Jump,*妖兵入城,,,,,,,,,,,,,,,,,
,*入左屋，安分守己,,,,,,,,,,,,,,,,,,
,StopBgm,,,,,,3,,,,,,,,,,,
,,,,,,,,,,默认110,,,,进左屋，安分待着吧。,進左屋，安分待著吧。,Better stay in the Left Chamber and lay low.,左の傍屋に入り、しばらくおとなしくしていよう。,Лучше не буду рисковать и спрячусь в флигеле слева.,
,,,,,,,,,,默认111,,,,我的心里冒出了这样的想法。,我的心裡冒出了這樣的想法。,I thought to myself.,そんな考えが頭をよぎった。,Такое решение созрело в моём сердце.,
,,,,,,,,,,默认112,,,,然后，我便一步步地踏过庭院中央的石砖，走进了平常休息的左屋。,然後，我便一步步地踏過庭院中央的石磚，走進了平常休息的左屋。,"And so, step by step, I crossed the courtyard’s stone tiles and entered the Left Chamber—my usual place of rest.",そして、庭の中央にある石畳を一歩また一歩と進み、いつも寝起きしている左の傍屋に入った。,"Шаг за шагом я пересёк вымощенный брусчаткой двор, а затем зашёл во флигель, где обычно отдыхал.",
,,,,,,,,,,默认113,,,,左屋因下雨而变得光线昏暗。,左屋因下雨而變得光線昏暗。,"The Left Chamber was dim, darkened by the rain.",雨のせいで、光は差し込んでこない。,Из-за дождя внутри было тускло.,
,Bg,左屋雨,,,,,1,,,,,,,,,,,,
,Ambience,小雨,TRUE,,,,1,,,,,,,,,,,,
,,,,,,,,,,默认114,,,,这里陈设简单，有一个书柜、一张床和一个书桌。,這裡陳設簡單，有一個書櫃、一張床和一個書桌。,"The furnishings were sparse: a bookshelf, a bed, and a desk.",ここにある家具といえば簡素なものだ。本棚の他には、寝台と書卓しかない。,"Устроен внутри флигель был просто: книжный шкаф, кровать, да письменный стол.",
,,,,,,,,,,默认115,,,,我大概很久没用这个书桌了，甚至我早就将书桌前的椅子丢到了右屋的杂物堆里，书桌上也积着一层灰。,我大概很久沒用這個書桌了，甚至我早就將書桌前的椅子丟到了右屋的雜物堆裡，書桌上也積著的一層灰。,"I must have left this desk untouched for ages—the chair once placed before it had long been cast into the junk heap in the Right Chamber, and a fine layer of dust now veiled its surface.",だが書卓はほとんど使っていない。そこにあった椅子もとうに右の傍屋のがらくたの山の一部になってしまい、書卓の上には埃が積もっている。,"Давно я не сидел за этим столом, настолько давно, что он покрылся толстым слоем пыли, а стул, некогда стоявший перед ним, был заброшен в другой флигель, к остальному хламу.",
,,,,,,,,,,默认116,,,,隐约记得几年前，我的床并非是这种高高的床，而是矮一些的床。,隱約記得幾年前，我的床並非是這種高高的床，而是矮一些的床。,"Vaguely, I recalled that years ago, my bed hadn’t been this tall—it used to be lower.",曖昧な記憶だが、以前の寝台はこうも高くなく、もっと低めのものだった。,"Смутно припоминается,  что несколько лет назад кровать у меня была другая - не настолько высокая, пониже.",
,,,,,,,,,,默认117,,,,后来不知怎的，大概是因我越来越不喜欢阳光照在身上的感觉，便换了一个有遮掩的高床。,後來不知怎的，大概是因我越來越不喜歡陽光照在身上的感覺，便換了一個有遮掩的高床。,"But at some point, perhaps because I’d grown to dislike the sun’s touch, I replaced it with this high, canopied bed.",きっと日光に照らされるのが厭になったのだろう、遮蔽になる高めの寝台にしたのだった。,"Но однажды - наверное, потому что мне всё более было неприятно ощущение от падающего солнечного света - я заменил её на кровать повыше с балдахином.",
,,,,,,,,,,默认118,,,,每当我不安时，便会躲进高床中。,每當我不安時，便會躲進高床中。,"Whenever unease crept in, I would retreat into its shelter.",心が不安定になると、私はそこに逃げ込む。,"Всякий раз, когда мне было не по себе, я там прятался.",
,,,,,,,,,,默认119,,,,如今也是这样。,如今也是這樣。,And now it was no different.,今のように。,И сейчас не было исключением.,
,,,,,,,,,,默认120,,,,[……],[……],"""...""",「……」,"""...""",
,,,,,,,,,,默认121,,,,我蜷着身子抱着双膝，静静地缩在左屋等待着。,我蜷著身子抱著雙膝，靜靜地縮在左屋等待著。,"Curling up, knees to chest, I waited silently in the Left Chamber.",私は膝を抱いて、ただ静かにそこでじっとしていた。,"Свернувшись калачиком и прижав колени к груди, я молча прятался в флигеле.",
,,,,,,,,,,默认122,,,,屋外的雨淅淅沥沥，越听越像是女子的哭声。,屋外的雨淅淅瀝瀝，越聽越像是女子的哭聲。,"The rain pattered outside, its rhythm increasingly resembling a woman's sobs.",外の雨はしとしとと降り続き、女の鳴き声のように聞こえてくる。,"Ливень барабанил снаружи, его шум всё больше напоминал женский плач.",
,,,,,,,,,,默认123,,,,偶尔，我能听到几声马蹄声、人的脚步声和窃窃私语声，让我确信此时街道外面还是有些人的。,偶爾，我能聽到幾聲馬蹄聲、人的腳步聲和竊竊私語聲，讓我確信此時街道外面還是有些人的。,"Occasionally, the clop of hooves, footsteps, and hushed whispers reassured me that people still lingered in the streets.",時々、馬のいななきや人の足音、囁き声などが聞こえ、街道にまだ人がいるという確信を得ることができた。,"Иногда топот копыт, шаги и приглушённые разговоры давали мне понять, что в это время на улице всё ещё были люди.",
,,,,,,,,,,默认124,,,,[……],[……],"""...""",「……」,"""...""",
,,,,,,,,,,默认125,,,,嗯……,嗯……,Hmm...,ふむ……,Хм-м...,
,,,,,,,,,,默认126,,,,听久了后，这声音有些变化。,聽久了後，這聲音有些變化。,"But as I listened longer, the sounds began to shift.",しばらく聞き耳を立てていると、音に変化があった。,"Пока я прислушивался, звуки стали меняться.",
,,,,,,,,,,默认127,,,,我竟然开始听见野兽的呜咽声……混在那女子的哭声里。,我竟然開始聽見野獸的嗚咽聲……混在那女子的哭聲裡。,"Unbelievably, bestial whimpers now mingled with the woman's weeping.",獣のうめき声が聞こえてきた……泣き叫ぶ女の声に混じって。,"Я услышал, как звериный скулёж стал смешиваться с ""женским плачем"".",
,,,,,,,,,,默认128,,,,——嗡,——嗡,—Bzzzt,――クラッ,*Бззз.*,
,,,,,,,,,,默认129,,,,我的脑袋一阵嗡鸣，兽视症再次加剧。,我的腦袋一陣嗡鳴，獸視症再次加劇。,A dull buzzing filled my skull as the Beast's Affliction grew worse.,頭がずきずきと痛み、獣視病の発作が激しさを増した。,"В голове моей начался зуд, а ""звериный взор"" опять усилился.",
,Shake,Graphics,,x=200 y=120 time=0.4,,,,,PageWait,,,,,,,,,
,Se,耳鸣,,,,,,,,,,,,,,,,,
,,,,,,,,,,默认130,,,,[……],[……],"""...""",「……」,"""...""",
,Sprite,黑,,特效前,,,0.5,,,,,,,,,,,
,Tween,黑,ColorTo,alpha=0 time=0,,,,,,,,,,,,,,
,Tween,黑,ColorTo,alpha=0.4 time=0,,,,,NoWait,,,,,,,,,
,Wait,,,,,,0,,,,,,,,,,,
,,,,,,,,,,默认131,,,,突然，我的脑海里浮现出一个画面。,突然，我的腦海裡浮現出一個畫面。,"Then suddenly, an image flashed through my mind.",突然、頭にある光景がよぎる。,Внезапно перед глазами вспыхнул образ.,
,,,,,,,,,,默认132,,,,一头魁梧而残暴的彘妖，将一名女子推在地上。,一頭魁梧而殘暴的彘妖，將一名女子推在地上。,"A hulking, savage Boar Demon forced a woman to the ground.",屈強で残虐な猪妖が、女を押し倒している場面だ。,"Образ огромного и свирепого вепря-яогуая, бросающего женщину на землю.",
,,,,,,,,,,默认133,,,,它啃食着女子身上的衣物和血肉，将一个活人活活生吃至死。,它啃食著女子身上的衣物和血肉，將一個活人活活生吃至死。,"It gnawed through her clothes and flesh, devouring the living woman alive.",そいつは身に着けている服ごと女に齧りつくと、生きたまま貪り食った。,"Он омерзительно пожирал её плоть, прогрызаясь сквозь одежду - поедая её живьём.",
,,,,,,,,,,默认134,,,,女子恐惧地呜咽着，声音嘶哑。,女子恐懼地嗚咽著，聲音嘶啞。,"The woman whimpered in terror, her voice ragged.",女は恐怖ですすり泣き、かすれた声を上げる。,Надрывным голосом женщина выла в ужасе.,
,,,,,,,,,,默认135,,,,野兽仿佛听不见，它只是咧嘴笑着，津津有味地继续吃着，獠牙之间堆满了散碎的血肉……,野獸彷彿聽不見，它只是咧嘴笑著，津津有味地繼續吃著，獠牙之間堆滿了散碎的血肉……,"The beast seemed deaf to her cries, grinning as it feasted, its tusks caked with bloody fragments...",獣は口の端を歪めて笑うと、まるでそれが聞こえないかのようにむしゃむしゃと女を食らった。牙の隙間にはぐちゃぐちゃになった血肉が挟まっている……,"Но вепрю было всё равно на её мольбы, он, ухмыляясь, продолжал жадно пожирать её, между его клыками набивались куски разорванной плоти.",
,,,,,,,,,,默认136,,,,不行……,不行……,No...,だめだ……,Нет...,
,,,,,,,,,,默认137,,,,在左屋躲了一会儿后，我想七想八，越来越不安了。,在左屋躲了一會後，我想七想八，越來越不安了。,"Hiding in the Left Chamber, my mind raced with terrible thoughts.",こちらに隠れてしばらく経つが、何か考えれば考えるほど不安は増すばかりだった。,"Пока я прятался, в мою голову начали вслывать ужасные мысли.",
,,,,,,,,,,默认138,,,,逃避不是办法。,逃避不是辦法。,Running wouldn't solve anything.,逃げるだけでは何も解決しない。,Бегство - не выход.,
,,,,,,,,,,默认139,,,,还是去右屋看看街道上的情况吧。,還是去右屋看看街道上的情況吧。,I needed to check the streets from the Right Chamber.,やはり右の傍屋から町の様子を伺おう。,Надо проверить улицу из правого флигеля.,
,,,,,,,,,,默认140,,,,[……],[……],"""...""",「……」,"""...""",
,SpriteOff,黑,,,,,0.5,,NoWait,,,,,,,,,
,Wait,,,,,,0.5,,,,,,,,,,,
,,,,,,,,,,默认141,,,,我深呼出一口气，离开左屋，穿过庭院，走向了右屋。,我深呼出一口氣，離開左屋，穿過庭院，走向了右屋。,"Steeling myself, I left the Left Chamber and crossed the courtyard to the right.",私は深く息を吐き出すと、左の傍屋を出て庭を横切り、右の傍屋に入った。,"Собравшись с духом, я покинул левый флигель, пересёк двор и подошёл к правому.",
,,,,,,,,,,默认142,,,,——嗒。,——嗒。,—Tap.,――コツッ。,*Бамц.*,
,,,,,,,,,,默认143,,,,我踏进了右屋，扑面而来的是草屑和破布的味道。,我踏進了右屋，撲麵而來的是草屑和破布的味道。,"As I stepped into the Right Chamber, the scent of hay and tattered cloth assaulted my senses.",右の傍屋へ足を踏み入れると、草屑とぼろ布の匂いが鼻をついた。,"Как только я вошёл, в нос сразу же ударил запах соломы и старой одежды.",
,Bg,右屋雨盖,,,,,0.5,,,,,,,,,,,,
,,,,,,,,,,默认144,,,,我走到堆着的杂物前，抬起脚，迈步踏上一个能勉强落脚的木箱。,我走到堆著的雜物前，抬起腳，邁步踏上一個能勉強落腳的木箱。,"I walked to the pile of clutter, lifted my foot, and stepped onto a wooden crate barely sturdy enough to bear my weight.",積み重なったがらくたの前に行くと、なんとか足場になりそうな木箱に足をかける。,"Я подошёл к куче хлама и поднял ногу, чтобы ступить на шаткий деревянный ящик, едва способный выдержать меня.",
,,,,,,,,,,默认145,,,,——呼。,——呼。,—Huff.,――ふぅ。,*Вжу-у-ух.*,
,,,,,,,,,,默认146,,,,布鞋踩起了弥漫的灰尘，我爬到木箱之上，双手扒着窗户，透过右屋的小窗看向远方——,布鞋踩起了瀰漫的灰塵，我爬到木箱之上，雙手扒著窗戶，透過右屋的小窗看向遠方——,"My cloth shoes kicked up swirling dust as I climbed atop the crate, gripping the windowsill with both hands to peer through the Right Chamber’s narrow window—",布靴が舞い上がった埃を踏みしめ、私は木箱の上に登った。そして両手で窓枠を掴むと、小窓から遠くを見る――,"Ухватившись за подоконник, я встал на ящик, подняв вихрь пыли своими тканевыми туфлями, чтобы выглянуть из окошка правого флигеля.",
,,,,,,,,,,默认147,,,,……,……,...,……,...,
,Bgm,重重墙囚,,,,0.2,3,,,,,,,,,,,
,,,,,,,,,,默认148,,,,嗯……从右屋往外看，正好能看到贯穿东城区的街道。,嗯……從右屋往外看，正好能看到貫穿東城區的街道。,"Hmm... From the Right Chamber’s window, I could see straight down the street cutting through the East District.",ふむ……右の傍屋からだと、ちょうど東城区の街並みが一望できる。,"Хм-м... С высоты мне было отлично видно главную улицу, которая пролегала через восточный квартал.",
,,,,,,,,,,默认149,,,,街道绵延数百步，由南向北。,街道綿延數百步，由南向北。,"The road stretched hundreds of paces, running south to north.",街道が数百歩に渡って南北に伸びている。,Дорога тянулась на сотни шагов с юга на север.,
,,,,,,,,,,默认150,,,,此时，街道之上空无一人，估计大多数城民都像我一样躲在了家中。,此時，街道之上空無一人，估計大多數城民都像我一樣躲在了家中。,The streets lay utterly deserted now—most townsfolk had likely barricaded themselves indoors like me.,人っ子ひとりいない。ほとんどの住民は私のように家の中に避難しているのだろう。,"Но на улице было ни души. Наверное, все, как и я, попрятались по своим усадьбам.",
,,,,,,,,,,默认151,,,,……,……,...,……,...,
,,,,,,,,,,默认152,,,,怪了？,怪了？,Strange.,おかしい。,Странно.,
,,,,,,,,,,默认153,,,,怎么没人？,怎麼沒人？,Where was everyone?,どうして誰もいないのだ？,А почему никого нет?,
,,,,,,,,,,默认154,,,,明明刚才在左屋时，还能隐约听到街上传来一些声音。,明明剛才在左屋時，還能隱約聽到街上傳來一些聲音。,"Just moments ago, in the Left Chamber, faint noises had still carried from the street.",先ほど左の傍屋にいた時は、かすかだが物音が聞こえていた。,"Буквально только что из левого флигеля я слышал, как с улицы доносились какие-то звуки.",
,,,,,,,,,,默认155,,,,如今怎么一个人都没有？,如今怎麼一個人都沒有？,So why was it completely deserted now?,なのに、なぜ今は人っ子ひとりいないのだ？,Так почему же сейчас тут ни души?,
,,,,,,,,,,默认156,,,,等等……远处那是？,等等……遠處那是？,Wait... what was that in the distance?,ん……？向こうに見えるのは何だ？,А? Что это там в далеке?,
,,,,,,,,,,默认157,,,,[……],[……],"""...""",「……」,"""...""",
,,,,,,,,,,默认158,,,,正当我觉得街上没人时，我突然注意到了远处的变化——,正當我覺得街上沒人時，我突然注意到了遠處的變化——,"Just as I concluded the street was empty, movement flickered at the far end—",街道に誰もいないと気付いたのと同時に、遠くで何かが動いた――,"Пока я гадал, почему на улице никого нет, мне вдруг бросились в глаза изменения на горизонте:",
,,,,,,,,,,默认159,,,,密密麻麻的黑影突然出现在了我目之所及的远处。,密密麻麻的黑影突然出現在了我目之所及的遠處。,"A tide of shadows surged into view, blackening the horizon.",びっしりと並んだ真っ黒な影が遥か向こうに見えた。,Вдалеке возникла огромная череда чёрных теней.,
,Jump,*妖兵入城,,,,,,,,,,,,,,,,,
,*妖兵入城,,,,,,,,,,,,,,,,,,
,FadeOut,black,,,,,1,,,,,,,,,,,
,BgOff,,,,,,1,,,,,,,,,,,
,Bg,多铎登场,,,,,1,,,,,,,,,,,
,Tween,BG,ScaleTo,x=1 y=1 time=0,,,,,,,,,,,,,,
,Tween,BG,MoveTo,x=0 y=0 time=0,,,,,,,,,,,,,,
,BgEvent,妖兵入城_天亮,,,,,,,,,,,,,,,,,
,Se,行军声,,,,,,,,,,,,,,,,,
,FadeIn,black,,square,,,1,,,,,,,,,,,
,Thread,*移镜头-史可法兵败1,,,,,,,,,,,,,,,,,
,Se,马蹄震动,,,,,,,,,,,,,,,,,
,,,,,,,,,,默认160,,,,来了！,來了！,They were here.,来た……！,Они тут!,
,,,,,,,,,,默认161,,,,街道的远处，出现了破城的群妖。,街道的遠處，出現了破城的群妖。,"In the distance along the street, there appeared the Horde of Demons that had breached the walls.",街道の奥に、城壁を破った妖怪の群れが現れた。,На дальнем краю улицы возникли взявшие город яогуаи.,
,,,,,,,,,,默认162,,,,最前列的妖怪大概有数百名，他们都骑着棕马，头戴黑色的盔，身穿白甲。,最前列的妖怪大概有數百名，他們都騎著棕馬，頭戴黑色的盔，身穿白甲。,"At the forefront stood several hundred demons, all astride brown horses, donning black helmets and White Armor.",最前列の妖怪はおよそ数百、みな馬に跨り、黒の兜と白の鎧で身を包んでいる。,"В авангарде были сотни яогуаев верхом на гнедых лошадях, их головы были увенчаны чёрными шлемами, а сами они были облачены в белую броню.",
,,,,,,,,,,默认163,,,,那黑色的盔不知是皮制还是铁制，在雨中闪闪发亮，大多都有着红色的盔缨。,那黑色的盔不知是皮製還是鐵製，在雨中閃閃發亮，大多都有著紅色的盔櫻。,"The black helmets—whether leather or iron—gleamed in the rain, most topped with crimson plumes.",あの黒い兜が皮でできているのか、それとも鉄なのかはわからないが、ほとんどに赤色の兜飾りがついており、雨の中できらきらと光っている。,"Чёрные шлемы, блестевшие на дожде, были то ли кожаными, то ли стальными. Красный плюмаж в виде кисти венчал большинство из них.",
,,,,,,,,,,默认164,,,,那白色的甲有些镶着红边，有些则没有，甲面上布满了密密麻麻的圆钉。,那白色的甲有些鑲著紅邊，有些則沒有，甲面上布滿了密密麻麻的圓釘。,"Some sets of White Armor were trimmed in red, others plain, their surfaces bristling with tight clusters of rounded rivets.",白の鎧には赤い縁取りがされているものと、そうでないものがあり、いずれも丸い鋲がびっしりと打ち込まれている。,"Белая броня тоже была разной: у кого-то с красной отделкой, у других она была попроще - просто утыкана плотными рядами заклёпок.",
,,,,,,,,,,默认165,,,,这些穿白甲的妖怪，几乎都是彘妖，偶尔会有少数几只豹妖混杂其中。,這些穿白甲的妖怪，幾乎都是彘妖，偶爾會有少數幾隻豹妖混雜其中。,"Their expressions were all grim—some felt shame, some grief, but most were plainly terrified.",白鎧の妖怪のほとんどが猪妖のようで、そこに紛れて少数の豹妖がいる。,"Большинство в белой броне были вепрями, хотя среди них были и леопарды.",
,,,,,,,,,,默认166,,,,他们队形整齐，军容整肃，在雨中行进却丝毫没有慌乱，看起来比我曾见过的兴平伯的军队要有纪律得多。,他們隊形整齊，軍容整肅，在雨中行進卻絲毫沒有慌亂，看起來比我曾見過的興平伯的軍隊要有紀律地多。,How could this be?,彼らは整然と隊列を組み、乱れることなく雨の中を行進している。かつて見た興平伯の軍よりも規律がしっかりとしているようだ。,"Шли они отточенным строем, с чинной выправкой, их дисциплина нисколько не колебалась дождём - они были заметно организованнее в сравнении с некогда виденным мною войском бо Синпина.",
,,,,,,,,,,默认167,,,,呵。,呵。,These women... are they from the northern district? Or the garrison soldiers' families?,ふっ。,Хм...,
,,,,,,,,,,默认168,,,,乍看之下，这些人确实不像来抢劫的强盗，倒像是这座城的主人。,乍看之下，這些人確實不像來搶劫的強盜，倒像是這座城的主人。,I don't know.,一目では、とても略奪に来た賊には見えない。むしろこの町の主といった風格である。,"На первый взгляд они и правда не были похожи на разбойников, которые явились просто пограбить - они вели себя как истинные хозяева города.",
,,,,,,,,,,默认169,,,,那副不紧不慢的样子，仿佛在向我们这些躲在屋里的人立威。,那副不緊不慢的樣子，彷彿在向我們這些躲在屋裡的人立威。,But the fact that demon soldiers took women captive unsettled me even more.,その落ち着いた振る舞いは、家屋に逃げ込んだ者達を威圧しているようにも見える。,"Их размеренная поступь казалась расчётливым проявлением силы, обращённой к нам, дрожащим за закрытыми дверьми.",
,,,,,,,,,,默认170,,,,嗯？,嗯？,...,ん？,А?,
,,,,,,,,,,默认171,,,,突然，我在这些穿白甲的妖中，看到了一位与众不同的妖。,突然，我在這些穿白甲的妖中，看到了一位與眾不同的妖。,I began to fear for Scholar Wang and his wife's fate.,ふと、白鎧の妖怪の中に、ひときわ浮いている妖怪がいることに気付いた。,"Внезапно среди яогуаев в белых доспехах мой взгляд уцепился за одного, выделявшего среди остальных.",
,FadeOut,black,,wipe_left,,,1,,,,,,,,,,,
,BgOff,,,,,,1,,,,,,,,,,,
,Bg,多铎登场,,,,,0,,,,,,,,,,,
,Tween,BG,ScaleTo,x=1 y=1 time=0,,,,,,,,,,,,,,
,Tween,BG,MoveTo,x=0 y=0 time=0,,,,,,,,,,,,,,
,Bgm,妖兵入城,,,,0.2,2,,,,,,,,,,,
,FadeIn,black,,wipe_right,,,1,,,,,,,,,,,
,Sprite,黑,,特效前,,,0.5,,,,,,,,,,,
,Tween,黑,ColorTo,alpha=0 time=0,,,,,,,,,,,,,,
,Tween,黑,ColorTo,alpha=0.4 time=0,,,,,NoWait,,,,,,,,,
,Wait,,,,,,0,,,,,,,,,,,
,AutoSave,,,,,,,,,,,,,,,,,,
,,,,,,,,,,默认172,,,,那妖也穿着一身黑甲、头戴黑盔，骑着一匹颜色奇异的马，马首上甚至挂着金饰。,那妖也穿著一身黑甲、頭戴黑盔，騎著一匹顏色奇異的馬，馬首上甚至掛著金飾。,Who knows what's become of Scholar Wang and his wife now?,黒い兜に黒い鎧、乗っている馬も他の者達のような茶ではなく、馬の首には金の装飾が掛かっている。,"Он тоже был в чёрной броне, с чёрным шлемом на голове, и ехал на лошади необычного окраса, на которой самой были золотые украшения.",
,,,,,,,,,,默认173,,,,他被其他骑兵护在中心，似乎是在被保护着。,他被其他騎兵護在中心，似乎是在被保護著。,"Scholar Wang had a wife, who even now bore life within her womb.",彼は他の騎兵たちに囲まれるように位置し、護衛されているようだった。,"Он был в середине окружающих его всадников, словно те его оберегали.",
,,,,,,,,,,默认174,,,,那妖的黑盔上绣着金色的纹样，黑甲上则有金色的圆钉，甲后是白色的披风，更衬得他与众不同。,那妖的黑盔上繡著金色的紋樣，黑甲上則有金色的圓釘，甲後是白色的披風，更襯得他與眾不同。,What if his whole family had followed me to the Lion Camel Kingdom? What then?,その妖怪の黒い兜には金色の模様が施され、鎧にも金色の鋲が打ってある。鎧の後ろからは白い外套がはためき、他の者達との違いを如実に表している。,"Его угольно-чёрный шлем был с золотым узором, а броня усеяна золотыми заклёпками. Позади него развевался белый плащ, который ещё более явно подчёркивал его разницу с прочими яогуаями.",
,,,,,,,,,,默认175,,,,当然，最与众不同的则是他的面貌——他的面貌第一眼看去像一只白鹰，白羽满面，喙尖如锥。,當然，最與眾不同的則是他的面貌——他的面貌第一眼看去像一隻白鷹，白羽滿面，喙尖如錐。,So many women in the city—who knows how many will suffer under the demon soldiers' cruelty...,無論、最も異なる点は――その顔である。彼の顔は、一見すると白鷹に近しく、白い羽毛で覆われ、錐のように鋭い嘴がついている。,"И всё же, больше всего поражал его облик: на первый взгляд, у него было лицо белого орла - весь лик в белых перьях и острый, словно кинжал, клюв.",
,,,,,,,,,,默认176,,,,凝神细看，我才发觉他有着与鹰截然不同的星睛豹眼，一看便不寻常。,凝神細看，我才發覺他有著與鷹截然不同的星睛豹眼，一看便不尋常。,"At this thought,",しかしよく見ると、目だけは鷹と異なる「星睛豹眼」になっており、その大物さが伺える。,"И лишь при более пристальном взгляде я понял, что глаза у него вовсе не были как у орла - они напоминали глаза леопарда и светились, словно две яркие звезды.",
,,,,,,,,,,默认177,,,,星睛豹眼……在狮驼国统领群妖……,星睛豹眼……在獅駝國統領群妖……,I clenched my fist slightly.,星睛豹眼……獅駝国の支配者……,"Светящиеся глаза, как у леопарда… возглавляет орду яогуаев в королевстве Льва и Верблюда…",
,,,,,,,,,,默认178,,,,他……他是金翅大鹏王！,他……他是金翅大鵬王！,"Though now, I stood utterly alone.",あれは……金翼鵬王（きんよくほうおう）だ！,Это... это был Великий Златокрылый Кондор!,
,SpriteOff,黑,,,,,0.5,,NoWait,,,,,,,,,
,Wait,,,,,,0.5,,,,,,,,,,,
,,方知宥,,,,,,,,默认179,,,,[……],[……],"No wife by my side, not even kin remaining.",「……」,"""...""",
,Sprite,黑,,特效前,,,0.5,,,,,,,,,,,
,Tween,黑,ColorTo,alpha=0 time=0,,,,,,,,,,,,,,
,Tween,黑,ColorTo,alpha=0.4 time=0,,,,,NoWait,,,,,,,,,
,Wait,,,,,,0,,,,,,,,,,,
,,,,,,,,,,默认180,,,,我大惊，愣愣地望着远处的那妖怪。,我大驚，愣愣地望著遠處的那妖怪。,"Yet unwittingly, I slipped into Scholar Wang's skin—seeing through the townsfolk's eyes, a gnawing dread took hold...",私は仰天して、口をあんぐり開けたまま遠くの妖怪を眺めた。,В растерянности и ужасе уставился я на него.,
,,,,,,,,,,默认181,,,,金翅大鹏王，又名大鹏金翅雕、云程万里鹏。,金翅大鵬王，又名大鵬金翅雕、雲程萬里鵬。,...,金翼鵬王、またの名を大鵬金翅鳥（たいほうこんじちょう）や雲程万里鵬（うんていばんりほう）という。,"Великий Златокрылый Кондор, иначе именуемый ""Птица Пэн, что своим полётом покрывает десятки тысяч ли"".",
,,,,,,,,,,默认182,,,,他是《西游记》中狮驼岭群妖中的老三，却是三妖中战功最为卓著者。,他是《西遊記》中獅駝嶺群妖中的老三，卻是三妖中實力最強者。,"""Ahem...""",『西遊記』の獅駝嶺にいる三大王の三番目にして、三大王の中で最強の妖怪である。,"Хоть он был третим по званию среди яогуаев Львино-Верблюжего хребта в ""Путешествии на Запад"", он был первым по силе.",
,,,,,,,,,,默认183,,,,他最为残忍狡猾、性情暴虐，将人命视作草芥——正是他带着十万群妖屠了一国的臣民。,他最為殘忍狡猾、性情暴虐，將人命視作草芥——正是他帶著十萬群妖屠了一國的臣民。,!,獅駝嶺の妖怪の中でも、最も残忍にして狡猾、暴虐にして人の命など屁とも思わない、そんな妖王だ。十万もの妖怪を率いて一国の人々を虐殺したように。,"Нрав у него был свирепый, а сам он - жесток и коварен; жизни людей для него были что сорная трава. Именно он возглавил сто тысяч яогуаев, чтобы истребить всё население королевства.",
,,,,,,,,,,默认184,,,,完了！,完了！,What was that!?,もうおしまいだ。,Нам конец!,
,SpriteOff,黑,,,,,0.5,,NoWait,,,,,,,,,
,Wait,,,,,,0.5,,,,,,,,,,,
,Se,大口喘息,,,,,,,,,,,,,,,,,
,,,,,,,,,,默认185,,,,金翅大鹏王进城了，我们怎么可能还有生路？,金翅大鵬王進城了，我們怎麼可能還有生路？,"Suddenly,",金翼鵬王が攻めてきたのだ。もはや生き残る術はない。,Великий Златокрылый Кондор в городе - какая у нас может быть надежда на спасение?,
,,,,,,,,,,默认186,,,,我盯着金翅大鹏王看，不禁手心冒汗，后背发凉。,我盯著金翅大鵬王看，不禁手心冒汗，後背發涼。,a faint cough rasped beside me.,彼を見ているうちに、思わず手汗が滲み、背筋が寒くなった。,"Пока я не сводил с него взгляда, ладони мои вспотели, а по спине пробежал холодок.",
,,方知宥,,,,,,,,默认187,,,,[……］,[……］,So close it seemed to graze my ear—I nearly leapt from my skin.,「……」,"""...""",
,Thread,*BG拉远,,,,,,,,,,,,,,,,,
,FadeOut,black,,eye,,,1,,,,,,,,,,,
,,,,,,,,,,默认188,,,,我忍不住闭上了眼，轻轻地呼出一口气，让自己的心态镇定了几分。,我忍不住閉上了眼，輕輕地呼出一口氣，讓自己的心態鎮定了幾分。,I turned my head to look—,耐えかねて目を閉じると、ゆっくりと息を吐き出し、心を少しでも落ち着かせようとする。,"Я закрыл глаза и мягко выдохнул, чтобы успокоить нервы.",
,,,,,,,,,,默认189,,,,一、二、三。,一、二、三。,In the corner of the Right Chamber stood a Wine Vat.,一、二、三。,"Раз, два, три.",
,,,,,,,,,,默认190,,,,我心中默念着三个数，心跳渐渐稳定了下来。,我心中默唸著三個數，心跳漸漸穩定了下來。,That sound—it seemed to be coming from inside the Wine Vat!,心の中で三つ唱えると、心臓の鼓動が少し落ち着いてきた。,"Тихо считал я про себя, чувствуя, как биение сердца постепенно успокаивается.",
,Bg,王家大院街道雨,,,,,,,,,,,,,,,,,
,FadeIn,black,,eye,,,1,,,,,,,,,,,
,StopSe,,,,,,2,,,,,,,,,,,,
,,,,,,,,,,默认191,,,,等我再度睁眼——看向队列时，队列却和刚才有所不同了。,等我再度睜眼——看向隊列時，隊列卻和剛才有所不同了。,Who's there!?,少しして、再び目を開ける。隊列を見ると、先ほどまでとは異なっていた。,"Открыв глаза, я снова посмотрел на орду яогуаев.",
,,,,,,,,,,默认192,,,,那些穿白甲的妖怪们与金翅大鹏王已然走远。,那些穿白甲的妖怪們與金翅大鵬王已然走遠。,Who just barged into my house?,白い鎧の妖怪たちと金翼鵬王は遥か向こうだ。,Яогуаи в белой броне и Великий Златокрылый Кондор уже прошли.,
,,,,,,,,,,默认193,,,,如今，街道上能看到的都是穿红甲和蓝甲的妖。,如今，街道上能看到的都是穿紅甲和藍甲的妖。,When I entered earlier... I noticed the door was unlocked. Could someone have sneaked in and hidden inside?,街道に見えるのは、いずれも赤い鎧と青い鎧に身を包んだ妖怪たちである。,Теперь же улицы уже были заполнены яогуаями в синей и красной броне.,
,,红甲狼妖,,,,,1,,,,,,,,,,,,
,,,,,,,,,,默认194,,,,这些妖也骑着马，大多数都是豺妖、狼妖，也有一些零星的彘妖。,這些妖也騎著馬，大多數都是豺妖、狼妖，也有一些零星的彘妖。,"This Wine Vat is small—only a child could fit inside. And that faint cough, light and delicate, did sound like a child's voice...",彼らも馬に乗っている。ほとんどが豺妖と狼妖だが、ごくわずかに猪妖も混ざっている。,"Они тоже были верхом на лошадях. Среди них были волки, шакалы и изредка встречавшиеся вепри.",
,CharacterOff,,,,,,,,,,,,,,,,,,
,,红甲牛妖,,左,,,1,,,,,,,,,,,,
,,红甲马妖,,右,,,1,,,,,,,,,,,,
,,,,,,,,,,默认195,,,,他们相比那些穿白甲的人来说更为散漫一些，目光并未直视前方，队伍也有些松散。,他們相比那些穿白甲的人來說更為散漫一些，目光並未直視前方，隊伍也有些鬆散。,Could it be... a child hiding in the Wine Vat?,あの白鎧たちに比べればややだらしない様子で、視線はまっすぐ前を見据えておらず、隊列も少々乱れている。,"По сравнению с теми, что были в белой броне, эти казались менее дисциплинированными: их взгляды блуждали из стороны в сторону, а строй был не очень организованным.",
,CharacterOff,,,,,,,,,,,,,,,,,,
,,蓝甲彘妖,,,,,1,,,,,,,,,,,,
,,,,,,,,,,默认196,,,,不过，看着比我前几日见过的明军士兵还是要强一些。,不過，看著比我前幾日見過的明軍士兵還是要強一些。,I raced through these deductions as my footsteps crept closer to the vat.,しかし数日前に見た明の兵士たちに比べれば、まだましである。,"Но даже они были сильнее минских солдат, которых я видел за эти дни.",
,,,,,,,,,,默认197,,,,毕竟，一眼看去，我没看到他们任何一妖交头接耳，亦或是脱离队列。,畢竟，一眼看去，我沒看到他們任何一妖交頭接耳，亦或是脫離隊列。,—Tap—tap—tap.,何せ、歩きながらひそひそ話したり、隊列から抜けるような妖怪は一人もいないのだから。,"По крайней мере, никто не перешёптывался и не выбивался из строя - во всяком случае, так мне казалось.",
,,,,,,,,,,默认198,,,,白、红、蓝。,白、紅、藍。,Footsteps advanced relentlessly before finally stopping.,白、赤、青。,"Белая, красная, синия.",
,CharacterOff,,,,,,,,,,,,,,,,,,
,,,,,,,,,,默认199,,,,妖兵身上这三种颜色的甲，到底是有什么寓意？,妖兵身上這三種顏色的甲，到底是有什麼寓意？,"""...""",兵士たちの三色の鎧には、どのような意味があるのだろうか？,Какой смысл был в цветах брони яогуаев?,
,,,,,,,,,,默认200,,,,那白甲的妖兵最先入城，护卫在金翅大鹏王身侧，看着像是亲兵，也更为尊贵。,那白甲的妖兵最先入城，護衛在金翅大鵬王身側，看著像是親兵，也更為尊貴。,Then.,白鎧の兵は真っ先に入場し、金翼鵬王の傍に控えて護衛している。その様は親衛隊のようで、高貴さを感じる。,"Яогуаи в белых доспехах шли первыми, охраняя Великого Златокрылого Кондора словно почётный караул - они явно стояли выше по званию.",
,,,,,,,,,,默认201,,,,红甲和蓝甲的妖兵稍微次之，大概是这样？,紅甲和藍甲的妖兵稍微次之，大概是這樣？,"Finally, I spotted her curled up inside the Wine Vat.",赤鎧と青鎧の妖兵は、その次点だろうか？,"А те, кто был в синей и красной броне, казались слабее и ниже по рангу - наверное, так?",
,,,,,,,,,,默认202,,,,……,……,"""...""",……,...,
,,,,,,,,,,默认203,,,,我思考着，看着这些穿甲骑马的群妖们向前走着，一队又一队，大概走了一炷香的时间。,我思考著，看著這些穿甲騎馬的群妖們向前走著，一隊又一隊，大概走了一炷香的時間。,Huddled in the Wine Vat was a small girl.,そんなことを考えながら一炷香ほど、鎧を纏い馬に乗った妖怪たちが一隊また一隊と歩いて行くのを眺めた。,"В размышлениях наблюдал я, как эти яогуаи, верхом на лошадях, продвигались вперёд отряд за отрядом - длилось это время, пока сгорает одна палочка благовоний.",
,Se,大风,,,,,,,,,,,,,,,,,
,Ambience,大雨,,,,,,,,,,,,,,,,,
,Sprite,黑,,特效前,,,0.5,,,,,,,,,,,
,Tween,黑,ColorTo,alpha=0 time=0,,,,,,,,,,,,,,
,Tween,黑,ColorTo,alpha=0.4 time=0,,,,,NoWait,,,,,,,,,
,Wait,,,,,,0,,,,,,,,,,,
,,,,,,,,,,默认204,,,,这之后，雨势愈急。,這之後，雨勢愈急。,"She appeared around ten, clad in rough-spun cloth, her body thin and delicate.",その後、雨がますます激しくなった。,После этого дождь залил ещё сильнее.,
,,,,,,,,,,默认205,,,,后面的妖不骑马了，也没有穿甲，队列则是很松散，阵型也不再紧凑。,後面的妖不騎馬了，也沒有穿甲，隊列則是很鬆散，陣型也不再緊湊。,"Her hair was deep black, one side fastened with a violet ribbon.",後方の妖怪たちは馬に乗っておらず、鎧も着ていない。隊列はばらばらで、陣形も崩れている。,"Яогуаи в арьергарде уже шли на своих двоих и были без доспехов; строй уже был совсем свободный, они не шли плотно друг к другу, как те, что были прежде.",
,,,,,,,,,,默认206,,,,他们快步走着，领头的妖时不时便会怒吼两声，催促着后面的妖跟上步伐，看来他们也不想被那些骑马披甲的妖怪们落下。,他們快步走著，領頭的妖三不五時便會怒吼兩聲，催促著後面的妖跟上步伐，看來他們也不想被那些騎馬披甲的妖怪們落下。,Her skin was ghostly pale—sickly white—a sharp contrast to her inky hair.,彼らは早足で歩いている。時折、先頭の妖怪が怒号を上げ、後方の妖怪に歩調を合わせるよう促す。彼らも騎馬兵達に遅れはとりたくないようだ。,"Они двигались быстро, а их командир изредка рявкал на них, подгоняя отстающих - они явно боялись отстать от тех, кто был верхом и в броне.",
,,,,,,,,,,默认207,,,,后面这些妖穿着布衣，妖的种类与之前比起来形态各异，有狼妖、狐妖、彘妖、豹妖，甚至也有马妖、牛妖、羊妖。,後面這些妖穿著布衣，妖的種類與之前比起來形態各異，有狼妖、狐妖、彘妖、豹妖、甚至也有馬妖、牛妖、羊妖。,"Flower-shaped hairpins crowned her head, her garments stitched with swirling cloud motifs.",後方の妖怪たちは、服も種族も前方の妖怪たちに比べて様々だ。狼妖に狐妖、猪妖に豹妖……馬妖や牛妖、羊妖もいる。,"Яогуаи были в грубой холщовой одежде, и их звериный облик был куда более разнообразен - среди них были волки, лисы, вепри, леопарды, и даже лошади, быки и бараны.",
,,,,,,,,,,默认208,,,,他们军容不整，职责也似乎各有不同。,他們軍容不整，職責也似乎各有不同。,"The girl curled up inside the Wine Vat, hugging her knees. She lifted her head, her luminous eyes locking onto mine.",統一感がなく、職務もそれぞれ異なっているようだ。,"Похоже, ранги были у каждого разные, и все имели свою задачу.",
,,,,,,,,,,默认209,,,,有些妖持刀，走走停停，催促和监管着后面的妖前行，似乎是妖中监军。,有些妖持刀，走走停停，催促和監管著後面的妖前行，似乎是妖中監軍。,"A strand of hair clung to her forehead, a droplet of wine glistening on it.",刀を持った妖怪が時々立ち止まり、後ろの妖怪に早く進むよう催促している。彼らが軍の監督なのだろう。,"Некоторые яогуаи с мечами в руках то останавливались, то вновь двигались, подгоняя остальных - явно следили за порядком в строю.",
,,,,,,,,,,默认210,,,,有些妖拉着驮马，推着小车，上面似乎放了一些物资，似乎是妖中后勤。,有些妖拉著馱馬，推著小車，上面似乎放了一些物資，似乎是妖中後勤。,"""So cold.""",また、駄馬を引いたり、荷車を押している妖怪もいる。それらには物資が乗っている。どうやら雑用兵のようだ。,"Некоторые же вели вьючных лошадей, либо же толкали обоз с припасами - похоже, они были тыловой службой яогуаев.",
,,,,,,,,,,默认211,,,,这……,這……,"Her lashes trembled faintly, crimson lips parting as she whispered her feelings.",あれは……,Это...,
,SpriteOff,黑,,,,,0.5,,NoWait,,,,,,,,,
,Wait,,,,,,0.5,,,,,,,,,,,
,,方知宥,,,,,,,,默认212,,,,[……],[……],"""...""",「……」,"""...""",
,,,,,,,,,,默认213,,,,我看到队列最后面的妖，眉头微微一皱。,我看到隊列最後面的妖，眉頭微微一皺。,"I gaped at her, stunned.",最後尾の妖怪を見て、私は眉をひそめた。,"Увидев яогуая в самом конце арьергарда, я невольно приподнял бровь.",
,Sprite,黑,,特效前,,,0.5,,,,,,,,,,,
,Tween,黑,ColorTo,alpha=0 time=0,,,,,,,,,,,,,,
,Tween,黑,ColorTo,alpha=0.4 time=0,,,,,NoWait,,,,,,,,,
,Wait,,,,,,0,,,,,,,,,,,
,,,,,,,,,,默认214,,,,最后面的妖……俘虏了一些女人。,最後面的妖……俘虜了一些女人。,This girl’s face was hauntingly familiar.,最後尾の妖怪が……女たちを捕虜にしている。,Этот яогуай вёл похищенных женщин.,
,,,,,,,,,,默认215,,,,这些女人都并非妖怪，长了一副人的样貌。,這些女人都並非妖怪，長了一副人的樣貌。,She...,彼女たちは妖怪ではなく、人の姿をしている。,"Причём, эти женщины были людьми, лица у них были человеческими.",
,,,,,,,,,,默认216,,,,她们从服装看起来，很像是城内的女人。,她們從服裝看起來，很像是城內的女人。,Who is she?,服装を見るに、町の女のようだ。,"Их одежда явно говорила, что они были обычными гражданскими.",
,,,,,,,,,,默认217,,,,女人们大多都是二、三十岁的年纪，我几乎没看到年龄很小或很老的。,女人們大多都是二、三十歲的年紀，我幾乎沒看到年齡很小或很老的。,"""...Su Lianyan?""",歳の頃は二、三十だろうか。幼い者や老いた者はいないように見える。,"Большинству было около двадцати или тридцати, детей или совсем старых почти не было.",
,,,,,,,,,,默认218,,,,她们的衣服上沾染着泥泞，脖子上挂着锁链。,她們的衣服上沾染著泥濘，脖子上被掛著鎖鏈。,"In disbelief, I breathed her name on pure instinct.",服は泥にまみれ、首には鎖が繋がれている。,"Вся их одежда была в грязи, а на шее висели железные ошейники.",
,,,,,,,,,,默认219,,,,她们有些穿着鞋，有些赤足，头发凌乱，像是牲口一样被妖怪牵引着，一边缓缓往前走，一边小声啜泣。,她們有些穿著鞋，有些赤足，頭髮凌亂，像是牲口一樣被妖怪牽引著，一邊緩緩往前走，一邊小聲啜泣。,I don’t understand what ties bind that dead courtesan—whose memory still guts me—to this child.,靴を履いている者はまちまちだ。乱れた髪のまま家畜のように妖怪に引かれ、すすり泣きながらゆっくりと歩いている。,"У всех были спутанные волосы; кто-то шёл босиком, кто-то в обуви. Согнанные яогуаями, словно скот, они молча двигались вперёд, лишь изредка тихо всхлипывая.",
,,,,,,,,,,默认220,,,,她们的神情都不太好，有人感到耻辱，有人感到悲痛，更多的则是感到害怕。,她們的神情都不太好，有人感到恥辱，有人感到悲痛，更多的則是感到害怕。,But then—,表情はみな一様にして暗い。恥じらう者もいれば、悲しんでいる者もいる。だがそのほとんどが感じているのは恐怖だろう。,"Лица у них были мрачные: кто-то стыдился, кто-то скорбел, но большинство пребывали в откровенном ужасе.",
,,,,,,,,,,默认221,,,,怎么会？,怎麼會？,A memory fractures through my skull.,どういうことだ。,Но как?,
,,,,,,,,,,默认222,,,,这些女人……是城北的女人？还是守军的家眷？,這些女人……是城北的女人？還是守軍的家眷？,The first one... the one about her...,あの女たちは……町の北側の女か？それとも防衛軍の家族か？,Эти женщины... из северного квартала? Или же из семей наших солдат?,
,,,,,,,,,,默认223,,,,我不知道。,我不知道。,Bit by bit... bit by bit...,わからない。,Не знаю.,
,,,,,,,,,,默认224,,,,但妖兵会俘虏女人的事实，也让我更加不安。,但妖兵會俘虜女人的事實，也讓我更加不安。,It claws its way up.,しかし女を捕らえているということが、私をさらに不安にさせる。,"Но одно я знал наверняка - яогуаи похищают женщин, и это тревожило меня.",
,SpriteOff,黑,,,,,0.5,,NoWait,,,,,,,,,
,Wait,,,,,,0.5,,,,,,,,,,,
,,,,,,,,,,默认225,,,,……,……,...,……,...
,Sprite,黑,,特效前,,,0.5,,,,,,,,,,,
,Tween,黑,ColorTo,alpha=0 time=0,,,,,,,,,,,,,,
,Tween,黑,ColorTo,alpha=0.4 time=0,,,,,NoWait,,,,,,,,,
,Wait,,,,,,0,,,,,,,,,,,
,,,,,,,,,,默认226,,,,我开始担心王生和他妻子的命运。,我開始擔心王生和他妻子的命運。,I began to fear for Scholar Wang and his wife's fate.,私は王書生やその妻の安否を案じた。,"Мне стало боязно за судьбу учёного Вана и его жены - он-то, в отличие от меня, был женат."
,,,,,,,,,,默认227,,,,不知道王生和他的妻子现在如何了？,不知道王生和他的妻子現在如何了？,Who knows what's become of Scholar Wang and his wife now?,彼らは今どうしてる？,"Его жене было вдвойне тяжелее, ведь она была на сносях."
,,,,,,,,,,默认228,,,,王生是有妻子的，他的妻子此时还怀了身孕。,王生是有妻子的，他的妻子此時還懷了身孕。,"Scholar Wang had a wife, who even now bore life within her womb.",王には妻がいる。妻は子を身ごもっているのだ。,В порядке ли они?
,,,,,,,,,,默认229,,,,若是他们一家随我一同到了狮驼国，那该如何是好？,若是他們一家隨我一同到了獅駝國，那該如何是好？,What if his whole family had followed me to the Lion Camel Kingdom? What then?,もしも彼らが私と同じように獅駝国へ迷い込んでいたとしたら、どうすればいい？,А что если их затянуло со мной в королевство Льва и Верблюда? Что тогда?
,,,,,,,,,,默认230,,,,城里有那么多的女人，不知有多少会让妖兵欺凌……,城裡有那麼多的女人，不知有多少會讓妖兵欺凌……,So many women in the city—who knows how many will suffer under the demon soldiers' cruelty...,町には多くの女がいる。どれだけの者が妖兵たちの慰み者にされるのやら……,"В городе столько женщин, кто знает, сколько из них пострадает от жестокости яогуаев..."
,,,,,,,,,,默认231,,,,想到这里。,想到這裡。,"At this thought,",そこまで考えて。,От этих мыслей...
,,,,,,,,,,默认232,,,,我微微攥紧了拳。,我微微攥緊了拳。,I clenched my fist slightly.,私はぎゅっと拳を握った。,Я сжал кулаки.
,,,,,,,,,,默认233,,,,虽然此时此刻，我已是独身一人。,雖然此時此刻，我已是獨身一人。,"Though now, I stood utterly alone.",今この時、私に身寄りはない。,Я хоть и был совершенно один.
,,,,,,,,,,默认234,,,,我身边没有妻子，甚至没有其他近亲家人。,我身邊沒有妻子，甚至沒有其他近親家人。,"No wife by my side, not even kin remaining.",妻もいなければ、近しい親戚もいない。,У меня при себе не было жены - даже хоть какого-то близкого родственника не имелось.
,,,,,,,,,,默认235,,,,但我不知不觉便共了情，站在王生和其他城里人的视角上，开始担忧起来……,但我不知不覺便共了情，站在王生和其他城裡人的視角上，開始擔憂起來……,"Yet unwittingly, I slipped into Scholar Wang's skin—seeing through the townsfolk's eyes, a gnawing dread took hold...",しかし知らず知らずの間に共感というものに目覚め、王や町の他の者達の立場になって考えると、不安が募り始めた……,Но я невольно поставил себя на место учёного Вана и других простых горожан - и меня охватил ужас.
,,,,,,,,,,默认236,,,,……,……,...,……,...
,SpriteOff,黑,,,,,0.5,,NoWait,,,,,,,,,
,Wait,,,,,,0.5,,,,,,,,,,,
,Ambience,小雨,,,,,,,,,,,,
,StopBgm,,,,,,3,,,,,,,,,,,
,Shake,Graphics,,x=100 y=60 time=0.4,,,,,PageWait,,,,,,,,,
,,？？？,,,,,,,,默认237,,小雁儿/03_小雁儿_01_1,,[咳咳……],[咳咳……],"""Ahem...""",「コホッ……」,"""Кхе-кхе..."""
,,,,,,,,,,默认238,,,,！,！,!,！,!
,,,,,,,,,,默认239,,,,什么声音！？,什麼聲音！？,What was that!?,何の音だ！？,Что это было?!
,,,,,,,,,,默认240,,,,突然。,突然。,"Suddenly,",突然。,Внезапно...
,,,,,,,,,,默认241,,,,我听到身旁传出一声轻咳声。,我聽到身旁傳出一聲輕咳聲。,a faint cough rasped beside me.,私の真横で軽い咳払いが聞こえた。,Я услышал неподалёку чей-то слабый кашель.
,,,,,,,,,,默认242,,,,这个轻咳声仿佛近在咫尺，以至于把我吓了一跳。,這個輕咳聲彷彿近在咫尺，以至於把我嚇了一跳。,So close it seemed to graze my ear—I nearly leapt from my skin.,あまりにも近くで聞こえたため、私は思わず飛び上がりそうになった。,"Кашель раздался будто бы в непосредственной близости от меня, отчего я чуть не вскочил на дыбы."
,,,,,,,,,,默认243,,,,我侧过头一望——,我側過頭一望——,I turned my head to look—,振り返ると――,Я обернулся.
,Bg,右屋雨盖,,,,,1,,,,,,,
,,,,,,,,,,默认244,,,,在右屋的角落里，摆放着一个酒缸。,在右屋的角落裡，擺放著一個酒缸。,In the corner of the Right Chamber stood a Wine Vat.,部屋の隅に酒壺が置いてある。,В углу правого флигеля стояла винная бочка.
,,,,,,,,,,默认245,,,,那声音，好像就是从这个酒缸里传来的！,那聲音，好像就是從這個酒缸裡傳來的！,That sound—it seemed to be coming from inside the Wine Vat!,声はその中から聞こえたようだった。,Тот звук словно бы донёсся из той бочки!
,Thread,*移镜头-到右屋罐子位置,,,,,,,,,,,,
,Thread,*移镜头-到右屋罐子大小,,,,,,,,,,,,
,,,,,,,,,,默认246,,,,谁！？,誰！？,Who's there!?,誰だ？,Кто там прячется?
,,,,,,,,,,默认247,,,,谁突然跑到我家里了？,誰突然跑到我家裡了？,Who just barged into my house?,私の家に逃げ込んできたのか？,Кто вломился ко мне домой?
,,,,,,,,,,默认248,,,,我进屋时……曾发现屋门没锁，难道真有人趁机躲在屋里头了？,我進屋時……曾發現屋門沒鎖，難道真有人趁機躲在屋裡頭了？,When I entered earlier... I noticed the door was unlocked. Could someone have sneaked in and hidden inside?,私が家に入った時……鍵はかかっていなかった。まさか、私がいないうちに隠れていたのか？,"Когда я пришёл домой, то заметил, что дверь не была заперта. Неужели кто-то вломился и спрятался внутри?"
,,,,,,,,,,默认249,,,,我这酒缸很小，大概只有孩子能躲进去，而刚才的轻咳声，轻灵微弱，听起来也确实像孩子的声音……,我這酒缸很小，大概只有孩子能躲進去，而剛才的輕咳聲，輕靈微弱，聽起來也確實像孩子的聲音……,"This Wine Vat is small—only a child could fit inside. And that faint cough, light and delicate, did sound like a child's voice...",しかしあの酒壺は小さなものだ。子供くらいしか隠れられないだろう。それにあの咳払いの甲高さ、たしかに子供のもののような気もするが……,"Бочка для вина была маленькой, туда поместился бы разве что ребёнок. И тот тихий кашель, лёгкий и звонкий, действительно звучал как детский..."
,,,,,,,,,,默认250,,,,难道……酒缸那里，躲了个孩子？,難道……酒缸那裡，躲了個孩子？,Could it be... a child hiding in the Wine Vat?,まさか……隠れているのは、子供なのか？,Неужели... в ту бочку действительно залез ребёнок?
,,,,,,,,,,默认251,,,,我快速思考着这些推断，同时，我的脚步一点点挪移着接近着酒缸。,我快速思考著這些推斷，同時，我的腳步一點點挪移著接近著酒缸。,I raced through these deductions as my footsteps crept closer to the vat.,素早く考えを巡らせながら、つかつかと酒壺に近付いていく。,"Размышляя, кто же там может быть, я подходил к бочке всё ближе и ближе."
,Se,轻微脚步,,,,,,,,默认252,,,,——嗒——嗒——嗒。,——嗒——嗒——嗒。,—Tap—tap—tap.,――カツ――カツ――カツッ。,"*Топ*, *топ*, *топ.*"
,,,,,,,,,,默认253,,,,脚步连续向前迈进，最终停下。,腳步連續向前邁進，最終停下。,Footsteps advanced relentlessly before finally stopping.,歩を進め、止まった。,"Шаг за шагом я неуклонно приближался к бочке и, наконец, остановился."
,BgOff,,,,,,1,,,,,,,,,,,
,Bg,开盖,,,,,3,,,,,,,,,,,
,Tween,BG,ScaleTo,x=1 y=1 time=0,,,,,,,,,,,,,,
,Tween,BG,MoveTo,x=0 y=0 time=0,,,,,,,,,,,,,,
,,,,,,,,,,默认254,,,,[……],[……],"""...""",「……」,"""..."""
,Se,开盖子,,,,,,,,,,,,
,BgEvent,见缸中苏怜烟,,,,,3,,,,,,,
,Bgm,烟云消散,,,,0.2,3,,,,,,,,,,,
,,,,,,,,,,默认255,,,,然后。,然後。,Then.,そして。,И затем...
,,,,,,,,,,默认256,,,,我终于看到了躲在酒缸里的她。,我終於看到了躲在酒缸裡的她。,"Finally, I spotted her curled up inside the Wine Vat.",酒壺の中に隠れている女を見つけた。,"Я увидел её, прячущуюся в винной бочке."
,,,,,,,,,,默认257,,,,[……],[……],"""...""",「……」,"""..."""
,,,,,,,,,,默认258,,,,酒缸里，蜷缩着一个小女娃。,酒缸裡，蜷縮著一個小女娃。,Huddled in the Wine Vat was a small girl.,そこには、一人の少女が縮こまっていた。,Там была маленькая девочка.
,,,,,,,,,,默认259,,,,她看起来十岁上下，穿着一件布衣，身材瘦小。,她看起來十歲上下，穿著一件布衣，身材瘦小。,"She appeared around ten, clad in rough-spun cloth, her body thin and delicate.",歳は十ほどだろう。痩せぎすの体にごわごわの布の服を着ている。,"Ей было около десяти лет; она была одета в грубую холщовую одежду, а тело её выглядело худым и хрупким."
,,,,,,,,,,默认260,,,,她的头发是深黑色，一侧系着紫色的飘带。,她的頭髮是深黑色，一側繫著紫色的飄帶。,"Her hair was deep black, one side fastened with a violet ribbon.",墨のように真っ黒な髪の片側に紫の髪紐をつけている。,"Чёрные, словно смоль, волосы были завязаны фиолетовым бантиком."
,,,,,,,,,,默认261,,,,她的皮肤很白，是那种很不健康的白，与她的黑发形成了强烈的对比。,她的皮膚很白，是那種很不健康的白，與她的黑髮形成了強烈的對比。,Her skin was ghostly pale—sickly white—a sharp contrast to her inky hair.,不健康なまでの肌の白さは、髪の黒さも相まって強烈な対照だ。,Её болезненно-бледная кожа контрастировала с чёрными волосами.
,,,,,,,,,,默认262,,,,她的头上绑着花状的头饰，衣服上绣着烟云的纹样。,她的頭上綁著花狀的頭飾，衣服上繡著煙雲的紋樣。,"Flower-shaped hairpins crowned her head, her garments stitched with swirling cloud motifs.",頭には花の形をした髪飾りをつけ、服には煙のような雲の模様が刺繍されている。,"Цветочные шпильки увенчивали её голову, а одежда была расшита узорами завитых облаков."
,,,,,,,,,,默认263,,,,这个女娃蜷缩在酒缸里，抱着双膝，她抬起头，灵动的眼眸凝望着我。,這個女娃蜷縮在酒缸裡，抱著雙膝，她抬起頭，靈動的眼眸凝望著我。,"The girl curled up inside the Wine Vat, hugging her knees. She lifted her head, her luminous eyes locking onto mine.",少女は酒壺の中で膝を抱え、頭を上げると生気に満ちた目で私を見た。,"Девочка сжалась в бочке, прижав колени к груди. Она приподняла голову, и её светящиеся глаза встретились с моим взглядом."
,,,,,,,,,,默认264,,,,一缕发丝贴在她的额上，一滴酒渍贴在发丝之上。,一縷髮絲貼在她的額上，一滴酒漬貼在髮絲之上。,"A strand of hair clung to her forehead, a droplet of wine glistening on it.",一筋の髪が額に張り付き、酒がその髪を濡らしている。,На прилипшей к её лицу пряди волос мерцала капля вина.
,,？？？,,,,,,,,默认265,,小雁儿/03_小雁儿_02,,[好冷。],[好冷。],"""So cold.""",「……寒い」,"""Замёрзла..."""
,,,,,,,,,,默认266,,,,她的睫毛微微颤动，小嘴微张，吐露出自己的感想。,她的睫毛微微顫動，紅唇輕啟，吐露出自己的感想。,"Her lashes trembled faintly, crimson lips parting as she whispered her feelings.",微かに睫毛を震わせ、そっと唇を開いたかと思うと、彼女はそれだけ言った。,"Ресницы её слегка дрогнули, алые губы приоткрылись, и она тихо высказала свои ощущения."
,,,,,,,,,,默认267,,,,[……],[……],"""...""",「……」,"""..."""
,,,,,,,,,,默认268,,,,我愣愣地看着她。,我愣愣地看著她。,"I gaped at her, stunned.",私は間抜けな顔で彼女を見る。,Я уставился на неё оторопелым взглядом.
,,,,,,,,,,默认269,,,,这位女娃的相貌，很眼熟。,這位女娃的相貌，很眼熟。,This girl’s face was hauntingly familiar.,その少女の姿には見覚えがあった。,Её лицо было до ужаса знакомым.
,,,,,,,,,,默认270,,,,她……,她……,She...,彼女は……,Она...
,,,,,,,,,,默认271,,,,她是谁？,她是誰？,Who is she?,誰だ？,Кто же она...
,,方知宥,,,,,,,,默认272,,方知宥/03_方知宥_02,,[……苏怜烟？],[……蘇憐煙？],"""...Su Lianyan?""",「……蘇……憐煙？」,"""...Су Ляньянь?"""
,,,,,,,,,,默认273,,,,我不敢置信地、凭直觉念出了她的名字。,我不敢置信的、憑直覺唸出了她的名字。,"In disbelief, I breathed her name on pure instinct.",私は信じられず、ただ直感で彼女の名前を口にした。,"Не решаясь поверить, лишь по наитию произнёс я её имя."
,,,,,,,,,,默认274,,,,我不明白为何那令我每每想起都心痛的已死花魁，和这小女娃到底有何关联。,我不明白為何那令我每每想起都心痛的已死花魁，和這小女娃到底有何關聯。,I don’t understand what ties bind that dead courtesan—whose memory still guts me—to this child.,思い出すたびに胸が痛む死んだ花魁とこの少女がどんな関係なのか、わからない。,"Я не был в силах уразуметь, какая была связь между этой девочкой и той умершей куртизанкой, одни лишь воспоминания о которой вызывали у меня сердечную боль."
,,,,,,,,,,默认275,,,,但，突然地——,但，突然地——,But then—,しかし、ふと――,Но вдруг...
,,,,,,,,,,默认276,,,,有什么记忆突然在脑海间唤醒。,有什麼記憶突然在腦海間喚醒。,A memory fractures through my skull.,ある記憶が脳裏に蘇った。,В моём сознании пробудились какие-то воспоминания.
,,,,,,,,,,默认277,,,,与她有关的，最初的那段记忆……,與她有關的，最初的那段記憶……,The first one... the one about her...,彼女に関する、初めての記憶……,Самое раннее воспоминание о ней...
,,,,,,,,,,默认278,,,,一点点、一点点……,一點點、一點點……,Bit by bit... bit by bit...,少しずつ、少しずつ……,"Мало-помалу, мало-помалу..."
,,,,,,,,,,默认279,,,,逐渐浮现。,逐漸浮現。,It claws its way up.,それは、浮かび上がってきた。,Стало всплывать на поверхность.
,StopAmbience
,FadeOut,black,,,,,2
,BgOff,,,,,,0
,Jump,*忆-第二回,,,,,
