#SHEET_NAME,记-第十回
,Command,Arg1,Arg2,Arg3,Arg4,Arg5,Arg6,Arg7,WaitType,Text,PageCtrl,Voice,WindowType,SC,TC,English,Japanese,Russian
,ChapterAnimation,BG_Ji_10,chapter_bg_J,chapter_title_J10,Liang,265,,,,,,,,,,,
,*map_ji_10,,,,,,,,,,,,,,,,
,UnlockPlotMap,map_ji_10,,,,,,,,,,,,,,,
,SetChapterName,记-第十回,,,,,,
,Wait,,,,,,1,
,FadeOut,black,,,,,0,
,FadeOut,black,,,,,1,,,,,,,,,,,
,Bg,碧竹坊昼,,,,,,,,,,,,,,,
,Ambience,室内沙沙
,AutoSave
,,,,,,,,,,默认1,,,,往事如烟，渐飘渐远。,往事如煙，漸飄漸遠。,"The past drifts like smoke, fading into the distance.",過ぎし事は煙の如く、緩やかに遠くへと流れゆく。,"Прошлое, словно дымка, начало уплывать куда-то вдаль."
,,,,,,,,,,默认2,,,,碧竹坊中的花魁、侍女、小厮，坊外邂逅的老先生……一张张面容都似蒙上了一层薄纱，在记忆的河流中缓缓淡去。,碧竹坊中的花魁、侍女、小廝，坊外邂逅的老先生……一張張面容都似蒙上了一層薄紗，在記憶的河流中緩緩淡去。,"The courtesan, maid, and servant boy of Jade Bamboo Hall, the old scholar met outside... each face seemed shrouded in mist, gradually dissolving in the river of memory.",<ruby=へきちくぼう>碧竹坊</ruby>の花魁、侍女、丁稚、そして外で出会ったご老公……一人一人の顔が、薄い膜で覆われるかのように、記憶の向こうに流れていく。,"Лица людей из ""Палаты зелёного бамбука"" - куртизанки, служанки, мальчика-слуги, а также лицо пожилого господина... Все они, словно окутываемые пеленой, начали растворяться в пучине воспоминаний."
,,,,,,,,,,默认3,,,,整条街的景象也一寸一寸暗了下来，沉入意识深处。,整條街的景象也一寸一寸暗了下來，沉入意識深處。,"The entire street scene darkened inch by inch, sinking into the depths of consciousness.",町の景色も徐々に暗くなっていき、意識の底へと沈んでいく。,"Воспоминание о той улице начало затухать, уходя куда-то в глубины подсознания."
,,,,,,,,,,默认4,,,,后来，我在现实中短暂醒转，与良叔在附近寻了一处屋舍歇下。,後來，我在現實中短暫醒轉，與良叔在附近尋了一處屋舍歇下。,"Later, I briefly surfaced into reality and rested at a nearby lodging with Uncle Liang.",その後、私は現実でしばらく目を覚まし、<ruby=りょう>良</ruby>と近くの小屋を探して一休みした。,Затем я на какое-то время вынырнул в реальность. Мы с дядюшкой Ляном нашли какой-то домик и отдохнули там.
,,,,,,,,,,默认5,,,,才躺上床不久，我便再度坠入了梦境。,才躺上床不久，我便再度墜入了夢境。,"Not long after lying down, I slipped back into dreams.",まともな寝台で寝るのは久しぶりで、すぐに夢の世界に落ちていった。,"Едва я успел прилечь, как сразу снова погрузился в сон."
,,,,,,,,,,默认6,,,,这一次，梦的并非往事，却仍是属于“现在”的片段。,這一次，夢的並非往事，卻仍是屬於“現在”的片段。,"This time, I dreamed not of the past but of fragments still tied to the ""present"".",今回見た夢は過去のものではなかったが、「現在」に属する断片だ。,"Но в этот раз мне снилось не прошлое, а ""настоящее""."
,,,,,,,,,,默认7,,,,我又进入了王生的视角，梦到了他。,我又進入了王生的視角，夢到了他。,"Again, I saw through Scholar Wang’s eyes—I dreamed of him.",再び王書生の視界に入り、夢で彼を見た。,Мне снова приснился учёный Ван - я словно видел мир его глазами.
,,,,,,,,,,默认8,,,,……,……,...,……,...
,StopAmbience,,,,,,,,,,,,,
,Bgm,雨井烟垣,,,,0.2,3,,,,,,,,,,,
,BgEvent,王生梦2_1,,,,,,,,,,,,
,FadeIn,black,,square,,,1,,,,,,,,,,,
,,,,,,,,,,默认9,,,,夜幕降临，乌云密布，黑漆漆的天空上看不到一点星光，层云就压在屋檐之上，压得让人几乎要喘不过气来。,夜幕降臨，烏雲密布，黑漆漆的天空上看不到一點星光，層雲就壓在屋簷之上，壓得讓人幾乎要喘不過氣來。,"Night fell, the sky choked with clouds so thick that no stars shone through. They hung low over the rooftops, oppressive enough to steal one’s breath.",夜の帳が下り、暗雲が立ち込め、真っ黒な空には一点の星すら見えない。幾重に重なった雲が軒先まで迫り、息苦しくなりそうなほど重くのしかかっていた。,"Повисла ночь: небо было залито облаками, нависшими над крышами домов удушающе низко, так что ни одна звёздочка не могла протиснуться сквозь них."
,,,,,,,,,,默认10,,,,街上是密密麻麻的横尸，他们静静躺在那里，无声无息。,街上是密密麻麻的橫屍，他們靜靜躺在那裡，無聲無息。,"The streets were strewn with corpses, piled densely and silent as the grave.",町に転がる死体の数々。声も息も立てず、ただ静かに横たわっている。,"Улицы были тесно завалены грудами трупов, тихих и бездыханных."
,,,,,,,,,,默认11,,,,远处，南面方向，几处摇晃的火炬在雾气中忽明忽暗，宛如阴曹地府般的鬼火。,遠處，南面方向，幾處搖晃的火炬在霧氣中忽明忽暗，宛如陰曹地府般的鬼火。,"Far to the south, a few wavering torches flickered in the mist like ghostly flames from the netherworld.",遠く南の方角では、ぽつぽつと揺れる松明の炎が霧の向こうをほんのりと照らし、冥府の鬼火のような不気味な雰囲気を漂わせている。,"Где-то вдалеке, на юге, словно призрачные огоньки из загробного мира, в тумане мерцали редкие и тусклые факела."
,,,,,,,,,,默认12,,,,火光聚集之处，不时传来妖兵的嘶吼与杂沓的脚步声，忽近忽远，听得王生胆战心惊。,火光聚集之處，不時傳來妖兵的嘶吼與雜沓的腳步聲，忽近忽遠，聽得王生膽顫心驚。,"Where the firelight gathered, the roars of demon soldiers and the chaotic tramp of footsteps echoed intermittently, now near, now far, sending shivers down Scholar Wang's spine.",光の集まっている場所から、時々妖兵の咆哮や足音が聞こえてくる。その音が近付いたり遠ざかるたびに、王書生がびくりと震えた。,"Там, где огни факелов собирались вместе, то и дело был слышен рёв яогуаев и их топот - то ближе, то дальше. От всего этого учёного Вана охватывал животный ужас."
,,,,,,,,,,默认13,,,,他悄悄溜出藏身的房屋，弯腰俯身，借阴影遮掩疾步前行。,他悄悄溜出藏身的房屋，彎腰俯身，借陰影遮掩疾步前行。,"He slipped quietly out of his hiding place, crouched low, and darted forward under the cover of shadows.",彼はこっそり隠れていた小屋を抜け出すと、身を屈めながら物陰を利用して早足で進んでいった。,"Тихо выскочив из своего укрытия, он, согнувшись, под покровом теней прошмыгнул вперёд."
,,,,,,,,,,默认14,,,,起初，他在黑暗中无法辨认方向。,起初，他在黑暗中無法辨認方向。,"At first, he couldn’t discern any direction in the darkness.",はじめのうちは、あまりの暗さに方角がわからなくなっていた。,Сначала он вслепую блуждал по темноте.
,BgEvent,王生梦2_2,,,,,1,,,,,,,
,,,,,,,,,,默认15,,,,他只顾一个劲儿往前走，直至触到冰凉的城墙，才大致猜出自己身在何处。,他只顧一個勁往前走，直至觸到冰涼的城牆，才大致猜出自己身在何處。,He stumbled blindly forward until his hands met the icy city wall—only then could he guess his whereabouts.,ひたすら前に進み続け、冷たい城壁に触れたところで、ようやく自分がどこにいるのかの察しがついた。,"Он всё шагал и шагал вперёд, пока не упёрся в отдающую холодом городскую стену - только тогда он примерно понял, где находится."
,,,,,,,,,,默认16,,,,城墙之下，景象比街上更为凄惨——尸骸堆积如山，腐臭与血腥交织弥漫，几乎令人窒息。,城牆之下，景象比街上更為悽慘——屍骸堆積如山，腐臭與血腥交織瀰漫，幾乎令人窒息。,"Beneath the city wall, the scene was even grimmer than the streets—corpses heaped like mountains, the stench of rot and blood thick enough to choke.",城壁の下の光景は、町中よりもさらに凄惨だった――亡骸は山のように重なり、腐臭と血の臭いが漂い、窒息しそうだ。,"У стены ситуация была ещё мрачнее, чем на улицах - горы трупов возвышались ввысь, источая тошнотворную вонь гнили и крови."
,,,,,,,,,,默认17,,,,一步、又一步。,一步、又一步。,Step by step.,一歩、また一歩。,Шаг за шагом.
,BgEvent,王生梦2_3,,,,,1,,,,,,,
,,,,,,,,,,默认18,,,,王生踏着死者的身躯，以尸为阶，艰难地向生路跋涉。,王生踏著死者的身軀，以屍為階，艱難地向生路跋涉。,"Scholar Wang trod upon the bodies of the dead, using corpses as stepping stones, laboriously trudging toward survival.",王は骸を踏みしめ、屍を踏み台に、必死に生へと歩みを進める。,"Учёный Ван пробирался по трупам, используя их как ступеньки - из последних сил разыскивая дорогу к спасению."
,,,,,,,,,,默认19,,,,任何一丝风吹草动都叫他心神剧震，远处飘忽的灯火更使他惊惶失措。,任何一絲風吹草動都叫他心神劇震，遠處飄忽的燈火更使他驚惶失措。,"The slightest rustle of wind or grass sent his mind into turmoil, and the flickering distant lights filled him with panic.",草が揺れるほどの微かな物音でも恐れおののき、向こうに見える灯火でさらに正気を失いそうになる。,"Даже от малейшего ветерка или шелеста травы его разум впадал в смятение, а мерцание огней вдалеке и вовсе наполняло его ужасом."
,BgEvent,王生梦2_4,,,,,1,,,,,,,
,,,,,,,,,,默认20,,,,一有声响逼近、火光趋近，他便立即扑倒在地，试图混入尸堆，扮作一具无知无觉的死尸。,一有聲響逼近、火光趨近，他便立即撲倒在地，試圖混入屍堆，扮作一具無知無覺得死屍。,"Whenever sounds approached or flames drew near, he would immediately throw himself to the ground, trying to blend into the pile of corpses and feign lifelessness.",物音が近付いたり灯りが近付けば、すぐさまその場に這いつくばり、物言わぬ死体になりすまそうと、その山に潜り込む。,"Когда рядом что-то слышалось, либо же когда огни факелов становились ближе, учёный Ван сразу же падал на землю, пытаясь слиться с горой тел, притвориться таким же бесчувственным, неподвижным трупом."
,,,,,,,,,,默认21,,,,待声响渐息、火光远去，他才狼狈爬起，继续跌跌撞撞向前赶路。,待聲響漸息、火光遠去，他才狼狽爬起，繼續跌跌撞撞向前趕路。,Only when the sounds faded and the flames receded would he clumsily rise and continue stumbling forward.,音が静まり灯りが過ぎれば、またむくりと起き上がり、びくびくしながら進んでいく。,"Лишь когда всё затихало, а огни факелов отдалялись, он неуклюже поднимался и продолжал, спотыкаясь, идти вперёд."
,,,,,,,,,,默认22,,,,一步、又一步。,一步、又一步。,Step by step.,一歩、また一歩。,Шаг за шагом.
,,,,,,,,,,默认23,,,,就这么坚持着，他终于摸到一条狭窄小道。,就這麼堅持著，他終於摸到一條狹窄小道。,"Persisting like this, he finally groped his way onto a narrow path.",そうしてなんとか狭い路地に辿り着くことができた。,"Продолжая так идти, он в конце концов набрёл на узкую дорожку."
,BgEvent,王生梦2_5,,,,,1,,,,,,,
,,,,,,,,,,默认24,,,,这里安静了许多，也让人安宁了许多，似乎没有妖兵了，也几乎没有尸体。,這裡安靜了許多，也讓人安寧了許多，似乎沒有妖兵了，也幾乎沒有屍體。,"It was much quieter here, and far more peaceful. There seem to be no demon soldiers left, and scarcely any corpses either.",他のどこよりも静かで、安心できる。妖兵もいなければ死体もない。,"На ней было куда тише и спокойнее. Яогуаев, кажется, не было, да и трупы почти исчезли."
,,,,,,,,,,默认25,,,,小道中挤满了逃难的扬州百姓。,小道中擠滿了逃難的揚州百姓。,The narrow path was crammed with fleeing citizens of Yangzhou.,路地は避難してきた揚州の民たちでいっぱいだった。,Дорожка была забита спасающимися местными жителями.
,BgEvent,王生梦2_6,,,,,1,,,,,,,
,,,,,,,,,,默认26,,,,这些人神情恍惚，如游魂野鬼，摩肩接踵，却无一人交谈。,這些人神情恍惚，如遊魂野鬼，摩肩接踵，卻無一人交談。,"These people looked dazed, like wandering ghosts, jostling shoulder to shoulder, yet not a single one spoke.",みな彷徨う幽霊のようにぼんやりとした表情で、肩が触れようとも、誰一人として無言のままだ。,"Молча сидя плечом к плечу, они выглядели потерянными, словно блуждающие духи."
,,,,,,,,,,默认27,,,,他们仰着头，望向看不清的前方，双眼瞪得如同濒死的鱼，干涸而麻木地一呼一吸。,他們仰著頭，望向看不清的前方，雙眼瞪得如同瀕死的魚，乾涸而麻木地一呼一吸。,"They tilted their heads, staring into the hazy distance, their eyes bulging like dying fish, breathing dry, numb gasps.",彼らは顔を上げ、虚空の向こうを見つめている。そして死んだ魚のような目で、すっかり干からび麻痺したまま、息を吸っては吐いていた。,"Запрокинув голову, они с выпученными глазами, как у умирающей рыбы, смотрели куда-то вдаль. Дыхание у них было сухим и притуплённым."
,,,,,,,,,,默认28,,,,偶尔近处传来低低呜咽，远方响起凄厉惨叫，却无人为之动容。,偶爾近處傳來低低嗚咽，遠方響起淒厲慘叫，卻無人為之動容。,"Occasionally, a faint sob rose nearby, or a piercing scream echoed in the distance, yet no one reacted.",時折近くから小さな嗚咽が聞こえ、遠くからは凄まじい絶叫が聞こえるものの、誰一人として動じない。,"Иногда кто-то тихо всхлипывал, а иногда издалека раздавался пронзительный крик - но на это никто не реагировал."
,,,,,,,,,,默认29,,,,人们只是麻木地、不停歇地走着这条“求生”之路，不敢稍有停顿……,人們只是麻木地、不停歇地走著這條“求生”之路，不敢稍有停頓……,"People just numbly and incessantly walk this ""path of survival"", not daring to pause even slightly...",ただただ無感覚に、彼らなりの「生きる」道を歩み続け、立ち止まることを恐れている。,"Эти люди лишь бездумно ""шли по пути выживания"", не осмеливаясь остановиться ни на мгновение..."
,,,,,,,,,,默认30,,,,王生沿这条路继续前行，周围景物越来越熟悉。,王生沿這條路繼續前行，周圍景物越來越熟悉。,"Scholar Wang continued along this road, the surroundings growing increasingly familiar.",王がその路地を進み続けていくと、周囲の景色が見知ったものになっていった。,"Пока учёный Ван шёл по дорожке, окрестности становилсь всё более знакомыми."
,BgEvent,王生梦2_7,,,,,1,,,,,,,
,,,,,,,,,,默认31,,,,终于，他踉跄着扑到大哥宅院门前，精疲力尽地倚在门上，抬手轻叩。,終於，他踉蹌著撲到大哥宅院門前，精疲力盡地倚在門上，抬手輕叩。,"Finally, he stumbled to the gate of his elder brother's residence, exhausted, leaning against the door as he raised his hand to knock lightly.",ようやく、ほうほうの体で長男の屋敷の前に辿り着くと、最後の力を振り絞って門に寄りかかり、軽く叩く。,"Наконец он доковылял до жилища своего старшего брата. Обессиленно привалившись к воротам, он поднял руку и тихо постучал."
,BgEvent,王生梦2_8,,,,,1,,,,,,,
,,,,,,,,,,默认32,,,,门内传来微弱而熟悉的亲人语声，王生眼眶一热，大门拉开，妻子探出身来，泪眼朦胧地望着他。,門內傳來微弱而熟悉的親人語聲，王生眼眶一熱，大門拉開，妻子探出身來，淚眼朦朧地望著他。,"From inside came a faint yet familiar voice, Scholar Wang's eyes welled up with tears as the gate opened, and his wife peered out, gazing at him with misty eyes.",門の内側から聞き馴染みのある家族の声がかすかに聞こえ、目頭が熱くなった。門が開くと妻が顔を覗かせ、涙をうるませ彼に抱き着こうとした。,"Изнутри донёсся слабый, но знакомый голос. У учёного Вана начали наворачиваться на глаза слёзы. Ворота распахнулись, и оттуда выглянула его жена с заплаканными глазами."
,FadeOut,black,,,,,1,,,,,,,,,,,
,BgEvent,王生梦2_9,,,,,1,,,,,,,
,FadeIn,black,,MosesV,,,0.5,,,,,,,,,,,
,,,,,,,,,,默认33,,,,王生上前一步，与妻子紧紧相拥。,王生上前一步，與妻子緊緊相擁。,Scholar Wang took a step forward and embraced his wife tightly.,王は前に進み出て、きつく妻を抱擁した。,"Шагнув вперёд, он крепко обнял её."
,,,,,,,,,,默认34,,,,夫妻二人相拥而泣，为又熬过一夜、再度重逢而落泪。,夫妻二人相擁而泣，為又熬過一夜、再度重逢而落淚。,"The couple embraced and wept, shedding tears for having survived another night and being reunited.",夫と妻。二人は抱き合って泣き、また一晩を耐え抜き、再び会えたことを涙した。,"Обнявшись, супруги разрыдались, проливая слёзы оттого, что пережили ещё одну ночь и вновь воссоединились."
,,,,,,,,,,默认35,,,,……,……,...,……,...
,StopBgm,,,,,,3,,,,,,,,,,,
,FadeOut,black,,square,,,1,,,,,,,,,,,
,Ambience,室内沙沙,,,,,,,,,,,,
,Bg,二等花魁室内清晨,,,,,,,,,,,,
,Wait,,,,,,1,,,,,,,
,FadeIn,black,,square,,,1,,,,,,,,,,,
,,良,<Off>,,,,,,,默认36,,良/18_良_01,,[喂，醒醒。],[喂，醒醒。],"""Hey, wake up.""",「おい、起きろ」,"""Вставай."""
,,,,,,,,,,默认37,,,,沧桑的中年男声将我从“王生”的身份中扯出，拉离梦境。,滄桑的中年男聲將我從“王生”的身份中扯出，拉離夢境。,"The weathered voice of a middle-aged man yanked me out of my ""Scholar Wang"" persona, dragging me from the dream.",中年の男の声で、私は「王書生」からぐるりと引きはがされ、夢から覚めた。,"Усталый голос мужчины средних лет выдернул меня из ""личины"" учёного Вана, вернув в реальность."
,,方知宥,,,,,,,,默认38,,,,[……],[……],"""...""",「……」,"""..."""
,,,,,,,,,,默认39,,,,我怔怔坐起，发觉自己正躺在一间陌生房间的床上。,我怔怔坐起，發覺自己正躺在一間陌生房間的床上。,"I sat up, dazedly, realizing I was lying on a bed in an unfamiliar room.",ぼんやりと起き上がると、見知らぬ部屋の<ruby=とこ>床</ruby>で寝ていたことに気が付いた。,"Присев в полусне, я понял, что лежу в кровати незнакомой мне комнаты."
,,良,,,,,0.5,,,,,,,
,,,,,,,,,,默认40,,,,良叔持刀立于床边，守在我身前。,良叔持刀立於床邊，守在我身前。,"Uncle Liang stood by the bed, knife in hand, guarding me.",良が剣を手に、私を守るように<ruby=とこ>床</ruby>の前に立っている。,Дядюшка Лян стоял на страже рядом с мечом в руке.
,BgOff,,,,,,1,,,,,,,,,,,
,Bg,二等花魁室内清晨,,,,,1,,,,,,,,,,,
,Tween,BG,ScaleTo,x=1 y=1 time=0,,,,,,,,,,,,,,
,Tween,BG,MoveTo,x=0 y=0 time=0,,,,,,,,,,,,,,
,,,,,,,,,,默认41,,,,此时天光微亮，晨光从敞开的门扉斜射进来，映出空气中浮动的微尘。,此時天光微亮，晨光從敞開的門扉斜射進來，映出空氣中浮動的微塵。,"The faint dawn light streamed through the open door, illuminating the dust particles floating in the air.",既に空が白み始め、朝日が開かれた扉から差し込み、空気中を漂う埃を照らした。,"Тусклый утренний свет проникал через открытую дверь, подсвечивая кружающуюся в возудхе пыль."
,,方知宥,,,,,,,,默认42,,方知宥/18_方知宥_01,,[天亮了……],[天亮了……],"""It's dawn...""",「朝だ……」,"""Рассвело уже..."""
,,良,,,,,,,,默认43,,良/18_良_02,,[嗯，差不多卯时了，该动身了。],[嗯，差不多卯時了，該動身了。],"""Yeah, it's almost the <ruby=卯时>hour of hare</ruby>—time to move.""",「ああ、そろそろ卯の刻になる。行くぞ」,"""Ага, сейчас почти <ruby=05:00-07:00 часов>стража Зайца</ruby>. Пора идти."""
,,方知宥,,,,,,,,默认44,,,,[……],[……],"""...""",「……」,"""..."""
,CharacterOff,,,,,,0.5,,,,,,,
,,,,,,,,,,默认45,,,,我点点头，努力回想昨夜睡前的最后记忆。,我點點頭，努力回想昨夜睡前的最後記憶。,"I nodded, straining to remember my last thoughts before drifting off last night.",私は頷き、昨晩眠りにつく前の最後の記憶を辿る。,"Кивнув, я попытался вспомнить, что было перед тем, как я лёг спать."
,,方知宥,,,,,,,,默认56,,方知宥/18_方知宥_02,,[良叔，昨晚你说瞒着一位故人来的，还常与那人同房睡……那人是谁？是你妻子么？］,[良叔，昨晚你說瞞著一位故人來的，還常與那人同房睡……那人是誰？是你妻子嗎？］,"""Uncle Liang, last night you said you came without telling an old acquaintance and often sharing a room... Who is that person? Your wife?""",「良さん、旧友には内緒で来たと昨晩言っていたが、同じ部屋で寝るような間柄なのか……その人は誰だ？あなたの妻か？」,"""Дядюшка Лян, прошлой ночью Вы рассказывали, что пришли сюда тайком от своего близкого человека, и что в своё время делили с ним одну комнату... Кем этот человек вообще был для вас? Это была ваша жена?"""
,,,,,,,,,,默认57,,,,我忍不住问道。,我忍不住問道。,I couldn't help but ask.,思わず訊いてしまった。,Не удержался я от вопроса.
,,良,惊喜,,,,0.5,,,默认58,,,,[……］,[……］,"""...""",「……」,"""..."""
,,,,,,,,,,默认59,,,,良叔动作蓦地一滞，低下头去。,良叔動作驀地一滯，低下頭去。,Uncle Liang's movements suddenly froze as he lowered his head.,良の動きがぴたりと止まり、うつむく。,Тот вдруг застыл и опустил голову.
,,,,,,,,,,默认60,,,,他嘴唇微动，似想说什么，却又咽了回去。,他嘴唇微動，似想說什麼，卻又嚥了回去。,"His lips quivered slightly, as if he wanted to say something, but then swallowed the words.",唇が何か言いたそうにぴくりと動いたが、結局それを呑み込んだようだった。,"Он скривил губы, словно собирался что-то сказать, но в последний миг проглотил слова."
,,良,,,,,,,,默认61,,良/18_良_03,,[少管闲事。］,[少管閒事。］,"""Mind your own business.""",「余計な詮索はするな」,"""Не твоё дело."""
,,,,,,,,,,默认62,,,,半晌，他只冷冷吐出这一句。,半晌，他只冷冷吐出這一句。,"After a long pause, he only coldly uttered this one sentence.",少しの間の後、彼はそう吐き捨てた。,После долгой паузы холодно проронил он единственную фразу.
,,方知宥,,,,,,,,默认63,,,,[……],[……],"""...""",「……」,"""..."""
,CharacterOff,,,,,,0.5,,,,,,,
,Sprite,黑,,特效前,,,0.5,,,,,,,,,,,
,Tween,黑,ColorTo,alpha=0 time=0,,,,,,,,,,,,,,
,Tween,黑,ColorTo,alpha=0.4 time=0,,,,,NoWait,,,,,,,,,
,Wait,,,,,,0,,,,,,,,,,,
,,,,,,,,,,默认64,,,,良叔这怕是恼羞成怒了？,良叔這怕是惱羞成怒了？,Is Uncle Liang perhaps embarrassed into anger?,まさか恥ずかしくて怒ったのか？,Дядюшке Ляну стало стыдно и он сорвался на меня?
,,,,,,,,,,默认65,,,,不对啊，若是女子，既能常年同行，偶尔同房又怎会不同床？,不對啊，若是女子，既能常年同行，偶爾同房又怎會不同床？,"Wait—if that person was a woman, since they've traveled together for years, how could they share a room but not occasionally share a bed?",あり得ない。もし相手が女なら、常日頃行動を共にしていて、部屋を同じくして<ruby=とこ>床</ruby>を同じくしないはずがあるまい。,"Погодите... если этот близкий человек был женщиной, и они долго путешествовали вместе. так почему они не спали в одной кровати?"
,,,,,,,,,,默认66,,,,若是男子……,若是男子……,If he were a man...,もし男なら……,А если этот человек был мужчиной...
,,,,,,,,,,默认67,,,,良叔又何至于这般讳莫如深、语焉不详？,良叔又何至於這般諱莫如深、語焉不詳？,Then why would Uncle Liang be so secretive and evasive about it?,なぜ口をつぐんだまま、はっきりと言わないのだろうか。,То почему дядюшка Лян так скрытничает и уходит от ответа?
,,,,,,,,,,默认68,,,,不妙。,不妙。,Not good.,おかしいな。,Что-то тут нечисто.
,,,,,,,,,,默认69,,,,我越想越觉得对方定是男子。,我越想越覺得對方定是男子。,"The more I thought about it, the more certain I became that the other person must be a man.",考えれば考えるほど、相手が男である気がしてきたぞ。,"Чем больше я думаю об этом, тем больше убеждаюсь, что тот человек - и правда мужчина."
,,,,,,,,,,默认70,,,,难道良叔他……竟与某位男子有着难以言说的关系？,難道良叔他……竟與某位男子有著難以言說的關係？,Could it be that Uncle Liang... actually had an unspeakable relationship with a man?,まさか良は……どこぞの男と言いはばかれる関係にあるのか？,"А что если... у дядюшки Ляна с ним были отношения такого рода, что другим говорить об этом неудобно?"
,SpriteOff,黑,,,,,0.5,,NoWait,,,,,,,,,
,Wait,,,,,,0.5,,,,,,,,,,,
,,方知宥,,,,,,,,默认71,,,,[……］,[……］,"""...""",「……」,"""..."""
,,良,,,,,,,,默认72,,,,[……］,[……］,"""...""",「……」,"""..."""
,CharacterOff,,,,,,1,,,,,,,
,,,,,,,,,,默认73,,,,我望着良叔刻意背过身去的背影，心中泛起种种复杂猜测。,我望著良叔刻意背過身去的背影，心中泛起種種複雜猜測。,"I stared at Uncle Liang's deliberately turned back, my mind swirling with complicated speculations.",わざと背を向けた良の後姿を見て、あれこれ勘ぐった。,"Я смотрел на дядюшку Ляна, повёрнутого ко мне спиной, пока в моей голове вертелись догадки самого разного рода."
,,,,,,,,,,默认74,,,,……,……,...,……,...
,,,,,,,,,,默认75,,,,之后，良叔找来些吃的。,之後，良叔找來些吃的。,"Later, Uncle Liang brought some food.",その後、良が食べ物を探してきてくれた。,Позже дядюшка Лян принёс еды.
,,,,,,,,,,默认76,,,,是些硌牙的干粮，和一小瓶清水。,是些硌牙的乾糧，和一小瓶清水。,"It was some hard, teeth-jarring rations and a small bottle of water.",歯が欠けそうな干し米と、小瓶一つ分の水だ。,"Это были твёрдые, скрипящие на зубах походные лепёшки и кувшинчик воды."
,,,,,,,,,,默认77,,,,犹豫片刻，我还是将舍不得吃的、林翩翩给的最后一块桂花糕递给了他，算是报答救命之恩。,猶豫片刻，我還是將捨不得吃的、林翩翩給的最後一塊桂花糕遞給了他，算是報答救命之恩。,"After hesitating, I gave him the last piece of osmanthus cake from Lin Pianpian that I'd been saving, as repayment for saving my life.",ほんの少しためらったが、結局もったいなくて取っておいた林翩翩からの最後の<ruby=けいかこう>桂花糕</ruby>を彼にあげた。命を救われた礼だ。,"Немного поколебавшись, я решил отдать ему тщательно хранимый последний кусочек османтусового пирога Линь Пяньпянь - в качестве платы за спасение."
,,,,,,,,,,默认78,,,,良叔道了谢，接过去两口吞下。,良叔道了謝，接過去兩口吞下。,Uncle Liang thanked me and wolfed it down in two bites.,良は礼を言ってそれを受け取ると、二口でそれを飲み込んでしまった。,"Дядюшка Лян, поблагодарив меня, быстро съел его за два укуса."
,,,,,,,,,,默认79,,,,我看他狼吞虎咽的模样暗自肉痛，只觉一番好意被他囫囵糟蹋。,我看他狼吞虎嚥的模樣暗自肉痛，只覺一番好意被他囫圇糟蹋。,"Watching him devour it so ravenously, I secretly felt my goodwill had been wasted on him.",がつがつと貪る姿を見て、せっかくの好意をないがしろにされたような気分になり、少し後悔した。,"Смотря на то, как он проглотил его, даже не посмаковав, я пожалел о своём решении - он явно не оценил мой дар по достоинству."
,,良,,,,,,,,默认80,,良/18_良_04,,[吃完就动身吧。],[吃完就動身吧。],"""Let's head out after we eat.""",「食ったならさっさと行くぞ」,"""Когда поедим - пойдём дальше."""
,,方知宥,,,,,,,,默认81,,方知宥/18_方知宥_03,,[好……只是如今天已亮，街上妖兵众多……就这么出去，我总觉得危险。］,[好……只是如今天已亮，街上妖兵眾多……就這麼出去，我總覺得危險。］,"""Alright... but it's already daylight, and the streets are swarming with demon soldiers... Going out like this feels too risky.""",「わかった……だが今は空も明るく、町中には妖兵がうようよしている……そんな状況で外に出ても危険だと思うが」,"""Хорошо... Но сейчас уже светло, на улицах полно яогуаев... Не опасно ли?"""
,,良,好奇,,,,,,,默认82,,良/18_良_05,,[你说该如何？］,[你說該如何？］,"""What do you think we should do?""",「じゃあどうしろと？」,"""А что ты предлагаешь?"""
,,方知宥,,,,,,,,默认83,,方知宥/18_方知宥_04,,[不如我们换两身盔甲再出去？］,[不如我們換兩身盔甲再出去？］,"""How about we wear some armor before heading out?""",「鎧をふたつ拝借していくというのはどうだ？」,"""Может, переоденемся в их доспехи?"""
,,良,坚定,,,,,,,默认84,,良/18_良_06,,[我不爱穿鞑子的盔甲。］,[我不愛穿韃子的盔甲。］,"""I don't like wearing Tatar armor.""",「韃子なんかの鎧なぞ誰が着るか」,"""Мне бы не хотелось таскать на себе доспех варваров."""
,,,,,,,,,,默认85,,,,良叔摇了摇头。,良叔搖了搖頭。,Uncle Liang shook his head.,良が首を横に振った。,Покачал головой дядюшка Лян.
,,方知宥,,,,,,,,默认86,,方知宥/18_方知宥_05,,[良叔，为了救你想救的人，暂且忍忍。］,[良叔，為了救你想救的人，暫且忍忍。］,"""Uncle Liang, for the sake of rescuing the person you want to save, just endure it for now.""",「良さん……救いたい人を救うためだ、どうかこらえてほしい」,"""Дядюшка Лян, ну Вы уж потерпите - это же ради спасения тех, кого вы хотите спасти."""
,,良,通常,,,,,,,默认87,,良/18_良_07,,[行行行，穿就穿吧！］,[行行行，穿就穿吧！］,"""Fine, fine, if we have to wear it, then so be it!""",「わーった、わーった！着ればいいんだろ！」,"""Ладно-ладно, доспехи так доспехи!"""
,,,,,,,,,,默认88,,,,良叔还是比较好说话的。,良叔還是比較好說話的。,Uncle Liang was fairly easy to convince.,思ったよりも聞き分けがよかった。,Его оказалось довольно легко убедить.
,,,,,,,,,,默认89,,,,……,……,...,……,...
,,方知宥,,,,,,,,默认90,,,,[……],[……],"""...""",「……」,"""..."""
,,良,,,,,,,,默认91,,,,[……],[……],"""...""",「……」,"""..."""
,CharacterOff,,,,,,,,,,,,,
,FadeOut,black,,wipe_left,,,1,,,,,,,,,,,
,Bg,青楼外街道昼残破,,,,,0,,,,,,,,,,,
,FadeIn,black,,wipe_right,,,1,,,,,,,,,,,
,Ambience,室外主风,,,,3,3,,,,,,,,,,,
,,,,,,,,,,默认92,,,,我与良叔换上盔甲，踏出碧竹坊，走上二十四桥的街道。,我與良叔換上盔甲，踏出碧竹坊，走上二十四橋的街道。,"Uncle Liang and I donned the armor, stepped out of Jade Bamboo Hall, and walked onto the streets of Twenty-Four Bridges.",私と良は鎧姿に着替えて碧竹坊を出ると、二十四橋の街道を歩き出した。,"Надев доспехи, мы вышли из ""Палаты зелёного бамбука"" прямиком на улицы района Двадцать четвёртого моста."
,Se,大口喘息,,,,,,,,,,,,
,,方知宥,,,,,,,,默认98,,方知宥/18_方知宥_06,,[良叔，这盔甲真沉啊……],[良叔，這盔甲真沉啊……],"""Uncle Liang, this armor is really heavy...""",「良さん、この鎧は重いな……」,"""Дядюшка Лян, какие же тяжёлые эти доспехи..."""
,,良清兵,,,,,,,,默认103,,良/18_良_08,,[是啊，我先前不愿穿，不光是嫌丑，也嫌行动不便……如今为了伪装，也没办法。],[是啊，我先前不願穿，不光是嫌醜，也嫌行動不便……如今為了偽裝，也沒辦法。],"""Yeah, I avoided wearing it before—not just because it's ugly, but too cumbersome... Now I've no choice but to wear it for disguise.""",「まったくだ。こいつを着たくなかったのは、見た目も不細工だが、何より動きづらいからだ……だが今は変装のためだから、仕方がない」,"""Ага, я ж не хотел их надевать не только потому, что на вид не нравятся, а ещё и потому, что движения сковывают... Но раз уж решили замаскироваться - ничего не поделаешь."""
,,,,,,,,,,默认104,,,,良叔语气平淡，却透出几分无奈。,良叔語氣平淡，卻透出幾分無奈。,"Uncle Liang's tone was flat, yet carried a hint of resignation.",そう言う良の口調は平淡だったが、やるせなさが滲んでいた。,"Ответил дядюшка Лян сухим тоном, в котором ещё будто сквозила нотка обречённости."
,CharacterOff,,,,,,,,,,,,,
,,,,,,,,,,默认105,,,,……,……,...,……,...
,FadeOut,black,,wipe_left,,,1,,,,,,,,,,,
,Bg,青楼外街道昼残破,,,,,0,,,,,,,,,,,
,FadeIn,black,,wipe_right,,,1,,,,,,,,,,,
,,,,,,,,,,默认106,,,,接着，我与良叔沿街一家家寻访青楼。,接著，我與良叔沿街一家家尋訪青樓。,"Afterwards, Uncle Liang and I visited pleasure houses one by one along the street.",次に私たちは、通りにある青楼を一軒ずつ回った。,"После этого мы начали обходить вдоль улицы один ""зелёный терем"" за другим."
,,,,,,,,,,默认107,,,,天亮了，许多人醒了，可这青楼聚集的街区却仍似半梦半醒。,天亮了，許多人醒了，但這青樓聚集的街區卻仍似半夢半醒。,"Dawn had broken, and many people were awake, yet this pleasure house-filled block still seemed half-asleep.",既に日も登り、人々が目を覚ます時間だが、青楼の並んでいる区画はまだ夢うつつだ。,"Уже рассвело, и большинство людей должны были проснуться, но этот квартал ""зелёных теремов"" будто ещё пребывал в какой-то дрёме."
,,,,,,,,,,默认108,,,,两旁多是紧闭的木门与高耸的院墙，偶有风吹过，带动门轴发出沉闷的吱呀声，更添寂寥。,兩旁多是緊閉的木門與高聳的院牆，偶有風吹過，帶動門軸發出沉悶的吱呀聲，更添寂寥。,"On both sides stood mostly closed wooden doors and towering courtyard walls. Occasionally, a breeze would pass, causing the door hinges to let out a dull creak, adding to the desolation.",両側には閉ざされた門と高い塀が続き、時折吹き抜ける風が門軸を軋ませてぎしぎしと重々しい音を立て、物寂しさを増している。,"По обе стороны тянулись в основном закрытые ворота и высокие стены внутренних дворов. Иногда из-за налетавшего ветра петли у ворот глухо поскрипывали, что лишь усугубляло чувство запустения."
,,,,,,,,,,默认109,,,,见门扉敞开却无人声的屋舍，我们便进去探看，而这些屋舍多半早已人去楼空。,見門扉敞開卻無人聲的屋舍，我們便進去探看，而這些屋舍多半早已人去樓空。,"When we saw houses with open doors but no voices, we would enter to investigate—though most were already long abandoned.",門が開いているのに声が聞こえない屋敷を見つけると、中に入って探ってみるが、それらのほとんどが無人となっていた。,"Мы находили дома с распахнутыми дверьми, но изнутри не доносилось ни звука. И, заглянув внутрь, мы обнаруживали, что почти все они уже давно стояли брошенными."
,,,,,,,,,,默认110,,,,我想，大约还有人藏在某处吧，就如我之前那样，在各种角落躲藏许久。,我想，大約還有人藏在某處吧，就如我之前那樣，在各種角落躲藏許久。,"I thought perhaps someone was still hiding somewhere, just as I had done before, lurking in various corners for ages.",私が以前そうしていたように、恐らくあちこちの隅に誰かが隠れているのだろう。,"Думаю, возможно, кто-то там и мог прятаться - так же, как когда-то прятался я сам, подолгу затаиваясь по углам."
,,,,,,,,,,默认111,,,,偶尔，我们也能遇上传出人声的楼宇。,偶爾，我們也能遇上傳出人聲的樓宇。,"Occasionally, we would come across buildings with human voices drifting out.",時折、人の声が聞こえる建物もあった。,"Иногда нам попадались дома, из которых можно было услышать голоса."
,,,,,,,,,,默认112,,,,有两间青楼中隐约飘来妖兵与女子的调笑声。,有兩間青樓中隱約飄來妖兵與女子的調笑聲。,"From two pleasure houses, faint laughter and flirtatious banter between demon soldiers and women could be heard.",いくつかの青楼からは、妖兵と女が乳繰り合う声が微かに聞こえてきた。,"Из двух ""зелёных теремов"" слышались звуки игривого смеха яогуаев и женщин."
,,,,,,,,,,默认113,,,,我想，那里此时大概正如西商乔承望的居所那样，有风月女子为了活下来而献媚讨好妖兵。,我想，那裡此時大概正如西商喬承望的居所那樣，有風月女子為了活下來而獻媚討好妖兵。,"I imagined that, at that moment, just like in the Shanxi Merchant Qiao Chengwang’s residence, courtesans were fawning over demon soldiers to survive.",きっと喬承望の屋敷でもあったように、色町の女が生き残るために妖兵に媚びているのだろう。,"Скорее всего, там была та же картина, что и в поместье западного купца Цяо Чэнвана - куртизанки заискивали перед яогуаями, пытаясь выжить."
,,,,,,,,,,默认114,,,,因为无法从声音判断内里妖兵数量，我们便不敢贸然闯入。,因為無法從聲音判斷內裡妖兵數量，我們便不敢貿然闖入。,"Since we couldn’t gauge the number of demon soldiers inside by sound alone, we dared not barge in recklessly.",声だけでは中の妖兵の数も確認できないため、立ち入ることができなかった。,"Так как по одним лишь голосам невозможно было определить, сколько яогуаев находится внутри, мы не решились врываться."
,,,,,,,,,,默认115,,,,我深深记得良叔曾经的叮嘱。,我深深記得良叔曾經的叮囑。,I vividly remembered Uncle Liang’s past warnings.,良の忠告を私はしっかりと胸に刻み付けている。,"Я точно помнил, о чём меня предупреждал дядюшка Лян."
,,,,,,,,,,默认116,,,,若是只有一个妖兵，他能轻松对付。,若是只有一個妖兵，他能輕鬆對付。,"If there were only one demon soldier, he could handle it easily.",妖兵が一人しかいなければ、彼は軽々と対応できる。,Если встретим одного яогуая - он справится с ним без проблем.
,,,,,,,,,,默认117,,,,有两个，他也可以试试看。,若是有兩個，他也可以試試看。,"If there were two, he could still manage.",二人でも、やれないことはない。,"Если двоих - будет трудно, но справится."
,,,,,,,,,,默认118,,,,三个，甚至更多，他大概会选择逃命。,若是有三個，甚至更多，皆是他大概會選擇逃命。,"But with three or more, he would likely flee for his life.",三人やもっと多ければ、基本的に逃げる。,"А если на троих или больше - ему только и останется, что сбежать."
,,,,,,,,,,默认119,,,,我尽量不会让他面对三个敌人。,我盡量不會讓他面對三個敵人。,I would try to prevent him from facing three enemies.,極力三人以上の相手をさせないようにしなければならない。,"Мне ни в коем случае нельзя допустить, чтобы ему пришлось сражаться сразу с тремя яогуаями."
,,,,,,,,,,默认120,,,,因为若是到那时，他大概能逃掉，我则是会逃都逃不掉。,因為若是到那時，他大概能逃掉，我則是會逃都逃不掉。,"Because if it came to that, he might escape, but I probably wouldn't stand a chance.",もしそうなれば、彼は逃げられるだろうが、私は逃げられないからだ。,"Потому что в таком-то случае он, может, и сбежит, а вот я вряд ли унесу ноги."
,,良清兵,怒,,,,,,,默认121,,良/18_良_09,,[这般找下去不是办法，太慢了！］,[這般找下去不是辦法，太慢了！］,"""This search method isn't working—it's too slow!""",「ええい、このままちんたら探していられるか！」,"""Плохо мы ищем, так не пойдёт! Слишком уж медленно."""
,,方知宥,,,,,,,,默认122,,方知宥/18_方知宥_07,,[是啊……若是我们再遇整队出巡的妖兵，躲都不好躲。],[是啊……若是我們再遇整隊出巡的妖兵，躲都不好躲。],"""Right...if we run into another full patrol of demon soldiers, hiding won't be easy.""",「そうだな……隊で動いてる妖兵に出くわしたら、逃げようにも逃げられなくなる」,"""Угу... если наткнёмся на патруль яогуаев, то укрыться от него нам будет не легко."""
,,良清兵,通常,,,,,,,默认123,,良/18_良_10,,[给你消息的人，没说明白王将军的儿媳具体在哪？],[給你消息的人，沒說明白王將軍的兒媳具體在哪？],"""Didn't your informant specify where General Wang's daughter-in-law is exactly?""",「その情報を教えてくれた者は、王将軍の妻がどこにいるのか具体的に教えてくれなかったのか？」,"""А тот, от кого ты это услышал, рассказывал, где точно сноха генерала Вана?"""
,,方知宥,,,,,,,,默认124,,方知宥/18_方知宥_08,,[她未必知道。］,[她未必知道。］,"""She might not know.""",「知っているとも限らない」,"""Тот человек, возможно, и сам не знал."""
,,良清兵,,,,,,,,默认125,,良/18_良_11,,[啧，不行……再拖下去，我要找的人只怕会遇到危险。],[嘖，不行……再拖下去，我要找的人只怕會遇到危險。],"""Tch, no good...any longer delay might put the person I'm seeking in danger.""",「ちっ、だめだこりゃ……このままもたもたしていても、俺の尋ね人が危ない目に遭いかねない」,"""Хм, так не пойдёт... Если будем медлить, те, кого я ищу, могут пострадать."""
,,方知宥,,,,,,,,默认126,,方知宥/18_方知宥_09,,[那该如何？］,[那該如何？］,"""Then what do we do?""",「ではどうする？」,"""Что Вы тогда предлагаете?"""
,,良清兵,,,,,,,,默认127,,良/18_良_12,,[抓个人问问。],[抓個人問問。],"""Let's grab someone and ask.""",「そりゃ、ふん捕まえて訊くのさ」,"""Давай схватим кого-нибудь и расспросим его."""
,,,,,,,,,,默认128,,,,良叔语气平淡地提议，好似在说要去捉一只鸡。,良叔語氣平淡地提議，好像在說要去捉一隻雞。,"Uncle Liang suggested casually, as if he were merely talking about catching a chicken.",まるで鶏でも捕まえるかのように、さらりとそう言う良。,"Будничным тоном предложил дядюшка Лян, словно собирался схватить курицу."
,CharacterOff,,,,,,,,,,,,,
,,红甲犬妖,<Off>,,,,,,,默认129,,红甲犬妖/18_红甲犬妖_01,,[喂！你们！］,[喂！你們！］,"""Hey! You guys!""",「よう！お前ら！」,"""Эй! Вы двое!"""
,,,,,,,,,,默认130,,,,正在此时，街那头传来一声叫喊。,正在此時，街那頭傳來一聲叫喊。,"Just then, a shout came from the other end of the street.",ちょうどその時、通りの向こうから誰かが叫んでいるのが聞こえた。,В этот момент с другого конца улицы нас окликнули.
,,红甲犬妖,,,,,1,,,,,,,
,,,,,,,,,,默认131,,,,只见一名红甲妖兵自拐角转出，瞧见我们，正朝这边招手。,只見一名紅甲妖兵自轉角轉出，看見我們，正朝這邊招手。,"A Red-Armored demon soldier rounded the corner, spotted us, and began waving in our direction.",赤い鎧を纏った妖兵が角から出てきて、私たちを見るや、こちらに向かって手を振っている。,"Яогуай в красной броне вывернул из-за угла и, заметив нас, махнул рукой в нашу сторону."
,,,,,,,,,,默认132,,,,这妖兵生着一颗黑色犬首，腰佩长刀，似是在独自行动。,這妖兵生著一顆黑色犬首，腰佩長刀，似是在獨自行動。,"The demon soldier had a black dog head, a long sword at its waist, and appeared to be operating alone.",黒い犬の頭に、腰には長剣を差した出で立ちだ。見るにどうやら胆道行動をしているようだ。,"У него была голова чёрной собаки, а на поясе висел длинный меч. Судя по всему, он был один."
,,,,,,,,,,默认133,,,,咦？这倒是我头一回见到犬首人身的妖兵。,咦？這倒是我頭一回見到犬首人身的妖兵。,Eh? This was actually the first time I’ve seen a demon soldier with a dog’s head and a human body.,む？犬頭の妖兵なんて初めて見た。,А? Впервые вижу такого яогуая - чтобы его тело венчала собачья голова.
,,,,,,,,,,默认134,,,,与先前所见的妖兵相比，这犬妖看着倒不那么凶残狰狞。,與先前所見的妖兵相比，這犬妖看著倒不那麼兇殘猙獰。,"Compared to the demon soldiers I’d seen before, this dog demon looked far less savage and menacing.",これまで見てきた妖兵と比べ、この犬妖はそこまで凶暴そうな気配がない。,"По сравнению с яогуаями, которых я видел раньше, этот выглядел куда менее свирепым и угрожающим."
,,良清兵,笑,,,,,,,默认135,,良/18_良_13,,[呵，倒有鞑子自己送上门来了……我们先上去见机行事，若他只有一人，我便捉了他细细拷问。],[呵，倒有韃子自己送上門來了……我們先上去見機行事，若他只有一人，我便捉了他細細拷問。],"""Hah, a Tatar delivering himself to our doorstep... Let's approach cautiously. If he's alone, I'll take him for thorough questioning.""",「ふっ、韃子の方から来てくれるとは都合がいい……ひとまず上から様子を見よう。あいつが一人だけなら、とっ捕まえて色々話を聞かせてもらおうじゃないか」,"""Гы, лёгок на помине... Сперва осторожно разведаем обстановку. Если он один, то я схвачу его и расспрошу как следует."""
,,,,,,,,,,默认136,,,,良叔压低声音对我说道。,良叔壓低聲音對我說道。,Uncle Liang whispered to me under his breath.,良が声をひそめてそう言った。,Прошептал сквозь зубы дядюшка Лян.
,,方知宥,,,,,,,,默认137,,方知宥/18_方知宥_10,,[好。],[好。],"""Got it.""",「ああ」,"""Понял."""
,,,,,,,,,,默认138,,,,我点点头，随良叔一同走向那犬头妖兵。,我點點頭，隨良叔一同走向那犬頭妖兵。,I nodded and followed Uncle Liang toward the dog-headed demon soldier.,私も頷き、良に続いて犬頭の妖兵の方に向かっていく。,"Кивнув, я пошёл вслед за ним к яогуаю."
,,红甲犬妖,严肃,,,,,,,默认139,,红甲犬妖/18_红甲犬妖_02,,[哎！你们是不知道传令吗？咋还搁这外面溜达呢？］,[哎！你們是不知道傳令嗎？怎麼還擱這外面溜達呢？］,"""Hey! Didn't you get the orders? Why are you still loitering out here?""",「よう！昨日のお達しを聞いてないンか？なンでまだ外でぶらぶらしてンだ」,"""Эй! Вы чойта, приказов не получали, чоль? Чо шастаете тутась?"""
,,,,,,,,,,默认140,,,,犬妖圆睁着眼，冲我们大声问道。,犬妖圓睜著眼，衝我們大聲問道。,The dog demon glared at us and barked.,犬妖が目をまん丸にして、声を張り上げた。,"Вытаращив глаза, рявкнул нам яогуай."
,,,,,,,,,,默认141,,,,他口音奇特，不知是北方何处的口音，让我一时怔住了。,他口音奇特，不知是北方何處的口音，讓我一時怔住了。,His strange accent—some northern dialect I couldn't place—left me momentarily speechless.,独特な訛りだ。北のどこの訛りかわからず、私は一瞬呆気にとられた。,Его странный говор - как будто откуда-то с севера - на миг сбил меня с толку.
,,方知宥,,,,,,,,默认142,,方知宥/18_方知宥_11,,[什么传令？］,[什麼傳令？］,"""What orders?""",「お達しって、何だ？」,"""Каких ещё приказов?"""
,,红甲犬妖,疑惑,,,,,,,默认143,,红甲犬妖/18_红甲犬妖_03,,[啊？你们不是王将军手底下的兵啊？瞅你们这身红甲，我还以为是一个营的。］,[啊？你們不是王將軍手底下的兵啊？看你們這身紅甲，我還以為是一個營的。］,"""Huh? You’re not General Wang’s men? With those Red-Armors, I figured you were from the same battalion.""",「えぇ？王将軍の配下じゃないンか？赤い鎧を着てるから、てっきり同じ隊かと思ったぜ」,"""А? Вы чо, не из отряда генерала Вана? Я позырил на ваши красные доспехи и потумкал, что вы из тамошних будете."""
,,良清兵,,,,,,,,默认144,,良/18_良_14,,[不，我们是从东城区那边来的。］,[不，我們是從東城區那邊來的。］,"""No, we’re from the East District.""",「いや、俺達は東城区から来たんだ」,"""Нет, мы из Восточного квартала."""
,,红甲犬妖,严肃,,,,,,,默认145,,红甲犬妖/18_红甲犬妖_04,,[啧！东城区！那我装作没瞅见，你们麻溜地回去吧！每个兵都有自个儿的地界儿，别瞎溜达嗷。］,[嘖！東城區！那我裝作沒看見，你們麻溜地回去吧！每個兵都有自個兒的地界兒，別瞎溜達嗷。］,"""Tsk! East District? Then I’ll pretend I didn’t see you—scram! Every soldier’s got his own turf, so quit snooping around.""",「けっ！東城区かよ！だったら見なかったことにしてやるから、とっとと帰ンな！兵にゃそれぞれの持ち場ってものがあるンだ。荒らすンじゃねぇ」,"""Тьфу ты! Восточного? Тогдась сделаю вид, что вас не видал - шагайте отсюдова! У каждого солдата свойный участок, нечего вам тутась попусту шататься."""
,,,,,,,,,,默认146,,,,红甲犬妖又补上一句。,紅甲犬妖又補上一句。,The Red-Armored Dog Demon added.,赤い鎧の犬妖が一言付け加える。,Ответил яогуай с собачей головой.
,,良清兵,,,,,,,,默认147,,,,[……］,[……］,"""...""",「……」,"""..."""
,,,,,,,,,,默认148,,,,我见良叔先是四下一扫，确定他只身一人。,我見良叔先是四下一掃，確定他隻身一人。,"I watched as Uncle Liang first scanned the area, confirming the man was alone.",良がまず周囲を見回し、相手が一人きりであることを確認する。,"Я заметил, что дядюшка Лян огляделся вокруг, дабы удостовериться, что яогуай был один."
,,,,,,,,,,默认149,,,,继而紧盯着他，似欲动手。,繼而緊盯著他，似欲動手。,"Then he fixed a piercing stare on him, poised to strike.",そのままじっと相手を見つめ、行動を起こそうとした。,"Затем он воззрился на него, явно готовый напасть."
,,,,,,,,,,默认150,,,,看来良叔打算立刻制住他，拖到僻静处盘问。,看來良叔打算立刻制住他，拖到僻靜處盤問。,"Apparently, Uncle Liang planned to subdue him immediately and drag him somewhere quiet for questioning.",どうやら今この場で彼を制圧し、人目につかない場所で尋問するつもりらしい。,"Похоже, Дядюшка Лян хотел обезвредить его и утащить куда-нибудь в тихое место для расспросов."
,,方知宥,,,,,,,,默认151,,,,[……],[……],"""...""",「……」,"""..."""
,,,,,,,,,,默认152,,,,我该提醒良叔不要轻举妄动，还是由他动手？,我該提醒良叔不要輕舉妄動，還是由他動手？,"Should I warn Uncle Liang against rash action, or let him proceed?",軽はずみなことはしないよう諫めるべきか、それとも彼に任せるべきか？,Стоит ли мне предостеречь дядюшку Ляна от поспешных действий... или же позволить ему напасть?
,Selection,*阻止良叔,,,,,,,,,,,,阻止良叔,阻止良叔,Stop Uncle Liang,良を止める,Остановить его
,Selection,*默许良叔,,,,,,,,,,,,默许良叔,默許良叔,Allow Uncle Liang,良に任せる,Не останавливать его
,*默许良叔
,,方知宥,,,,,,,,默认153,,,,[……],[……],"""...""",「……」,"""..."""
,,,,,,,,,,默认154,,,,我沉默着，手指微微蜷紧，终究没有抬手阻拦。,我沉默著，手指微微蜷緊，終究沒有抬手阻攔。,"I stayed silent, fingers twitching slightly, but ultimately didn't lift a hand to stop him.",私は黙ってきゅっと指を握ったまま、結局彼を止めなかった。,"Не говоря ни слова, я слегка сжал пальцы, но в конечном счёте всё же не подал никакого жеста, чтобы остановить его."
,,良清兵,,,,,,,,默认155,,,,[……],[……},"""...""",「……」,"""..."""
,,良清兵,怒,,,,,,,,,,,
,,,,,,,,,,默认156,,,,良叔见我默许，眼中凶光骤现，身形如电，突然爆步而起，一下便拉近了与犬妖的距离！,良叔見我默許，眼中凶光驟現，身形如電，突然爆步而起，一下便拉近了與犬妖的距離！,"Seeing my tacit approval, a dangerous glint flashed in Uncle Liang's eyes as he moved with lightning speed, suddenly closing the gap with the Dog Demon!",私が無言の肯定をしたのを確認すると、良の目がぎらりと光った。素早い身のこなしで飛び掛かり、一瞬で犬妖との距離を詰める。,"Видя отсутствие возражений с моей стороны, дядюшка Лян, в глазах которого вспыхнул свирепый блеск, подобно молнии подскочил и в два счёта оказался рядом с яогуаем!"
,,红甲犬妖,,,,,,,,默认157,,红甲犬妖/10分支_红甲犬妖_01,,[哎妈呀！你们干哈——],[哎媽呀！你們幹哈——],"""Oh my god! What the hell are you doing—""",「おいおい！何して――」,"""Ай-я, мамочки! Вы чойта такова де..."""
,,,,,,,,,,默认158,,,,红甲犬妖话音未落，良叔的重拳已经狠狠砸中他的面门！,紅甲犬妖話音未落，良叔的重拳已經狠狠砸中他的面門！,"Before the Red-Armored Dog Demon could finish speaking, Uncle Liang's heavy fist smashed into his face!",犬妖が言い終わらないうちに、良の強烈な拳が相手の顔にめり込んだ。,"Не успел собакоголовый яогуай договорить, как по его лицу со всей силы прилетел кулак дядюшки Ляна!"
,,红甲犬妖,严肃,,,,,,,默认159,,,,[……],[……],"""...""",「……」,"""..."""
,,红甲犬妖,被捆,,,,1,,,,,,,
,Se,摔倒,,,,,,,,,,,,
,Shake,Graphics,,x=200 y=120 time=0.4,,,,,PageWait,,,,,,,,,
,BgEvent,斜劈刀光,,顶BG,,,0,,,,,,,,,,,
,BgEventOff,斜劈刀光,,,,,0.5,,,,,,,,,,,
,Bg,青楼外街道昼残破,,,,,,,,,,,,
,CharacterOff,,,,,,,,,,,,,
,,,,,,,,,,默认160,,,,——嘭！,——嘭！,—Bang!,――ボコッ,Бух!
,,,,,,,,,,默认161,,,,犬妖连刀都来不及拔，哼都没哼一声就软倒下去。,犬妖連刀都來不及拔，哼都沒哼一聲就軟倒下去。,"The Dog Demon didn't even have time to draw his knife, collapsing without a sound.",剣を抜く間もなく、犬妖がうめき声ひとつあげずに、どさりと倒れ込んだ。,"Даже не успев достать меч, яогуай обмяк и рухнул на землю."
,,良清兵,,,,,,,,默认162,,,,[……],[……],"""...""",「……」,"""..."""
,,,,,,,,,,默认163,,,,良叔利落地拖起他壮实的身子，朝着暗巷一处漆黑的仓库走去了……,良叔俐落地拖起他壯實的身子，朝著暗巷一處漆黑的倉庫走去了……,Uncle Liang swiftly dragged his burly body toward a pitch-black warehouse in the dark alley...,良が手際よく、そのがっしりとした体を掴むと、路地裏の真っ暗な倉庫へと引きずっていった……,Дядюшка Лян ловко подхватил его могучее тело и оттащил к чёрному складу в тёмном переулке...
,FadeOut,black,,,,,1,,,,,,,,,,,
,Bg,西商仓库关,,,,,,,,,,,,
,Wait,,,,,,1,,,,,,,
,FadeIn,black,,,,,1,,,,,,,,,,,
,,,,,,,,,,默认164,,,,……,……,...,……,...
,,红甲犬妖,被捆,,,,,,,默认165,,红甲犬妖/10分支_红甲犬妖_02,,[你们有毛病是不？哪个营这么疯？突然打我，还绑我到这里来！],[你們有毛病是嗎？哪個營這麼瘋？突然打我、還綁我到這裡來！],"""Are you out of your minds? What kind of crazy battalion are you from? Attacking me out of nowhere and dragging me here!""",「気でも狂ったか？どこの部隊がこんな真似をするってンだ！いきなりぶン殴って、こンな場所に縛り付けやがって！」,"""Вы чойта, совсем одурели чоль? Эт чо за отряд у вас такой шальной? Бить мя вдруг вздумали, да ещё сюды приволокли!"""
,,,,,,,,,,默认166,,,,黑暗中，红甲犬妖被良叔捆住了双手。,黑暗中，紅甲犬妖被良叔捆住了雙手。,"In the darkness, the Red-Armored Dog Demon's hands were bound by Uncle Liang.",暗闇の中で、赤い鎧の犬妖が良に両手を縛られている。,Вокруг было темно. Яогуай с головой собаки был связан по рукам дядюшкой Ляном.
,,,,,,,,,,默认167,,,,他刚刚醒来，摇晃着身体，怒声质问我们。,他剛剛醒來，搖晃著身體，怒聲質問我們。,"He had just woken up, swaying unsteadily, and angrily demanded answers from us.",目を覚ますなり、彼は体を揺らし、こちらに怒声を浴びせてきた。,"Он только что пришёл в себя и, покачиваясь всем телом, злобно требовал от нас ответа."
,,良清兵,怒,,,,,,,默认168,,良/10分支_良_01,,[闭嘴，我要问你一些事，问你什么，便答什么。],[閉嘴，我要問你一些事，問你什麼，便答什麼。],"""Shut up. I’m going to ask you questions. Answer whatever I ask.""",「黙れ。聞きたいことがある。質問にすべて答えろ」,"""Заткнись. Я спрошу у тебя кое-что, и ты мне ответишь всё, что потребуется."""
,,,,,,,,,,默认169,,,,良叔把刀鞘抵在了他的脖子上。,良叔把刀鞘抵在了他的脖子上。,Uncle Liang pressed the scabbard against his neck.,良が剣の鞘を彼の首に当てた。,Дядюшка Лян прижал ножны к его шее.
,,红甲犬妖,被捆张嘴,,,,,,,默认170,,红甲犬妖/10分支_红甲犬妖_03,,[哎呦喂……大哥，咱有话好说行不？俺就是个巡街的……］,[哎呦喂……大哥，咱有話好說行嗎？俺就是個巡街的……］,"""Whoa there... Sir, can’t we talk this out? I’m just a street patrol...""",「おいおい……穏便に話し合いといこうじゃないか。俺はただの見回りだぜ……」,"""Ой-ёй... Брательник, да мож потолкуем по-людски? Я ж тутась всевой лишь патрульный..."""
,,良清兵,,,,,,,,默认171,,良/10分支_良_02,,[王将军的儿媳在哪？］,[王將軍的兒媳在哪？］,"""Where is General Wang’s daughter-in-law?""",「王将軍の妻はどこだ？」,"""Где сноха генерала Вана?"""
,,红甲犬妖,被捆张嘴,,,,,,,默认172,,红甲犬妖/10分支_红甲犬妖_04,,[啥啊？不知道啊……］,[什麼啊？不知道啊……］,"""Huh? No idea...""",「ああ？知らねえなあ……」,"""Чавось? Да я ваще без понятия..."""
,,良清兵,怒,,,,,,,默认173,,,,[……],[……],"""...""",「……」,"""..."""
,,,,,,,,,,默认174,,,,良叔冷笑一声，将刀鞘挪开一半，刀刃压在了犬妖的脖子上，将他几缕鬃毛齐根削落。,良叔冷笑一聲，將刀鞘挪開一半，刀刃壓在了犬妖的脖子上，將他幾縷鬃毛齊根削落。,"Uncle Liang let out a cold laugh, shifted the scabbard halfway, and pressed the blade against the Dog Demon’s neck, shearing off several tufts of his mane at the roots.",良がふんと笑うと鞘から剣を半分ほど抜き、犬妖の首に押し当て、たてがみを数本、根元からそぎ落とす。,"С холодной усмешкой дядюшка Лян выдвинул меч из ножен наполовину и прижал лезвие к шее яогуая, сбрив ему часть щетины."
,,红甲犬妖,被捆,,,,,,,默认175,,红甲犬妖/10分支_红甲犬妖_05,,[妈呀！别动手！王将军的儿媳在南边儿！就在湖上那老大个儿的房子里！她心善过了头！在那儿收留难民！],[媽呀！別動手！王將軍的兒媳在南邊兒！就在湖上那老大個兒的房子裡！她心善過了頭！在那裡收留難民！],"""My god! Stop! General Wang's daughter-in-law is in the southern district! In that massive lakeside mansion! Her kindness borders on naivety! She's sheltering refugees there!""",「ちょちょちょ！待った！王将軍の嫁さんは南にいる！湖のでっかい屋敷の中だ！あの人は優しすぎる性分でな、そこで避難民を匿ってるんだ！」,"""Мамочки! Постой! Евоная сноха на юге! В огромадном доме на озере! Она жуть какая добрая - всяких беженцев тама ютит!"""
,,,,,,,,,,默认176,,,,犬妖因贪生怕死而急切地喊着，不仅向我们透露了王将军儿媳的所在之处，也验证了林翩翩透露的情报。,犬妖因貪生怕死而急切地喊著，不僅向我們透露了王將軍兒媳的所在之處，也驗證了林翩翩透露的情報。,"The Dog Demon cried out in cowardly desperation, betraying both the location of General Wang's daughter-in-law and corroborating Lin Pianpian's intelligence.",命惜しさに犬妖が必死に叫んだ。王将軍の妻の居場所どころか、林翩翩が明かしてくれた話の裏付けまでしてくれる。,"Вскрикнув от ужаса, раскрыл её местонахождение яогуай, заодно подтвердив то, что говорила Линь Пяньпянь."
,CharacterOff,,,,,,,,,,,,,
,,方知宥,,,,,,,,默认177,,,,[……],[……],"""...""",「……」,"""..."""
,,,,,,,,,,默认178,,,,哦？,哦？,Oh?,おや？,А?
,,,,,,,,,,默认179,,,,我微微一怔。,我微微一怔。,"I start slightly, taken aback.",私はぽかんとした。,Я слегка оторопел.
,,,,,,,,,,默认180,,,,犬妖只是略微描述，我便知道王将军的儿媳在何处了。,犬妖只是略微描述，我便知道王將軍的兒媳在何處了。,The Dog Demon's scant description was enough—I knew precisely where General Wang's daughter-in-law resided.,犬妖のわずかな供述で、それがどこなのか分かったのだ。,"По этому смутному описанию яогуая я сразу понял, что это было за место."
,,,,,,,,,,默认181,,,,南边，高大而盖在湖上的房子……那不就是……,南邊，高大而蓋在湖上的房子……那不就是……,The southern district... that imposing lakeside residence... it could only be...,南、湖の上に建てられた屋敷……それは……,Южная сторона... огромный дом над озером... это может быть только...
,,,,,,,,,,默认182,,,,是啊……,是啊……,Yes...,そうか……,Точно...
,,,,,,,,,,默认183,,,,我怎么早没想到？,我怎麼早沒想到？,Why didn't I think of this sooner?,どうしてもっと早く気付かなかったのだろうか。,Ну как я раньше не догадался?
,,,,,,,,,,默认184,,,,二十四桥最能容纳难民之处，必是最大的场所。,二十四橋最能容納難民之處，必是最大的場所。,The place in Twenty-Four Bridges most capable of housing refugees would undoubtedly be the largest establishment.,二十四橋で最も難民を受け入れられる所と言えば、当然ながら最も広い場所になる。,"Место в районе Двадцать четвёртого моста, способное вместить столько беженцев, очевидно, должно быть самым крупным."
,,,,,,,,,,默认185,,,,而整个二十四桥最大的青楼，那只能是——,而整個二十四橋最大的青樓，那只能是——,And the largest pleasure house in all of Twenty-Four Bridges could only be—,そして二十四橋で最大の青楼と言えば、あそこしかない――,"А самым большим ""зелёным теремом"" во всём районе будет..."
,,,,,,,,,,默认186,,,,泠音阁。,泠音閣。,<ruby=泠音>Lingyin</ruby> Pavilion.,<ruby=れんいんかく>泠音閣</ruby>だ。,Мелодичный Павильон.'
,,,,,,,,,,默认187,,,,……,……,...,……,...
,StopVoice,,,,,,1,,,,,,,,,,,
,FadeOut,black,,,,,1,,,,,,,,,,,
,Wait,,,,,,1,,,,,,,,,,,
,FadeIn,black,,,,,1,,,,,,,,,,,
,,,,,,,,,,默认188,,,,我们得到了想要的消息后，便饶了犬妖一命。,我們得到了想要的消息後，便饒了犬妖一命。,"After obtaining the information we needed, we spared the Dog Demon's life.",必要な情報が手に入ったことに免じて、犬妖の命までは取らないでおいた。,"Добыв нужные нам сведения, мы пощадили собакоголового яогуая."
,,,,,,,,,,默认189,,,,饶他性命这一事，略微有些波折。,饒他性命這一事，略微有些波折。,Sparing his life wasn't without complications.,それまでに少々の紆余曲折があった。,Такое решение было принято не сразу.
,,,,,,,,,,默认190,,,,起初，良叔在询问了他消息后，想要将他灭口。,起初，良叔在詢問了他消息後，想要將他滅口。,"Initially, Uncle Liang intended to eliminate him after extracting the information.",はじめ、良は彼から情報を引き出し終えると、口封じをするつもりだった。,"Поначалу дядюшка Лян думал прикончить его после того, как мы всё узнали."
,,,,,,,,,,默认191,,,,毕竟，这犬妖见过我们的脸，也大概能猜出我们的妖兵身份是假的。,畢竟，這犬妖見過我們的臉，也大概能猜出我們的妖兵身份是假的。,"After all, the Dog Demon had seen our faces and might have guessed our identities as demon soldiers were fabricated.",私たちの顔を見られているし、おそらく妖兵のふりも偽装だとばれてしまう。,"Ведь тот же видел наши лица и, скорее всего, мог догадаться, что мы лишь притворяемся солдатами."
,,,,,,,,,,默认192,,,,且良叔在他的刀刃上看到了血迹，怀疑他之前杀过百姓。,且良叔在他的刀刃上看到了血跡，懷疑他之前殺過百姓。,"Moreover, Uncle Liang noticed bloodstains on his blade and suspected he'd killed civilians before.",さらに、良が妖兵の剣に血痕がついているのを見つけ、以前に民を殺した可能性を疑っていた。,"К тому же, дядюшка Лян увидел на мече яогуая кровавые следы и заподозрил, что тот убивал мирных жителей."
,,,,,,,,,,默认193,,,,对此，犬妖的解释是：他刀刃上的血是在战场上蹭的。,對此，犬妖的解釋是說：他刀刃上的血是在戰場上蹭的.,"In response, the Dog Demon explained that the blood on his blade had been smeared from the battlefield.",血痕の件について、犬妖は戦場でついたものだと釈明した。,"На это яогуай объяснил, что эти следы остались ещё с поля боя."
,,,,,,,,,,默认194,,,,他只杀过和他以命相搏的兵，从来没有杀过百姓。,他只殺過和他以命相搏的兵，從來沒有殺過百姓。,"He had only slain soldiers who fought him to the death, never civilians.",やり合った兵を殺しただけで、普通の民は殺したことがないと。,Он лишь убивал солдат в честной схватке и никогда не поднимал руку на мирное население.
,,,,,,,,,,默认195,,,,良叔不太信，还是打算杀他。,良叔不太信，還是打算殺他。,Uncle Liang remained unconvinced and still intended to kill him.,だが良はあまりその話を信じず、やはり殺そうとした。,"Дядюшка Лян, не поверив ему, всё равно хотел его убить."
,,,,,,,,,,默认196,,,,而这时，我替那个犬妖做了担保，说明他确实和其他妖兵不同——我愿意相信他没伤过百姓。,而這時，我替那個犬妖做了擔保，說明他確實和其他妖兵不同——我願意相信他沒傷過百姓。,"At that moment, I vouched for the Dog Demon, asserting that he was truly unlike other demon soldiers—I believed he had never harmed civilians.",その時、私が彼の話の保証人となり、実際に彼が他の妖兵と異なると話した――彼がこのかた民を傷つけたことがないと、信じても良いと思ったのだ。,"Но в этот момент я решил вступиться за него - он ведь действительно не был похож на остальных яогуаев, и я был готов поверить, что он и правда не причинял вреда мирным людям."
,,,,,,,,,,默认197,,,,这是源于我从兽视病中看到的他的模样，在我的眼里，他是较为和善的犬妖——而非狼妖、鹰妖、豹妖那等凶狠的妖兵。,這是源於我從獸視病中看到的他的模樣，在我的眼裡，他是較為和善的犬妖——而非狼妖、鷹妖、豹妖那等兇狠的妖兵。,"This conviction came from the vision of him I saw through the Beast's Affliction—to my eyes, he was a comparatively gentle Dog Demon, not one of the vicious demon soldiers like Wolf Demons, Eagle Demons, or Leopard Demons.",私の獣視病で見た彼の姿が理由だった。私の目から見た彼は、比較的善良な犬妖だった――狼妖や鷹妖、豹妖などの凶悪な妖兵とは違う。,"Причиной этому было то, как я видел его через свой звериный взор - он ведь выглядел довольно беззлобным псом, а не волком, вепрем, леопардом или ещё какой злобной тварью."
,,,,,,,,,,默认198,,,,良叔虽然不知道我以何为根据能替他做担保，但是也因我的劝说，打消了将他灭口的主意。,良叔雖然不知道我以何為根據能替他做擔保，但是也因我的勸說，打消了將他滅口的主意。,"Though Uncle Liang didn’t know what grounds I had to vouch for him, my persuasion made him abandon the idea of silencing the man.",私が何を根拠に犬妖の話を保証しているのか良にはわかっていなかったが、なんとか説き伏せて口封じをやめさせることはできた。,"Хоть дядюшка Лян и не знал, с чего это я вдруг решил поручиться за него, он всё же решил последовать моему совету и не убивать его."
,,,,,,,,,,默认199,,,,……,……,...,……,...
,FadeOut,black,,wipe_left,,,1,,,,,,,,,,,
,Bg,青楼外街道昼残破,,,,,0,,,,,,,,,,,
,FadeIn,black,,wipe_right,,,1,,,,,,,,,,,
,,,,,,,,,,默认200,,,,于是，我们最终把他锁在了一间偏僻的小黑屋里，给了他一些食物和水。,於是，我們最終把他鎖在了一間偏僻的小黑屋裡，給了他一些食物和水。,"Ultimately, we locked him in a secluded, pitch-black room and provided some food and water.",そんなわけで、結局私たちは辺鄙な場所にある小屋に彼を閉じ込め、食料と水を分けてやった。,"Мы заперли его в неприметном тёмном здании, оставив ему немного еды и воды."
,Sprite,黑,,特效前,,,0.5,,,,,,,,,,,
,Tween,黑,ColorTo,alpha=0 time=0,,,,,,,,,,,,,,
,Tween,黑,ColorTo,alpha=0.4 time=0,,,,,NoWait,,,,,,,,,
,Wait,,,,,,0,,,,,,,,,,,
,,,,,,,,,,默认201,,,,从小屋的位置推断，慢的话，他大概几日后才会被周围的人发现。,從小屋的位置推斷，慢的話，他大概幾日後才會被周圍的人發現。,"Judging by the hut’s location, at worst, it would likely take days before anyone nearby discovered him.",小屋の場所からするに、遅くても数日後には誰かに発見されることだろう。,"Исходя из расположения этого здания, самое позднее его обнаружат только через несколько дней."
,,,,,,,,,,默认202,,,,若是快的话，也大概得等几个时辰后，街上的妖兵多起来后……才会让他被人发现。,若是快的話，也大概得等幾個時辰後，街上的妖兵多起來後……才會讓他被人發現。,"At best, it would still require several hours—only after more demon soldiers patrolled the streets... would he be found.",早くても数刻後、町の妖兵たちが起き出した後……そこでようやく見つけられるだろう。,"А самое быстрое - через несколько страж, когда яогуаев на улицах станет больше..."
,,,,,,,,,,默认203,,,,我更希望他晚些才被人发现，免得暴露我和良叔的行动。,我更希望他晚些才被人發現，免得暴露我和良叔的行動。,I preferred him to be discovered later to avoid exposing Uncle Liang’s and my own movements.,できれば遅めに見つかり、私と良の行動がばれないようにしたい。,"Я надеялся, что его всё-таки найдут не слишком быстро - чтобы он не выдал нас с дядюшкой Ляном."
,,,,,,,,,,默认204,,,,这种想法，一直也令我惴惴不安。,這種想法，一直也令我惴惴不安。,This thought has always filled me with unease.,だがこの案が、ずっと私を不安にさせている。,Мысль об этом всё не давала мне покоя.
,,,,,,,,,,默认205,,,,唉。,唉。,Sigh...,はあ。,Эх...
,,,,,,,,,,默认206,,,,其实，若是当时我能劝住良叔，不让他对犬妖冲动下手，以更平和的方式获取情报……此事或许就没这么麻烦了。,其實，若是當時我能勸住良叔，不讓他對犬妖衝動下手，以更平和的方式獲取情報……此事或許就沒這麼麻煩了。,"In truth, if I had persuaded Uncle Liang back then—stopped him from attacking the Dog Demon impulsively and gathered information peacefully...this matter might not have become so troublesome.",正直、あの時私が犬妖に手出ししないよう説得し、もっと平和的な手段で情報を得ていれば……このような面倒にはならなかったかもしれない。,"Если бы я тогда его остановил и мы бы добыли нужные нам сведения у яогуая мирным способом... возможно, это бы избавило нас от лишних проблем."
,SpriteOff,黑,,,,,0.5,,NoWait,,,,,,,,,
,Wait,,,,,,0.5,,,,,,,,,,,
,Jump,*知道位置
,*阻止良叔
,,方知宥,,,,,,,,默认208,,,,[……],[……],"""...""",「……」,"""..."""
,,,,,,,,,,默认209,,,,我轻碰良叔的手，示意他勿要冲动。,我輕碰良叔的手，示意他勿要衝動。,"I gently tap Uncle Liang's hand, signaling him not to be impulsive.",私は良の手にぽんと触れ、うかつに動かないよう合図した。,"Я легонько хлопнул дядюшку Ляна по руке, давая понять, что действовать импульсивно сейчас не стоит."
,,,,,,,,,,默认210,,,,这犬妖看着不甚精明，也不似其他妖兵那般凶残嗜杀。,這犬妖看著不甚精明，也不似其他妖兵那般兇殘嗜殺。,"This dog demon doesn't seem particularly bright, nor as vicious as other demon soldiers.",この犬妖は大して頭も回らなさそうだし、他の妖兵たちほど血に飢えた様子もない。,"Этот яогуай на вид не семи пядей во лбу, да и не такой свирепый, как остальные яогуаи."
,,,,,,,,,,默认211,,,,不如先与他攀谈，尽量免动干戈，也好少生事端。,不如先與他攀談，盡量免動干戈，也好少生事端。,Better to talk with him first to avoid fighting and reduce complications.,まずは話して武力行使は極力避け、面倒事を起こさない方がいい。,"Лучше сначала просто поговорить с ним - драка это только лишние проблемы, которых предпочтительнее избежать."
,,良清兵,,,,,,,,默认212,,,,[……］,[……］,"""...""",「……」,"""..."""
,,,,,,,,,,默认213,,,,良叔被我碰了碰手，瞥见我眼神，也会了意。,良叔被我碰了碰手，瞥見我眼神，也會了意。,"Feeling my touch and catching my glance, Uncle Liang got the message.",手をぶつけられた良が私の目を見て、その意図を汲み取ってくれた。,"Почувствовав моё прикосновение и прочитав мой взгляд, дядюшка Лян понял мой посыл."
,CharacterOff,,,,,,,,,,,,,
,,方知宥,,,,,,,,默认214,,方知宥/18_方知宥_12,,[这位大哥，我们这就走，不过走之前，能跟您打听个事吗？］,[這位大哥，我們這就走，不過走之前，能跟您打聽個事嗎？］,"""Hey bro, we're leaving now, but before we go, can I ask you something?""",「すまなかった。すぐ去るとするよ。だがその前に少し聞いてもいいか？」,"""Уважаемый брат, мы сейчас уйдём - но прежде не могли бы Вы нам сообщить кое-что?"""
,,,,,,,,,,默认215,,,,我挤出笑容，讨好地问道。,我擠出笑容，討好地問道。,I forced a smile and asked ingratiatingly.,私は作り笑いをし、すり寄るようにそう訊いた。,"Натянув улыбку, льстиво спросил я."
,,红甲犬妖,疑惑,,,,,,,默认216,,红甲犬妖/18_红甲犬妖_05,,[啥事啊？］,[什麼事啊？］,"""What's up?""",「なンだ？」,"""Чавось?"""
,,方知宥,,,,,,,,默认217,,方知宥/18_方知宥_13,,[我听别处说，王将军好像跟其他将领不太一样，是咋个不一样？],[我聽別處說，王將軍好像跟其他將領不太一樣，是怎麼個不一樣？],"""I heard General Wang's different from other commanders - how exactly?""",「王将軍は他の将軍たちと違うとよそで聞いたンだが、どう違うンだ？」,"""Слыхал я, что генерал Ван отличается от других генералов - но в чавом же таком?"""
,,,,,,,,,,默认218,,,,我凭直觉学习着他那独特的口音，试图和他套近乎。,我憑直覺學習著他那獨特的口音，試圖和他套交情。,"I instinctively mimicked his distinctive accent, trying to cozy up to him.",私は直感で彼の特徴的な訛りを真似て、親近感を得ようとした。,"Я навскидку попытался подражать его говору, стараясь тем самым расположить его к себе."
,,,,,,,,,,默认219,,,,但大概并不像。,但大概並不像。,But it probably didn't sound right.,だがうまくいかなかったらしい。,"Хотя, наверно, прозвучало это совсем не так, как надо."
,,红甲犬妖,通常,,,,,,,默认220,,红甲犬妖/18_红甲犬妖_06,,[嗨，还有啥不一样的？不就是不让整死人呗！],[嗨，還有什麼不一樣的？不就是不讓整死人唄！],"""Ha! What's so special? Just no killing allowed!""",「はぁ？何が違うって？人を殺さねえだけだろ！」,"""Гы! Да чем-чем отличается, решать людей нам не разрешает, вот и всевой-то!"""
,,红甲犬妖,,,,,,,,默认221,,红甲犬妖/18_红甲犬妖_07,,[王将军这啊！有军令，只拿钱财，每回拿了还给张安民符节，瞅见拿符节的就不许再动了。],[王將軍這啊！有軍令，只拿錢財，每回拿了還給張安民符節，看見拿符節的就不許再動了。],"""General Wang gave order! With the order, we only take money, and give out Pacification Edicts each time. If we spot someone with this edict, we leave them alone.""",「王将軍はなあ！財を奪ったら安民符を返すよう軍令を出してンだ。んで、安民符を持ってる者にはそれ以上手出しさせないンだよ」,"""Генерал Ван-то! Приказ дал, мол, тока деньгу можем брать, а взамен защитные грамоты даём. Коль у кого грамота така имеется - таких впредь не трогаем."""
,,红甲犬妖,,,,,,,,默认222,,红甲犬妖/18_红甲犬妖_08,,[唉，其实我也觉得杀人不好，但只抢一回太少了，好多兄弟瞧见南蛮子这么阔，心里憋火啊！],[唉，其實我也覺得殺人不好，但只搶一回太少了，好多兄弟看見南蠻子這麼闊，心裡憋火啊！],"""Sigh, I actually think killing is bad too, but robbing just once isn't enough. Many brothers are furious seeing how wealthy those southern barbarians are!""",「はぁ、俺だって殺しが良くないってことは分かってる。だが盗みが一回ぽっきりってのはあンまりだぜ。南の蛮人どもがこんなに景気いいのを見て、他の連中もむしゃくしゃしてンだ！」,"""Эх, я-то тож считаю, что убивать - така се затея, но всевой раз деньгу стрясти – чойта совсем уж мало. Брательники-то мои зырят, при каких больших барышах живёт это южное отребье, ну и беснуются!"""
,,红甲犬妖,严肃,,,,,,,默认223,,红甲犬妖/18_红甲犬妖_09,,[还有啊……王将军那儿媳妇儿，整得太过了，忒心慈手软了些！],[還有啊……王將軍那裡媳婦兒，整得太超過了，忒心慈手軟了些！],"""And another thing... General Wang's daughter-in-law is going way too far—she's far too soft-hearted!""",「それに……王将軍の嫁さンよ。ありゃやりすぎだ。いい子ちゃンすぎるンだよ！」,"""А! Ещё вот чо... сноха эта евоная, ваще оборзела - ну слишком уж мягкотелая она!"""
,,红甲犬妖,,,,,,,,默认224,,红甲犬妖/18_红甲犬妖_10,,[她这几天一个劲儿地收留城里人，去找她的都护着，昨个儿还拿出钱粮救济，这么整人越来越多，早晚得捅娄子！］,[她這幾天一個勁地收留城裡人，去找她的都護著，昨個兒還拿出錢糧救濟，這麼整人越來越多，早晚得捅婁子！］,"""Lately, she's been taking in city folks nonstop, protecting everyone who comes to her. Yesterday she even handed out money and food—this'll just attract more people, and sooner or later it'll cause trouble!""",「ここ数日、ひたすら町の連中を匿って守ってンだ。昨日なンか金を払って飯まで食わせてたンだぜ。こンなンじゃ、いずれ人が増えすぎて、ろくなことにならねえ！」,"""Надысь она начала ютить и защищать местных, которые к ней приходят. Вчерась она ваще жрачку и деньгу им стала раздавать -так к ней всё большей и большей народу повалит, это добром не кончится!"""
,,,,,,,,,,默认225,,,,犬妖被打开话匣子后，滔滔不绝地说着。,犬妖被打開話匣子後，滔滔不絕地說著。,"Once the dog demon started talking, it wouldn't stop, rambling endlessly.",犬妖は口を開くと、堰を切ったように話し始めた。,"Стоило яогуаю заговорить, так он сразу же стал трещать без умолку."
,,,,,,,,,,默认226,,,,他热情地仿佛是一个指路的村民，全然没有妖兵的模样。,他熱情地彷彿是一個指路的村民，全然沒有妖兵的模樣。,"He was as enthusiastic as a villager giving directions, with no trace of a demon soldier about him.",その様はまるで親切に案内してくれる村人だ。とても妖兵らしさを感じない。,"Он больше походил на деревенского, у которого спросили дорогу, чем на типичного яогуая."
,,方知宥,,,,,,,,默认227,,方知宥/18_方知宥_14,,[那王将军的儿媳在哪？］,[那王將軍的兒媳在哪？］,"""Where is General Wang's daughter-in-law?""",「それで、王将軍の妻はどこにいるんだ？」,"""Так а где сноха эта?"""
,,,,,,,,,,默认228,,,,我又问他。,我又問他。,I asked him again.,私がさらに踏み込んで質問する。,Задал я ему ещё вопрос.
,,红甲犬妖,通常,,,,,,,默认229,,红甲犬妖/18_红甲犬妖_11,,[咋的？你这当兵的还想去领救济啊？],[怎樣？你這當兵的還想去領救濟啊？],"""What? You soldiers still lining up for relief handouts?""",「なンだ？兵のくせに『まかない』が欲しいのか？」,"""Чавось? Вы чо, тож подачку от ней хочете получить?"""
,,,,,,,,,,默认230,,,,他仰头一笑。,他仰頭一笑。,He threw his head back and laughed.,彼が天を仰いでげらげらと笑った。,"Запрокинув голову, расхохотался он."
,,良清兵,怒,,,,,,,默认231,,良/18_良_15,,[我们有军令在身，你别多问。],[我們有軍令在身，你別多問。],"""We’re under Military Orders—stop asking.""",「軍令を預かってるんだ。余計なことは聞くな」,"""Не спрашивай. Приказ дали - мы исполняем."""
,,,,,,,,,,默认232,,,,良平淡地应了一句，用冷漠的眼神盯着他。,良平淡地應了一句，用冷漠地眼神盯著他。,"Liang replied flatly, fixing him with a cold stare.",良が淡々とそう言い、冷たい目で彼を睨みつけた。,"Сухо ответил Лян, впившись в него ледяным взглядом."
,,红甲犬妖,通常,,,,,,,默认233,,红甲犬妖/18_红甲犬妖_12,,[行……那不问了，王将军那儿媳妇儿在南边那块，有栋挺高的大房子，盖湖上了！],[行……那不問了，王將軍那裡媳婦兒在南邊那塊，有棟挺高的大房子，蓋湖上了！],"""Fine... I’ll drop it. General Wang’s daughter-in-law’s place is south—a big house on stilts over the lake!""",「そうかい……ならこれ以上は聞かねえよ。王将軍の嫁さンは、南の方にある湖の上に建ってるでかい屋敷の中だ！」,"""Лады... Замяли. Его сноха щас на юге – тама такой огромадный дом стоит, прям над озером!"""
,,,,,,,,,,默认234,,,,他仿佛是被良叔盯怕了，不自觉便吐露了重要的情报。,他彷彿是被良叔盯怕了，不自覺便吐露了重要的情報。,"Cowed by Uncle Liang’s glare, he blurted out the key details.",良に睨みつけられて怖くなったのか、ぽろりと重要な情報を吐いた。,Под давлением взгляда дядюшки Ляна выложил он нам нужные сведения.
,CharacterOff,,,,,,,,,,,,,
,,方知宥,,,,,,,,默认235,,,,[……],[……],"""...""",「……」,"""..."""
,,,,,,,,,,默认236,,,,哦？,哦？,Oh?,おや？,А?
,,,,,,,,,,默认237,,,,我微微一怔。,我微微一怔。,"I start slightly, taken aback.",私はぽかんとした。,Я слегка оторопел.
,,,,,,,,,,默认238,,,,犬妖只是略微描述，我便知道是何处了。,犬妖只是略微描述，我便知道是何處了。,"With that brief description from the dog demon, I knew exactly where it was.",犬妖のわずかな供述で、それがどこなのか分かったのだ。,"По этому смутному описанию яогуая я сразу понял, что это было за место."
,,,,,,,,,,默认239,,,,南边，高大而盖在湖上的房子……那不就是……,南邊，高大而蓋在湖上的房子……那不就是……,The southern district... that imposing lakeside residence... it could only be...,南、湖の上に建てられた屋敷……それは……,Южная сторона... огромный дом над озером... это может быть только...
,,,,,,,,,,默认240,,,,是啊……,是啊……,Yes...,そうか……,Точно...
,,,,,,,,,,默认241,,,,我怎么早没想到？,我怎麼早沒想到？,Why didn't I think of this sooner?,どうしてもっと早く気付かなかったのだろうか。,Ну как я раньше не догадался?
,,,,,,,,,,默认242,,,,二十四桥最能容纳难民之处，必是最大的场所。,二十四橋最能容納難民之處，必是最大的場所。,The place in Twenty-Four Bridges most capable of housing refugees would undoubtedly be the largest establishment.,二十四橋で最も難民を受け入れられる所と言えば、当然ながら最も広い場所になる。,"Место в районе Двадцать четвёртого моста, способное вместить столько беженцев, очевидно, должно быть самым крупным."
,,,,,,,,,,默认243,,,,而整个二十四桥最大的青楼，那只能是——,而整個二十四橋最大的青樓，那只能是——,And the largest pleasure house in all of Twenty-Four Bridges could only be—,そして二十四橋で最大の青楼と言えば、あそこしかない――,"А самым большим ""зелёным теремом"" во всём районе будет..."
,,,,,,,,,,默认244,,,,泠音阁。,泠音閣。,<ruby=泠音>Lingyin</ruby> Pavilion.,<ruby=れんいんかく>泠音閣</ruby>だ。,Мелодичный Павильон.'
,*知道位置,,,,,,,,,,,,,
,,,,,,,,,,默认245,,,,……,……,...,……,...
,StopVoice,,,,,,1,,,,,,,,,,,
,FadeOut,black,,,,,1,,,,,,,,,,,
,Wait,,,,,,1,,,,,,,,,,,
,FadeIn,black,,,,,1,,,,,,,,,,,
,,良清兵,,,,,,,,默认246,,良/10分支_良_03,,[知幼，你知道他说的地方？］,[知幼，你知道他說的地方？］,"""Zhiyo, do you know the place he mentioned?""",「知優、どこのことを言ってたのか、わかるのか？」,"""Чжию, тебе известно это место?"""
,,,,,,,,,,默认247,,,,告别了刚才那个红甲犬妖后，良叔便询问我。,告別了剛才那個紅甲犬妖後，良叔便詢問我。,"After bidding farewell to the Red-Armored Dog Demon earlier, Uncle Liang asked me.",赤い鎧の犬妖と別れた後、良が私に訊いてきた。,"После того, как мы попрощались с яогуаем, спросил меня дядюшка Лян."
,,,,,,,,,,默认248,,,,此时我正带他走在二十四桥河畔边的街道上，向南而行。,此時我正帶他走在二十四橋河畔邊的街道上，向南而行。,"At that time, I was walking him along the riverbank streets of Twenty-Four Bridges, heading south.",この時の私は彼を連れて二十四橋の川辺の街道を南向きに歩いていた。,Сейчас я вёл его на юг вдоль набережной района Двадцать четвёртого моста.
,,方知宥,,,,,,,,默认249,,方知宥/10分支_方知宥_01,,[嗯，在整个二十四桥街区，盖在湖上的楼阁只有一处……便是泠音阁。］,[嗯，在整個二十四橋街區，蓋在湖上的樓閣只有一處……便是泠音閣。］,"""Hmm, in the entire Twenty-Four Bridges district, only one pavilion stands over the lake... the <ruby=泠音>Lingyin</ruby> Pavilion.""",「ああ。二十四橋の全域でも、湖の上にある建物は一つしかない……泠音閣だ」,"""Угу, во всём районе только одно место стоит над озером... 'Мелодичный павильон'."""
,,良清兵,,,,,,,,默认250,,良/10分支_良_04,,[你以前去过？］,[你以前去過？］,"""Have you been there before?""",「行ったことがあるのか？」,"""Бывал там?"""
,,方知宥,,,,,,,,默认251,,方知宥/10分支_方知宥_02,,[常去。],[常去。],"""Frequently.""",「いつもさ」,"""Бывал. И не раз."""
,CharacterOff,,,,,,,,,,,,,
,,,,,,,,,,默认252,,,,我淡淡说了一句，然后两人便一路无话。,我淡淡說了一句，然後兩人便一路無話。,"I said flatly, and then we walked in silence the rest of the way.",私がそう答えると、その後は二人とも無言だった。,Сухо ответил я. Остальную часть пути мы шли молча.
,,,,,,,,,,默认253,,,,我们先是沿着街走，等过了一段岔路后，开始沿着城内河走。,我們先是沿著街走，等過了一段岔路後，開始沿著城內河走。,"We first walked along the street, then, after passing a fork in the road, began following the city's canal.",街道沿いに歩き、分かれ道を越えると、町の川沿いを歩き始めた。,"Сначала мы шли по улице, затем, пройдя развилку, начали идти вдоль городского канала."
,,,,,,,,,,默认254,,,,眼前的路越来越熟悉，我的心跳也愈渐加速。,眼前的路越來越熟悉，我的心跳也愈漸加速。,"The path ahead grew increasingly familiar, and my heartbeat quickened.",徐々に見慣れた道になっていき、どきどきと心臓の鼓動が早くなる。,"Дорога становилась всё более знакомой, отчего сердце моё забилось быстрее."
,,,,,,,,,,默认255,,,,自她离世后，我已有数年都没来过此地。,自她離世後，我已有數年都沒來過此地。,It had been years since I last came here after her death.,彼女が死んでから、数年はこの場所に来ていない。,"С тех пор, как она скончалась, я уже несколько лет не бывал в этом месте."
,,,,,,,,,,默认256,,,,如今，在历经连续数日的生死磨难后，我却突然有勇气重新面对了……,如今，在歷經連續數日的生死磨難後，我卻突然有勇氣重新面對了……,"Now, after enduring days of life-and-death trials, I suddenly found the courage to face it again...",だが連日に渡る生死の境を経験し、なぜか再び向き合う勇気が湧いてきた……,"А теперь, проведя нескольких дней в гонке между жизнью и смертью, я вдруг обрёл в себе достаточно смелости, чтобы быть готовым снова его посетить..."
,Bg,第一青楼2昼,,,,,1,,,,,,,
,Bgm,烟花风月,,,,0.2,3,,,,,,,,,,,
,,,,,,,,,,默认257,,,,随着我一步步走近，那楼阁也从视线尽头缓缓浮现——,隨著我一步步走近，那樓閣也從視線盡頭緩緩浮現——,"As I drew nearer, the pavilion slowly materialized from the edge of sight—",一歩ずつ近づくたびに、楼閣が視線の先に徐々に姿を現す――,По мере продвижения вперёд павильон постепенно вырастал у меня перед глазами.
,,,,,,,,,,默认258,,,,灰蒙的天空笼罩城池，连日的雨为城中添了薄薄雾气。,灰濛的天空籠罩城池，連日的雨為城中添了薄薄霧氣。,"The ashen sky loomed over the city, and days of rain had draped its streets in a gauzy haze.",灰色の空が町を覆い、連日の雨でうっすらと霧が張っている。,"Пепельно-серое небо низко нависло над городом, а проливной дождь, ливший уже несколько дней подряд, окутал улицы слабым туманом."
,,,,,,,,,,默认259,,,,朦胧雾霭中，湖上楼阁犹如一朵隐于雾中的睡莲，静静泊在远方湖面。,朦朧霧靄中，湖上樓閣猶如一朵隱於霧中的睡蓮，靜靜泊在遠方湖面。,"In the hazy mist, the pavilion over the lake resembles a water lily hidden in the fog, quietly anchored on the distant lake surface.",ぼんやりとした霧の中、湖の上の楼閣が霧に浮かぶ蓮のように、静かに向こうの湖面に佇んでいる。,"Объятый этой пеленой, стоявший над озером павильон напоминал скрытую в тумане кувшинку, тихо покоющуюся на глади озера."
,,,,,,,,,,默认260,,,,雾丝缭绕，飞檐翘角，层叠隐现，波光与雾气交融，楼阁与湖水浑然一体，虚实相生，宛如一幅流动的水墨画。,霧絲繚繞，飛簷翹角，層疊隱現，波光與霧氣交融，樓閣與湖水渾然一體，虛實相生，宛如一幅流動的水墨畫。,"Mist coiled around upturned eaves and tiered roofs, where ripples fused with vapor—pavilion and lake became one, weaving reality and mirage like a living ink wash.",たなびく霧の糸、空に向かって反った軒、それらが重なりちらつく。光と霧が交わり、楼閣と湖面が一帯になり、まるで動く水墨画のように浮世離れした光景だった。,"Окутанные нитями тумана изогнутые углы крыши смутно виднелись вдалеке. Отражающийся в воде свет переплетался с туманом. Павильон и озеро становились единым целым, словно порождающие друг друга быль и вымысел, напоминая оживший рисунок тушью."
,,,,,,,,,,默认261,,,,我一步步走近，走近故地，走近画中……,我一步步走近，走近故地，走近畫中……,"Step by step, I drew closer—to the old place, to the painting...",一歩、また一歩。懐かしの場所へ、絵の中へと近付いていく……,Шаг за шагом я приближался к этому знакомому месту... к этому рисунку.
,,,,,,,,,,默认262,,,,也一步步，走进了回忆深处……,也一步步，走進了回憶深處……,"And step by step, sank deeper into memory...",一歩、また一歩。記憶の奥底へと入り込んでいく……,И шаг за шагом я погружался всё глубже в воспоминания...
,FadeOut,black,,square,,,2,,,,,,,,,,,
,Jump,*忆-第九回
