#SHEET_NAME,记-第十六回
,Command,Arg1,Arg2,Arg3,Arg4,Arg5,Arg6,Arg7,WaitType,Text,PageCtrl,Voice,WindowType,SC,TC,English,Japanese,Russian
,ChapterAnimation,BG_Ji_16,chapter_bg_J,chapter_title_J16,Liang,265,,,,,,,,,,,
,*map_ji_16,,,,,,,,,,,,,,,,
,UnlockPlotMap,map_ji_16,,,,,,,,,,,,,,,
,SetChapterName,记-第十六回,,,,,,
,Wait,,,,,,1,
,FadeOut,black,,,,,0,
,Bg,藏身处夜,,,,,,,,,,,,,,,
,Ambience,室内沙沙
,AutoSave
,Se,水滴
,,,,,,,,,,默认2,,,,水珠滴落的声音在耳边回响，一滴连着一滴，一声接一声。,水珠滴落的聲音在耳邊迴響，一滴連著一滴，一聲接一聲。,"The sound of dripping water echoed in my ears, drop after drop, an unbroken rhythm.",水滴の滴る音が耳元で響く。ぽたりと一滴、また一滴。,"В моих ушах раздавался эхом шум падающей воды - одна капля за другой, один звук за другим."
,,,,,,,,,,默认3,,,,这声音敲打着死寂的黑暗，也映衬着我微弱的心跳声。,這聲音敲打著死寂的黑暗，也映襯著我微弱的心跳聲。,"The sound echoed through the lifeless darkness, a faint counterpoint to my own thudding heartbeat.",静寂に包まれた闇を叩き、私の微かな心音と共鳴する。,"Этот звук пробивался сквозь охваченную мертвенным молчанием тьму, в то же время оттеняя слабый стук моего собственного сердца."
,,方知宥,,,,,,,,默认4,,,,[……],[……],"""...""",「……」,"""..."""
,,,,,,,,,,默认5,,,,我动了动手指，嗅了嗅周围，一股潮湿混杂着青苔的气息涌入鼻腔。,我動了動手指，嗅了嗅周圍，一股潮濕混雜著青苔的氣息湧入鼻腔。,"I flexed my fingers and inhaled—a damp, moss-tinged scent filled my nostrils.",指を動かし、あたりの匂いを嗅ぐ。じめっとした湿気と苔の臭いが鼻をついた。,"Я пошевелил пальцами, принюхался - в нос мне ударил запах сырости и мха."
,,方知宥,,,,,,,,默认6,,方知宥/29_方知宥_01,,[呃……],[呃……],"""Ugh...""",「くっ……」,"""Ух..."""
,,,,,,,,,,默认7,,,,我低吟一声，只觉得左腿传来撕裂般的剧痛，让我彻底清醒。,我低吟一聲，只覺得左腿傳來撕裂般的劇痛，讓我徹底清醒。,"I let out a low groan as a searing pain shot through my left leg, wrenching me into full consciousness.",思わず唸る。左腿から裂けるような痛みが走り、はっきりと目が覚めた。,"Тихо простонал я - левую ногу пронзила резкая боль, заставив меня окончательно пробудиться."
,FadeIn,black,,eye,,,1,,,,,,,,,,,
,,,,,,,,,,默认8,,,,我睁开双眼，借着从墙缝中溜进来的微弱月光，勉强能看清周遭的景象了——,我睜開雙眼，藉著從牆縫中溜進來的微弱月光，勉強能看清周遭的景象了——,I opened my eyes. The faint moonlight trickling through wall cracks barely illuminated the scene—,目を開き、壁の隙間から差し込むかすかな月明かりを頼りに、なんとか周囲の景色を伺った――,"Раскрыв глаза, благодаря слабому лунному свету, пробивавшемуся сквозь щели в стене, я кое-как смог различить окружение:"
,,,,,,,,,,默认9,,,,这是一间昏暗的囚室，夜正深沉。,這是一間昏暗的囚室，夜正深沉。,"A gloomy prison cell, swallowed by the depth of night.",私は薄暗い独房にいる。夜が深まる時刻だ。,"Я находился в покрытой сумраком камере, стояла глубокая ночь."
,,,,,,,,,,默认10,,,,我身上的盔甲已被剥去，只余一件破旧单衣贴在身上。,我身上的盔甲已被剝去，只餘一件破舊單衣貼在身上。,"The armor on my body has been stripped away, leaving only a tattered undershirt clinging to me.",鎧はとられ、ぼろぼろの服だけが体に貼りついている。,"Брони на мне уже не было, тело моё покрывала лишь потёртая тонкая одежда."
,,,,,,,,,,默认11,,,,左臂上拴着冰冷的铁链，铁链的另一端拴在床头——这使我失去了自由，无法离开这个房间。,我的左臂上拴著冰冷的鐵鏈，鐵鏈的另一端拴在床頭——這使我失去了自由，無法離開這個房間。,"A cold iron chain is shackled to my left arm, its other end fastened to the bedpost—this has robbed me of freedom, confining me to this room.",左腕は冷たい鎖でつながれ、鎖のもう一方は寝台に括りつけられていた――そのせいで自由を奪われ、この部屋から出ることができない。,"К левой руке была прикована холодная цепь, другой конец которой был прикован к изголовью кровати - так что выбраться отсюда я не мог."
,,,,,,,,,,默认12,,,,左腿上缠着染血的粗布，我能看到脓血正从粗布的边缘渗了出来，呵……流了这么多血，这大概是我有生以来最重的一次伤吧。,我的左腿上纏著染血的粗布，我能看到膿血正從粗布的邊緣滲了出來，呵……流了這麼多血，這大概是我有生以來最重的一次傷吧。,"My left leg is wrapped in bloodstained coarse cloth, and I can see pus and blood seeping from its edges. Ah... so much blood lost—this must be the worst injury I've ever suffered.",左腿は血まみれの粗布が巻かれ、その端から膿んだ血が滲んでいた。ふっ……これほど血を流す重傷を負ったのは、生まれて初めてだろう。,"Левую ногу обматывала окровавленная повязка из грубой ткани - я мог разглядеть гноящуюся кровь, просачивающуюся через её края. Хех... крови так много - пожалуй, это была самая тяжёлая рана, которую я получал за всю свою жизнь."
,,老林头,无奈,,,,1,,,默认13,,老林头/29_老林头_01,,[醒了？],[醒了？],"""Awake?""",「目が覚めたか？」,"""Что, проснулся?"""
,,,,,,,,,,默认14,,,,沙哑的嗓音忽然从黑暗中传来。老林头的身影缓缓浮现。,沙啞的嗓音忽然從黑暗中傳來。老林頭的身影緩緩浮現。,A hoarse voice suddenly came from the darkness. Old Man Lin's figure gradually emerged.,唐突に、しゃがれた声が暗闇に響いた。そして林老人の姿が浮かび上がる。,Донёсся вдруг из темноты хриплый голос. Мало-помалу из мрака материализовалась фигура старика Линя.
,,,,,,,,,,默认15,,,,原来，他一直守在我身旁。,原來，他一直守在我身旁。,"So, he had been standing by my side all along.",彼はずっと私の介抱をしてくれていたのだ。,"Как видно, он всё время находился тут рядом."
,,方知宥,,,,,,,,默认16,,方知宥/29_方知宥_02,,[我没死？],[我沒死？],"""I'm not dead?""",「死んで……ない？」,"""Так я не умер?"""
,,,,,,,,,,默认17,,,,我疑惑地望着他。,我疑惑地望著他。,I gazed at him in confusion.,困惑したまま彼の方を見る。,Изумлённо взглянул я на него.
,Sprite,黑,,特效前,,,0.5,,,,,,,,,,,
,Tween,黑,ColorTo,alpha=0 time=0,,,,,,,,,,,,,,
,Tween,黑,ColorTo,alpha=0.4 time=0,,,,,NoWait,,,,,,,,,
,Wait,,,,,,0,,,,,,,,,,,
,,,,,,,,,,默认18,,,,在我的记忆中，不久前，我可是当着几个妖兵的面，冒穿妖兵的甲，亲手砍死了一个作恶多端的娃娃兵。,在我的記憶中，不久前，我可是當著幾個妖兵的面，冒穿妖兵的甲，親手砍死了一個作惡多端的娃娃兵。,"In my memory, not long ago, I had donned a demon soldier's armor right before several of them and personally cut down a wicked boy soldier who had committed countless atrocities.",たしか……つい先ほど、私は妖兵たちの目の前で、連中の鎧を着たまま、悪行はなはだしい人形兵を手にかけた。,"Согласно моим воспоминаниям, некоторое время назад я, замаскированный под яогуая, прикончил творившего зло ""ребёнка-солдата"" - и несколько других яогуаев стали тому свидетелями."
,,,,,,,,,,默认19,,,,之后，那些妖兵一拥而上，冲杀到了我的面前。,之後，那些妖兵一擁而上，衝殺到了我的面前。,"After that, those demon soldiers swarmed forward and charged at me.",その後、妖兵たちが私のところに一気に押し寄せてきた。,После чего те бросились за мной и догнали.
,,,,,,,,,,默认20,,,,有妖兵一刀砍中我的大腿后侧，有妖兵用头盔狠狠砸了我的头一下，致使我晕了过去。,有妖兵一刀砍中我的大腿後側，有妖兵用頭盔狠狠砸了我的頭一下，致使我暈了過去。,"One demon soldier slashed the back of my thigh, while another struck my head hard with a helmet, knocking me unconscious.",ある妖兵は私の後ろ腿を斬りつけ、ある妖兵は私の頭を兜で激しく殴り、それで気を失ってしまったのだ。,"Один из них рубанул мне по задней части бедра, другой ударил меня моим же собственным шлемом, от чего я потерял сознание."
,,,,,,,,,,默认21,,,,我本以为我早该死了……为何能活到现在？,我本以為我早該死了……為何能活到現在？,I thought I should have died long ago... How am I still alive now?,てっきり死んだと思っていたが……どうして生きているんだ？,"Я был уверен, что меня должны были там сразу и прикончить... Так почему я всё ещё жив?"
,SpriteOff,黑,,,,,0.5,,NoWait,,,,,,,,,
,Wait,,,,,,0.5,,,,,,,,,,,
,,老林头,通常,,,,,,,默认22,,老林头/29_老林头_02,,[你小子命硬，我费了好大劲，才说住他们，保住了你这条命！],[你這小子命硬，我費了好大勁，才說住他們，保住了你這條命！],"""You're a tough kid. I went through great lengths to convince them and spare your life!""",「しぶとい小僧だ。あの手この手であいつらを引き留め、命を守ってやったんだぞ！」,"""Ты, конечно, везучий чертяка - хоть с трудом, но мне всё же удалось уговорить их сохранить тебе жизнь!"""
,,,,,,,,,,默认23,,,,老林头轻笑了一声说道。,老林頭輕笑了一聲說道。,Old Man Lin chuckled softly and said.,林老人がからからと笑いながらそう言った。,С усмешкой сказал старик Линь.
,,方知宥,,,,,,,,默认24,,,,[……］,[……］,"""...""",「……」,"""..."""
,,,,,,,,,,默认25,,,,我抬起头，疑惑地望向他，仿佛在用目光询问他是怎么做到的。,我抬起頭，疑惑地望向他，彷彿在用目光詢問他是怎麼做到的。,"I lifted my head and stared at him in bewilderment, as if silently questioning how he'd done it.",顔を上げ、どうやってそんなことができたのかと目で問いかける。,"Я в недоумении поднял на него голову, взглядом словно спрашивая его, как же у него получилось это сделать."
,,老林头,,,,,,,,默认26,,老林头/29_老林头_03,,[他们正要拿刀砍你的头时，我拦住了他们，说你是王爷留在城里的内应，突然发狂必有蹊跷，需把你关起来细细审问。],[他們正要拿刀砍你的頭時，我攔住了他們，說你是王爺留在城裡的內應，突然發狂必有蹊蹺，需把你關起來細細審問。],"""Just as they were about to behead you, I intervened, claiming you were the Prince's agent planted in the city—your sudden frenzy surely hid some scheme, and you needed to be detained for proper questioning.""",「おまえの首を落とそうとしたその時、わしがあいつらを止めたのだ。親王様が内部に残した密偵だから、いきなり狂ったふりをしたのにはわけがある、捕らえて尋問すべきだとな」,"""Они уже хотели было отрубить тебе голову - но я их остановил, сказал, что ты был лазутчиком у князя в городе, просто вдруг с чего-то рехнулся - и надо тебя взять и как следует допросить."""
,,,,,,,,,,默认27,,,,老林头解释道，也算是解答了我的疑惑。,老林頭解釋道，也算是解答了我的疑惑。,"Old Man Lin explained, thereby resolving my confusion.",林老人が説明したことで、私の疑問への答えになった。,"Объяснил старик Линь, тем самым, можно сказать, развеяв мои сомнения."
,,方知宥,,,,,,,,默认28,,方知宥/29_方知宥_03,,[原来如此……可你为何要冒险救我？］,[原來如此……可你為何要冒險救我？］,"""I see... But why take such a risk to save me?""",「なるほど……それにしても、なぜそこまでの危険を冒して私を助けた？」,"""Так вот оно что... Но зачем тебе вообще было меня спасать?"""
,,,,,,,,,,默认29,,,,我先是感叹了一声，继而疑惑地询问老林头。,我先是感嘆了一聲，繼而疑惑地詢問老林頭。,"I sighed first, then asked Old Man Lin in bewilderment.",私は感嘆すると、不思議そうに林老人に尋ねる。,"Воскликнув в удивлении, задал я недоуменный вопрос."
,Sprite,黑,,特效前,,,0.5,,,,,,,,,,,
,Tween,黑,ColorTo,alpha=0 time=0,,,,,,,,,,,,,,
,Tween,黑,ColorTo,alpha=0.4 time=0,,,,,NoWait,,,,,,,,,
,Wait,,,,,,0,,,,,,,,,,,
,,,,,,,,,,默认30,,,,不太对劲。,不太對勁。,Something feels off.,どうも腑に落ちない。,Странное дело.
,,,,,,,,,,默认31,,,,按理说，我和他非亲非故，他之前已在东城区时救了我一次，为何如今他又要帮我？,按理說，我和他非親非故，他之前已在東城區時救了我一次，為何如今他又要幫我？,"By all accounts, we're neither kin nor close. He'd already saved me once back in the East District—why would he help me again now?",普通に考えて、身内でもなければ大して親しいわけでもない。なのに東城区でも一度救ってくれた。なぜまた助けてくれたのだ？,"Он же мне не сват, не брат - но сначала в Восточном квартале помог мне спастись, и теперь зачем-то ещё раз пришёл мне на выручку."
,,,,,,,,,,默认32,,,,对城里的其他人而言，他明明是一个为了自己的利益可以出卖同胞和邻里的“坏人”。,對城裡的其他人而言，他明明是一個為了自己的利益可以出賣同胞和鄰里的“壞人”。,"To everyone else in town, he's plainly a ""bad apple"" who'd betray his own kind and neighbors for personal gain.",町の者からすれば、明らかに彼は自分の利益のために同胞や隣人を売る「悪人」だ。,"Для прочих горожан он явно был ""лиходеем"", готовым ради собственной выгоды сдать врагу сограждан и соседей."
,,,,,,,,,,默认33,,,,为何在我这里，他唯独变成了为我冒险的“好人”？,為何在我這裡，他唯獨變成了為我冒險的“好人”？,"Why does he alone become a ""good soul"" taking risks just for me?",そんな彼が、なぜ私に限っては危険を顧みない「善人」になるのだ？,"Но почему вдруг для меня он решил стать ""добряком"", готовым пойти ради меня на риск?"
,SpriteOff,黑,,,,,0.5,,NoWait,,,,,,,,,
,Wait,,,,,,0.5,,,,,,,,,,,
,,老林头,无奈,,,,,,,默认34,,老林头/29_老林头_04,,[啧，你就当我是突然发了善心，想可怜你罢！］,[嘖，你就當我是突然發了善心，想可憐你罷！］,"""Tch, just take it as a sudden fit of charity—I'm pitying you!""",「ふん、気の迷いで良心が芽生えて、おまえを哀れんだのだとでも思っておいてくれ！」,"""Хе, ну считай, что я вдруг решил проявить милосердие, пожалеть тебя!"""
,,,,,,,,,,默认35,,,,老林头随口敷衍了一句，转身便想要离去。,老林頭隨口敷衍了一句，轉身便想要離去。,Old Man Lin dismissed it offhand and turned to go.,面倒くさそうにそう言うと、林老人はその場を後にしようとした。,"Небрежно бросил старик Линь, после чего пошёл на выход."
,,老林头,焦急,,,,,,,默认36,,老林头/29_老林头_05,,[你啊！若是想活下去，就老实在这儿躲两天！］,[你啊！若是想活下去，就老實在這裡躲兩天……聽說王爺快下令封刀了，熬到那時，你便能活命了！］,"""You there! If you want to live, stay hidden here for two days... I heard the Prince is about to declare Sword sheathed. Endure until then, and you'll survive!""",「いいか！生き延びたければ、おとなしくあと二日ここにいろ……親王様が間もなく殺しをやめるよう命ずると聞いた。その時まで耐え忍べば、死なずに済むぞ！」,"""Послушай! Если хочешь остаться в живых, посиди здесь тихо пару дней... По слухам, князь уже скоро объявит о 'вложении меча в ножны' - коль доживёшь до того часа, считай, ты спасён!"""
,CharacterOff,,,,,,,,,,,,,
,,,,,,,,,,默认37,,,,临走前，他沉声给了一句叮嘱之言。,臨走前，他沉聲給了一句叮囑之言。,"Before leaving, he offered a solemn warning in a low voice.",去り際、彼は低い声でそう言い含めた。,Отдал мне он на прощание наставление серьёзным тоном.
,,方知宥,,,,,,,,默认38,,,,[……］,[……］,"""...""",「……」,"""..."""
,,,,,,,,,,默认39,,,,我望着他佝偻的背影，忽然觉得有些眼熟。,我望著他佝僂的背影，忽然覺得有些眼熟。,I watched his hunched figure and suddenly found it strangely familiar.,彼の曲がった背を見て、ふと以前の光景が重なる。,Его сутулая фигура вдруг показалась мне весьма знакомой.
,,,,,,,,,,默认40,,,,不久前……被妖兵的头盔砸晕后，我短暂又回到了过去，重新忆起了与雁儿姐在画舫上度过的那一日……,不久前……被妖兵的頭盔砸暈後，我短暫又回到了過去，重新憶起了與雁兒姐在畫舫上渡過的那一日……,"Not long ago... after being knocked unconscious by a demon soldier's helmet, I briefly returned to the past and relived that day with <ruby=Swan Goose>Sister Yan</ruby> aboard the Painted Pleasure Boat...",つい先ほど……妖兵に気絶させられてから、少しだけ過去に飛んでいた。そして雁姉と画舫で過ごしたあの日のことを思い出した……,"Некоторое время назад... когда я лишился чувств от удара шлемом, мне на какое-то время удалось вернуться в прошлое и припомнить тот день, что мы провели вместе с сестричкой Лебёдушкой на расписной лодке..."
,,,,,,,,,,默认41,,,,那段记忆里，有个人与老林头极其相似。,那段記憶裡，有個人與老林頭極其相似。,"In that memory, there was someone who looked remarkably like Old Man Lin.",あの記憶に出てきた人物と、林老人がとてもよく似ていたのだ。,И в тех воспоминаниях некто был как две капли воды похож на старика Линя.
,,,,,,,,,,默认42,,,,身影很像、气质很像、就连声音也……,身影很像、氣質很像、就連聲音也……,"The figure resembled him, the demeanor matched, even the voice...",姿かたちも、性格も、声も……,"И фигурой, и повадками, и даже голосом..."
,,方知宥,,,,,,,,默认43,,方知宥/29_方知宥_04,,[等等！］,[等等！］,"""Wait!""",「待ってくれ！」,"""Подожди!"""
,,,,,,,,,,默认44,,,,我猛地叫住了老林头。,我猛地叫住了老林頭。,I abruptly called out to Old Man Lin.,林老人を呼び止める。,Остановил я его.
,,老林头,无奈,,,,,,,默认45,,,,[……］,[……］,"""...""",「……」,"""..."""
,,,,,,,,,,默认46,,,,老林头僵在了门槛前。,老林頭僵在了門檻前。,Old Man Lin froze in the doorway.,扉の前でぴたりと足を止める林老人。,Старик Линь замер у порога.
,,方知宥,,,,,,,,默认47,,方知宥/29_方知宥_05,,[老林头……你、你就是几年前那画舫上的艄公，对吧？］,[老林頭……你、你就是幾年前那畫舫上的艄公，對吧？］,"""Old Man Lin... you—you were the boatman on that painted pleasure boat years ago, weren't you?""",「林じいさん……ま、まさかあなたは、あの時画舫にいた船頭か？」,"""Старик Линь... Ты, ты же тот самый лодочник, что вёл несколько лет назад расписную прогулочную лодку, ведь так?"""
,,,,,,,,,,默认48,,,,我望着老林头的背影，颤着声，试探般地询问道，目光紧紧锁住了他的背影。,我望著老林頭的背影，顫著聲，試探般地詢問道，目光緊緊鎖住了他的背影。,"I watched Old Man Lin's back, my voice quivering as I cautiously inquired, my gaze fixed on his retreating figure.",林老人の背中をじっと見ながら、探るように震える声で尋ねる。,"Дрожащим голосом спросил я, не отрывая взгляда от стоявшего ко мне спиной старика."
,,老林头,,,,,,,,默认49,,,,[……］,[……］,"""...""",「……」,"""..."""
,,老林头,焦急,,,,,,,默认50,,老林头/29_老林头_06,,[书生啊，你可真是疯了，疯得都认错人了，我从未当过艄公。］,[書生啊，你可真是瘋了，瘋得都認錯人了，我從未當過艄公。］,"""Scholar, you must be truly mad—so mad you're confusing me with someone else. I was never a boatman.""",「書生よ、すっかりいかれてしまったな。人違いまで起こすようになるとは。わしは船頭などやったことないぞ」,"""Эх, учёный, ты совсем того, уже и людей путать стал - я в жизни лодочником не работал."""
,CharacterOff,,,,,,,,,,,,,
,Se,脚步声渐远,,,,,,,,,,,,,,,,
,,,,,,,,,,默认51,,,,老林头背对着我摇头了头，继而他便不再理我，只是自己往屋外走去了——,老林頭背對著我搖頭了頭，繼而他便不再理我，只是自己往屋外走去了——,"Old Man Lin shook his head without turning around, then paid me no further mind and walked out of the house—",林老人は私に背を向けたまま首を振り、それ以上私の相手もせず外に出て行った――,"Не оборачиваясь, покачал головой старик Линь, после чего, не обращая на меня внимания, вышел из помещения..."
,,方知宥,,,,,,,,默认52,,方知宥/29_方知宥_06,,[别走！你就是他！为何不认？雁儿姐当年究竟出了什么事？你是不是知道！？告诉我！！！],[別走！你就是他！為何不認？雁兒姐當年究竟出了什麼事？你是不是知道！？告訴我！！！],"""Don't go! You are him! Why won't you admit it? What exactly happened to <ruby=Swan Goose>Sister Yan</ruby> back then? You must know!? Tell me!!!""",「待ってくれ！あなたは彼だ！なぜ認めない？雁姉にあの時何があった？何か知っているんだろう！？教えてくれ！！」,"""Не уходи! Это точно был ты! Почему ты это отрицаешь? Что тогда случилось с сестричкой Лебёдушкой? Тебе же это известно?! Ответь мне!!!"""
,,,,,,,,,,默认53,,,,我看着他离去的背影，一边连续发问，一边猛地起身冲向他，已经顾及不了这些声响可能会引来妖兵。,我看著他離去的背影，一邊連續發問，一邊猛地起身衝向他，已經顧及不了這些聲響可能會引來妖兵。,"As I watched his retreating figure, I kept shouting questions while suddenly standing up and lunging toward him, no longer caring if the noise attracted demon soldiers.",彼の背を目で追い、質問を投げかけつつ、身を起こして彼の後を追おうとした。もはや妖兵を引き寄せることなど考えていられなかった。,"Глядя на его удаляющийся силуэт, не переставал я задавать ему вопросы. В то же время я подскочил, пытаясь догнать его, уже не обращая внимания на то, что шум мог привлечь сюда яогуаев."
,Se,锁链绷直,,,,,,,,,,,,
,,,,,,,,,,默认54,,,,——咔。,——喀。,—CRACK.,――ガシャッ,*Лязг.*
,,,,,,,,,,默认55,,,,然而，锁住我左臂的锁链拉住了我，铁链一阵颤动，在木床旁的柱子上勒出了一道凹痕。,然而，鎖住我左臂的鎖鏈拉住了我，鐵鏈一陣顫動，在木床旁的柱子上勒出了一道凹痕。,"But the chain shackling my left arm yanked me back, its metallic vibrations gouging a dent into the bedpost.",しかし左腕の鎖が私を拘束している。鎖はびくともせず、寝台の柱に凹みをつけるだけだった。,Но цепь на левой руке остановила меня - её дрожащие звенья прочертили борозду на столбике рядом с кроватью.
,,,,,,,,,,默认56,,,,左腿的伤口仿佛又撑裂了几分，让我疼痛难忍。,左腿的傷口彷彿又撐裂了幾分，讓我疼痛難忍。,"The wound on my left leg seemed to tear open further, sending waves of unbearable pain through me.",左腿の傷がまた開き、耐えがたい痛みが襲ってきた。,"Рана на левой ноге словно слегка открылась, вызвав нестерпимую боль."
,,方知宥,,,,,,,,默认57,,,,[……],[……],"""...""",「……」,"""..."""
,Se,关门,,,,,,,,默认59,,,,——嘭！,——嘭！,—Bang!,――バン！,*Бам!*
,,,,,,,,,,默认60,,,,回应我的是老林头决绝的离去，以及木门重重关上的声响。,回應我的是老林頭決絕的離去，以及木門重重關上的聲響。,"Old Man Lin's only response was his resolute departure, followed by the heavy slam of the wooden door.",林老人の返事は、彼の断固とした去り際と、勢いよく閉められた扉の音だった。,"Ответом мне был лишь окончательный уход старика Линя, сопровождаемый тяжёлым стуком двери."
,,方知宥,,,,,,,,默认61,,,,[……］,[……］,"""...""",「……」,"""..."""
,,,,,,,,,,默认62,,,,昏暗的屋子重归一片死寂，我沉默、恍然地僵在原地。,昏暗的屋子重歸一片死寂，我沉默、恍然地僵在原地。,The dim room returned to deathly silence as I stood frozen in silent bewilderment.,暗い部屋が再び静寂に包まれる。私は黙したまま、ぼんやりとその場に佇んだ。,"Сумрачное помещение опять погрузилось в мёртвую тишину, среди которой я застыл в оцепенении."
,,,,,,,,,,默认63,,,,脑海里，又浮现出雁儿姐最后与我分别时的样貌。,腦海裡，又浮現出雁兒姐最後與我分別時的樣貌。,My mind conjured <ruby=Swan Goose>Sister Yan</ruby>'s image once more—how she looked when we last parted.,雁姉との最後の別れの場面が再び頭をよぎる。,В моей голове опять всплыл образ прощающейся со мной сестрички Лебёдушки.
,,,,,,,,,,默认64,,,,她穿着一身紫白色的长裙，回身快步走来，紧紧抱住了我，继而又不舍地松开。,她穿著一身紫白色的長裙，回身快步走來，緊緊抱住了我，繼而又不捨地鬆開。,"She wore a long lavender dress, turned back abruptly to embrace me tightly, then reluctantly released me.",薄紫の裳を着た彼女がくるりと振り返り、こちらに早足でやってきて私を抱きしめ、そして名残惜しそうに離れる。,"Как она, одетая в фиолетовое с белым платье, повернулась и подбежала ко мне, крепко обняла и затем нехотя разжала объятия."
,,方知宥,,,,,,,,默认66,,,,[……],[……],"""...""",「……」,"""..."""
,Sprite,黑,,特效前,,,0.5,,,,,,,,,,,
,Tween,黑,ColorTo,alpha=0 time=0,,,,,,,,,,,,,,
,Tween,黑,ColorTo,alpha=0.4 time=0,,,,,NoWait,,,,,,,,,
,Wait,,,,,,0,,,,,,,,,,,
,,,,,,,,,,默认67,,,,当年，画舫那一别，竟真是我们的最后一次见面？,當年，畫舫那一別，竟真是我們的最後一次見面？,That farewell at the Painted Pleasure Boat—had it truly been our final meeting?,あの画舫での別れが、よもや最後の面会になるとは。,"То прощание у лодки - это действительно был последний раз, когда мы с ней виделись?"
,,,,,,,,,,默认69,,,,每每想起那画舫之上最后的拥抱，我的心头便泛起被锥子扎一般刺痛。,每每想起那畫舫之上最後的擁抱，我的心頭便泛起被錐子扎一般刺痛。,"Whenever I remember that final embrace on the Painted Pleasure Boat, my heart aches as if pierced by an awl.",画舫での最後の抱擁を思い出すたび、心臓に針を刺されたような痛みが走った。,При каждом воспоминании о тех последних объятиях на лодке в моё сердце словно вбивают гвоздь.
,,,,,,,,,,默认70,,,,当年，到底发生了什么？,當年，到底發生了什麼事？,What exactly happened back then?,あの時、何が起きたのだ？,Что же всё-таки тогда потом произошло?
,,,,,,,,,,默认71,,,,她明明跟我约好了下次还要再见面，为何会自己突然跳河自杀？,她明明跟我約好了下次還要再見面，為何會自己突然跳河自殺？,She clearly promised we’d meet again—so why would she suddenly throw herself into the river?,次にまた会う約束をしていたのに、どうして彼女は川に身を投げるようなまねを？,Мы же точно договаривались с ней увидеться ещё раз - почему она вдруг решила утопиться?
,,,,,,,,,,默认72,,,,老林头若是知道一些什么……为什么不肯告诉我？,老林頭若是知道一些什麼……為什麼不肯告訴我？,If Old Man Lin knew something... why wouldn’t he tell me?,林老人が何かを知っているとしたら……どうして教えてくれないのだろうか。,Если старику Линю хоть что-то известно... почему он мне не хочет говорить?
,,,,,,,,,,默认73,,,,我捏紧了拳头，指甲渗透进掌心，心里只有不解地愤恨。,我捏緊了拳頭，指甲滲透進掌心，心裡只有不解地憤恨。,"I clenched my fists, nails digging into my palms, consumed only by bewildered fury.",掌に爪が食い込むほどきつく拳を握りしめた。理解できない憤りが渦巻く。,"Я сжал кулаки, вонзив ногти в ладони - в сердце моём бушевали гнев и непонимание."
,SpriteOff,黑,,,,,0.5,,NoWait,,,,,,,,,
,Wait,,,,,,0.5,,,,,,,,,,,
,StopVoice,,,,,,1,,,,,,,,,,,
,FadeOut,black,,,,,1,,,,,,,,,,,
,Wait,,,,,,1,,,,,,,,,,,
,FadeIn,black,,,,,1,,,,,,,,,,,
,,,,,,,,,,默认75,,,,……,……,...,……,...
,,,,,,,,,,默认76,,,,不知过去了多久。,不知過去了多久。,I couldn't tell how much time had passed.,それからどれだけ経っただろうか。,"Не знаю, сколько прошло времени."
,,,,,,,,,,默认77,,,,我不知是过去了一炷香的时间，还是一个时辰。,我不知是過去了一炷香的時間，還是一個時辰。,I couldn't tell if it had been the time it takes for a stick of incense to burn or a full two-hour period.,一炷香ほどなのか、それとも一刻なのかもわからない。,"Возможно, время горения одной палочки благовоний, возможно, целая стража."
,,,,,,,,,,默认78,,,,总之，我在黑暗中独自坐了很长的一段时间。,總之，我在黑暗中獨自坐了很長的一段時間。,"In any case, I sat alone in the darkness for what felt like an eternity.",とにかく、私は暗闇の中、長い時間を一人で過ごした。,"В любом случае, я так и продолжал сидеть в темноте очень долго."
,,,,,,,,,,默认81,,,,自这次醒来后，我便再也没见过小雁儿的身影。,自這次醒來後，我便再也沒見過小雁兒的身影。,"After this awakening, I never saw Little Yan again.",目が覚めてから、小雁の姿を見ることがなくなった。,"С тех самых пор, как я пришёл в себя, она так больше и не показывалась передо мной."
,,,,,,,,,,默认82,,,,或许是被妖兵拿头盔砸的那一下砸中了我头部的某个地方，意外治好了我的部分疯病，或许是我的回忆终于到了最后，见证了与雁儿姐最终的离别……,或許是被妖兵拿頭盔砸的那一下砸中了我頭部的某個地方，意外治好了我的部分瘋病，或許是我的回憶終於到了最後，見證了與雁兒姐最終的離別……,"Perhaps the demon soldier's helmet struck just the right spot on my head, unexpectedly curing part of my madness. Or perhaps my memories had finally reached their conclusion, bearing witness to that final farewell with <ruby=Swan Goose>Sister Yan</ruby>...",妖兵に兜で殴られたせいで頭のどこかをやられ、奇しくも病気が部分的に治ったのかもしれない。あるいは記憶を最後まで思い出し、雁姉との最後の別れを見たからかもしれない……,"Возможно, тот удар шлемом по голове по случайности ""вправил мне мозги"", частично излечив моё безумие - либо же это было из-за того, что мои воспоминания достигли своего финала, где я стал свидетелем своего прощания с сестричкой Лебёдушкой..."
,,,,,,,,,,默认83,,,,总之……,總之……,In any case...,いずれにせよ……,Как бы то ни было...
,,,,,,,,,,默认84,,,,那小雁儿的幻觉，就像是从未存在过一般，就这样突然消失了。,那小雁兒的幻覺，就像是從未存在過一般，就這樣突然消失了。,"Little Yan's hallucination vanished abruptly, as if it had never existed.",小雁の幻覚は、初めから存在しなかったかのように、忽然と消えてしまった。,Та иллюзия Лебёдушки просто исчезла - как будто её никогда и не существовало.
,,,,,,,,,,默认85,,,,……,……,...,……,...
,StopVoice,,,,,,1,,,,,,,,,,,
,FadeOut,black,,,,,1,,,,,,,,,,,
,Wait,,,,,,1,,,,,,,,,,,
,FadeIn,black,,,,,1,,,,,,,,,,,
,,,,,,,,,,默认86,,,,时间仍在流逝。,時間仍在流逝。,Time continued to pass.,それでも時間は流れていく。,Время текло своим ходом.
,,,,,,,,,,默认87,,,,我开始感到困倦，想要睡觉，却睡不着。,我開始感到睏倦，想要睡覺，卻睡不著。,"I began to feel drowsy and wanted to sleep, yet couldn't.",体がだるくなり、眠くなってきた。しかし眠れない。,"Меня стала одолевать сонливость, я хотел было заснуть - но сон никак не шёл."
,Sprite,黑,,特效前,,,0.5,,,,,,,,,,,
,Tween,黑,ColorTo,alpha=0 time=0,,,,,,,,,,,,,,
,Tween,黑,ColorTo,alpha=0.4 time=0,,,,,NoWait,,,,,,,,,
,Wait,,,,,,0,,,,,,,,,,,
,,,,,,,,,,默认88,,,,良叔他们，此时应该已经安全了吧？,良叔他們，此時應該已經安全了吧？,"Uncle Liang and the others should be safe by now, right?",良たちはもう安全だろうか。,Дядюшка Лян и остальные - они же сейчас уже должны быть в безопасности?
,,,,,,,,,,默认89,,,,他们此时是在地窖？还是在泠音阁？,他們此時是在地窖？還是在泠音閣？,Are they in the cellar right now? Or perhaps at <ruby=泠音>Lingyin</ruby> Pavilion?,今頃は地下室にいるだろうか、それとも泠音閣か。,Они сейчас в том погребе? Или уже в Мелодичном павильоне?
,,,,,,,,,,默认90,,,,不知道良叔会不会在安顿好翠儿和红儿后再来寻我、救我？,不知道良叔會不會在安頓好翠兒和紅兒後再來尋我、救我？,I wonder if Uncle Liang will come back to find and rescue me after settling Cui'er and Hong'er?,翠児と紅児を無事に送り届けた良が、私を助けに来てくれるだろうか？,"После того, как дядюшка Лян обезопасит Цуй'эр и Хун'эр - станет ли он искать меня, чтобы спасти?"
,SpriteOff,黑,,,,,0.5,,NoWait,,,,,,,,,
,Wait,,,,,,0.5,,,,,,,,,,,
,Sprite,黑,,特效前,,,0.5,,,,,,,,,,,
,Tween,黑,ColorTo,alpha=0 time=0,,,,,,,,,,,,,,
,Tween,黑,ColorTo,alpha=0.4 time=0,,,,,NoWait,,,,,,,,,
,Wait,,,,,,0,,,,,,,,,,,
,,,,,,,,,,默认97,,,,那对被我救下的母女呢？,那對被我救下的母女呢？,What became of the mother and daughter I saved?,私が救った母娘はどうなっただろうか。,"А те мать с дочкой, которых я спас?"
,,,,,,,,,,默认98,,,,她们现在应该安全逃走了吧？,她們現在應該安全逃走了吧？,"They must have escaped safely by now, haven't they?",無事に逃げ延びただろうか。,Удалось ли им сбежать в безопасное место?
,,,,,,,,,,默认101,,,,想到自己曾如侠客一般救过人，会长久留在被救者的心中。,想到自己曾如俠客一般救過人，會長久留在被救者的心中。,To think I once saved lives like a Hero—it'll linger long in the memories of those I rescued.,自分が侠客のように人助けを行い、救われたものの心にずっと残るのを想像する。,"Я, словно настоящий герой, спас людей, и они теперь долго будут помнить обо мне."
,,,,,,,,,,默认102,,,,那么，哪怕是我之后死了，也会少一些遗憾罢……,那麼，哪怕是我之後死了，也會少一些遺憾罷……,"Then even if I die later, I'll have fewer regrets...",ならば、私が死んでも悔いはそこまで残らないだろう……,"В таком случае, даже если я потом и погибну, у меня будет меньше сожалений..."
,,,,,,,,,,默认103,,,,只可惜小雁儿就这么消失了……,只可惜小雁兒就這麼消失了……,Only pity that Little Yan vanished just like that...,まあ、小雁が消えてしまったのは少し残念だが……,"Жаль лишь, что Лебёдушка вот так взяла и пропала..."
,,,,,,,,,,默认104,,,,我还有关于雁儿姐的谜团还没有完全解开，我还想再见到她……,我還有關於雁兒姐的謎團還沒有完全解開，我還想再見到她……,The mysteries surrounding <ruby=Swan Goose>Sister Yan</ruby> remain unsolved—I still want to see her again...,雁姉の謎がまだ残っているから、できればまた会いたいが……,"Я так и не решил полностью все тайны, связанные с сестричкой Лебёдушкой - так что мне бы хотелось ещё раз увидеть её..."
,,,,,,,,,,默认105,,,,哪怕她一直维持着幼年时的模样。,哪怕她一直維持著幼年時的模樣。,Even if she had remained unchanged since childhood.,たとえ彼女が幼い頃の姿のままでも。,Пусть даже она так и остаётся в детском обличье.
,,,,,,,,,,默认106,,,,哪怕她并不真实。,哪怕她並不真實。,Even if she wasn’t real.,たとえ彼女が現実でなくても。,Пусть она даже и ненастоящая.
,,,,,,,,,,默认107,,,,哪怕她是我的幻觉，是不存在于世的虚幻之物。,哪怕她是我的幻覺，是不存在於世的虛幻之物。,Even if she were merely my hallucination—a phantom that did not exist in this world.,たとえ彼女が私の幻覚でも、この世に存在しない虚構だったとしても。,"Пусть даже она и моя иллюзия, призрачное нечто, не существующее в этом мире."
,SpriteOff,黑,,,,,0.5,,NoWait,,,,,,,,,
,Wait,,,,,,0.5,,,,,,,,,,,
,Se,推门,,,,,,,,默认109,,,,——吱。,——吱。,—Creak.,――ギイ……,*Скрип.*
,,,,,,,,,,默认110,,,,正当我思念着她的时候，木门忽然被再次推开了。,正當我思念著她的時候，木門忽然被再次推開了。,"Just as I was lost in thoughts of her, the wooden door creaked open once more.",そんなことを考えていると、扉がふたたび開かれた。,"Пока я был погружён в мысли о ней, дверь вдруг снова распахнулась."
,,,,,,,,,,默认111,,,,有人走了进来。,有人走了進來。,Someone entered.,誰か入ってくる。,Кто-то вошёл.
,,方知宥,,,,,,,,默认112,,,,[……］,[……］,"""...""",「……」,"""..."""
,,,,,,,,,,默认113,,,,我紧张地起身，看向了闯入的来者。,我緊張地起身，看向了闖入的來者。,"I rose anxiously, my gaze fixed on the intruder.",私は体を起こして身構え、侵入者の方を見た。,Я тревожно подскочил и взглянул на нежданного гостя.
,,,,,,,,,,默认116,,,,那来者，她站在氤氲着光晕的朦胧之处，裙袂被风轻轻吹扬起一角，露出了一双好看的绣鞋。,那來者，她站在氤氳著光暈的朦朧之處，裙袂被風輕輕吹揚起一角，露出了一雙好看的繡鞋。,"The approaching figure stood in a hazy glow, her skirt fluttering slightly in the breeze, revealing a pair of delicate embroidered shoes.",訪問者はぼんやりとした光の漂う所に立っている。ふわりと裾が風に揺れ、美しい刺繍靴がちらりと見えた。,"Посетительница стояла в тёмной части этой призрачной картины, подол её юбки слегка приподнялся от ветерка, обнажив пару изысканно вышитых туфель."
,,,,,,,,,,默认117,,,,我的目光顺着绣鞋一点点向上挪移。,我的目光順著繡鞋一點點向上挪移。,My gaze slowly traveled upward from the embroidered shoes.,視線がその靴から徐々に上っていく。,Мой взгляд с вышитых туфель медленно поднялся вверх.
,,苏怜烟,渐变通常,,,,2,,,,,,,
,Bgm,曲终人散,,,,3,6,,,,,,,,,,,
,Wait,,,,,,1.5,,,,,,,
,,,,,,,,,,默认118,,,,紫白色的长裙、纤弱的腰肢、优雅放在胸前的团扇、垂至胸前的一缕墨发、清澈明亮的眼眸。,紫白色的長裙、纖弱的腰肢、優雅放在胸前的團扇、垂至胸前的一縷墨發、清澈明亮的眼眸。,"A lavender-white gown, a slender waist, an elegantly poised round fan resting against her chest, a strand of dark hair cascading down, and clear, bright eyes.",紫陽花色の裳、細い腰つき、優雅に胸の前に当てた団扇、胸までかかる黒髪、きらりと光る目。,"Фиолетово-белое платье, тонкий стан, изящно зажатый у груди складной веер, прядь чёрных как смоль волос, ниспадающих на грудь, и ясные, сияющие глаза."
,,,,,,,,,,默认119,,,,她是——,她是——,She was—,彼女は――,Это же...
,,方知宥,,,,,,,,默认120,,方知宥/29_方知宥_07,,[雁儿姐？],[雁兒姐？],"""<ruby=Swan Goose>Sister Yan</ruby>?""",「雁姉？」,"""Сестричка Лебёдушка?"""
,,,,,,,,,,默认121,,,,我望向雁儿姐，唤出了她的名字，语气中混杂着疑惑、惊喜与难以置信。,我望向雁兒姐，喚出了她的名字，語氣中混雜著疑惑、驚喜與難以置信。,"I looked at <ruby=Swan Goose>Sister Yan</ruby> and called out her name, my voice tinged with confusion, delight, and disbelief.",彼女の方を見て、名を呼んだ。僅かな疑問と驚き、そして信じられないという思いがないまぜになった声だった。,"Глядя на сестричку Лебёдушку, выкрикнул я её имя - в голосе моём смешались недоумение, радость и невозможность поверить в происходящее."
,,苏怜烟,渐变好奇,,,,2,,,默认122,,,,[……］,[……］,"""...""",「……」,"""..."""
,,,,,,,,,,默认123,,,,她被我叫出了名字，身躯微微一颤，似乎有些意外。,她被我叫出了名字，身軀微微一顫，似乎有些意外。,"When I called her by name, her body trembled slightly, as if caught off guard.",私に名を呼ばれ、少し意外そうに彼女がぴくりと体をこわばらせる。,"От того, что я назвал её имя, та вздрогнула, словно это было для неё неожиданностью."
,,方知宥,,,,,,,,默认124,,,,[……],[……],"""...""",「……」,"""..."""
,,苏怜烟,渐变疑惑,,,,0.5,,,默认125,,,,[……］,[……］,"""...""",「……」,"""..."""
,,苏怜烟,渐变微笑,,,,0.3,,,默认131,,苏怜烟/29_苏怜烟_01,,[知宥，好久不见……你还好吗？],[知宥，好久不見……你還好嗎？],"""Zhiyou, it's been so long... How have you been?""",「久しぶり、知宥……元気にしてた？」,"""Чжию, давно не виделись... Ты как, в порядке?"""
,,,,,,,,,,默认132,,,,她微笑着说道，语调极其温柔，宛如一阵春风拂过。,她微笑著說道，語調極其溫柔，宛如一陣春風拂過。,"She spoke with a smile, her voice as gentle as a spring breeze.",微笑みながらそう言う彼女。その口調は春風が通り過ぎるかのように、優しく穏やかなものだった。,"Улыбаясь, проговорила она нежным, словно дуновение весеннего ветерка, тоном."
,,苏怜烟,微笑,,,,1.5,,,,,,,,,,,
,,,,,,,,,,默认133,,,,她从虚实交织的月光中走出，越走近越是真实，直至停在我身旁。,她從虛實交織的月光中走出，越走近越是真實，直至停在我身旁。,"She stepped out of the moonlight where reality and illusion intertwined, becoming more solid as she drew nearer until she stood beside me.",虚実入り混じる月明かりからやってきた彼女は、近付くにつれ現実味を増していき、私の傍まで来てようやく立ち止まった。,"Она вышла из переплетающего иллюзию и явь лунного света, по мере приближения становясь всё более похожей на настоящую, пока не остановилась рядом со мной."
,,方知宥,,,,,,,,默认134,,方知宥/29_方知宥_08,,[雁儿姐，现在的你……其实仍是我的幻觉……对吧？］,[雁兒姐，現在的你……其實仍是我的幻覺……對吧？］,"""<ruby=Swan Goose>Sister Yan</ruby>, the you before me now... is still just my imagination... isn't it?""",「雁姉、君は……やはり私の見ている幻覚なのだろう……？」,"""Сестричка Лебёдушка, ты сейчас... всё ещё моя иллюзия... не так ли?"""
,,,,,,,,,,默认135,,,,我颤声询问着她，生死相隔后的再度重逢，不禁令我眼眶湿润。,我顫聲詢問著她，生死相隔後地再度重逢，不禁令我眼眶濕潤。,"My voice trembled as I asked, this reunion across the boundaries of life and death bringing tears to my eyes.",震える声で彼女に尋ねる。死が二人を別ち、再会を経たことで、思わず目に涙が浮かんだ。,"Задал я ей вопрос дрожащим голосом. Такая встреча после того, как нас разделили жизнь и смерть, не могла не вызвать у меня на глазах слёз."
,,苏怜烟,通常,,,,,,,默认136,,苏怜烟/29_苏怜烟_02,,[为何你会这样想？],[為何你會這樣想？],"""Why do you think that?""",「どうしてそう思う？」,"""Почему ты так думаешь?"""
,,,,,,,,,,默认137,,,,雁儿姐抿唇静望着我，神色平和。,雁兒姐抿唇靜望著我，神色平和。,"<ruby=Swan Goose>Sister Yan</ruby> pressed her lips together and regarded me calmly, her expression peaceful.",雁姉がわずかに唇を噛み、私を見る。その面持ちは落ち着いていた。,"Поджав губы, сестричка Лебёдушка смотрела на меня со спокойным выражением лица."
,,方知宥,,,,,,,,默认138,,方知宥/29_方知宥_09,,[自城破后，我便常看到你的幻觉……先前看到的都是小时候的你……起初那幻觉不像你，后来，她越来越真……],[自城破後，我便常看到你的幻覺……先前看到的都是小時候的你……起初那幻覺不像你，後來，她越來越真……],"""Ever since the city fell, I've often seen visions of you... At first, they were always of you as a child... The illusion didn't resemble you at first, but over time, she grew more and more real...""",「この町が攻められてから、ずっと君の幻を見ていた……今まで見てきたのはみんな子供の頃の君だった……初めの頃の幻覚は君に似ていなかったが、だんだんと本物らしくなっていって……」,"""После того, как город пал, мне постоянно являлась твоя иллюзия... Прежде она выглядела как ты в детстве... Поначалу она не очень походила на тебя, но постепенно становилась всё более и более реальной..."""
,,方知宥,,,,,,,,默认139,,方知宥/29_方知宥_10,,[雁儿姐……我知道你早已不在人世，所以眼前的你绝非是真的……可我……仍愿意当做这一切是真的。],[雁兒姐……我知道你早已不在人世，所以眼前的你絕非是真的……可我……仍願意當做這一切是真的。],"""<ruby=Swan Goose>Sister Yan</ruby>... I know you've long been gone from this world, so the you before me cannot be real... Yet I... still choose to believe this is all real.""",「雁姉……君がこの世にいないことは知っている。だから今私の前にいる君は、絶対に本物ではない……しかし……それでも本物であると思いたいんだ」,"""Сестричка Лебёдушка... Я знаю, что ты уже давно покинула наш мир, поэтому стоящая передо мной ты определённо не можешь быть настоящей... Но я... всё равно бы хотел считать, как будто всё это происходит по-настоящему."""
,,,,,,,,,,默认140,,,,我语带哽咽，断断续续地说道。,我語帶哽咽，斷斷續續地說道。,My voice choked with sobs as I spoke in broken fragments.,声を詰まらせつつ、どもりどもり話す。,Сбивчиво и дрожащим от переполнявших меня чувств голосом проговорил я.
,,苏怜烟,悲伤,,,,,,,默认141,,苏怜烟/29_苏怜烟_03,,[傻知宥，你竟然因为思念我……看到我的幻觉……如此疯疯癫癫的，真是太苦了自己了……],[傻知宥，你竟然因為思念我……看到我的幻覺……如此瘋瘋癲癲的，真是太苦了自己了……],"""Foolish Zhiyou, to see visions of me out of longing... To become so deranged like this... you've truly tormented yourself too much...""",「ばか知宥。私を想うあまり……幻覚まで見てしまうなんて……そんな風におかしくなっても、自分を苦しめるだけなのに……」,"""Глупенький Чжию, ты настолько тосковал обо мне... что даже видел мою иллюзию... Ты уж совсем довёл себя, раз настолько помешался..."""
,,,,,,,,,,默认142,,,,她哀伤地笑了笑。,她哀傷地笑了笑。,She smiled with melancholy.,悲しそうに彼女が笑った。,Печально рассмеялась она.
,,苏怜烟,说话,,,,,,,默认143,,苏怜烟/29_苏怜烟_04,,[不过——其实此时的我，并非是你的幻觉。],[不過——其實此時的我，並非是你的幻覺。],"""But—the me standing before you now is no hallucination.""",「でも――今ここにいる私は、あなたの幻覚なんかじゃないわ」,"""Однако... Нынешняя я на самом деле отнюдь не являюсь твоей иллюзией."""
,,,,,,,,,,默认144,,,,突然，她话锋一转，抬起明亮的眼眸看向我。,突然，她話鋒一轉，抬起明亮的眼眸看向我。,"Abruptly, she shifted her tone and lifted her luminous eyes to meet mine.",ふと、彼女が話を変え、きらりとした視線をこちらに流した。,"Вдруг, преломив ход разговора, она устремила на меня свой ясный взгляд."
,,方知宥,,,,,,,,默认145,,方知宥/29_方知宥_11,,[什么？],[什麼？],"""What?""",「え？」,"""Что?"""
,,,,,,,,,,默认146,,,,我怔住，瞪大了双眼。,我怔住，瞪大了雙眼。,"I stiffened, eyes widening in shock.",驚きで目を見開く。,В недоумении вытаращил я глаза.
,,,,,,,,,,默认147,,,,她不是幻觉？,她不是幻覺？,She wasn't a hallucination?,幻覚……じゃない？,Она - не иллюзия?
,,,,,,,,,,默认148,,,,那她到底是？,那她到底是？,Then what was she truly?,だとしたら、彼女は誰だ？,Тогда что же она такое?
,,苏怜烟,通常,,,,,,,默认149,,苏怜烟/29_苏怜烟_05,,[知宥，如今的我……是一缕暂留人世的魂魄，我在入轮回前，专门来此——想与你见最后一面。],[知宥，如今的我……是一縷暫留人世的魂魄，我在入輪迴前，專門來此——想與你見最後一面。],"""Zhiyou, the me you see... is but a lingering spirit. Before my rebirth, I came—to bid you farewell one final time.""",「知宥、今の私は……この世に留まっている魂。輪廻に入る前にここまでやってきたの――最後にあなたを一目見たくて」,"""Чжию, сейчас я... душа, что на время задержалась в людском мире. Прежде, чем отправиться в цикл перерождения, я специально пришла сюда - чтобы увидеться с тобой в последний раз."""
,,,,,,,,,,默认150,,,,她平静地说道。,她平靜地說道。,She said calmly.,冷かにそう答える彼女。,Спокойно проговорила она.
,,方知宥,,,,,,,,默认151,,,,[……］,[……］,"""...""",「……」,"""..."""
,,,,,,,,,,默认152,,,,我的心跳骤然急促，难以置信地望向她。,我的心跳驟然急促，難以置信地望向她。,"My pulse raced as I stared at her, uncomprehending.",心臓の鼓動が早まる。信じられない思いで彼女を見つめた。,"Моё сердце забилось быстрее, я смотрел на неё взглядом, неспособным поверить в происходящее."
,Sprite,黑,,特效前,,,0.5,,,,,,,,,,,
,Tween,黑,ColorTo,alpha=0 time=0,,,,,,,,,,,,,,
,Tween,黑,ColorTo,alpha=0.4 time=0,,,,,NoWait,,,,,,,,,
,Wait,,,,,,0,,,,,,,,,,,
,,,,,,,,,,默认153,,,,此时出现在我面前的雁儿姐……竟然是鬼魂？,此時出現在我面前的雁兒姐……竟然是鬼魂？,The <ruby=Swan Goose>Sister Yan</ruby> before me... was a specter?,私の目の前に現れた雁姉は……まさか、幽霊？,"Сестричка Лебёдушка, которую я сейчас вижу... это дух?"
,,,,,,,,,,默认154,,,,我向来不信鬼神之说。,我向來不信鬼神之說。,I'd never put stock in ghost stories.,今まで幽霊の類など信じたことはなかった。,Я никогда не верил в призраков.
,,,,,,,,,,默认155,,,,然而，此时此刻，她如此言说，竟让我不由自主想要去信。,然而，此時此刻，她如此言說，竟讓我不由自主想要去信。,"Yet, at this moment, the way she spoke made me want to believe her despite myself.",しかし今この時、彼女の言葉で信じざるを得なくなった。,Но в данную секунду её слова невольно заставляли меня желать верить в их существование.
,SpriteOff,黑,,,,,0.5,,NoWait,,,,,,,,,
,Wait,,,,,,0.5,,,,,,,,,,,
,,苏怜烟,说话,,,,,,,默认156,,苏怜烟/29_苏怜烟_06,,[四年前我虽身死，却因心有执念而阴魂不散，于是便长久徘徊于扬州城内。],[四年前我雖身死，卻因心有執念而陰魂不散，於是便長久徘徊於揚州城內。],"""Though I died four years ago, my soul lingered due to unresolved attachments, leaving me to wander endlessly through Yangzhou City.""",「四年前に私の体は死んだ。でも心残りがあって魂までは朽ちず、長い間揚州を漂っていた」,"""Хоть четыре года тому назад я умерла, но из-за оставшейся в сердце привязанности моя душа не ушла в небытие - и я долго скиталась по Янчжоу."""
,,苏怜烟,通常,,,,,,,默认157,,苏怜烟/29_苏怜烟_07,,[近日，那些该死的鞑子兵屠戮众多无辜的百姓，城中阴气冲天，我才得以化形，与你一见。],[近日，那些該死的韃子兵屠戮眾多無辜的百姓，城中陰氣沖天，我才得以化形，與你一見。],"""Recently, those damned Tatar soldiers slaughtered countless innocents, filling the city with such oppressive yin energy that I could manifest and meet you.""",「そしてここ最近、あの忌々しい韃子たちが罪なき住民を殺し回り、町の邪気が頂点に達したから、私は形を得てあなたに会うことができた」,"""На протяжении этих дней те чёртовы варварские солдаты устроили резню множества невинных людей и город заполонила тёмная аура - так мне удалось обрести форму и увидеться с тобой."""
,,,,,,,,,,默认158,,,,苏怜烟抿着嘴，一字一句，无比清晰地对我解释道。,蘇憐煙抿著嘴，一字一句，無比清晰地對我解釋道。,"Su Lianyan pressed her lips together and explained to me, word by word, with crystalline clarity.",蘇憐煙がきゅっと唇を噛み締める。そして一語一語、はっきりと私にそう説明した。,"Поджимая губы, необычайно чётко, слово за словом объясняла мне Су Ляньянь."
,,方知宥,,,,,,,,默认159,,方知宥/29_方知宥_12,,[你能在这里留多久？］,[你能在這裡留多久？］,"""How long can you remain here?""",「あとどのくらい……ここにいられるんだ？」,"""Надолго ли ты сможешь здесь остаться?"""
,,,,,,,,,,默认160,,,,我急切地追问。,我急切地追問。,I pressed urgently.,慌てて彼女にそう尋ねる。,Поспешно спросил я.
,,,,,,,,,,默认161,,,,话语中的“这里”，一是指的这个房屋，二是指的人世间。,話語中的“這裡”，一是指的這個房屋，二是指的人世間。,"The ""here"" in my words referred both to this house and to the mortal world itself.",私の言う「ここ」とは、この部屋と、この世のことだ。,"Под ""здесь"" я имел в виду как это помещение, так и сам мир людей."
,,苏怜烟,说话,,,,,,,默认162,,苏怜烟/29_苏怜烟_08,,[不多，至多一个时辰，我这身形……大概便要散去了。］,[不多，至多一個時辰，我這身形……大概便要散去了。］,"""Not long — at most two hours — and this form of mine... will likely fade away.""",「そんなに持たない。長くて一刻もすれば、私の姿は……霧になって消えてしまうわ」,"""Нет - самое большее на одну стражу, а потом моя нынешняя форма... скорее всего, растворится."""
,,,,,,,,,,默认163,,,,她无奈地一笑。,她無奈地一笑。,She gave a resigned smile.,力なく彼女が笑った。,Беспомощно улыбнулась она.
,,方知宥,,,,,,,,默认164,,,,[……］,[……］,"""...""",「……」,"""..."""
,,,,,,,,,,默认165,,,,竟然只有这么短的时间。,竟然只有這麼短的時間。,To think there's only this brief moment remaining.,そんなに……短い時間しか。,Всего лишь на такое короткое время.
,,,,,,,,,,默认166,,,,我握紧了双拳，心中满是不舍的心绪。,我握緊了雙拳，心中滿是不捨的心緒。,"I clenched my fists, my heart heavy with reluctance.",私は拳を握る。あまりにも、あまりにも名残惜しかった。,"Я сжал кулаки, сердце моё было полно досады от нежелания расставаться с ней так быстро."
,,苏怜烟,疑惑,,,,,,,默认167,,苏怜烟/29_苏怜烟_09,,[知宥，时间不多……我想把“当年的真相”说与你听，也算是了却了我在尘世间的最后一桩心事。］,[知宥，時間不多……我想把“當年的真相”說與你聽，也算是了卻了我在塵世間的最後一樁心事。］,"""Zhiyou, time is short... I want to tell you 'the truth of that year'. Consider it my final act of closure in this mortal world.""",「知宥、時間がない……『あの時の真実』を話してあげる。それでこの世に残した最後の未練も断ち切れるだろうから」,"""Чжию, времени мало... Я хочу поведать тебе, 'что тогда случилось на самом деле' - чтобы наконец-то положить конец своему последнему нерешённому делу в этом бренном мире."""
,,,,,,,,,,默认168,,,,她秀眉微皱，语气严肃地对我说道。,她秀眉微皺，語氣嚴肅地對我說道。,Her delicate brows knitted slightly as she addressed me in solemn tones.,彼女が真剣な顔つきになり、厳粛な口調になる。,"Слегка прихмурив изящные брови, серьёзным тоном проговорила она."
,,方知宥,,,,,,,,默认169,,方知宥/29_方知宥_13,,[“当年的真相”？我确实想知道……我不明白，当年我们明明约好了要一同逃的……雁儿姐为何突然……］,[“當年的真相”？我確實想知道……我不明白，當年我們明明約好了要一同逃的……雁兒姐為何突然……］,"""'The truth of that year'? I truly want to know... I don't understand—we'd sworn to escape together back then... Why did <ruby=Swan Goose>Sister Yan</ruby> suddenly...""",「『あの時の真実』？それは私も知りたい……ずっとわからなかったから……あの時一緒に逃げると約束していたのに……どうして雁姉は突然……」,"""'Что тогда случилось на самом деле'? Мне бы действительно хотелось об этом узнать... Я не могу понять, почему в тот год, когда мы с тобой договорились убежать вместе... ты, сестричка Лебёдушка, вдруг..."""
,,,,,,,,,,默认170,,,,我喃喃自语，有些不安地说着，同时也渴求能从她这里听到答案。,我喃喃自語，有些不安地說著，同時也渴求能從她這裡聽到答案。,"I murmured uneasily, both speaking to myself and longing for her response.",独り言まじりでそう言う。知ることが恐ろしいながらも、彼女から答えを聞きたくもあった。,"Пробормотал я, волнуясь, но в то же время горя нетерпением услышать ее ответ."
,,苏怜烟,通常,,,,,,,默认171,,苏怜烟/29_苏怜烟_10,,[莫急，我们慢慢来，我一点点讲与你听。］,[莫急，我們慢慢來，我一點點講與你聽。］,"""Be patient—we'll proceed step by step. I'll explain everything gradually.""",「慌てないで、順を追って話していくから」,"""Не спеши, я всё расскажу тебе как следует по порядку."""
,,,,,,,,,,默认172,,,,她伸出手指，轻轻按在我的唇上，止住了我的焦躁。,她伸出手指，輕輕按在我的唇上，止住了我的焦躁。,"She pressed a gentle finger to my lips, stilling my agitation.",彼女が指をそっと私の唇に当てると、急く私を制止した。,"Вытянув пальчик, она легонько прижала его к моим губам, умеряя моё волнение."
,,方知宥,,,,,,,,默认173,,,,[……］,[……］,"""...""",「……」,"""..."""
,,,,,,,,,,默认174,,,,我静下来，凝神倾听。,我靜下來，凝神傾聽。,I grew silent and listened with rapt attention.,私は黙り、彼女の話に耳を傾ける。,"Я успокоился, готовый внимательно её слушать."
,,,,,,,,,,默认175,,,,于是，她缓缓道出了“当年的真相”——,於是，她緩緩道出了“當年的真相”——,"Then, she began recounting ""the truth of that year""—",こうして、彼女は「あの時の真実」をゆっくりと語り出した――,"И она не спеша приступила к рассказу о том, ""что тогда случилось на самом деле"":"
,,苏怜烟,疑惑,,,,,,,默认176,,苏怜烟/29_苏怜烟_11,,[知宥，当年我们本欲按计划，于第二次乘画舫时出逃，可你有所不知……那计划早已败露，景姨不知从何处得了消息，开始阻挠我们。],[知宥，當年我們本欲按計劃，於第二次乘畫舫時出逃，可你有所不知……那計劃早已敗露，景姨不知從何處得了消息，開始阻撓我們。],"""Zhiyou, we'd originally planned to escape during our second voyage on the Painted Pleasure Boat. But unknown to you... the plan was already compromised. Aunt Jing had somehow learned of it and started interfering.""",「知宥、あの時私たちは計画通り、二度目の画舫で逃げるつもりだった。でも知宥は知らなかったはず……あの計画はすでにばれていたの。景ばあがどこかから聞きつけて、邪魔をしたのよ」,"""Чжию, тогда мы с тобой действительно планировали сбежать во время второй прогулки на расписной лодке, но оказалось... что тот план уже давно был раскрыт - тётушка Цзин откуда-то прознала про него и решила остановить нас."""
,,方知宥,,,,,,,,默认177,,方知宥/29_方知宥_14,,[景姨？果然是她……她怎会提前知晓？难道是老林头……是他偷听后告的密？],[景姨？果然是她……她怎會提前知曉？難道是老林頭……是他偷聽後告的密？],"""Aunt Jing? So it was her... How did she know beforehand? Could it have been Old Man Lin... Did he eavesdrop and inform on us?""",「景ばあ？やっぱりあの人か……どうやって事前に情報を耳にしたんだ？まさか林じいさん……彼が盗み聞きして密告したのか？」,"""Тётушка Цзин? Так всё-таки это из-за неё... Но откуда ей это стало известно? Неужели это старик Линь... Это он подслушал нас и потом сообщил ей?"""
,,,,,,,,,,默认178,,,,我急切地询问雁儿姐。,我急切地詢問雁兒姐。,I pressed <ruby=Swan Goose>Sister Yan</ruby> anxiously.,気持ちが焦り、雁姉を問い詰める。,С нетерпением спросил я у сестрички Лебёдушки.
,,苏怜烟,,,,,,,,默认179,,苏怜烟/29_苏怜烟_12,,[不知道，或许是那艄公，或许是鹂儿，或许是泠音阁中任何一个能偷听我们说话的人……如今已难查清此人究竟是谁，也没必要再探究了……],[不知道，或許是那艄公，或許是鸝兒，或許是泠音閣中任何一個能偷聽我們說話的人……如今已難查清此人究竟是誰，也沒必要再探究了……],"""I don't know—perhaps the Boatman, or Li'er, or anyone at <ruby=泠音>Lingyin</ruby> Pavilion who might have overheard us... Now it's impossible to determine, and hardly worth pursuing...""",「わからない。船頭かもしれないし、鵹児かもしれない。もしかしたら、泠音閣の誰かが私たちの話を盗み聞きしたのかも……今となっては誰なのかわからないし、突き止める必要もない……」,"""Не знаю - возможно, это был тот лодочник, возможно, Ли'эр, либо же любой их тех, кто мог бы нас подслушать в Мелодичном павильоне... Сейчас уже крайне сложно будет выяснить, кто же это был, да и нужды в этом нет."""
,,,,,,,,,,默认180,,,,雁儿姐感叹了一声，她倒是显得很豁达。,雁兒姐感嘆了一聲，她倒是顯得很豁達。,<ruby=Swan Goose>Sister Yan</ruby> sighed with remarkable acceptance.,はあ、と溜息をつく彼女だったが、どこか余裕があった。,"Вздохнула сестричка Лебёдушка, но при этом она, похоже, относилась к тому обстоятельству с удивительным философским спокойствием."
,CharacterOff,,,,,,,,,,,,,
,,方知宥,,,,,,,,默认181,,,,[……］,[……］,"""...""",「……」,"""..."""
,Sprite,黑,,特效前,,,0.5,,,,,,,,,,,
,Tween,黑,ColorTo,alpha=0 time=0,,,,,,,,,,,,,,
,Tween,黑,ColorTo,alpha=0.4 time=0,,,,,NoWait,,,,,,,,,
,Wait,,,,,,0,,,,,,,,,,,
,,,,,,,,,,默认182,,,,我抿嘴沉思，倒是没有雁儿姐那般宽容。,我抿嘴沉思，倒是沒有雁兒姐那般寬容。,"I pursed my lips pensively, less forgiving than <ruby=Swan Goose>Sister Yan</ruby>.",唇を噛みながら考える。私は雁姉ほど大らかではいられなかった。,"Я прикусил губу в раздумье - мне было не под силу относиться к этому так же великодушно, как она."
,,,,,,,,,,默认183,,,,对泄露之人已有猜测。,我對洩露之人已有猜測。,I already suspected who the informant was.,情報を漏らした者のあたりはついていた。,"У меня уже были догадки насчёт того, кто выдал нас."
,,,,,,,,,,默认184,,,,那老林头嫌疑最重。,那老林頭嫌疑最重。,Old Man Lin is the most suspicious.,最も疑わしいのは林老人だ。,Главное подозрение падало на старика Линя.
,,,,,,,,,,默认185,,,,他自私自利，城破后为一己私出卖他人，充当汉奸向导。,他自私自利，城破後為一己私出賣他人，充當漢奸嚮導。,"He was selfish and self-serving; after the city fell, he betrayed others for personal gain, serving as a traitorous guide.",彼は町が落とされた後、私利私欲のために他人を売り、漢奸の案内人を務めたのだ。,"Он был настолько корыстен, что после падения города ради своей выгоды предавал других, стал изменником собственного народа и пособником врага."
,,,,,,,,,,默认186,,,,然而，这样一个人，却独独几次三番地帮我。,然而，這樣一個人，卻獨獨幾次三番地幫我。,"Yet, such a man repeatedly helped me, time and again.",しかしそんな彼だが、何度も私の窮地を救ってくれた。,Но при всём при этом он неоднократно помогал мне.
,,,,,,,,,,默认188,,,,他必定是瞒着什么。,他必定是瞞著什麼。,He must be hiding something.,きっと彼は何かを隠している。,Он определённо что-то скрывает.
,SpriteOff,黑,,,,,0.5,,NoWait,,,,,,,,,
,Wait,,,,,,0.5,,,,,,,,,,,
,Shake,Graphics,,x=30 y=40 time=0.4,,,,,PageWait,,,,,,,,,
,,？？？,<Off>,,,,,,,默认190,,小雁儿/08_小雁儿_16,,[知宥……］,[知宥……］,"""Zhiyou...""",「知宥……」,"""Чжию..."""
,,,,,,,,,,默认191,,,,！,！,!,！,!
,StopBgm,,,,,,3,,,,,,,,,,,
,,,,,,,,,,默认192,,,,这时，我的脑海里然响起了一个声音。,這時，我的腦海裡然響起了一個聲音。,"Then, a voice suddenly echoed in my mind.",その時、頭に別の声が響いた。,Вдруг прозвучало у меня в голове.
,,,,,,,,,,默认193,,,,这声音……似乎是小雁儿？,這聲音……似乎是小雁兒？,This voice... could it be Little Yan?,この声は……小雁か？,Этот голос... это как будто была Лебёдушка?
,,苏怜烟,好奇,,,,,,,默认194,,,,[……］,[……］,"""...""",「……」,"""..."""
,,,,,,,,,,默认195,,,,可雁儿姐明明就在我的面前，为何我的脑中会突然响起小雁儿的声音？,可雁兒姐明明就在我的面前，為何我的腦中會突然響起小雁兒的聲音？,But <ruby=Swan Goose>Sister Yan</ruby> is right in front of me—why would Little Yan's voice suddenly ring in my head?,しかし雁姉は私の目の前にいる。なのにどうして小雁の声が頭の中から聞こえてくるんだ？,"Но ведь сестричка Лебёдушка прямо передо мной - так как в моей голове мог ни с того, ни с сего прозвучать голос её детского обличья?"
,,苏怜烟,惊讶,,,,,,,默认196,,苏怜烟/29_苏怜烟_13,,[知宥，怎么了？］,[知宥，怎麼了？］,"""Zhiyou, what's wrong?""",「知宥、どうしたの？」,"""Чжию, что такое?"""
,,,,,,,,,,默认197,,,,雁儿姐察觉到我的神色有些不对，于是便关心地询问。,雁兒姐察覺到我的神色有些不對，於是便關心地詢問。,<ruby=Swan Goose>Sister Yan</ruby> noticed my troubled expression and asked with concern.,私の様子がおかしいことに気付き、雁姉が心配そうに話しかけてきた。,"Заметив что-то странное в моём лице, с беспокойством спросила сестричка Лебёдушка."
,,方知宥,,,,,,,,默认198,,方知宥/29_方知宥_15,,[没什么……雁儿姐继续讲便好……哪怕不去想是谁泄露的计划……我还是不明白景姨为何这般针对我们？最终——你又为何会选择自尽？］,[沒什麼……雁兒姐繼續講便好……哪怕不去想是誰洩露的計劃……我還是不明白景姨為何這般針對我們？最終——你又為何會選擇自盡？］,"""It's nothing... Just keep going, <ruby=Swan Goose>Sister Yan</ruby>... Even if we ignore who leaked the plan... I still can't comprehend why Aunt Jing would target us like this? In the end—why did you choose to take your own life?""",「何でもない……話を続けてくれ……誰が漏らしたのかはさておき……景ばあがなぜ私たちを目の敵にするのかがわからない。そして――君はどうして自害を選んだ？」,"""Ничего... Продолжай, сестричка Лебёдушка... Даже если не задаваться вопросом, кто выдал наш план... Я всё равно не понимаю - почему вообще тётушка Цзин так к нам относилась? И, самое главное - почему ты решила покончить с собой?"""
,,,,,,,,,,默认199,,,,我闭上双眼又睁开，暂时摆脱小雁儿的“幻听”，再次看向雁儿姐问道。,我閉上雙眼又睜開，暫時擺脫小雁兒的“幻聽”，再次看向雁兒姐問道。,"I closed and reopened my eyes, momentarily silencing Little Yan's ""phantom whispers"", then turned to <ruby=Swan Goose>Sister Yan</ruby> and asked.",閉じた目を開き、小雁の「幻聴」から気を逸らすと、再び雁姉の方に向き直ってそう訊いた。,"Я закрыл и снова открыл глаза, отгоняя из головы ""слуховой мираж"" Лебёдушки, после чего продолжил задавать сестричке Лебёдушке вопросы."
,,,,,,,,,,默认200,,,,我希望从她这里得到答案——彻底解开我这些年来的疑惑。,我希望從她這裡得到答案——徹底解開我這些年來的疑惑。,I hoped she could give me answers—to finally resolve the doubts that had plagued me for years.,彼女から答えを聞きたかった――私の数年間に及ぶ疑問を解決したかった。,"Я желал получить от неё ответа - и разрешить все тайны, что беспокоили меня столько лет."
,,苏怜烟,好奇,,,,,,,默认201,,苏怜烟/29_苏怜烟_14,,[我接着说……知宥，景姨之所以针对你我是因为——她早已被你伯母收买了。］,[我接著說……知宥，景姨之所以針對你我是因為——她早已被你伯母收買了。］,"""I continued... Zhiyou, the reason Aunt Jing targeted us was—she'd already been bribed by your aunt.""",「続きを話すわ……知宥、景ばあが私たちに目をつけていたのは――あなたの伯母に買収されていたから」,"""Я тебе расскажу... Чжию, такое отношение тётушки Цзин к нам с тобой было из-за того - что её ещё раньше подкупила твоя тётка."""
,,,,,,,,,,默认202,,,,雁儿姐叹了一口气，对我说道。,雁兒姐嘆了一口氣，對我說道。,<ruby=Swan Goose>Sister Yan</ruby> sighed as she spoke to me.,雁姉が溜息をついてそう言った。,Со вздохом ответила мне сестричка Лебёдушка.
,,方知宥,,,,,,,,默认203,,,,[……］,[……］,"""...""",「……」,"""..."""
,,,,,,,,,,默认204,,,,我一愣，心中震动。,我一愣，心中震動。,"I froze, my heart trembling.",心中がざわついた。,"Я оторопел, сердце моё дрогнуло."
,,,,,,,,,,默认205,,,,没想到……伯母也与此事有关，牵扯其中。,沒想到……伯母也與此事有關，牽扯其中。,I never imagined... my aunt would be involved in this affair too.,まさか……伯母までこの件に絡んでいて、私たちの邪魔をしていたとは。,Я и представить себе не мог... что в этом деле окажется замешана моя тётя.
,,苏怜烟,疑惑,,,,,,,默认206,,苏怜烟/29_苏怜烟_15,,[我作为瘦马，被你伯父买到扬州……虽说他并未娶我过门，但我也曾是方家中的一人……是你的小娘。］,[我作為瘦馬，被你伯父買到揚州……雖說他並未娶我過門，但我也曾是方家中的一人……是你的小娘。］,"""As a Thin Horse, I was purchased by your uncle and brought to Yangzhou... Though he never formally married me, I was once part of the Fang household... your stepmother.""",「『痩馬』として私は揚州にいるあなたの伯父に売られた……結局娶ることはなかったけど、それでも私は方家の一員……あなたの継母だったの」,"""Я была куплена и привезена к твоему дяде в Янчжоу в качестве 'тощей лошади'... Хоть я так и не стала официально его наложницей, но всё равно какое-то время была частью семьи Фан... твоей 'младшей матерью'."""
,,苏怜烟,,,,,,,,默认207,,苏怜烟/29_苏怜烟_16,,[当年，我们重逢后互生情愫，你伯母听说这个消息，担心你我成亲会辱没方家门楣，令你伯父在九泉之下蒙羞，故一心要拆散你我。］,[當年，我們重逢後互生情愫，你伯母聽說這個消息，擔心你我成親會辱沒方家門楣，令你伯父在九泉之下蒙羞，故一心要拆散你我。］,"""When we reunited and fell in love years later, your aunt heard the news. Fearing our marriage would tarnish the Fang family name and disgrace your late uncle's memory, she resolved to separate us.""",「私たちが再会して想いを寄せ合うようになると、伯母はその話を聞いて、私たちが方家の名を汚し、叔父が草葉の陰で恥じるのではないかと気が気でなかった。だから私たちを引きはがそうと躍起になったの」,"""Когда мы в тот год снова увиделись с тобой и между нами зародились чувства, твоя тётка, узнав об этом, забеспокоилась, что твоя женитьба на мне осрамит имя семьи Фан и нанесёт позор твоему дяде на том свете - и решила всеми силами нас разлучить."""
,,苏怜烟,悲伤,,,,,,,默认208,,苏怜烟/29_苏怜烟_17,,[她贿赂景姨，让她全力阻碍你我之事，这便是景姨对你漫天要价的理由……同时，景姨不断为我安排贵客，想尽快将我嫁出，这样她既能得到赎身分成，又能拿到你伯母的贿赂。］,[她賄賂景姨，讓她全力阻礙你我之事，這便是景姨對你漫天要價的理由……同時，景姨不斷為我安排貴客，想盡快將我嫁出，這樣她既能得到贖身分成，又能拿到你伯母的賄賂。］,"""She bribed Aunt Jing to obstruct our relationship at all costs — that's why Aunt Jing made exorbitant demands of you... Meanwhile, Aunt Jing kept arranging meetings with wealthy suitors for me, hoping to marry me off as soon as possible. This way, she could both take a cut from my redemption payment and collect the bribe from your aunt.""",「そうして景ばあに賄賂を送り、全力で私たちの邪魔をさせた。それがあの法外な身請け代の理由よ……同時に景ばあは頻繁に私に客をつけ、娶らせようとした。そうすることで身請け代の分け前と、伯母の賄賂を手に入れられるから」,"""Она подкупила тётушку Цзин, чтобы та всячески препятствовала нам - именно поэтому она тогда заломила тебе такую неподъёмную цену... И в то же время она постоянно подсылала ко мне клиентов познатнее, чтобы поскорее выдать меня замуж - так ей бы удалось получить как деньги за мой выкуп, так и взятку от твоей тётки."""
,,苏怜烟,,,,,,,,默认209,,苏怜烟/29_苏怜烟_18,,[我本想与你私奔逃离，不料最后计划败露，景姨知后便向东家提议将我禁足，甚至说要拍卖我的初夜，逼我由清倌人转为红倌人。],[我本想與你私奔逃離，不料最後計劃敗露，景姨知後便向東家提議將我禁足，甚至說要拍賣我的初夜，逼我由清倌人轉為紅倌人。],"""I had planned to elope with you, but the scheme was uncovered. When Aunt Jing found out, she urged the owner to confine me and even threatened to auction off my virginity, forcing me to transition from a pure courtesan to a Red Courtesan.""",「駆け落ちしようとしたけど、結局計画は漏れてた。景ばあが話を知ると、店の主人に私を幽閉するよう提案した。さらには水揚げして、清倌から紅倌に転身させるようにもね」,"""Когда наш с тобой план побега вдруг был разоблачён, тётушка Цзин предложила хозяину заведения посадить меня под замок. Она даже сказала, что нужно продать мою первую ночь, заставив меня стать из 'чистой' куртизанки 'красной'."""
,,方知宥,,,,,,,,默认210,,,,[……］,[……］,"""...""",「……」,"""..."""
,,苏怜烟,疑惑,,,,,,,默认211,,苏怜烟/29_苏怜烟_19,,[幸而泠音阁素以清倌人著称，东家未完全听从景姨的提议，只是加紧为我择亲……景姨也在从中作梗，私下安排不让你我再见面。］,[幸而泠音閣素以清倌人著稱，東家未完全聽從景姨的提議，只是加緊為我擇親……景姨也在從中作梗，私下安排不讓你我再見面。］,"""Fortunately, <ruby=泠音>Lingyin</ruby> Pavilion has long been renowned for its pure courtesans, so the owner didn’t fully comply with Aunt Jing’s suggestion—only hastening to arrange a match for me... Aunt Jing also interfered further, ensuring we could no longer meet in secret.""",「幸い泠音閣は清倌で名が通っているから、景ばあの提案を主人が鵜呑みにすることはなく、結婚を急がせるだけで済んだけど……景ばあの方も何かと根回しをして、私たちが二度と会えないように計らった」,"""К счастью, Мелодичный павильон всегда славился именно 'чистыми' куртизанками, поэтому хозяин не стал её слушать, а лишь усилил попытки подобрать мне мужа... Тётушка Цзин же тайком подстраивала всё так, чтобы нам больше не удалось увидеться."""
,,苏怜烟,,,,,,,,默认212,,苏怜烟/29_苏怜烟_20,,[我想……这样一直被他们关下去，今生恐怕再也见不到你了……贞洁也将失去……越想越绝望，终在一夜从泠音阁上跳下……］,[我想……這樣一直被他們關下去，今生恐怕再也見不到你了……貞潔也將失去……越想越絕望，終在一夜從泠音閣上跳下……］,"""I thought...if they kept me locked up like this, I might never see you again in this lifetime...and my virtue would be lost too... The more I dwelled on it, the deeper my despair grew, until one night I leaped from <ruby=泠音>Lingyin</ruby> Pavilion...""",「このまま閉じ込められていたら、二度と知宥に会えないと思った……純潔まで汚されることになる……そう考えるほど嫌気が差して、ある晩泠音閣から飛び降りた」,"""Я думала... что теперь, когда меня заперли и не выпускают, мне больше так и не удастся тебя увидеть... а потом и честь свою тоже потеряю... От этих мыслей меня всё больше одолевало отчаяние, и в конце концов я однажды ночью сбросилась с Мелодичного павильона..."""
,,,,,,,,,,默认213,,,,雁儿姐缓缓说道，语气愈加伤感。,雁兒姐緩緩說道，語氣愈加傷感。,"<ruby=Swan Goose>Sister Yan</ruby> spoke slowly, her voice growing increasingly mournful.",雁姉がゆっくりとそう言う。沈痛な声だった。,"Не спеша рассказывала сестричка Лебёдушка, в её голосе слышалась всё большая печаль."
,,方知宥,,,,,,,,默认214,,,,[……］,[……］,"""...""",「……」,"""..."""
,,,,,,,,,,默认215,,,,我紧握住双拳，认真听她讲述，心中悲愤交织。,我緊握住雙拳，認真聽她講述，心中悲憤交織。,"I clenched my fists tightly as I listened to her tale, my heart torn between sorrow and rage.",ぎゅっと拳を握りしめ、彼女の話に真剣に聞き入る。悲しみと憤りで心の中がぐちゃぐちゃになっていた。,"Крепко сжав кулаки, я внимательно слушал её рассказ, в сердце моём печаль перемешивалась с гневом."
,,,,,,,,,,默认216,,,,……可总觉得，有哪里不对。,……可總覺得，有哪裡不對。,...Yet something didn't quite add up.,……しかしやはり、何かがおかしい気がする。,...Но что-то в её рассказе мне показалось странным.
,,方知宥,,,,,,,,默认217,,方知宥/29_方知宥_16,,[等等，雁儿姐……我听人说……你的尸身是在二十四桥边上被发现的……有人说见过你曾在那夜子时从二十四桥上跳下……］,[等等，雁兒姐……我聽人說……你的屍身是在二十四橋邊上被發現的……有人說見過你曾在那夜子時從二十四橋上跳下……］,"""Wait, <ruby=Swan Goose>Sister Yan</ruby>...I heard people say...your body was discovered near the Twenty-Four Bridges... Some claimed to have seen you jump from the bridge at midnight that fateful night...""",「待ってくれ、雁姉……聞いた話では……君の亡骸は二十四橋の近くで見つかったそうじゃないか……君が二十四橋から飛び降りたのを見た者もいる……」,"""Погоди, сестричка Лебёдушка... Я от кого-то слышал... что твоё тело нашли подле Двадцать четвёртого моста... Кто-то видел, как ты в ту ночь в <ruby=23:00-01:00>стражу Крысы</ruby> спрыгнула с него..."""
,,,,,,,,,,默认218,,,,我指出了我的疑惑之处。,我指出了我的疑惑之處。,I pointed out my doubts.,そう疑問をぶつける。,Высказал я свои сомнения.
,,,,,,,,,,默认219,,,,此时雁儿姐说“自己从泠音阁之上跳下”，这与我多年来的印象完全不同。,此時雁兒姐說“自己從泠音閣之上跳下”，這與我多年來的印象完全不同。,"At this moment, <ruby=Swan Goose>Sister Yan</ruby> said, ""I leaped from <ruby=泠音>Lingyin</ruby> Pavilion myself"" - a statement that completely contradicted my longstanding impression.",今の雁姉は「泠音閣から飛び降りた」と言っている。それは私の長年考えていたものと大きく状況が異なっていた。,"Её слова про то, что она сбросилась с Мелодичного павильона, не вязались с тем впечатлением, что было у меня все эти годы."
,,苏怜烟,好奇,,,,,,,默认220,,,,[……］,[……］,"""...""",「……」,"""..."""
,,苏怜烟,疑惑,,,,,,,默认221,,苏怜烟/29_苏怜烟_21,,[那几日如现在一般，连日大雨，水流湍急，我的尸身很容易便被冲至二十四桥附近……至于那些所谓的目击者，大概是东家买通的人，他们为免节外生枝，便如此安排……］,[那幾日如現在一般，連日大雨，水流湍急，我的屍身很容易便被沖至二十四橋附近……至於那些所謂的目擊者，大概是東家買通的人，他們為免節外生枝，便如此安排……］,"""In those days, just like now, there was continuous heavy rain and turbulent currents. My corpse was easily carried downstream near the Twenty-Four Bridges... As for those alleged eyewitnesses, they were likely people the master had bribed to avoid complications...""",「あの日は今のように連日の大雨で、川の流れも急だった。死体が二十四橋まで流されても不思議じゃない……その目撃者というのも、おそらく主人が買収した人ね。余計な噂を立てられないように仕組んだのよ……」,"""В те дни погода была прямо как сейчас: без перерыва шли ливни, течение было бурным, так что моё тело вполне могло унести к Двадцать четвертому мосту... Что же до тех свидетелей, то, скорее всего, они просто были подкуплены - начальство решило всё скрыть, чтобы избежать лишних пересудов."""
,,,,,,,,,,默认222,,,,雁儿姐一边沉思，一边向我解释道。,雁兒姐一邊沉思，一邊向我解釋道。,<ruby=Swan Goose>Sister Yan</ruby> explained to me while deep in thought.,雁姉が考えつつ、私にそう説明した。,"Поразмыслив, объяснила мне сестричка Лебёдушка."
,,方知宥,,,,,,,,默认223,,方知宥/29_方知宥_17,,[原来如此。］,[原來如此。］,"""I understand.""",「なるほど……」,"""Вот оно что."""
,,,,,,,,,,默认224,,,,我点了点头，接受了雁儿姐的说法。,我點了點頭，接受了雁兒姐的說法。,"I nodded, accepting <ruby=Swan Goose>Sister Yan</ruby>'s explanation.",私は頷き、雁姉の話を信じることにした。,"Кивнул я, соглашаясь."
,,,,,,,,,,默认225,,,,她说的这些……能解释我先前所有想不明白的地方，也与几日前景姨见到我后那心中有愧的样子相对应。,她說的這些……能解釋我先前所有想不明白的地方，也與幾日前景姨見到我後那心中有愧的樣子相對應。,"Her words... explained everything I hadn't been able to understand before, and matched the guilty expression Aunt Jing wore when she saw me days earlier.",彼女の言い分なら……私のこれまでわからなかった点も話の筋が通るし、数日前の景ばあが私を見て悔やんでいた様子も説明がつく。,"Её рассказ... в состоянии объяснить всё то, что я раньше не мог понять, а также сходится с тем выражением лица тётушки Цзин, когда мы с ней столкнулись несколько дней назад - явно говорившим, что у неё совесть нечиста."
,,,,,,,,,,默认226,,,,大概——真相便是如此。,大概——真相便是如此。,Perhaps—this was the truth.,きっと――真相はこうだったのだろう。,По всей видимости - всё так и было на самом деле.
,,,,,,,,,,默认227,,,,当年我无从得知的往事，如今由雁儿姐的“魂魄”亲口告知，终于是有了一个结果。,當年我無從得知的往事，如今由雁兒姐的“魂魄”親口告知，終於是有了一個結果。,"The past I could never uncover is now revealed to me by <ruby=Swan Goose>Sister Yan</ruby>'s ""spirit"" herself—finally bringing closure.",私の知り得なかった過去を雁姉の「霊魂」が話してくれたことで、ようやく一つに繋がった。,"То, что в тот год мне так и не удалось выяснить, теперь самолично поведал мне ""дух"" сестрички Лебёдушки - тем самым наступила развязка."
,,方知宥,,,,,,,,默认228,,,,[……],[……],"""...""",「……」,"""..."""
,,方知宥,,,,,,,,默认229,,方知宥/29_方知宥_18,,[谢谢你，雁儿姐……如此一来，一切都说得通了。］,[謝謝你，雁兒姐……如此一來，一切都說得通了。］,"""Thank you, <ruby=Swan Goose>Sister Yan</ruby>... Now everything falls into place.""",「ありがとう、雁姉……これで全て得心が行った」,"""Спасибо, сестричка Лебёдушка... Сейчас всё сходится."""
,,,,,,,,,,默认230,,,,我深呼出一口气，带着释怀的语气向她道谢。,我深呼出一口氣，帶著釋懷的語氣向她道謝。,I exhaled deeply and thanked her with quiet relief.,ふう、と息を吐き出し、どこか満たされた口調で彼女にそう礼を述べた。,"Глубоко выдохнув, поблагодарил я её с облегчением."
,,方知宥,,,,,,,,默认231,,方知宥/29_方知宥_19,,[景姨、伯母，甚至老林头……日后我必寻他们问个清楚……要他们为你之死负责。］,[景姨、伯母，甚至老林頭……日後我必尋他們問個清楚……要他們為你之死負責。］,"""Aunt Jing, Aunt, even Old Man Lin... I'll track them down someday and demand answers... They must answer for your death.""",「景ばあ、伯母、そして林じいさん……いつか必ず彼らを問いただしてやる……君を死に追いやった償いをさせてやる」,"""Тётушка Цзин, моя тётя, а также старик Линь... Рано или поздно я обязательно всё с них спрошу... Я заставлю их понести ответственность за твою гибель."""
,,,,,,,,,,默认232,,,,我咬着牙，想着那些与害死雁儿姐有关的人，心中充满了些许恨意。,我咬著牙，想著那些與害死雁兒姐有關的人，心中充滿了些許恨意。,"I gritted my teeth, thinking of those connected to <ruby=Swan Goose>Sister Yan</ruby>'s death, my heart filled with simmering hatred.",ぎりりと歯を食いしばる。雁姉を死に追いやった者たちに対する恨みで心の中がいっぱいになった。,"Стиснув зубы, я думал о тех, кто был причастен к её смерти, и сердце моё наполнялось злобой."
,,苏怜烟,悲伤,,,,,,,默认233,,苏怜烟/29_苏怜烟_22,,[不必了。老林头未必是泄密之人，景姨这几年疯癫无常，也算遭了报应……至于你伯母……早在城破时，便死于东城区了。],[不必了。老林頭未必是洩密之人，景姨這幾年瘋癲無常，也算遭了報應……至於你伯母……早在城破時，便死於東城區了。],"""No need. Old Man Lin may not be the informant; Aunt Jing's madness these past years could be seen as retribution... As for your aunt... she perished in East District when the city fell.""",「もういいわ。林じいさんが秘密を漏らしたとは限らないし、競馬阿だってここ数年でおかしくなって、それなりの報いは受けた……あなたの伯母は……この町が襲われた時に、東城区で死んだわ」,"""Не стоит. Старик Линь вполне может и не быть тем, кто нас выдал, тётушка Цзин последние пару лет толком не в себе - можно сказать, её уже постигла своего рода расплата... Что же до твоей тётки... Она погибла в Восточном квартале ещё тогда, когда город пал."""
,,方知宥,,,,,,,,默认234,,,,[……］,[……］,"""...""",「……」,"""..."""
,,苏怜烟,通常,,,,,,,默认235,,苏怜烟/29_苏怜烟_23,,[知宥，我告诉你这些，只是希望你别再困于过去，要好好活着。],[知宥，我告訴你這些，只是希望你別再困於過去，要好好活著。],"""Zhiyou, I tell you this only hoping you'll stop dwelling on the past and live well.""",「知宥、私がこれを伝えたのは、これ以上過去に囚われるのではなく、前を見て生きてほしいから」,"""Чжию, я всё это тебе рассказала лишь для того, чтобы ты перестал цепляться за прошлое. Ты, главное, живи - и живи как следует."""
,,,,,,,,,,默认236,,,,她抿唇一笑，眼里充满了对往事的释怀。,她抿唇一笑，眼裡充滿了對往事的釋懷。,"She smiled faintly, her eyes reflecting quiet acceptance of the past.",彼女が下唇を噛む。その目は過去への赦しを物語っていた。,"Слабо улыбнулась она, в её глазах читалось освобождение от груза прошлых лет."
,,,,,,,,,,默认237,,,,而说到最后那句“好好活着”时，她的语气情真意切，那份情感沉重而悠长。,而說到最後那句“好好活著”時，她的語氣情真意切，那份情感沉重而悠長。,"When she uttered those final words—""live well""—her voice carried sincere tenderness, the emotion profound and enduring.",最後の「前を見て生きてほしい」という言葉、それは彼女の本心から出たものだったのだろう。重く、長く響くものだった。,"Когда она завершила всё это словами ""ты, главное, живи"", тон её был искренним и серьёзным, пропитанным сильными и насыщенными чувствами."
,,方知宥,,,,,,,,默认238,,,,[……］,[……］,"""...""",「……」,"""..."""
,CharacterOff,,,,,,,,,,,,,
,,,,,,,,,,默认239,,,,我低着头，心绪还在她刚才说的事情上。,我低著頭，心緒還在她剛才說的事情上。,"I lowered my head, my thoughts still lingering on what she had just said.",私はうなだれる。彼女が先ほど話したことを心の中で反芻していた。,"Я склонил голову, всё ещё размышляя о том, что она мне поведала."
,Sprite,黑,,特效前,,,0.5,,,,,,,,,,,
,Tween,黑,ColorTo,alpha=0 time=0,,,,,,,,,,,,,,
,Tween,黑,ColorTo,alpha=0.4 time=0,,,,,NoWait,,,,,,,,,
,Wait,,,,,,0,,,,,,,,,,,
,,,,,,,,,,默认240,,,,没想到伯母已经被妖兵杀了……,沒想到伯母已經被妖兵殺了……,I never expected Aunt to have been killed by demon soldiers...,伯母が妖兵に殺されていたとは……,"Оказывается, тётю уже убили яогуаи..."
,,,,,,,,,,默认241,,,,那看来这段旧事，竟然在我不知道时候，已经有了了结。,那看來這段舊事、竟然在我不知道時候，已經有了了結。,So it seems this old matter had already reached its conclusion without my knowledge.,私の過去は、私の知らぬ間に、とっくに清算されていたのだ。,"Тогда, похоже, эта давняя история уже успела получить свою развязку ещё прежде, чем я об этом узнал."
,,,,,,,,,,默认242,,,,雁儿姐说得对。,雁兒姐說得對。,<ruby=Swan Goose>Sister Yan</ruby> was right.,雁姉の言う通りだ。,Сестричка Лебёдушка права.
,,,,,,,,,,默认243,,,,如今那些确定有罪的，那些与她之死有直接关系的人——全都仿佛遭到了天谴，死得死，疯得疯，全都受到了惩罚。,如今那些確定有罪的，那些與她之死有直接關係的人——全都彷彿遭到了天譴，死得死，瘋得瘋，全都受到了懲罰。,"Now those who were truly guilty—those directly responsible for her death—have all seemingly suffered divine retribution, either dying or going mad, all punished.",罪を追うべき者達、彼女の死に関わった者たちはみな――天誅を下されたかのように、死んだり狂ったりして罰を受けた。,"Те, кто точно был виновен, точно был причастен к её смерти - словно и правда получили возмездие свыше, либо в виде смерти, либо в форме безумия."
,,,,,,,,,,默认244,,,,至于那告密的人究竟是谁，我想，我确实没必要再探究了。,至於那告密的人究竟是誰，我想，我確實沒必要再探究了。,As for who exactly the informant was... I suppose there's really no need for me to investigate further.,密告者が誰であったのか、もはや探る必要もないだろう。,"Что же до того, кто выболтал наш секрет - пожалуй, мне действительно нет нужды пытаться выяснить, кто именно это был."
,,,,,,,,,,默认245,,,,抱歉……,抱歉……,I'm sorry...,すまない……,Прости...
,,,,,,,,,,默认246,,,,雁儿姐，我没能为你做些什么。,雁兒姐，我沒能為你做些什麼。,<ruby=Swan Goose>Sister Yan</ruby>... I couldn't do anything for you.,雁姉、私は君に何もできなかった。,"Сестричка Лебёдушка, мне так и не удалось ничего ради тебя сделать."
,SpriteOff,黑,,,,,0.5,,NoWait,,,,,,,,,
,Wait,,,,,,0.5,,,,,,,,,,,
,Shake,Graphics,,x=100 y=60 time=0.4,,,,,PageWait,,,,,,,,,
,,？？？,<Off>,,,,,,,默认248,,小雁儿/23_小雁儿_15,,[知宥！],[知宥！],"""Zhiyou!""",「知宥！」,"""Чжию!"""
,,,,,,,,,,默认249,,,,正当我自责时，耳畔又响起一道熟悉的声音。,正當我自責時，耳畔又響起一道熟悉的聲音。,"Just as I was consumed by self-reproach, a familiar voice sounded in my ears once more.",自責の念に駆られていると、耳元で再び聞き慣れた声が聞こえてきた。,"Пока я продолжал корить себя, в моих ушах опять прозвучал знакомый голосок."
,,方知宥,,,,,,,,默认250,,,,[……］,[……］,"""...""",「……」,"""..."""
,,,,,,,,,,默认251,,,,我愣愣地看向声音的方向——,我愣愣地看向聲音的方向——,I stared blankly toward the source of the voice—,ぼんやりしながら声の方を見ると――,Я в недоумении взглянул в его направлении:
,,小雁儿,焦急,,,,4,,,默认252,,,,[……],[……],"""...""",「……」,"""..."""
,,,,,,,,,,默认253,,,,在雁儿姐的旁边，缓缓浮现出了小雁儿的身影。,在雁兒姐的旁邊，緩緩浮現出了小雁兒的身影。,"Beside <ruby=Swan Goose>Sister Yan</ruby>, Little Yan's figure slowly materialized.",雁姉の横に、ゆっくりと小雁の姿が浮かび上がってきた。,"Рядом с сестричкой Лебёдушкой медленно проявился силуэт ""маленькой"" Лебёдушки."
,,,,,,,,,,默认254,,,,方才，竟是她在唤我？,方才，竟是她在喚我？,Had it been her calling me just now?,先ほど私を呼んだのは彼女か？,Это она сейчас меня звала?
,Bgm,心悸时刻,,,,0.2,3,,,,,,,,,,,
,,小雁儿,害怕,,,,,,,默认255,,小雁儿/29_小雁儿_01,,[知宥，不要信她！］,[知宥，不要信她！］,"""Zhiyou, don't trust her!""",「知宥、信じちゃだめ！」,"""Чжию, не верь ей!"""
,,,,,,,,,,默认256,,,,小雁儿的身影由模糊到清晰。,小雁兒的身影由模糊到清晰。,Little Yan's form gradually came into focus.,小雁の姿が徐々にはっきりとしてくる。,Силуэт Лебёдушки стал отчётливее.
,,,,,,,,,,默认257,,,,她就站在雁儿姐身旁，有些急切地出言提醒我。,她就站在雁兒姐身旁，有些急切地出言提醒我。,"She stood beside <ruby=Swan Goose>Sister Yan</ruby>, speaking to me with urgent warning.",雁姉の横に立ち、焦ったように私にそう呼びかけてくる。,"Стоя рядом с сестричкой Лебёдушкой, она настойчиво предупредила меня."
,,苏怜烟,疑惑,,,,,,,默认258,,苏怜烟/29_苏怜烟_24,,[怎么了？],[怎麼了？],"""Well?""",「どうしたの？」,"""В чём дело?"""
,,,,,,,,,,默认259,,,,雁儿姐察觉到我的异样，疑惑地望向我。,雁兒姐察覺到我的異樣，疑惑地望向我。,<ruby=Swan Goose>Sister Yan</ruby> noticed my odd behavior and looked at me with concern.,私の異変に気付いたのか、雁姉が不思議そうに私の顔を見た。,"В недоумении спросила сестричка Лебёдушка, заметив, что со мной что-то не так."
,,方知宥,,,,,,,,默认260,,方知宥/29_方知宥_20,,[没……没什么。],[沒……沒什麼。],"""No... it's nothing.""",「いや……何でもない」,"""Ни... ничего."""
,,,,,,,,,,默认261,,,,我的幻觉又出现了……,我的幻覺又出現了……,My hallucination are back...,また幻覚が現れた……,Опять появилась моя иллюзия...
,,,,,,,,,,默认262,,,,疯病又犯了。,瘋病又犯了。,The madness has returned.,発作が再び起きてしまった。,Опять меня одолевает безумие.
,,,,,,,,,,默认263,,,,我尴尬地试图保持如常，即便眼前是“雁儿姐”的鬼魂，也不愿她被我怪异举止而被吓到。,我尷尬地試圖保持如常，即便眼前是“雁兒姐”的鬼魂，也不願她被我怪異舉止而被嚇到。,"I awkwardly tried to act normal, even as the ghost of ""<ruby=Swan Goose>Sister Yan</ruby>"" stood before me, unwilling to let my strange behavior frighten her.",動揺しつつも平静を装う私。いくら目の前にいるのが「雁姉」の亡霊とはいえ、奇妙なふるまいをして彼女を驚かせたくはなかった。,"Я неловко пытался сохранять самообладание - пусть перед моими глазами был лишь призрак сестрички Лебёдушки, я всё равно не желал бы напугать её своим странным поведением."
,,苏怜烟,通常,,,,,,,默认264,,苏怜烟/29_苏怜烟_25,,[喔，没事就好，若是还有什么心事，一定要同我说。］,[喔，沒事就好，若是還有什麼心事，一定要同我說。］,"""Oh, as long as you're alright. If there's anything troubling you, you must tell me.""",「そう、何でもないならいいわ。何か引っかかることがあれば、ぜんぶ話して」,"""О, ну если всё в порядке, то замечательно. Если тебя что-то гнетёт, то обязательно скажи мне."""
,,,,,,,,,,默认265,,,,雁儿姐温柔地对我笑着。,雁兒姐溫柔地對我笑著。,<ruby=Swan Goose>Sister Yan</ruby> smiled gently at me.,優しく私に笑いかける雁姉。,Нежно улыбнулась мне сестричка Лебёдушка.
,,小雁儿,不耐烦,,,,,,,默认266,,小雁儿/29_小雁儿_02,,[她是假的……她不是我……知宥，千万不要信她！],[她是假的……她不是我……知宥，千萬不要信她！],"""She's fake... she's not me... Zhiyou, don't believe her!""",「この人は偽物……あたしじゃない……知宥、こんなやつ、絶対に信じちゃだめ！」,"""Она ненастоящая... Она - не я... Чжию, ни в коем случае не верь ей!"""
,,,,,,,,,,默认267,,,,小雁儿愈发着急，眼眸中甚至泛起了泪光。,小雁兒越來越著急，眼眸中甚至泛起了淚光。,"Little Yan grew increasingly anxious, her eyes even glistening with tears.",小雁が必死にそう言う。目には涙すら浮かべていた。,"""Маленькая"" Лебёдушка становилась всё более тревожной, на её глаза даже навернулись слёзы."
,,,,,,,,,,默认268,,,,她的身影在月光下有些模糊，若隐若现，仿佛是一盏即将熄灭的烛火。,她的身影在月光下有些模糊，若隱若現，彷彿是一盞即將熄滅的燭火。,"Her silhouette wavered faintly in the moonlight, flickering like a candle flame about to extinguish.",彼女の姿は月明かりの下でぼんやりと現れたり消えかけたりしている。それはまるで、風前の灯火のようだった。,"Её фигурка в свете луны была не совсем чёткой, она подёргивалась, словно пламя свечи, которое вот-вот погаснет."
,CharacterOff,,,,,,,,,,,,,
,,方知宥,,,,,,,,默认269,,,,[……],[……],"""...""",「……」,"""..."""
,,,,,,,,,,默认270,,,,总觉得……哪里不对。,總覺得……哪裡不對。,I can't shake the feeling... that something isn't right.,何かが……おかしい気がする。,Всё-таки... что-то меня беспокоит.
,,方知宥,,,,,,,,默认271,,,,[……],[……],"""...""",「……」,"""..."""
,,,,,,,,,,默认272,,,,一定有什么不对。,一定有什麼不對。,Something isn’t right.,いや、きっとおかしい。,Определённо что-то не так.
,,,,,,,,,,默认273,,,,我知道小雁儿是幻觉，相信一个幻觉所说的，必定是不该的。,我知道小雁兒是幻覺，相信一個幻覺所說的，必定是不該的。,"I know Little Yan is a hallucination, and believing what a hallucination says must be wrong.",小雁が幻覚だということはわかっている。幻覚の言うことを真に受けるべきではない。,"Я понимаю, что ""маленькая"" Лебёдушка - лишь иллюзия, и словам собственной иллюзии не стоит доверять."
,,,,,,,,,,默认274,,,,……,……,...,……,...
,Sprite,黑,,特效前,,,0.5,,,,,,,,,,,
,Tween,黑,ColorTo,alpha=0 time=0,,,,,,,,,,,,,,
,Tween,黑,ColorTo,alpha=0.4 time=0,,,,,NoWait,,,,,,,,,
,Wait,,,,,,0,,,,,,,,,,,
,,,,,,,,,,默认275,,,,然而，在我眼前的“她”呢……,然而，在我眼前的“她”呢……,"Yet, what about this ""her"" before my eyes...",しかし目の前にいる「彼女」はどうだろうか……,"Но, с другой стороны, а ""она"", что стоит передо мной..."
,,,,,,,,,,默认276,,,,我眼前的这个“雁儿姐”，她真的是鬼魂吗？,我眼前的這個“雁兒姐”，她真的是鬼魂嗎？,"Is this ""<ruby=Swan Goose>Sister Yan</ruby>"" before me truly a ghost?",この「雁姉」は、本当に幽霊なのだろうか？,"Эта ""сестричка Лебёдушка"" - она точно призрак?"
,,,,,,,,,,默认277,,,,难道说……,難道說……,Could it be...,まさか……,Неужели...
,,,,,,,,,,默认278,,,,我眼前这个“雁儿姐”——其实也是我的幻觉？,我眼前這個“雁兒姐”——其實也是我的幻覺？,"This ""<ruby=Swan Goose>Sister Yan</ruby>"" before me—is she just another hallucination?",私の眼前にいる「雁姉」も――実は幻覚なのか？,"Эта ""сестричка Лебёдушка"" - на самом деле тоже лишь моя иллюзия?"
,,,,,,,,,,默认279,,,,她是为了给我的记忆自圆其说而产生的幻觉？,她是為了給我的記憶自圓其說而產生的幻覺？,Was she conjured to make sense of my memories?,私の記憶のつじつまを合わせるために生まれた幻覚なのだろうか？,"Иллюзия, порождённая в попытках свести воедино мои воспоминания?"
,,,,,,,,,,默认280,,,,我该信谁？,我該信誰？,Who should I believe?,私は一体、誰を信じるべきなのだろうか。,Так кому же мне верить?
,,,,,,,,,,默认281,,,,小雁儿？,小雁兒？,Little Yan?,小雁か？,"""Маленькой"" Лебёдушке?"
,,,,,,,,,,默认282,,,,还是雁儿姐？,還是雁兒姐？,Or <ruby=Swan Goose>Sister Yan</ruby>?,雁姉か？,Или сестричке Лебёдушке?
,,,,,,,,,,默认283,,,,或者……,或者……,Or perhaps...,それとも……,Или же...
,,,,,,,,,,默认284,,,,谁都不信？,誰都不信？,Trust no one?,誰も信じるべきではないのか？,Вообще никому?
,SpriteOff,黑,,,,,0.5,,NoWait,,,,,,,,,
,Wait,,,,,,0.5,,,,,,,,,,,
,,,,,,,,,,默认285,,,,……,……,...,……,...
,,,,,,,,,,默认286,,,,我闭上双眼，于心中作出了选择——,我閉上雙眼，於心中作出了選擇——,I closed my eyes and made my choice within—,私は目を閉じ、心の中で選択をした――,"Закрыв глаза, я мысленно принял решение:"
,Selection,*相信小雁儿,,,,,,,,,,,,相信小雁儿,相信小雁兒,Believe in Little Yan,小雁を信じる,"Поверить ""маленькой"" Лебёдушке"
,Selection,*相信苏怜烟,,,,,,,,,,,,相信苏怜烟,相信蘇憐煙,Believe Su Lianyan,蘇憐煙を信じる,Поверить сестричке Лебёдушке
,Selection,*谁也不信，都是幻觉,,,,,,,,,,,,谁也不信，都是幻觉,誰也不信，都是幻覺,Trust no one - it's all an illusion.,誰も信じない。どちらも幻覚だ。,Никому не верить - это всё иллюзии
,*相信苏怜烟
,,方知宥,,,,,,,,默认287,,,,[……],[……],"""...""",「……」,"""..."""
,,,,,,,,,,默认288,,,,我想相信苏怜烟，想要相信眼前的这个“雁儿姐”。,我想相信蘇憐煙，想要相信眼前的這個“雁兒姐”。,"I want to believe Su Lianyan, to trust this ""<ruby=Swan Goose>Sister Yan</ruby>"" standing before me.",私は蘇憐煙を信じる。目の前にいるこの「雁姉」を信じたい。,"Мне хотелось верить Су Ляньянь, хотелось верить ""сестричке Лебёдушке"", что была у меня перед глазами."
,,,,,,,,,,默认289,,,,可是……,可是……,But...,だが……,Однако...
,,,,,,,,,,默认290,,,,我隐约觉得，她刚才说的很多话有疑点，不像是她说的。,我隱約覺得，她剛才說的很多話有疑點，不像是她說的。,I vaguely sense inconsistencies in many things she just said - they don't sound like her.,先の彼女の話にはおかしい点が多いことも感じていた。まるで彼女自身が言ったわけではないような。,"Смутно я осознавал, что в её словах было много подозрительного - было непохоже, что это говорила она."
,,,,,,,,,,默认291,,,,我……,我……,I...,くっ……,Я...
,,,,,,,,,,默认292,,,,我虽然在心中早已知道小雁儿是幻觉。,我雖然在心中早已知道小雁兒是幻覺。,Though I've always known in my heart that Little Yan is just an illusion.,小雁が幻覚であることはとっくにわかっている。,"Я хоть и понимал, что ""маленькая"" Лебёдушка на самом деле иллюзия."
,,,,,,,,,,默认293,,,,但还是无法完全相信眼前的“苏怜烟”。,但還是無法完全相信眼前的“蘇憐煙”。,"Yet I still can't bring myself to fully trust this ""Su Lianyan"" before me.",しかし、目の前の「蘇憐煙」を完全に信じ切ることができなかった。,"Но всё-таки не мог полностью верить той ""Су Ляньянь"", что стояла передо мной."
,Jump,*得出身份
,*谁也不信，都是幻觉
,Jump,*得出身份
,*相信小雁儿
,*得出身份
,,方知宥,,,,,,,,默认294,,,,[……],[……],"""...""",「……」,"""..."""
,,,,,,,,,,默认295,,,,我的心中已有了答案。,我的心中已有了答案。,The answer was already in my heart.,答えは既に決まっていた。,Ответ в моём сердце был готов.
,,,,,,,,,,默认296,,,,于是，我便睁开了双眼。,於是，我便睜開了雙眼。,"With that, I opened my eyes.",静かに目を開ける。,Я распахнул глаза.
,,苏怜烟,好奇,,,,,,,默认297,,,,[……］,[……］,"""...""",「……」,"""..."""
,,苏怜烟,惊讶,,,,,,,默认298,,苏怜烟/16_苏怜烟_01,,[知宥，你怎么了？］,[知宥，你怎麼了？］,"""Zhiyou, what's wrong?""",「知宥、どうしたの？」,"""Чжию, что такое?"""
,,,,,,,,,,默认299,,,,“雁儿姐”凑近了我，关切地向我询问。,“雁兒姐”湊近了我，關切地向我詢問。,"""<ruby=Swan Goose>Sister Yan</ruby>"" moved closer, asking me with genuine concern.",「雁姉」が私に近付き、心配そうに声をかけてきた。,"Приблизившись, озабоченно спросила ""сестричка Лебёдушка""."
,,,,,,,,,,默认300,,,,她见我方才神情恍惚，似乎有些担心。,她見我方才神情恍惚，似乎有些擔心。,She seemed somewhat worried after seeing me dazed earlier.,先ほどの私のぼんやりした表情を見て、心配しているようだ。,"Видимо, моё отстранённое выражение лица вызвало у неё беспокойство."
,,方知宥,,,,,,,,默认301,,方知宥/16分支_方知宥_01,,[雁儿姐……方才你所说的一切，都是真的吗？],[雁兒姐……方才你所說的一切，都是真的嗎？],"""<ruby=Swan Goose>Sister Yan</ruby>... was everything you just said true?""",「雁姉……君が今話したことは、すべて真実か？」,"""Сестричка Лебёдушка... То, что ты только что мне рассказала, действительно правда?"""
,,,,,,,,,,默认302,,,,我苦笑着看着“雁儿姐”，对她询问道。,我苦笑著看著“雁兒姐”，對她詢問道。,"With a bitter smile, I looked at ""<ruby=Swan Goose>Sister Yan</ruby>"" and asked her.",苦笑しつつ「雁姉」を見て、そう切り出した。,С горькой улыбкой задал я ей вопрос.
,,苏怜烟,说话,,,,,,,默认303,,苏怜烟/16_苏怜烟_02,,[知宥，你这是何意？……你是在怀疑我的死因？……还是在怀疑我鬼魂的身份？］,[知宥，你這是何意？……你是在懷疑我的死因？……還是在懷疑我鬼魂的身份？］,"""Zhiyou, what do you mean by this?... Are you questioning how I died?... Or are you doubting that I'm a ghost?""",「どういう意味？……私が死んだ理由を疑ってるの？……それとも、幽霊であることを疑ってるの？」,"""Чжию, что ты имеешь в виду? ...Ты сомневаешься в причине моей смерти? ...Или в том, что я призрак?"""
,,,,,,,,,,默认304,,,,“雁儿姐”讶异一笑，她疑惑地对我问道，神色不太自然。,“雁兒姐”訝異一笑，她疑惑地對我問道，神色不太自然。,"""<ruby=Swan Goose>Sister Yan</ruby>"" laughed in surprise, her expression uneasy as she hesitantly asked me.",困惑したように「雁姉」が笑い、逆に私に問い返す。不自然な表情だ。,"С изумлённой улыбкой спросила ""сестричка Лебёдушка"" в ответ, её выражение лица смотрелось не очень естественно."
,,方知宥,,,,,,,,默认305,,方知宥/16分支_方知宥_02,,[两者皆是。］,[兩者皆是。］,"""Both.""",「どっちもだ」,"""И в том, и в другом."""
,,,,,,,,,,默认306,,,,我叹了一口气，眼里带着悲伤。,我嘆了一口氣，眼裡帶著悲傷。,"I let out a sigh, my eyes brimming with sorrow.",ふっと溜息をつき、悲しい目をした。,Вздохнул я с печалью во взгляде.
,,苏怜烟,通常,,,,,,,默认307,,,,[……],[……],"""...""",「……」,"""..."""
,,,,,,,,,,默认308,,,,她静静地看着我。,她靜靜地看著我。,She gazed at me silently.,静かに私を見つめる彼女。,Она молча смотрела на меня.
,,方知宥,,,,,,,,默认309,,方知宥/16分支_方知宥_03,,[我提起“老林头”时，你的反应不太对劲，立刻就听出了我说的是艄公……那时我便觉得有些奇怪。］,[我提起“老林頭”時，你的反應不太對勁，立刻就聽出了我說的是艄公……那時我便覺得有些奇怪。］,"""Your reaction when I mentioned 'Old Man Lin' was odd—you immediately knew I meant the boatman... That seemed strange to me at the time.""",「『林じいさん』の話をした時、君の反応が妙だった。すぐに船頭の話だと理解していた様子だったからな……それがどうもおかしいと思ったんだ」,"""Когда я упомянул про старика Линя, твоя реакция была странной - ты сразу поняла, что речь идёт про лодочника... Меня это сразу слегка озадачило."""
,,方知宥,,,,,,,,默认310,,方知宥/16分支_方知宥_04,,[还有，方才你提起“鞑子兵”这个称呼……我记得雁儿姐用词文雅，她若是称呼鞑子兵，估计会称其为“东虏”。］,[還有，方才你提起“韃子兵”這個稱呼……我記得雁兒姐用詞文雅，她若是稱呼韃子兵，估計會稱其為“東虜”。］,"""And earlier when you said 'Tatar Soldiers'... I recall <ruby=Swan Goose>Sister Yan</ruby> used more refined language—she would've called them 'Eastern Barbarians'.""",「そして、『韃子』という呼び方……私の知っている雁姉は言葉遣いがとても繊細な人だった。韃子のことを呼ぶなら、おそらく『<ruby=とうりょ>東虜</ruby>』と呼ぶはずだ」,"""И ещё ты сказала про 'варварских солдат'... Сколько помню, сестричка Лебёдушка всегда использовала более изысканные выражения, и их бы она назвала, скорее, 'восточными лу'."""
,,,,,,,,,,默认311,,,,我冷静地说道，逐一点出蹊跷之处。,我冷靜地說道，逐一點出蹊蹺之處。,"I said calmly, methodically pointing out each inconsistency.",私は一つずつ冷静に不審な点を指摘していった。,"Спокойно объяснил я, указывая на подозрительные моменты один за другим."
,,苏怜烟,惊讶,,,,,,,默认312,,苏怜烟/16_苏怜烟_03,,[这……我是听你说“老林头”后才跟着说的……至于“鞑子兵”的称呼，是因为近日我目睹了那些恶兵屠杀民众，令我悲愤失态，自然言语有些粗鲁……］,[這……我是聽你說“老林頭”後才跟著說的……至於“韃子兵”的稱呼，是因為近日我目睹了那些惡兵屠殺民眾，令我悲憤失態，自然言語有些粗魯……］,"""This... I only started calling him 'Old Man Lin' after hearing you say it... As for the term 'Tatar soldiers', it's because I recently witnessed those vile soldiers massacring civilians, which filled me with grief and rage, making my language somewhat crude...""",「それは……あなたが『林じいさん』と言ったのを真似ただけで……『韃子』だって、この目で人々を殺しているのを見てしまったから、怒りと悲しみで、ついうっかり雑な呼び方を……」,"""Ну... это я сказала уже после того, как ты упомянул про старика Линя... Ну а что до 'варварских солдат' - я за эти дни насмотрелась на то, как они бесчеловечно резали мирных жителей, и из-за горя и гнева и выразилась грубее..."""
,,,,,,,,,,默认313,,,,她解释着，却失去了方才的镇定从容。,她解釋著，卻失去了方才的鎮定從容。,"She explained, but had lost her earlier composure.",彼女が説明するものの、先ほどまでの落ち着きを失っている。,"Объясняла она, но лицо её уже утратило былую непринуждённость."
,,方知宥,,,,,,,,默认314,,方知宥/16分支_方知宥_05,,[那告诉我……你如何看《金瓶梅》？],[那告訴我……你如何看《金瓶梅》？],"""Then tell me... what do you think of 'The Plum in the Golden Vase'?""",「だったら教えてくれ……君は、『金瓶梅』についてどう思う？」,"""Тогда скажи мне вот что... Каково твоё мнение про 'Цветы сливы в золотой вазе'?"""
,,苏怜烟,疑惑,,,,,,,默认315,,,,[……］,[……］,"""...""",「……」,"""..."""
,,方知宥,,,,,,,,默认316,,方知宥/16分支_方知宥_06,,[你如何看这本书？它与《水浒传》比起来，有何不同？］,[你如何看這本書？它與《水滸傳》比起來，有何不同？］,"""What do you think of this book? How does it differ from 'Water Margin'?""",「その本についてどう思う？『水滸伝』と比べて、何が違う？」,"""Что ты думаешь насчёт этой книги? Чем отличается она от 'Речных заводей'?"""
,,苏怜烟,,,,,,,,默认317,,,,[……］,[……］,"""...""",「……」,"""..."""
,,方知宥,,,,,,,,默认318,,方知宥/16分支_方知宥_07,,[你可知我想写的是什么书？又为何而写？若是雁儿姐，绝无可能不知道这些……],[你可知我想寫的是什麼書？又為何而寫？若是雁兒姐，絕無可能不知道這些……],"""Do you know what kind of book I want to write? And why I want to write it? If it were <ruby=Swan Goose>Sister Yan</ruby>, she would never not know these things...""",「私が書こうとした本が何か知っているか？なぜ書こうと思ったのか知っているか？君が雁姉なら、知らないはずがない……」,"""И тебе же должно быть известно, какую книгу пишу я? И почему пишу? Если ты действительно сестричка Лебёдушка, то никак не можешь всё это не знать..."""
,,苏怜烟,悲伤,,,,,,,默认319,,,,[……],[……],"""...""",「……」,"""..."""
,,方知宥,,,,,,,,默认320,,方知宥/29_方知宥_21,,[你……你到底是谁！],[你……你到底是誰！],"""You... who exactly are you!""",「君は……一体、誰なんだ！」,"""Ты... да кто ты вообще такая?!"""
,,,,,,,,,,默认321,,,,我语气转急，声量渐高。,我語氣轉急，聲量漸高。,"My voice turned urgent, growing louder.",,"Мой тон стал тревожным, голос повысился."
,,,,,,,,,,默认322,,,,说到最后，我猛地抓住她的肩膀——,說到最後，我猛地抓住她的肩膀——,"At the end, I suddenly seized her shoulders—",私は声を荒げた。,Вслед за этим вопросом я ухватил её за плечи -
,,,,,,,,,,默认323,,,,那肩膀并非虚幻，而是真实的血肉之躯，温暖而柔软，是女子的肌与骨。,那肩膀並非虛幻，而是真實的血肉之軀，溫暖而柔軟，是女子的肌與骨。,"Those shoulders weren't illusory but real flesh—warm and soft, unmistakably a woman's.",そして彼女の肩をぐっと掴む――その肩は幻などではなく、血の通った本物の体だった。温かく柔らかい、女の肌と骨だ。,"Они вовсе не были призрачными, это было настоящее тело из плоти и крови, тёплое и мягкое, принадлежащее живой женщине."
,,,,,,,,,,默认324,,,,她是——,她是——,She was—,彼女は――,Это же...
,,林翩翩,苦笑,,,,2,,,,,,,
,,？？？,,,,,,,,默认325,,林翩翩/16分支_林翩翩_001,,[这些你从未与我聊过……我怎会知道呀……］,[這些你從未與我聊過……我怎會知道呀……］,"""You've never shared these things with me... how could I possibly know...""",「あたしに話したことがないのに……知ってるわけないじゃん……」,"""Ты же мне никогда об этом не рассказывал... Откуда мне знать-то..."""
,,,,,,,,,,默认326,,,,她的面容渐渐浮现。,她的面容漸漸浮現。,Her face gradually emerged.,彼女の顔が次第に浮かび上がる。,Её лицо постепенно проявилось.
,,,,,,,,,,默认327,,,,她的语气中带了一丝悲哀和埋怨。,她的語氣中帶了一絲悲哀和埋怨。,Her tone carried a hint of sorrow and reproach.,その口調には、悲しみと恨みがこもっていた。,В тоне её сквозили печаль и упрёк.
,,林翩翩,担忧,,,,,,,,,,,
,,？？？,,,,,,,,默认328,,林翩翩/29_林翩翩_001,,[知宥，你不疯了？好些了吗？],[知宥，你不瘋了？好些了嗎？],"""Zhiyou, have you gone mad? Feeling better now?""",「知宥、もう正気に戻っちゃったの？病気は治っちゃったの？」,"""Чжию, ты пришёл в себя? Безумие уже спало?"""
,,方知宥,,,,,,,,默认329,,,,[……],[……],"""...""",「……」,"""..."""
,StopBgm,,,,,,3,,,,,,,,,,,
,,,,,,,,,,默认330,,,,她的眼眸里含着哀伤，嘴角却挂着一丝自嘲的笑意。,她的眼眸裡含著哀傷，嘴角卻掛著一絲自嘲的笑意。,"Her eyes were filled with sadness, yet the corners of her lips curled into a self-deprecating smile.",彼女は瞳に悲しさをたたえているものの、口元には自嘲気味な笑みを浮かべていた。,"Глаза её были печальны, а губы как будто посмеивались над самой собой."
,,,,,,,,,,默认331,,,,是林翩翩。,是林翩翩。,It was Lin Pianpian.,……林翩翩。,Это была Линь Пяньпянь.
,,林翩翩,,,,,,,,默认332,,,,[……],[……],"""...""",「……」,"""..."""
,,方知宥,,,,,,,,默认333,,方知宥/29_方知宥_22,,[翩翩……你为何要趁着我发疯病的时候，伪装成雁儿姐与我说话？],[翩翩……你為何要趁著我發瘋病的時候，偽裝成雁兒姐與我說話？],"""Pianpian... Why did you pretend to be <ruby=Swan Goose>Sister Yan</ruby> and speak to me when I was having a fit of madness?""",「翩翩……なぜ私の発作が起きている時に、雁姉のふりをして話しかけた？」,"""Пяньпянь... Зачем ты, пользуясь моим приступом безумия, решила притвориться сестричкой Лебёдушкой?"""
,,,,,,,,,,默认334,,,,我质问她。,我質問她。,I questioned her.,彼女に問う。,Потребовал я ответа.
,,林翩翩,苦笑,,,,,,,默认335,,林翩翩/29_林翩翩_002,,[没什么……我推门进来，你便一副失魂落魄的样子，一见我，便把我认成了苏怜烟……于是我将错就错，稍稍戏弄你一番，帮你圆一个心愿。],[沒什麼……我推門進來，你便一副失魂落魄的樣子，一見我，便把我認成了蘇憐煙……於是我將錯就錯，稍稍戲弄你一番，幫你圓一個心願。],"""It’s nothing... When I pushed the door open, you looked utterly distraught. The moment you saw me, you mistook me for Su Lianyan... So I played along, teasing you a little—helping you fulfill a wish.""",「別に……扉を開いたら、魂が抜けたような表情のあんたが見えたの。で、勝手にあたしを蘇憐煙と勘違いした……だから流れに乗ってちょっとからかってやろうと思って、願いを叶えてあげただけ」,"""Да так... Просто, как я вошла, ты сидел здесь такой потерянный, и как увидел меня, так сразу принял за Су Ляньянь... Ну я и решила, раз уж так, то разыграю тебя, а заодно исполню твоё желание."""
,,方知宥,,,,,,,,默认336,,方知宥/29_方知宥_23,,[不对，你不只是在戏弄我……方才许多关于雁儿姐的旧事，你知道得过于详细了……你为何会知道这些？],[不對，你不止是在戲弄我……方才許多關於雁兒姐的舊事，你知道的過於詳細了……你為何會知道這些？],"""No, you're not just teasing me... Earlier, you knew too many details about <ruby=Swan Goose>Sister Yan</ruby>'s past... How do you know these things?""",「ちがう。君は私を弄んだだけじゃなかった……雁姉についての過去を語っていた。あまりにも詳しすぎるほどに……なぜ君が知っている？」,"""Нет, это был не просто розыгрыш... Ты уж слишком досконально знаешь многие вещи о прошлом сестрички Лебёдушки... Откуда ты всё это узнала?"""
,,林翩翩,委屈,,,,,,,默认337,,,,[……],[……],"""...""",「……」,"""..."""
,,方知宥,,,,,,,,默认338,,方知宥/29_方知宥_24,,[翩翩，你到底知道多少？能告诉我吗？］,[翩翩，你到底知道多少？能告訴我嗎？］,"""Pianpian, just how much do you know? Can you tell me?""",「翩翩、君はどこまで知ってるんだ？教えてくれないか」,"""Пяньпянь, что тебе вообще известно? Можешь мне сказать?"""
,,林翩翩,无奈,,,,,,,默认344,,,,[……],[……],"""...""",「……」,"""..."""
,,,,,,,,,,默认345,,,,她沉默了一会儿。,她沉默了一會。,She remained silent for a while.,黙り込む彼女。,Какое-то время она молчала.
,,,,,,,,,,默认346,,,,许久之后，终于是开了口——,許久之後，終於是開了口——,"After a long silence, she finally spoke—",長い沈黙の後、ようやく口を開いてくれた――,Лишь продолжительное время спустя она наконец сказала:
,Bgm,曲终人散,,,,3,3,,,,,,,,,,,
,,林翩翩,担忧,,,,,,,默认347,,林翩翩/29_林翩翩_003,,[为何忘了我？］,[為何忘了我？］,"""Why have you forgotten me?""",「どうして、あたしを忘れたの？」,"""Почему ты забыл меня?"""
,,方知宥,,,,,,,,默认348,,,,[……],[……],"""...""",「……」,"""..."""
,,林翩翩,,,,,,,,默认349,,,,[……］,[……］,"""...""",「……」,"""..."""
,,方知宥,,,,,,,,默认350,,方知宥/29_方知宥_25,,[什么忘了你？],[什麼忘了你？],"""What do you mean, forgotten you?""",「私が君の何を忘れた？」,"""Что значит 'забыл'?"""
,,林翩翩,委屈,,,,,,,默认351,,林翩翩/29_林翩翩_004,,[前几日……在乔承望府的时候，你看我的眼神，如同在看一个陌生人。],[前幾日……在喬承望府的時候，你看我的眼神，如同在看一個陌生人。],"""A few days ago... at Qiao Chengwang's residence, you looked at me as though I were a stranger.""",「この前……<ruby=きょうしょうぼう>喬承望</ruby>の屋敷でのあたしを見る目は、まるで知らない人を見ているようだった」,"""Тогда... в поместье Цяо Чэнвана ты смотрел на меня так, будто видел совершенно незнакомого человека."""
,,林翩翩,苦笑,,,,,,,默认352,,林翩翩/29_林翩翩_005,,[你惦记她那么多年……惦记到疯了……可关于我的事，却忘了个一干二净……］,[你惦記她那麼多年……惦記到瘋了……可關於我的事，卻忘了個一乾二淨……］,"""You've longed for her all these years... longed until you went mad... yet you've forgotten everything about me...""",「彼女のことは何年も……気が触れるほどに想っていたのに……あたしのことはすっかり忘れちゃうんだから……」,"""Она была у тебя на уме все эти годы... настолько, что это свело тебя с ума... А про меня ты позабыл всё начисто..."""
,,方知宥,,,,,,,,默认353,,,,[……］,[……］,"""...""",「……」,"""..."""
,,,,,,,,,,默认354,,,,她苦笑着，字字句句都仿佛是从唇齿间挤出来的。,她苦笑著，字字句句都彷彿是從唇齒間擠出來的。,"She smiled bitterly, each word seeming to wrench itself from her lips.",乾いた笑みを浮かべる。一言一言が、食いしばった葉の隙間から漏れているようだった。,С горькой улыбкой она как будто цедила каждое слово сквозь зубы.
,,林翩翩,委屈,,,,,,,默认355,,林翩翩/29_林翩翩_006,,[你先好好想想吧，当年二十四桥旁，下雨的那一日……你看到她的时候，我也在你身旁……],[你先好好想想吧，當年二十四橋旁，下雨的那一日……你看到她的時候，我也在你身旁……],"""Think back carefully—that day by the Twenty-Four Bridges, when it was raining... when you saw her, I was there beside you...""",「よーく思い出して、知宥。雨の中、二十四橋の近くにいた時のことを……彼女を見つけた時、あたしも隣にいたわ……」,"""Вспомни хорошенько - ведь в тот год, в тот дождливый день у Двадцать четвёртого моста... Когда ты её увидел, я же тоже была рядом с тобой..."""
,,方知宥,,,,,,,,默认356,,,,[……],[……],"""...""",「……」,"""..."""
,,,,,,,,,,默认357,,,,我愣在了原地。,我愣在了原地。,I stood frozen in place.,その場に立ちすくむ。,Я застыл.
,,,,,,,,,,默认358,,,,那段被深埋的、最后的记忆，一点点清晰起来，浮现在我的眼前……,那段被深埋的、最後的記憶，一點點清晰起來，浮現在我的眼前……,"That deeply buried, final memory gradually sharpened, rising before my eyes...",最も深くに埋まった最後の記憶。それが徐々にはっきりと私の前に浮かんできた……,Погребённые в глубине сознания последние воспоминания стали постепенно проясняться и всплывать у меня перед глазами...
,CharacterOff,,,,,,1
,FadeOut,black,,,,,2,,,,,,,,,,,
,StopBgm,,,,,,3,,,,,,,,,,,
,Jump,*忆-第十四回
