#SHEET_NAME,记-第十二回
,Command,Arg1,Arg2,Arg3,Arg4,Arg5,Arg6,Arg7,WaitType,Text,PageCtrl,Voice,WindowType,SC,TC,English,Japanese,Russian,,
,ChapterAnimation,BG_Ji_12,chapter_bg_J,chapter_title_J12,Liang,265,,,,,,,,,,,
,*map_ji_12,,,,,,,,,,,,,,,,
,UnlockPlotMap,map_ji_12,,,,,,,,,,,,,,,
,SetChapterName,记-第十二回,,,,,,
,Wait,,,,,,1,
,FadeOut,black,,,,,0,
,Bg,四艺堂小间冷清,,,,,,,,,,,,,,,
,FadeIn,black,,,,,1,,,,,,,,,,,
,Ambience,室内沙沙
,Bgm,烟云消散,,,,0.2,3,,,,,,,,,,,
,AutoSave
,,,,,,,,,,默认1,,,,桌案上的青铜香炉吐露出袅袅青烟，那青烟丝丝缕缕，盘旋上升，将整个小间笼罩在一片朦胧中。,桌案上的青銅香爐吐露出裊裊青煙，那青菸絲絲縷縷，盤旋上升，將整個小間籠罩在一片朦朧中。,"The bronze incense burner on the desk released wisps of blue smoke, coiling upward strand by strand, shrouding the entire chamber in a hazy veil.",卓上の青銅の香炉から細い紫煙が渦を描くようにゆらりと立ち上り、小間全体をうっすらと包み込んでいる。,"Бронзовая курильница на столе испускала клубы зеленоватого дыма; дым нитями завивался вверх, и всё маленькое помещение было словно в лёгком тумане.",,,
,,,,,,,,,,默认2,,,,烟影缭绕间，她的身形若真若幻。,煙影繚繞間，她的身形若真若幻。,"Amid the curling smoke, her figure seemed to flicker between reality and illusion.",ぼんやりとした空間に見える彼女の姿は、夢うつつの雰囲気を漂わせていた。,"Посреди этой струящейся дымки её фигура казалась не то видением, не то явью.",,,
,,小雁儿,,,,,2,,,默认3,,,,[……],[……],"""...""",「……」,"""...""",,,
,,,,,,,,,,默认4,,,,小雁儿就站在泠音阁这小间中央，明眸紧盯着我，从未移开目光。,小雁兒就站在泠音閣這小間中央，明眸中緊盯著我，從未移開目光。,"Little Yan stood at the center of <ruby=泠音>Lingyin</ruby> Pavilion's small chamber, her bright eyes locked onto me, never wavering.",小雁が、泠音閣のこの小間の真ん中で、目をぱちくりさせながらじっとこちらを見ている。,"Лебёдушка стояла в центре комнатки, её глаза были неотрывно устремлены на меня.",,,
,,方知宥,,,,,,,,默认5,,,,[……],[……],"""...""",「……」,"""...""",,,
,,方知宥,,,,,,,,默认10,,方知宥/21_方知宥_01,,[你为何又来了……？］,[你為何又來了……？］,"""Why have you come back...?""",「どうしてまた現れた……？」,"""Зачем ты опять пришла...?""",,,
,,小雁儿,惊慌,,,,,,,默认11,,小雁儿/21_小雁儿_01,,[又来了？知宥，你这话是什么意思？］,[又來了？知宥，你這話是什麼意思？］,"""Come back? Zhiyou, what do you mean by that?""",「また、現れた？知宥、どういう意味？」,"""'Опять пришла'? Чжию, ты это о чём?""",,,
,,,,,,,,,,默认12,,,,她迷茫地望着我，眼中浮起一丝恐慌。,她迷茫地望著我，眼中浮起一絲恐慌。,"She stared at me in confusion, a flicker of panic in her eyes.",彼女は目の奥に動揺を浮かばせつつ、困ったように私を見た。,"В недоумении смотрела она на меня, в её взгляде сквозила тревога.",,,
,,小雁儿,害怕,,,,,,,默认13,,小雁儿/21_小雁儿_02,,[唉……我也不知怎么就突然到了这里，不知此处是何地……也不知你为何突然就长大了……],[唉……我也不知怎麼就突然到了這裡，不知此處是何地……也不知你為何突然就長大了……],"""Sigh... I don’t know how I suddenly ended up here, nor where this place is... or why you’ve grown up so suddenly...""",「え……どうしてこんな所にいるのかもわからないし、ここがどこかも知らないんだけど……それに、どうしてそんなに大きくなってるの……」,"""Хм... Я и сама не знаю, как вдруг здесь оказалась, и что это вообще за место такое... И не понимаю, почему ты вдруг стал большим...""",,,
,,小雁儿,,,,,,,,默认14,,小雁儿/21_小雁儿_03,,[昨日我还在那个黑漆漆的院子里，只有一个老嬷嬷陪着我，她说要我好好吃饭，长大以后要嫁给你大伯。],[昨日我還在那個黑漆漆的院子裡，只有一個老嬤嬤陪著我，她說要我好好吃飯，長大以後要嫁給你大伯。],"""Just yesterday, I was still in that pitch-black courtyard, with only an old nanny for company. She told me to eat well so I could grow up and marry your uncle.""",「昨日まで真っ暗な屋敷にいて、傍にはおばさんだけだったのに。ちゃんとご飯を食べて、大きくなったら伯父さんのお嫁さんになるんだって言われてた」,"""Буквально вчера я ещё была заперта на том тёмном дворе, со мной была лишь одна старая нянька. Она сказала, что мне нужно хорошо кушать, ведь когда я подрасту, меня выдадут замуж за твоего дядю.""",,,
,,小雁儿,委屈,,,,,,,默认15,,小雁儿/21_小雁儿_04,,[我不肯，就又哭又闹、不吃饭……她气得摔了碗，将我关进小黑屋……我哭着哭着便睡着了，一觉醒来，竟到这里了……],[我不肯，就又哭又鬧、不吃飯……她氣得摔了碗，將我關進小黑屋……我哭著哭著便睡著了，一覺醒來，竟到這裡了……],"""I refused, so I threw a tantrum—crying and refusing to eat... She got so angry, she smashed a bowl and locked me in a dark room... I cried myself to sleep, and when I woke up, I was here...""",「それが嫌で、泣いたり騒いだりして、ご飯も食べなかった……そうしたらおばさんが怒って茶碗を割って、狭くて暗い部屋に閉じ込められた……泣いてたら寝ちゃって、目が覚めたらここにいた……」,"""Я не хотела этого, поэтому стала плакать и скандалить, отказалась от еды... И та в ярости швырнула миску на пол и заперла меня в тёмной комнате... Я плакала-плакала, да так и заснула - а когда проснулась, то вдруг оказалась здесь...""",,,
,,,,,,,,,,默认16,,,,她脸色苍白，语带慌张，仿佛真的才从方院的禁锢中逃脱。,她臉色蒼白，語帶慌張，彷彿真的才從方院的禁錮中逃脫。,"Her face was pale, her voice frantic, as if she had truly just escaped the confines of Fang’s Courtyard.",まるでつい今しがた方院の監禁から抜け出してきたかのように、真っ青な顔で警戒した口調だ。,"Её лицо было бледным, а голос тревожным и растерянным, будто она действительно только что вырвалась из заточения во ""дворе семьи Фан"".",,,
,,,,,,,,,,默认17,,,,听她所言，似乎她真的认为自己昨日是在那方院中，一觉醒来时才突然遇到的我。,聽她所言，似乎她真得認為自己昨日是在那方院中，一覺醒來時才突然遇到的我。,"From her words, it seemed she genuinely believed she'd been in Fang's Courtyard yesterday and had suddenly run into me upon waking.",彼女の話を聞く限り、昨日まで方院にいて、目が覚めるなり私が目の前にいたと本気で思っているようだ。,,,,
,,方知宥,,,,,,,,默认1722,,方知宥/21_方知宥_02,,[你从未见过长大后的我，怎就一眼认出我来了？］,[你從未見過長大後的我，怎就一眼認出我來了？］,"""You've never seen grown-up me—how did you recognize me at first glance?""",「君は大きくなった私を知らないはずだ。どうして私だとわかった？」,"Судя по её словам, она и правда думала, что ещё вчера была там, а по пробуждении резко оказалась здесь, передо мной. Фан Чжию: ""Ты же никогда не видела меня взрослым - как ты с первого взгляда смогла догадаться, то это я?""",,,
,,,,,,,,,,默认18,,,,我疑惑地问她，语气中隐含着怀疑。,我疑惑地問她，語氣中隱含著懷疑。,"I asked her skeptically, my voice tinged with doubt.",違和感を感じ、疑うような口調で彼女をそう問い詰める。,С подозрением в голосе спросил я её.,,,
,,小雁儿,焦急,,,,,,,默认20,,小雁儿/21_小雁儿_05,,[因为是一样的。］,[因為是一樣的。］,"""Because you're identical.""",「同じだったから」,"""Потому что ты такой же.""",,,
,,方知宥,,,,,,,,默认21,,方知宥/21_方知宥_03,,[哪里一样？］,[哪裡一樣？］,"""Identical how?""",「どこが？」,"""И в чём же такой же?""",,,
,,小雁儿,坚定,,,,,,,默认22,,小雁儿/21_小雁儿_06,,[眼睛是一样的，脸型也差不多……而且，睡不着的时候，我想过长大后的你会变成什么模样……我觉得就是这样的。],[眼睛是一樣的，臉型也差不多……而且，睡不著的時候，我想過長大後的你會變成什麼模樣……我覺得就是這樣的。],"""The eyes match, the face shape is similar... And during sleepless nights, I'd picture what you might look like as an adult... This is exactly how I imagined you.""",「目が同じ。顔の形もあまり変わってない……それに、眠れない時、大きくなったあんたがどんな姿なのか考えてた……こんな感じだと思う」,"""У тебя такие же глаза, и черты лица очень похожи... К тому же, я, бывало, когда не могла заснуть, представляла себе, каким ты будешь на вид, когда вырастешь... И как раз примерно таким ты мне и представлялся.""",,,
,,方知宥,,,,,,,,默认23,,,,[……］,[……］,"""...""",「……」,"""...""",,,
,,,,,,,,,,默认24,,,,我微微愣住了。,我微微愣住了。,I stiffened slightly.,少し戸惑ってしまった。,Я слегка оторопел.,,,
,,,,,,,,,,默认25,,,,她入睡前……竟想过我以后的样子？,她入睡前……竟想過我以後的樣子？,Before she fell asleep... did she actually imagine what I'd become in the future?,寝る前に……成長した私のことを考えていたのか？,"Она перед сном... думала о том, каким я стану?",,,
,,,,,,,,,,默认26,,,,看来儿时的我，在她心中也占有一席之地。,看來兒時的我，在她心中也佔有一席之地。,It seems my childhood self still held a place in her heart.,どうやら子供の頃の私は、彼女の中で一定の割合を占めていたようだ。,"Похоже, я в те годы определённо занимал место в её сердце.",,,
,,,,,,,,,,默认27,,,,……,……,...,……,...,,,
,,,,,,,,,,默认28,,,,不对！我不能被她绕进去了。,不對！我不能被她繞進去了。,—No! I can't let her pull me into this.,いやいや！惑わされてはいけない。,Хотя нет! Нельзя на такое поддаваться.,,,
,,,,,,,,,,默认29,,,,她……眼前的这个小雁儿……她只是我的幻觉。,她……眼前的這個小雁兒……她只是我的幻覺。,She... this Little Yan before me... she's just a figment of my imagination.,彼女は……目の前の小雁は……ただの幻覚だ。,"Она... Лебёдушка, что стоит у меня перед глазами... Это всего лишь моя иллюзия.",,,
,,,,,,,,,,默认30,,,,正因为是我的幻觉——她所说的事，必然是我心中所渴望的。,正因為是我的幻覺——她所說的事，必然是我心中所渴望的。,Precisely because she's my hallucination—everything she says must reflect my hidden desires.,私の幻覚ということは――彼女の言葉は、当然ながら私が望んだ言葉ということだ。,"И именно по этой самой причине она говорит как раз то, о чём я всегда мечтал.",,,
,,,,,,,,,,默认31,,,,这无非是自欺欺人罢了。,這無非是自欺欺人罷了。,This is nothing but self-deception.,自分を欺いているに過ぎない。,"Всё это - не более, чем самообман.",,,
,,,,,,,,,,默认32,,,,……,……,...,……,...,,,
,,小雁儿,通常,,,,,,,默认33,,小雁儿/21_小雁儿_07,,[知宥，你若是再说我是幻觉，我可要生气了……而且……我能证明给你看——],[知宥，你若是再說我是幻覺，我可要生氣了。……而且……我能證明給你看——],"""Zhiyou, if you keep calling me a hallucination, I'll get angry... And... I can prove it to you—""",「知宥、次またあたしのことを幻覚だって言ったら怒るわよ……それに、証明できるわ――」,"""Чжию, если ты будешь продолжать обзывать меня иллюзией, то я рассержусь. И вообще... я могу доказать тебе...""",,,
,,,,,,,,,,默认34,,,,她见我神色疏离，甚至流露出几分厌弃，便急着想要证明自己存在。,她見我神色疏離，甚至流露出幾分厭棄，便急著想要證明自己存在。,"Seeing my detached expression, even tinged with disgust, she grew frantic to prove her existence.",私の表情がよそよそしく、露骨に距離を取ろうとしているのを見て、彼女が慌てて自分が実在することを証明しようとした。,"Видя у меня на лице отстранённость и даже некоторое пренебрежение, она поспешно захотела доказать своё существование.",,,
,,,,,,,,,,默认35,,,,于是，她猛地将身子一扑，伸手摸向桌案上的香炉，似乎想要将它抓住。,於是，她猛地將身子一撲，伸手摸向桌案上的香爐，似乎想要將它抓住。,"With a sudden lunge, she reached for the incense burner on the table, as if trying to seize it.",ばっと身を翻したかと思うと、卓の香炉に手を伸ばし、それを手に取ろうとする。,"И, подскочив вперёд, она протянула руку к курильнице на столе, видимо, желая взять её в руку.",,,
,,小雁儿,惊讶,,,,,,,默认36,,小雁儿/21_小雁儿_08,,[咦？],[咦？],"""Huh?""",「あれ？」,"""Э?""",,,
,,,,,,,,,,默认37,,,,果然，不出我所料。,果然，不出我所料。,Just as I thought.,しかし結果は、私の予想通りだった。,"Вышло, как я и ожидал.",,,
,,,,,,,,,,默认38,,,,她的手如穿薄雾，毫无阻滞地“没”入了香炉之中。,她的手如穿薄霧，毫無阻滯地“沒”入了香爐之中。,"Her hand passed through like mist, effortlessly ""sinking into"" the incense burner.",まるで霧の中を進むように、彼女の手がするりと香炉に吸い込まれた。,"Её рука прошла через неё словно через туман, беспрепятственно ""погрузившись"" внутри курильницы.",,,
,,小雁儿,惊慌,,,,,,,默认39,,小雁儿/21_小雁儿_09,,[怎么会这样……],[怎麼會這樣……],"""How could this be...""",「そんな……」,"""Как такое возможно...""",,,
,,,,,,,,,,默认40,,,,她瞪大了眼睛，嘴唇微微张开，身躯因害怕而轻轻颤抖。,她瞪大了眼睛，嘴唇微微張開，身軀因害怕而輕輕顫抖。,"Her eyes widened, lips slightly parted, her body trembling faintly in fear.",目を見開き、ぽかんと口を開く彼女。恐怖で体が僅かに震えている。,"Она вытаращила глаза и приоткрыла рот, а её тельце мелко затряслось от страха.",,,
,,,,,,,,,,默认41,,,,她无法碰触到香炉，香炉也无法碰到她。,她無法碰觸到香爐，香爐也無法碰到她。,"She couldn't touch the incense burner, nor could it touch her.",彼女は香炉に触れることができず、香炉もまた彼女に触れることができなかった。,"Она не могла дотронуться до курильницы, и курильница не могла стать преградой на пути её руки.",,,
,,小雁儿,羞愧,,,,,,,默认42,,小雁儿/21_小雁儿_10,,[原来我因少吃了那一顿饭，竟然饿死了……如今成了孤魂野鬼……这下该如何是好？回不去了……也摸不到任何东西……],[原來我因少吃了那一頓飯，竟然餓死了……如今成了孤魂野鬼……這下該如何是好？回不去了……也摸不到任何東西……],"""So missing that one meal starved me to death... Now I'm a wandering ghost... What do I do? I can't go back... can't even touch anything...""",「もしかしてご飯を抜いたから、飢え死にしちゃったの……？それでおばけになっちゃった……？どうしよう？戻れない……何にも触れない……」,"""Наверно, из-за того, что я тогда слишком мало ела, то с голоду и умерла... И теперь стала духом... Как же теперь быть? Я не могу вернуться обратно... И ни к чему прикоснуться не могу...""",,,
,,,,,,,,,,默认43,,,,她的眼眸泛上了一层水汽，神情哀戚。,她的眼眸泛上了一層水氣，神情哀戚。,"Her eyes glistened with moisture, her expression sorrowful.",瞳に涙が浮かび、悲しげな表情になった。,"Её глаза подёрнулись влагой, выражение лица стало опечаленным.",,,
,,,,,,,,,,默认44,,,,看到她这副模样，我不由得心头一揪，有些心疼她。,看到她這副模樣，我不由得心頭一揪，有些心疼她。,"Seeing her like this, my heart ached with pity.",その様子を見ていた私まで胸が締め付けられ、少し心が痛んだ。,"От этого её вида у меня невольно защемило на сердце, стало жалко её.",,,
,,,,,,,,,,默认45,,,,可转念一想她不过是我想象而出的幻觉，我便努力强迫自己狠下心来。,可轉念一想她不過是我想像而出的幻覺，我便努力強迫自己狠下心來。,"But then I realized she was merely a figment of my imagination, so I forced myself to harden my heart.",しかし私の想像の産物である幻覚に過ぎないことを思いだし、なんとか割り切ろうと努める。,"Но, переключив свои мысли на то, что она на самом деле лишь плод моего воображения, я смог отбросить мягкость в сторону.",,,
,,方知宥,,,,,,,,默认46,,方知宥/21_方知宥_04,,[不，你并不是鬼……你根本不存在，承认吧，你就是我的幻觉。］,[不，你並不是鬼……你根本不存在，承認吧，你就是我的幻覺。］,"""No, you're not a ghost... You don't even exist. Admit it—you're just my hallucination.""",「違う、君はおばけなんかじゃない……そもそも存在しないんだ。そろそろ認めろ、君は私の幻覚なんだよ」,"""Нет, никакой ты не дух... Тебя просто не существует на самом деле. Ну признай - ты же на самом деле лишь мне привиделась.""",,,
,,,,,,,,,,默认47,,,,我深呼出一口气，继而严肃地对她道出真相。,我深呼出一口氣，繼而嚴肅地對她道出真相。,I took a deep breath and solemnly told her the truth.,大きく息を吐き出すと、真剣な表情で彼女に事実を告げた。,"Выдохнув, суровым тоном поведал я ей правду.",,,
,,小雁儿,使劲,,,,,,,默认48,,小雁儿/21_小雁儿_11,,[你胡说！骗人！］,[你胡說！騙人！］,"""You're lying! That's not true!""",「そんなの嘘！嘘つき！」,"""Не говори чушь! Обманщик!""",,,
,,,,,,,,,,默认49,,,,她的眼里含着泪光，气得咬住下唇。,她的眼裡含著淚光，氣得咬住下唇。,Tears welled in her eyes as she bit her lower lip in anger.,涙目になりながら、唇を噛んで怒る彼女。,На глазах у неё выступили слёзы и она от злости закусила нижнюю губу.,,,
,,,,,,,,,,默认50,,,,她挥起拳头向我打来，却一次次穿透我的身体，徒劳无功。,她揮起拳頭向我打來，卻一次次穿透我的身體，徒勞無功。,"She swung her fist at me, but it kept passing through my body—utterly futile.",こちらに拳で殴りかかろうとするが、そのたびに私の体をすり抜け、徒労に終わった。,"Она сжала кулачки и начала бить меня - но всякий раз удары проходили сквозь моё тело, так что это было бессмысленным занятием.",,,
,,方知宥,,,,,,,,默认51,,,,[……］,[……］,"""...""",「……」,"""...""",,,
,,,,,,,,,,默认52,,,,我默立原地，任她“捶打”，心中悲凉更甚。,我默立原地，任她“捶打”，心中悲涼更甚。,"I stood silently, letting her ""pound"" on me, my heart growing even heavier with sorrow.",私は何も言わず立ったまま、彼女の殴らせるままにしていると、さらに空しさがこみ上げてきた。,"Я молча стоял, осыпаемый её ""ударами"", и на сердце у меня стало ещё горше.",,,
,,,,,,,,,,默认53,,,,我只有依靠幻想才能见到雁儿姐……这让我觉得自己可怜又可悲。,我只有依靠幻想才能見到雁兒姐……這讓我覺得自己可憐又可悲。,I can only see <ruby=Swan Goose>Sister Yan</ruby> in my fantasies... it leaves me feeling wretched and pathetic.,幻想でしか雁姉と会うことができない……その事実が、あまりにも哀れで惨めだった。,"Я могу видеть сестричку Лебёдушку лишь с помощью своих иллюзий... Это заставило меня осознать, насколько я несчастен и жалок.",,,
,,,,,,,,,,默认54,,,,同时，若是我真的沉溺于这虚妄的幻影，那便是对不起那个真实的、已逝的她。,同時，若是我真的沉溺於這虛妄的幻影，那便是對不起那個真實的、已逝的她。,"Yet if I lose myself in this hollow illusion, I betray the memory of the real her—the one who's gone.",また、幻覚を見るほど妄想に溺れているとすれば、死んだ現実の彼女に対しても申し訳がない。,"В то же время, если я дам себе утонуть в этих иллюзиях - это будет недостойно по отношению к ней настоящей, той, что уже умерла.",,,
,,,,,,,,,,默认55,,,,就这样吧，别再理会她……别再理会眼前这个小雁儿了。,就這樣吧，別再理會她……別再理會眼前這個小雁兒了。,Enough. Don't acknowledge her... don't acknowledge this Little Yan before me anymore.,だからもう構わないようにしよう……目の前にいる、この小雁には。,Так что не стоит... Не стоит больше обращать внимания на эту Лебёдушку у меня перед глазами.,,,
,,,,,,,,,,默认56,,,,如此。,如此。,So be it.,その方が。,Так...,,,
,,,,,,,,,,默认57,,,,更好。,更好。,Better this way.,幸せだ。,Будет только лучше.,,,
,,良,好奇,,,,1,,,默认58,,良/21_良_01,,[知幼，方才你在同谁说话？],[知幼，方才你在同誰說話？],"""Zhiyo, who were you speaking to just now?""",「知優、今、誰と話してたんだ？」,"""Чжию, с кем это ты сейчас разговаривал?""",,,
,,,,,,,,,,默认59,,,,忽然，屋中响起第三个人的声音。,忽然，屋中響起第三個人的聲音。,"Suddenly, a third voice echoed in the room.",ふと、三人目の声が響いた。,Вдруг прозвучал голос третьего человека.,,,
,,,,,,,,,,默认60,,,,不知何时，良叔已从地铺上坐起身，面带疑惑望向我。,不知何時，良叔已從地鋪上坐起身，面帶疑惑望向我。,"Uncle Liang had somehow sat up from his makeshift bed on the floor, staring at me in bewilderment.",気付くと、良が布団から起き上がり、怪訝そうに私を見ている。,"Я и не заметил, как дядюшка Лян приподнялся на своей лежанке и теперь смотрел на меня непонимающим взглядом.",,,
,,方知宥,,,,,,,,默认61,,方知宥/21_方知宥_05,,[没什么……方才我只是在说梦话。］,[沒什麼……方才我只是在說夢話。］,"""Nothing... I was just talking in my sleep earlier.""",「何でもない……ただの寝言だ」,"""Да нет... Я просто во сне разговаривал.""",,,
,,,,,,,,,,默认62,,,,我慌忙应道，同时瞥了一眼身旁小雁儿的幻觉。,我慌忙應道，同時瞥了一眼身旁小雁兒的幻覺。,"I hastily replied, stealing a glance at the hallucination of Little Yan beside me.",慌ててそう答えつつ、傍にいる小雁の幻覚をちらりと見た。,"Поспешно ответил я, бросая взгляд на иллюзию Лебёдушки рядом.",,,
,,小雁儿,使劲,,,,,,,,,,,
,,,,,,,,,,默认63,,,,此刻她正盈着泪水，挥舞小拳头“捶打”我，眼眶通红。,此刻她正盈著淚水，揮舞小拳頭“錘打”我，眼眶通紅。,"At that moment, she was welling up with tears, her tiny fists flailing to ""pummel"" me, her eyes reddened.",彼女は相変わらず泣き腫らした目に涙を浮かべたまま、小さな拳で私を殴っている。,"С глазами, покрасневшими от слёз, та ""била"" меня кулачками.",,,
,,方知宥,,,,,,,,默认64,,,,[……],[……],"""...""",「……」,"""...""",,,
,Sprite,黑,,特效前,,,0.5,,,,,,,,,,,
,Tween,黑,ColorTo,alpha=0 time=0,,,,,,,,,,,,,,
,Tween,黑,ColorTo,alpha=0.4 time=0,,,,,NoWait,,,,,,,,,
,Wait,,,,,,0,,,,,,,,,,,
,,,,,,,,,,默认65,,,,这幻觉，倒逼真得很。,這幻覺，倒逼真得很。,This hallucination was eerily lifelike.,実に本物そっくりな幻覚だ。,Эта иллюзия была крайне реалистичной.,,,
,,,,,,,,,,默认66,,,,我记得她很少哭，尤其是长大以后。,我記得她很少哭，尤其是長大以後。,"I remember she rarely cried, especially as she grew older.",彼女が泣くところはほとんど見たことがない。大人になってからはなおさらだ。,"Сколько помню, она весьма редко плакала, особенно когда стала взрослой.",,,
,,,,,,,,,,默认67,,,,在我模糊的印象里，成年后的她要么容色清冷，要么浅笑莞尔，几乎从未落泪。,在我模糊的印象裡，成年後的她要嘛容色清冷，要嘛淺笑莞爾，幾乎從未落淚。,"In my hazy memories, the adult her was either coldly composed or smiling faintly—almost never shedding tears.",ぼんやりとした印象だが、大人になった彼女は冷ややかな表情か微笑みをたたえているかのどちらかで、涙をこぼしたことはほとんどなかった。,"В моих неясных воспоминаниях лицо её взрослой либо сохраняло бесстрастное выражение, либо расплывалось в лёгкой улыбке - но практически никогда не было залито слезами.",,,
,SpriteOff,黑,,,,,0.5,,NoWait,,,,,,,,,
,Wait,,,,,,0.5,,,,,,,,,,,
,,良,坚定,,,,,,,默认69,,良/21_良_02,,[喂，你一直盯着空处瞧，可不像是单纯说梦话……知幼，早先我便觉得你有些古怪，你究竟瞒了些什么？],[喂，你一直盯著空處瞧，可不像是單純說夢話……知幼，早先我便覺得你有些古怪，你究竟瞞了些什麼？],"""Hey, you've been staring blankly—this doesn't seem like mere sleep-talking... Zhiyo, I've long suspected something odd about you. What exactly are you hiding?""",「おいおい、何もない所を見つめて寝言は無理があるぞ……知優、前々から少し変だとは思っていたが、一体何を隠してる？」,"""Эй, ты там так уставился на пустое место - непохоже, чтобы речь шла просто про разговоры во сне... Чжию, ты мне и раньше казался немного странным - что же ты там всё-таки от меня скрываешь?""",,,
,,,,,,,,,,默认70,,,,面对我的沉默，良叔反复询问，目光逐渐锐利。,面對我的沉默，良叔反覆詢問，目光逐漸銳利。,"Faced with my silence, Uncle Liang pressed me repeatedly, his gaze growing sharper.",私が黙っているのを見て、良がさらに問い詰める。徐々にきつい目つきになってきた。,"Видя, что я не говорю ни слова, дядюшка Лян стал ещё больше наседать с расспросами, взгляд его заострился.",,,
,,方知宥,,,,,,,,默认76,,方知宥/21_方知宥_06,,[好吧……良叔是我救命恩人，之后我们既要同行，有事瞒着你也不妥……其实也没什么大事，不过是我患了疯病，病情多样，不止一种……],[好吧……良叔是我救命恩人，之後我們既要同行，有事瞞著你也不妥……其實也沒什麼大事，不過是我患了瘋病，病情多樣，不止一種……],"""Fine... Uncle Liang, you saved my life, and since we’ll be traveling together, it’s wrong to hide things from you... It’s nothing serious, really—just that I suffer from madness, with multiple symptoms, more than one kind...""",「仕方ない……良さんは命の恩人だ。今後も行動を共にする以上、隠し事はよくない……あまり大したことじゃないんだが、病を抱えていてね。症状は一種類だけじゃなく、様々あるんだ……」,"""Хорошо... Всё-таки Вы спасли мне жизнь, дядюшка Лян, и в дальнейшем нам нужно будет держаться друг друга, так что скрывать от Вас такое будет нехорошо... Это и не то, чтобы слишком важное дело - просто меня уже давно одолевает некий вид безумия, точнее, даже не один вид...""",,,
,,,,,,,,,,默认77,,,,我苦笑了一声，缓缓说道。,我苦笑了一聲，緩緩說道。,I gave a bitter laugh and spoke slowly.,私は苦笑しつつ、ゆっくりと話し始めた。,С горькой усмешкой проговорил я неспеша.,,,
,,良,通常,,,,,,,默认78,,,,[……］,[……］,"""...""",「……」,"""...""",,,
,,,,,,,,,,默认79,,,,良叔面色平静地听着。,良叔臉色平靜地聽著。,Uncle Liang listened with a placid expression.,良は顔色ひとつ変えることなく耳を傾けてくれた。,Дядюшка Лян слушал со спокойным выражением лица.,,,
,,方知宥,,,,,,,,默认80,,方知宥/21_方知宥_07,,[一种疯病，我称之为‘兽视’——我会将一些人看成兽相，也就是把人的头看作兽头……有些是猪马牛羊，有些是虎豹豺狼。］,[一種瘋病，我稱之為‘獸視’——我會將一些人看成獸相，也就是把人的頭看作獸頭……有些是豬馬牛羊，有些是虎豹豺狼。］,"""One form of madness, I call it ""Beast's Affliction""—I see some people with a Beastly Visage, their heads appearing as animal heads... some as pigs, horses, cows, or sheep, others as tigers, leopards, or wolves.""",「心の病だ。私は『獣視病』と呼んでいるが――人が獣のように見えてしまう、つまり人の頭が獣の頭になるのさ……ある者は草食の家畜に、ある者は肉食の猛獣に」,"""Один вид я зову ""звериной хворью"" - из-за неё некоторые люди кажутся мне звериноголовыми, их лица видятся мне как у животных... Иногда - как у скотины: свиней, лошадей, быков и овец, иногда - как у хищников: тигров, леопардов, красных и обычных волков.""",,,
,,良,无奈叹息,,,,,,,默认81,,,,[……],[……],"""...""",「……」,"""...""",,,
,,小雁儿,疑惑,,,,,,,默认82,,,,[……］,[……］,"""...""",「……」,"""...""",,,
,,,,,,,,,,默认83,,,,良叔依然在听着。,良叔依然在聽著。,Uncle Liang kept listening.,そのまま良が私の話を聞く。,Дядюшка Лян продолжал слушать мои слова.,,,
,,,,,,,,,,默认84,,,,小雁儿的幻觉听我讲到这里，也微微愣住。,小雁兒的幻覺聽我講到這裡，也微微愣住。,Little Yan's hallucination faltered slightly when she heard me reach this point.,小雁の幻覚もその話を聞いたところで、動きが停まった。,Иллюзия Лебёдушки на этом моменте моего рассказа как будто слегка оторопела.,,,
,,,,,,,,,,默认85,,,,她不再用拳头不断捶打我，而是站在一旁，聚精会神地听了起来。,她不再用拳頭不斷捶打我，而是站在一旁，聚精會神地聽了起來。,"She stopped pummeling me with her fists and instead stood to the side, listening with rapt attention.",それ以上私を殴ることなく、隣で突っ立たまま、集中して私の話を聞き始めた。,"Она перестала пытаться колотить меня, а вместо этого стояла рядом и внимательно вслушивалась в мой рассказ.",,,
,,方知宥,,,,,,,,默认86,,方知宥/21_方知宥_08,,[兽视病一旦发病，我便不能控制，我也不知这病因何而起，又会如何结束。],[獸視病一旦發病，我便不能控制，我也不知這病因何而起，又會如何結束。],"""Once the Beast's Affliction takes hold, I lose control. I don’t know what triggers it or how it will end.""",「ひとたび獣視病の発作が始まると、自分では止められない。何が原因で、いつ終わるのかもわからない」,"""Когда эта хворь начинает одолевать меня, я не в состоянии с нею совладать. Мне неизвестно, что её вызывает и каким образом припадок завершается.""",,,
,,方知宥,,,,,,,,默认87,,方知宥/21_方知宥_09,,[至于第二种疯病，是幻觉……我能看见一位‘已逝故人’的幻影……比如说，在我眼里——此刻那边正站着她。],[至於第二種瘋病，是幻覺……我能看見一位‘已逝故人’的幻影……比如說，在我眼裡——此刻那邊正站著她。],"""As for the second madness—it’s hallucinations... I see a phantom of ""the one who has passed""... For instance, right now, in my vision—she’s standing right over there.""",「そして二つ目の症状は幻覚だ……『死んだ者』の幻が見える……たとえば今――彼女がそこに立っている」,"""Что касается другого вида безумия - это видения... Мне видится иллюзия одного умершего близкого человека... Например, как раз сейчас мне кажется, будто она стоит вот тут.""",,,
,,,,,,,,,,默认88,,,,我指了指身旁小雁儿所在的位置。,我指了指身旁小雁兒所在的位置。,I gestured toward the spot where Little Yan stood beside me.,小雁のいる「そこ」を指さした。,"Указал я на место рядом со мной, где стояла Лебёдушка.",,,
,,,,,,,,,,默认89,,,,在我的眼里，小雁儿正瞪大眼睛，茫然地看着我。,在我的眼裡，小雁兒正瞪大眼睛，茫然地看著我。,"To my eyes, Little Yan gaped at me in wide-eyed confusion.",私の視界では、小雁が目をまん丸に見開いて、呆然と私を見ている。,"Мне виделось, как глаза той расширились, и она в недоумении посмотрела на меня.",,,
,,,,,,,,,,默认90,,,,而在良叔的眼里，大概我所指的地方空无一物——什么都没有。,而在良叔的眼裡，大概我所指的地方空無一物——什麼都沒有。,"To Uncle Liang, the spot I gestured toward likely held nothing at all—just empty space.",良の視界では、私が指さす場所には何もないことだろう。,"А вот глазам дядюшки Ляна ничего этого, скорее всего, видно не было - в том месте, куда я указывал, была пустота.",,,
,,小雁儿,委屈,,,,,,,默认91,,小雁儿/21_小雁儿_12,,[知宥……我果然是死了……变成鬼魂了……],[知宥……我果然是死了……變成鬼魂了……],"""Zhiyou... I am really dead... Have I become a ghost...""",「知宥……やっぱりあたし、死んでたんだ……おばけになっちゃったんだ……」,"""Чжию... Я всё-таки умерла... И стала духом...""",,,
,,,,,,,,,,默认92,,,,小雁儿的幻觉听到我说她是“已逝故人”，伤心地低下了头。,小雁兒的幻覺聽到我說她是“已逝故人”，傷心地低下了頭。,"The phantom of Little Yan, hearing me refer to her as ""the one who has passed,"" bowed her head in sorrow.",私が「死んだ者」だと言ったのを聞いて、小雁は傷ついてうなだれた。,"Услышав про ""умершего близкого человека"", иллюзия Лебёдушки скорбно склонила голову.",,,
,,良,好奇,,,,,,,默认93,,良/21_良_03,,[已逝故人……她生得什么模样？是你什么人？],[已逝故人……她生得什麼模樣？是你什麼人？],"""The one who has passed... What did she look like? Who was she to you?""",「死んだ者……そいつはどんな姿なんだ？おまえにとって、どういう関係なんだ？」,"""Умерший близкий человек... А как этот человек выглядит? Кто он тебе?""",,,
,,,,,,,,,,默认94,,,,良叔听到这里，起了好奇心，便向我询问小雁儿的外貌，以及与我的关系。,良叔聽到這裡，起了好奇心，便向我詢問小雁兒的外貌，以及與我的關係。,"At this, Uncle Liang’s curiosity got the better of him, and he asked me to describe Little Yan’s appearance and how she was connected to me.",良は興味をくすぐられたようで、小雁の見た目や私との関係について訊いてきた。,"У дядюшки Ляна от моих слов разыгралось любопытство, и он решил расспросить меня.",,,
,,方知宥,,,,,,,,默认95,,方知宥/21_方知宥_10,,[她是我那故人十岁时的模样……穿着一身布衣，头戴花状饰物，眼睛很大，很是好看。],[她是我那故人十歲時的模樣……穿著一身布衣，頭戴花狀飾物，眼睛很大，非常好看。],"""She resembled my departed loved one at age ten... dressed in simple cloth, adorned with a floral hairpiece, her large eyes strikingly beautiful.""",「私の旧友で、十歳の頃の姿だ……布の服を着て、頭には花の髪飾りをつけている。目がぱっちりしていて、とても美しい」,"""Она выглядит, как та подруга в десять лет... Одета в холщовую одежду, на голове украшение в виде цветка, глаза большие и очень красивые.""",,,
,,小雁儿,羞愧,,,,,,,默认96,,,,[……],[……],"""...""",「……」,"""...""",,,
,,,,,,,,,,默认97,,,,小雁儿被我盯着看，有些不自在地别过目光。,小雁兒被我盯著看，有些不自在地別過目光。,"Little Yan, unsettled by my stare, looked away uncomfortably.",小雁にじっと見つめられ、気まずくなって顔を背けた。,Лебёдушка неловко отвела глаза под моим пристальным взглядом.,,,
,,方知宥,,,,,,,,默认98,,方知宥/21_方知宥_11,,[儿时我们初识，我便很是憧憬她，长大后再遇到她，更是为她深深倾倒……我原以为她会活得长久，比我更久……岂料她走得那般突然，不知为何便投河自尽了……],[兒時我們初識，我便非常憧憬她，長大後再遇到她，更是為她深深傾倒……我原以為她會活得長久，比我更久……豈料她走得那般突然，不知為何便突然投河自盡了……],"""From our first meeting in childhood, I adored her. Reuniting as adults, I fell even deeper... I assumed she’d outlive me... Yet she left abruptly—drowning herself in the river, inexplicably...""",「初めて知り合ったのは子供の頃だ。私はすぐに心を惹かれ、大人になって再会してからは、さらに彼女に溺れた……彼女は私よりもずっと長生きすると思っていた……なぜ突然逝ってしまったのか、川に身を投げ果てたのかはわからないままだ……」,"""С самого нашего знакомства в детстве я восхищался ей. Когда я встретил её снова уже во взрослом возрасте, то ещё больше был очарован ею... Я был уверен, что она проживёт долго, дольше меня... Совершенно не мог подумать, что она вдруг уйдёт так внезапно, по какой-то причине решит наложить на себя руки...""",,,
,,方知宥,,,,,,,,默认99,,方知宥/21_方知宥_12,,[也许，正因为她突然离世，在她死后的三年里，我一直无法接受……如今更是产生了幻觉……不知为何，这幻觉，竟还是她小时候的模样……],[也許，正因為她突然離世，在她死後的三年裡，我一直無法接受……如今更是產生了幻覺……不知為何，這幻覺，竟還是她小時候的模樣……],"""Maybe her sudden death is why I couldn’t accept it for three years... Now I hallucinate her—oddly, as the child she once was...""",「もしかしたら、彼女の死が突然すぎて、三年の間それを受け入れられず……今になって幻覚を見るようになったのかもしれない……なぜかその幻覚は、彼女の子供の頃の姿だが……」,"""Возможно, именно внезапность её кончины и не даёт мне все эти три года принять это... А теперь мне и вовсе стали являться видения... И по какой-то причине в этих видениях она выглядит так, как в детстве...""",,,
,,,,,,,,,,默认100,,,,我略微低下头，讲述这幻觉的由来，唇边凝着一抹自嘲。,我略微低下頭，講述這幻覺的由來，唇邊凝著一抹自嘲。,"I lowered my head slightly and recounted the origin of this illusion, a self-deprecating smile lingering at the corner of my lips.",私は少しうつむき、この幻覚を見ている理由を述べながら、自嘲気味に笑った。,"Слегка склонив голову, поведал я о том, откуда взялась эта иллюзия. Губы мои подёрнулись насмешкой над самим собой.",,,
,,,,,,,,,,默认101,,,,香炉里青烟袅袅，人影一实一虚，在烟雾中若隐若现。,香爐裡青煙裊裊，人影一實一虛，在煙霧中若隱若現。,"Blue smoke curled from the incense burner, and figures—one solid, one ethereal—flickered faintly in and out of view through the haze.",香炉から青い煙が立ち上っている。一つは実体、一つは虚像の人影が、煙の中でぼんやりと浮かんでいる。,"В зеленоватом дыме от курильницы обе человеческих фигуры - настоящая и призрачная - мерцали, как в тумане.",,,
,,,,,,,,,,默认102,,,,良叔和小雁儿都在静静听着。,良叔和小雁兒都在靜靜聽著。,Both Uncle Liang and Little Yan were listening quietly.,良と小雁は静かに話を聞いていた。,"И дядюшка Лян, и Лебёдушка тихо слушали мой рассказ.",,,
,,良,坚定,,,,,,,默认103,,,,[……］,[……］,"""...""",「……」,"""...""",,,
,,,,,,,,,,默认104,,,,良叔严肃沉思。,良叔嚴肅沉思。,Uncle Liang was lost in serious thought.,良が神妙な面持ちで考え込む。,Дядюшка Лян погрузился в размышления.,,,
,,小雁儿,委屈,,,,,,,默认105,,,,[……］,[……］,"""...""",「……」,"""...""",,,
,,,,,,,,,,默认106,,,,小雁儿虽迷茫不解，但大概也共情到了我的几许悲伤，面露怏怏之色。,小雁兒雖迷茫不解，但大概也共情到了我的幾許悲傷，面露怏怏之色。,"Though Little Yan was confused and didn’t fully understand, she seemed to share some of my sorrow, her face clouded with gloom.",小雁はまだ混乱しているが、私の悲嘆に当てられたようで、しゅんとした表情になった。,"Лебёдушка, хоть и не до конца понимавшая, что к чему, видимо, всё же ощущала мою грусть и выглядела подавленно.",,,
,CharacterOff,,,,,,,,,,,,,
,,方知宥,,,,,,,,默认107,,方知宥/21_方知宥_13,,[如何？良叔可是被我吓着了？还是觉得可笑？呵……没想到吧？我这手无缚鸡之力的书生，竟还身负两种怪病。],[如何？良叔可是被我嚇著了？還是覺得可笑？呵……沒想到吧？我這手無縛雞之力的書生，竟還身負兩種怪病。],"""Well? Were you frightened by me, Uncle Liang? Or did you find it laughable? Heh... Never expected it, did you? A feeble scholar like me, burdened with not one but two strange afflictions.""",「どうだい、驚いたか？それとも笑えるかな。ふっ……意外だっただろう？こんな貧弱な書生が、さらに二つもの奇病を患っているなんて」,"""Ну так что? Я Вас напугал, дядюшка Лян? Или Вам смешно от моего рассказа? Ха... Кто бы мог подумать, да? Что такого хилого учёного, как я, оказывается, терзают сразу два вида безумной хвори.""",,,
,,,,,,,,,,默认108,,,,我笑着反问良叔。,我笑著反問良叔。,I smiled and retorted to Uncle Liang.,笑いながら良にそう問う。,С усмешкой спросил я у дядюшка Ляна.,,,
,,,,,,,,,,默认109,,,,将这与众不同的病症说予他人听，确实让我轻松些许。,將這與眾不同的病症說予他人聽，確實讓我輕鬆些許。,Sharing this peculiar affliction with others did bring me some relief.,この私特有の症状を誰かに話すことで、少し気がまぎれた。,"От того, что удалось поделиться историей про свою болезнь с другим человеком, мне и правда стало немного легче.",,,
,,良,好奇,,,,,,,默认110,,良/21_良_04,,[嗯，是有些讶异。］,[嗯，是有些訝異。］,"""Hmm, I am a bit surprised.""",「ああ、確かに奇妙なものだ」,"""Хм, и правда странное дело.""",,,
,,,,,,,,,,默认111,,,,良叔点了点头。,良叔點了點頭。,Uncle Liang nodded.,こくりと良が頷いた。,Кивнул дядюшка Лян.,,,
,,良,笑,,,,,,,默认112,,良/21_良_05,,[但可笑却谈不上，因你这病倒有几分像我，若是笑你，岂不是也在笑我自己？],[但可笑卻談不上，因你這病倒有幾分像我，若是笑你，豈不是也在笑我自己？],"""But laughable? Not quite. In fact, your condition somewhat resembles mine—if I laugh at you, wouldn’t I be laughing at myself too?""",「だが笑えはしないな。おまえのその奇病は俺にどこか似ている。おまえを笑えば、俺自身を笑うことになるからな」,"""Но смешного тут точно нет - тем более, что в этом мы с тобой чуть-чуть похожи, так что, если я буду смеяться над тобой, разве не получится тем самым, что я и себя высмеиваю?""",,,
,,,,,,,,,,默认113,,,,突然，良叔话锋一转，他虽然依旧冷着脸，语气中却带了几分笑意。,突然，良叔話鋒一轉，他雖然依舊冷著臉，語氣重卻帶了幾分笑意。,"Suddenly, Uncle Liang shifted the topic. Though his face remained stern, his tone carried a hint of amusement.",良がふと話の主旨をずらした。相変わらずの仏頂面だが、どこか冗談めかした口調だ。,"Перевёл вдруг он разговор на себя. Хоть его лицо всё ещё было бесстрастным, а тон суровым, в его речи всё же чувствовались нотки улыбки.",,,
,,方知宥,,,,,,,,默认114,,方知宥/21_方知宥_14,,[像你？］,[像你？］,"""Resembles you?""",「似ている？」,"""Похожи?""",,,
,,,,,,,,,,默认115,,,,我微微一怔。,我微微一怔。,"I start slightly, taken aback.",意外な返事に、私は少し戸惑った。,В недоумении спросил я.,,,
,,良,通常,,,,,,,默认116,,良/21_良_06,,[先说这兽视病，说来也巧，我往日也常爱将人比作百兽，只是没你这般严重，无法真的在眼中瞧见人的兽相。］,[先說這獸視病，說來也巧，我往日也常愛將人比作百獸，只是沒你這般嚴重，無法真得在眼中看見人的獸相。］,"""Take this Beast's Affliction for an example. Coincidentally, I’ve often likened people to beasts, though not as severely—I don’t actually see their Beastly Visage.""",「さっきの獣視病とやらだが、俺もよく人を獣に例える。おまえのように、人が獣に見えてしまうほど深刻ではないがな」,"""Да вот взять ту же звериную хворь - по совпадению, в былые времена я тоже любил у себя в голове сравнивать людей с животными, разве что это не было настолько серьёзно, как у тебя - по-настоящему лиц животных у людей мне не виделось.""",,,
,,良,笑,,,,,,,默认117,,良/21_良_07,,[说实话，听你这么一说……我倒真有几分羡慕，很想亲眼看看众人兽相是何模样……哦，不知在你眼中，我的兽相是怎样的？],[說實話，聽你這麼一說……我倒真有幾分羨慕，很想親眼看看眾人獸相是何模樣……哦，不知在你眼中，我的獸相是怎樣的？],"""To be honest, hearing you say that... I actually feel rather envious—I'd love to witness people's beastly visages firsthand... Oh, what does my own beastly visage look like through your eyes?""",「正直、おまえの話を聞いて……少し羨ましくなった。人々がどんな獣になるのか、この目で見てみたい……おっと、おまえの目には、俺がどんな獣に見えるんだ？」,"""По правде говоря... Мне даже чуть-чуть завидно стало - хотелось бы самому увидеть, как люди со звериными головами выглядят... А, кстати, а мой звериный образ у тебя какой вышел?""",,,
,,,,,,,,,,默认118,,,,良叔向我说出了他的想法。,良叔向我說出了他的想法。,Uncle Liang confided his thoughts to me.,彼なりの考えを話す良。,Поделился своими мыслями дядюшка Лян.,,,
,,,,,,,,,,默认119,,,,话到一半时，他更是来了兴致，询问我眼中他的兽相。,話到一半時，他更是來了興致，詢問我眼中他的獸相。,"Mid-conversation, his curiosity piqued as he asked how I perceived his beastly visage.",話の区切りがついたところで興味が湧いたのか、自分がどんな獣の顔をしているのか彼が訊いてきた。,"После чего с интересом осведомился, в образе какого зверя вижу его я.",,,
,,方知宥,,,,,,,,默认120,,方知宥/21_方知宥_15,,[眼下我看不到你的兽相。],[目前我看不到你的獸相。],"""I can't see your beastly visage right now.""",「今のところ、あなたは獣の顔をしていない」,"""Мне Вы сейчас не видитесь в образе животного.""",,,
,,,,,,,,,,默认121,,,,我无奈地摇了摇头。,我無奈地搖了搖頭。,I shook my head with resignation.,力なく首を横に振った。,Неловко покачал я головой.,,,
,,良,好奇,,,,,,,默认122,,良/21_良_08,,[为何？],[為何？],"""Why?""",「なぜだ？」,"""Почему же?""",,,
,,方知宥,,,,,,,,默认123,,方知宥/21_方知宥_16,,[我向来无法控制这病发作，并非想看便能看见……城破后我只将那些披甲兵卒看作兽相，其余人不论男女老幼，皆是人相。],[我向來無法控制這病發作，並非想看便能看見……城破後我只將那些披甲兵卒看作獸相，其餘人不論男女老幼，皆是人相。],"""I’ve never controlled when this affliction strikes—it’s not something I can summon at will... After the city fell, only the armored soldiers took on beastly visages; everyone else, young or old, man or woman, remained human to me.""",「この発作は制御できないんだ。見ようと思って見れるものじゃない……町が落ちてからは、鎧を着た兵たちだけが獣に見えた。他は老若男女問わず、みな人の顔だ」,"""Мне никогда не удавалось контролировать эту болезнь, по своей воле я не могу вызывать у себя эти образы... И после того, как город пал, мне лишь те солдаты в доспехах видятся со звериными головами, а все прочие люди - мужчины ли, женщины, дети или старики - выглядят по-обычному.""",,,
,,方知宥,,,,,,,,默认124,,方知宥/21_方知宥_17,,[唉……说来可笑，前几日我差点因为这兽视病，以为自己并非在扬州城，而是误入了《西游记》里的狮驼国……我本以为，那些攻城屠城之事，都是兽妖做的。］,[唉……說來可笑，前幾日我差點因為這獸視病，以為自己並非在揚州城，而是誤入了《西遊記》裡的獅駝國……我本以為，那些攻城屠城之事，都是獸妖做的。］,"""Alas... it's almost laughable. A few days ago, because of this Beast's Affliction, I nearly believed I wasn't in Yangzhou City but had mistakenly wandered into the Lion Camel Kingdom from ""Journey to the West""... I had always thought that acts like besieging and sacking cities were committed only by beastly demons.""",「はあ……おかしな話だが、この獣視病のせいで、揚州の町ではなく『西遊記』の獅駝国に迷い込んだのではと数日間悩んでいた……この侵略や虐殺が、妖怪の仕業だと思っていたんだ」,"""Эх... Как бы смешно это ни звучало, мне эти дни даже чуть не стало казаться, что я на самом деле вовсе не в Янчжоу, а угодил в Королевство Льва и Верблюда из 'Путешествия на Запад.' Я думал, что взяли город и устроили резню именно яогуаи.""",,,
,,,,,,,,,,默认125,,,,我无奈解释着。,我無奈解釋著。,I explained helplessly.,やるせなさそうにそう話す私。,Со вздохом объяснял я.,,,
,,方知宥,,,,,,,,默认126,,,,[……],[……},"""...""",「……」,"""...""",,,
,,,,,,,,,,默认127,,,,如今，我已基本确定此地依然是扬州……那些杀人的也并非妖兵，而是遥远北地来的蛮兵。,如今，我已基本確定此地依然是揚州……那些殺人的也並非妖兵，而是遙遠北地來的蠻兵。,"Now, I'm fairly certain this is still Yangzhou... and those killers aren't demon soldiers but barbarian troops from the distant northern lands.",やはりここが揚州であることは、もはや確実なのだ……となれば、あの人殺したちも妖兵などではなく、遥か来たからやってきた蛮族の兵ということになる。,"Сейчас-то я уже в целом был уверен, что нахожусь в Янчжоу... И те кровожадные убийцы - это никакие не яогуаи, а варвары с далёкого севера.",,,
,,,,,,,,,,默认129,,,,……,……,...,……,...,,
,,良,笑,,,,,,,默认130,,良/21_良_09,,[呵，倒是有趣，你竟然以为自己误入了狮驼国……对了，你说的那本《西游记》，我知道这本书。］,[呵，倒是有趣，你竟然以為自己誤入了獅駝國……對了，你說的那本《西遊記》，我知道這本書。］,"""Heh, quite amusing—you actually thought you'd stumbled into the Lion Camel Kingdom... By the way, that ""Journey to the West"" you mentioned, I know that book.""",「ふっ、だが興味深い。獅駝国に迷い込んだと思い込むとは……そうだ、その『西遊記』とやら、俺も知ってるぞ」,"""Хе, интересно, так тебе казалось, что ты попал в Королевство Льва и Верблюда... К слову, мне известна та книга, о которой ты говоришь - 'Путешествие на Запад'.""",,
,,方知宥,,,,,,,,默认131,,方知宥/21_方知宥_18,,[良叔也看过？],[良叔也看過？],"""Uncle Liang, you’ve read it too?""",「良さんも読んだことがあるのか？」,"""Вы тоже её читали, дядюшка Лян?""",,
,,良,通常,,,,,,,默认132,,良/21_良_10,,[书不曾看过，以往在茶馆听人谈起，说是讲唐僧西天取经的故事。],[書不曾看過，以往在茶館聽人談起，說是講唐僧西天取經的故事。],"""Never read it myself, but back at the teahouse, I heard folks say it’s about Tang Monk’s journey to fetch scriptures from the Western Heaven.""",「いや、本は読んでない。茶館で話しているのを聞いた。唐僧が西天に経を取りに行く話だったかな」,"""Книгу-то саму не читал, но вот в чайных мне доводилось слышать про неё. Вроде как она про то, как танский монах Сюаньцзан ездил в одну западную страну за буддийскими писаниями.""",,
,,方知宥,,,,,,,,默认133,,方知宥/21_方知宥_19,,[倒也不全是讲唐僧，若只写唐僧，那是《大唐西域记》……《西游记》嘛……我倒觉得更像是‘孙悟空’的故事……不对，我们是不是扯远了？方才说到哪儿了？],[倒也不全是講唐僧，若只寫唐僧，那是《大唐西域記》……《西遊記》嘛……我倒覺得更像是‘孫悟空’的故事……不對，我們是不是扯遠了？方才說到哪裡了？],"""Well, it’s not entirely about Tang Monk. If it were just him, that’d be ""Great Tang Records on the Western Regions""... ""Journey to the West""? I’d say it’s more ""Sun Wukong’s"" story... Wait, are we off track? Where were we?""",「全部が唐僧の話じゃない。唐僧だけのものは『大唐西域記』だ……『西遊記』は……むしろ『孫悟空』の物語だと思う……ん？話が逸れたな。さっきまで何の話をしていたんだっけ」,"""На самом деле она не вся про танского монаха. Книга только про монаха - это 'Путешествие в Западный край во времена Великой Тан'... Ну а ""Путешествие на Запад""... Оно куда больше про царя обезьян Сунь Укуна... Ой, мы что-то совсем от темы отошли. О чём мы вообще говорили?""",,
,,良,,,,,,,,默认134,,良/21_良_11,,[说到你的病……我方才还说，并不觉得你的兽视病古怪——见到思念之人的幻觉，我自己也有类似的经历。],[說到你的病……我方才還說，並不覺得你的獸視病古怪——見到思念之人的幻覺，我自己也有類似的經歷。],"""We were discussing your condition... I was just saying I don’t find your Beast's Affliction odd—hallucinations of missing someone? I’ve had similar experiences myself.""",「おまえの病についてだ……さっきも言ったが、獣視病が変だとは思わない――想い人の幻を見るというのは、俺も似たような経験があるからな」,"""Про твою болезнь... Я говорил, что твоя звериная хворь мне вовсе не кажется странной - но у меня также случалось и что-то наподобие тех видений, когда тебе является тот, о ком вспоминаешь.""",,
,,方知宥,,,,,,,,默认135,,方知宥/21_方知宥_20,,[哦？],[哦？],"""Oh?""",「そうなのか？」,"""А?""",,
,,,,,,,,,,默认136,,,,我未料到，良叔与我的相似之处竟如此之多。,我未料到，良叔與我的相似之處竟如此之多。,I never expected Uncle Liang and I would have so much in common.,良と私にそれほど多くの似通った点があることに驚いた。,"Я и не думал, что у нас с дядюшкой Ляном окажется столько общего.",,
,,,,,,,,,,默认137,,,,于是，我正了正身子，深呼出一口气，静静地听良叔讲——,於是，我正了正身子，深呼出一口氣，靜靜地聽良叔講——,"So I straightened up, took a deep breath, and listened quietly as Uncle Liang spoke—",姿勢を正し、すっと息を吸い込むと、静かに良の話に耳を傾けた。,"Я выпрямился, выдохнул и стал тихо слушать его рассказ:",,
,,良,坚定,,,,,,,默认138,,良/21_良_12,,[几年前，我随闯王东征西讨，最艰难的一战，闯军被官军杀得大败，闯王身边仅剩下十八骑。],[幾年前，我隨闖王東征西討，最艱難的一戰，闖軍被官軍殺得大敗，闖王身邊僅剩下十八騎。],"""Years ago, I fought alongside the Dashing King Li in battles across the land. In our hardest fight, the Dashing Army was crushed by imperial forces, leaving only eighteen riders at the Dashing King Li's side.""",「数年前、闖王と共に戦っていた時のことだ。最も手ごわかった戦で、闖軍が官軍に大敗し、闖王側には十八騎しか兵が残らなかった」,"""Несколько лет назад, когда я ещё сражался под началом Короля, Идущего Напролом, в одной особенно тяжёлой битве наши войска потерпели разгром от правительственной армии. При Короле, Идущем Напролом осталось лишь восемнадцать всадников.""",,
,,良,无奈叹息,,,,,,,默认139,,良/21_良_13,,[那时我在溃散中未跟上闯王，倒在了商洛山附近的战场上，身负重伤……正当我自觉将死之际，却突然听到了一个人的声音，看到了她的幻觉朝我走来……］,[那時我在潰散中未跟上闖王，倒在了商洛山附近的戰場上，身負重傷……正當我自覺將死之際，卻突然聽到了一個人的聲音，看到了她的幻覺朝我走來……］,"""During the rout, I lost the Dashing King Li and fell wounded on the battlefield near Shangluo Mountain... Just as I accepted death, I suddenly heard a voice and saw her vision walking toward me...""",「俺は敗走の中、闖王とはぐれ、<ruby=しょうらくざん>商洛山</ruby>の近くの戦場で重傷を負った……これまでかと思った時、声が聞こえて、そいつの幻がこっちに来るのが見えたんだ……」,"""Я тогда в суматохе оказался отрезан от Короля. Я валялся на поле боя у гор Шаньло, тяжело раненный... Когда я уже было думал, что смерть приближается, вдруг до меня донёсся её голос, и я увидел её иллюзию, шагающую ко мне...""",,
,,方知宥,,,,,,,,默认140,,方知宥/21_方知宥_21,,[是那位名叫满穗的姑娘？］,[是那位名叫滿穗的姑娘？］,"""Is that the girl named Man Sui?""",「<ruby=スイ>穂</ruby>という娘か？」,"""Это Вы про ту девушку по имени Маньсуй?""",,
,,,,,,,,,,默认141,,,,我淡笑着打断了良叔，猜测道。,我淡笑著打斷了良叔，猜測道。,"With a faint smile, I cut off Uncle Liang and ventured a guess.",笑いながら良の話を遮り、推測する。,"С лёгкой улыбкой предположил я, прервав дядюшку Ляна.",,
,,良,通常,,,,,,,默认142,,,,[……］,[……］,"""...""",「……」,"""...""",,
,,良,坚定,,,,,,,默认143,,良/21_良_14,,[确是她，但你不要误会……我是因亏欠于她，才会一直念想着她，并非你所想的那般……］,[確是她，但你不要誤會……我是因虧欠於她，才會一直念想著她，並非你所想的那般……］,"""It is her, but don’t misunderstand... I’ve been thinking of her out of guilt, not in the way you assume...""",「そうだ。だが勘違いするな……あいつに借りを感じているからこそ、あいつのことを考えているんだ。おまえが思うようなやつじゃない……」,"""Да, про неё, но ты только не подумай лишнего... Она у меня всё время на уме потому, что у меня перед ней долг, а вовсе не из-за того, что там могло тебе показаться...""",,
,,方知宥,,,,,,,,默认144,,方知宥/21_方知宥_22,,[我所想的哪般？］,[我所想的哪般？］,"""And what way do I assume?""",「私が思うようなやつとは？」,"""Могло мне показаться?""",,
,,良,,,,,,,,默认145,,良/21_良_15,,[男女之情。］,[男女之情。］,"""Romantic feelings.""",「男女のそれだ」,"""Я имею в виду 'чувства между мужчиной и женщиной'.""",,
,,,,,,,,,,默认146,,,,良叔严肃地自我辩解。,良叔嚴肅地自我辯解。,Uncle Liang solemnly defended himself.,良が真剣そのもので弁明した。,Сурово оправдывался дядюшка Лян.,,
,,方知宥,,,,,,,,默认147,,方知宥/21_方知宥_23,,[行行行，我知道，你们并非男女之情……良叔，我可比你坦白得多——我对那位思念之人，确实怀有男女之情……］,[行行行，我知道，你們並非男女之情……良叔，我可比你坦白得多——我對那位思念之人，確實懷有男女之情……］,"""Alright, alright, I get it—no romantic feelings... Uncle Liang, I’m far more candid than you—the one I long for, I do harbor romantic feelings...""",「そうかそうか、わかっているとも。男女の仲じゃないとも……良さん、私はあなたよりは正直だ――私は想い人に対して、確かに男女の感情を抱いてるんだから……」,"""Ладно-ладно-ладно, я понял, у вас двоих нет никаких таких чувств... Но вот я, дядюшка Лян, буду откровеннее, чем Вы - к той, о ком я думаю, у меня и правда есть подобные чувства...""",,
,,,,,,,,,,默认148,,,,我微微一笑，坦白承认。,我微微一笑，坦白承認。,I smiled faintly and confessed openly.,ふっと笑うと、素直に認めた。,С улыбкой высказался я начистоту.,,
,,小雁儿,惊慌,,,,,,,默认149,,小雁儿/21_小雁儿_13,,[知宥……你怎能胡说？我怎会与你有男女之情……］,[知宥……你怎能胡說？我怎會與你有男女之情……］,"""Zhiyou... How can you spout such nonsense? There could never be romantic feelings between us...""",「知宥……どうして嘘をつくの？あたしはあんたを男としてなんか……」,"""Чжию... Ты что это за ерунду говоришь? Какие это у нас с тобой чувства...""",,
,,,,,,,,,,默认150,,,,小雁儿听到这句话，小脸通红，又急又羞。,小雁兒聽到這句話，小臉通紅，又急又羞。,"Little Yan's face flushed crimson upon hearing this, equal parts flustered and mortified.",小雁が私の言葉を聞いて、恥ずかしくて慌てたかのように、ぽっと頬を赤らめた。,"От моих слов лицо Лебёдушки залилось краской, она занервничала и застыдилась.",,
,,方知宥,,,,,,,,默认151,,方知宥/21_方知宥_24,,[与你无干，我说的是长大后的你。］,[與你無干，我說的是長大後的你。］,"""This doesn't concern you—I meant the adult version of you.""",「今の君には関係ない。私が言ってるのは成長した後の君のことだ」,"""Речь не про тебя - я говорю про тебя взрослую.""",,
,,,,,,,,,,默认152,,,,我看向她，调侃般地笑了笑。,我看向她，調侃般地笑了笑。,I glanced at her with a teasing smirk.,彼女の方を見て、少しからかうように笑う。,С шутливой улыбкой взглянул я на неё.,,
,,良,好奇,,,,,,,默认153,,良/21_良_16,,[她此刻在你身旁？］,[她此刻在你身旁？］,"""Is she with you now?""",「今も傍にいるのか？」,"""Она сейчас рядом с тобой?""",,
,,方知宥,,,,,,,,默认154,,方知宥/21_方知宥_25,,[对。］,[對。］,"""Yes.""",「ああ」,"""Да.""",,
,,良,,,,,,,,默认155,,良/21_良_17,,[她在你方才所指之处？］,[她在你方才所指之處？］,"""Is she at the spot you just pointed to?""",「さっき指さした場所に？」,"""В том месте, куда ты показывал?""",,
,,方知宥,,,,,,,,默认156,,方知宥/21_方知宥_26,,[不，方才她在所指的地方……如今，她又扑到我身旁了，因为我说了刚才那句话……正在捶打我哩。］,[不，方才她在所指的地方……如今，她又撲到我身旁了，因為我說了剛才那句話……正在捶打我哩。］,"""No—she was there earlier... But now she's leapt back to my side after my comment... currently pummeling me in protest.""",「いや、それはさっきまで彼女がいた場所だ……今はまた私に飛び掛かっているところだ……さっきの言葉のせいで……私をぽかぽか殴っている」,"""Нет, она там была до этого... А сейчас она прильнула ко мне и из-за моих предыдущих слов... бьёт меня.""",,
,,小雁儿,使劲,,,,,,,,,,,,,,,
,,,,,,,,,,默认157,,,,我对良叔说道，而小雁儿正在我身旁，双手如同风火轮一般旋转着，不断挥舞着她的小拳头打在我身上。,我對良叔說道，而小雁兒正在我身旁，雙手如同風火輪一般旋轉著，不斷揮舞著她的小拳頭打在我身上。,"I told Uncle Liang as Little Yan stood beside me, her arms windmilling furiously while her tiny fists drummed against me.",良にそう言った時、小雁はまさに私の隣で風火輪を回すかのように、ぐるぐると小さな拳を振り回して私を殴りつけていた。,"Говорил я дядюшке Ляну, пока Лебёдушка рядом поколачивала меня - её сжатые в кулаки ручки вертелись, словно боевое колесо Нэчжа. <i>(Нэчжа - божество защиты в китайской мифологии)</i>",,
,,,,,,,,,,默认158,,,,不过，她宛若无物，一次次击打，最终一次次穿透了我的身体。,不過，她的宛若無物，一次次擊打，最終一次次穿透了我的身體。,"Yet her seemingly weightless blows struck repeatedly, each time piercing straight through me.",しかし空気でも殴っているかのように、手を振り下ろすたびに空しく私の体をすり抜けている。,"Но её кулачки, будучи словно из пустоты, с каждым ударом лишь проходили сквозь моё тело.",,
,,良,惊喜,,,,,,,默认159,,良/21_良_18,,[这小女娃很爱打人？］,[這小女娃很愛打人？］,"""Does this little girl enjoy hitting people?""",「なんだ、そのがきはよく殴るのか？」,"""Эта девочка что, любит бить людей?""",,
,,,,,,,,,,默认160,,,,良叔皱了皱眉，好奇问道。,良叔皺了皺眉，好奇問道。,Uncle Liang furrowed his brows and asked with curiosity.,良が額に皺を寄せ、興味深そうに訊いた。,"Нахмурившись, с любопытством спросил дядюшка Лян.",,
,,方知宥,,,,,,,,默认161,,方知宥/21_方知宥_27,,[也并非如此……长大后的她举止端庄，难以想象她会动手……儿时的她，约莫更不善掩饰情绪吧。］,[也並非如此……長大後的她舉止端莊，難以想像她會動手……兒時的她，約莫更不善掩飾情緒吧。］,"""Not quite... As an adult, she’s so refined it’s unimaginable she’d ever raise a hand... As a child, she was simply worse at masking her feelings.""",「そういうわけでもないが……成長した彼女は清楚なものだった。とても手を上げるようには見えないな……子供の頃の彼女は、感情を隠すのがもっと下手だった気がする」,"""Да вовсе нет... Взрослая она была очень сдержанной и культурной, не представляю, чтобы она могла на кого-то поднять руку... Возможно, в детстве она не так хорошо умела скрывать свои чувства.""",,
,,方知宥,,,,,,,,默认162,,方知宥/21_方知宥_28,,[哦，这么说来……我忽然觉得，无论是儿时的她，还是成年的她，大抵有一个共通之处。］,[哦，這麼說來……我忽然覺得，無論是兒時的她，還是成年的她，大抵有一個共通之處。］,"""Ah, then... I’ve just realized—whether as a child or adult, she likely shares one common thread.""",「あ、そういえば……ふと思い出したんだが、子供の頃にせよ、大人の頃にせよ、彼女にはある共通点があった」,"""А, к слову... Мне тут вдруг подумалось - что у неё маленькой, что у взрослой было кое-что общее.""",,
,,良,好奇,,,,,,,默认163,,良/21_良_19,,[什么共通之处？］,[什麼共通之處？］,"""Which is?""",「どんな共通点だ？」,"""Что же?""",,
,,方知宥,,,,,,,,默认164,,方知宥/21_方知宥_29,,[她的性情从来不像当世其他女子，儿时似男孩，长大后又似文雅的才子儒士……完全想象不到她相夫教子的模样。］,[她的性情從來不像當世其他女子，兒時似男孩，長大後又似文雅的才子儒士……完全想像不到她相夫教子的模樣。］,"""Her nature never matched other women of our era—tomboyish as a girl, then like a cultured copper-clad scholar later... You’d never picture her tending husband and children.""",「他の女とは気性がまるで違うんだ。子供の頃は男っぽく、成長してからは上品な才子や儒者のような雰囲気だった……夫を支え子を育てる姿がまったく想像できない」,"""Её характер всегда отличался от других девушек - в детстве она больше напоминала им мальчика, и взрослой она тоже больше походила по нраву на образованного юношу-конфуцианца... Вообще не могу представить её заботящейся о муже и воспитывающей детей.""",,
,,良,张嘴愣住,,,,,,,默认165,,,,[……],[……],"""...""",「……」,"""...""",,
,,良,,,,,,,,默认166,,良/21_良_20,,[知幼，我看你确有些不寻常，因一个女子像男子而喜欢她，莫非你喜欢的是男子？］,[知幼，我看你確有些不尋常，因一個女子像男子而喜歡她，莫非你喜歡的是男子？］,"""Zhiyo, you really are unusual—liking a woman because she acts like a man. Do you actually prefer men?""",「知優、おまえは確かに普通ではなさそうだ。男のような振舞いだから好きになるとは、まさか男が好きなのか？」,"""Чжию, смотрю, ты действительно необычен. Тебе нравилась девушка из-за того, что она вела себя как мужчина - неужто тебе на самом деле мужчины нравятся?""",,
,,,,,,,,,,默认167,,,,良叔似调侃又似认真地凝视着我说道。,良叔似調侃又似認真地凝視著我說道。,"Uncle Liang stared at me, half-teasing, half-serious.",からかうような、真面目なような、どちらとも言えない視線でそう言う良。,"Глядя на меня, проговорил дядюшка Лян полунасмешливо-полусерьёзно.",,
,,方知宥,,,,,,,,默认168,,方知宥/21_方知宥_30,,[那……那必定是你误会了。］,[那……那必定是你誤會了。］,"""That... that’s definitely a misunderstanding.""",「いや……それはきっと誤解している」,"""Ну не... Это вам показалось.""",,
,,,,,,,,,,默认169,,,,我尴尬地笑了笑。,我尷尬地笑了笑。,I forced an awkward laugh.,私は気まずそうに笑った。,Неловко рассмеялся я.,,
,CharacterOff,,,,,,,,,,,,,,,,,
,,,,,,,,,,默认170,,,,呃。,呃。,Ugh.,やれやれ。,Уф.,,
,,,,,,,,,,默认171,,,,今日早些时候我还在疑心良叔喜好男风。,今日早些時候我還在疑心良叔喜好男風。,"Just this morning, I was still wondering if Uncle Liang had a taste for men.",今日のはじめは、まだ良が男色を好むのかと疑っていたのに。,"Ещё сегодня утром я подозревал, не по мужчинам ли на самом деле дядюшка Лян.",,
,,,,,,,,,,默认172,,,,不料几个时辰后，反倒被他怀疑到我头上。,不料幾個時辰後，反倒被他懷疑到我頭上。,"Yet a few hours later, the tables had turned, and now I was the one under suspicion.",数刻後には私が疑われる立場になるとは。,"Кто бы мог подумать, что по прошествии нескольких страж подобное подозрение перекинется на меня.",,
,,,,,,,,,,默认173,,,,不过……,不過……,However.,だが……,Хотя...,,
,,,,,,,,,,默认174,,,,我从良叔早前的话想当然地认为那位叫“满穗”的故人是男子。,我從良叔早前的話想當然地認為那位叫“滿穗”的故人是男子。,"From Uncle Liang’s earlier remarks, I’d assumed the ""Man Sui"" was a man.",良の口ぶりでは、当然のように「穂」という友人が男だと思っていた。,"Я ведь тогда исходя из слов дядюшка Ляна решил, что тот ""близкий человек"" на самом деле мужчина.",,
,,,,,,,,,,默认175,,,,雁儿姐给我的印象也有与男子近似的地方。,雁兒姐給我的印象也有與男子近似的地方。,<ruby=Swan Goose>Sister Yan</ruby> also gave me an impression somewhat similar to that of a Man.,雁姉の印象もどちらかと言えば男に近い。,И сестричка Лебёдушка тоже мне казалась в чём-то похожей на мужчину.,,
,,,,,,,,,,默认176,,,,看来，雁儿姐与满穗也有相似之处？,看來，雁兒姐與滿穗也有相似之處？,It seems <ruby=Swan Goose>Sister Yan</ruby> and Man Sui share some similarities?,ふむ……もしかすると、雁姉と穂には似たようなところがあるのかもしれないな。,"Похоже, у сестрички Лебёдушки и Маньсуй есть что-то общее?",,
,,,,,,,,,,默认177,,,,……,……,...,……,...,,
,StopVoice,,,,,,1,,,,,,,,,,,
,FadeOut,black,,,,,1,,,,,,,,,,,
,Wait,,,,,,1,,,,,,,,,,,
,FadeIn,black,,,,,1,,,,,,,,,,,
,Bgm,死生别离,,,,3,3,,,,,,,,,,,
,,,,,,,,,,默认178,,,,这之后，我与良叔又短暂交流了一会儿关于小雁儿的事。,這之後，我與良叔又短暫交流了一會關於小雁兒的事。,"Afterward, Uncle Liang and I had another brief conversation about Little Yan.",その後、私と良はしばらく小雁について話した。,Потом мы ещё поговорили о Лебёдушке с дядюшкой Ляном.,,
,,,,,,,,,,默认179,,,,聊了约莫半个时辰后，良叔说他还想再睡一会儿，并告诫我说如果晚上要一起出发的话，我也需要再休息一会儿，养足精神。,聊了約莫半個時辰後，良叔說他還想再睡一會，並告誡我說如果晚上要一起出發的話，我也需要再休息一會，養足精神。,"After talking for roughly an hour, Uncle Liang said he wanted to nap some more and advised me that if we were to leave together that evening, I should also get more rest to recharge.",半刻ほど話したところで、良がもうひと眠りしたいと言い出した。もしも夜に一緒に出発するなら、私ももう一休みして英気を養っておくべきだとの忠告ももらった。,"Через пол-стражи дядюшка Лян захотел вздремнуть и посоветовал мне сделать то же самое, раз вечером мы уходим и мне понадобятся силы.",,
,,,,,,,,,,默认180,,,,于是，我也装模作样地躺下了，结果却是翻来覆去，辗转反侧，久久难眠。,於是，我也裝模作樣地躺下了，結果卻是翻來覆去，輾轉反側，久久難眠。,"So I pretended to lie down too, but ended up tossing and turning, unable to fall asleep for the longest time.",そんなわけで、私もごろりと寝そべってみたものの、何度も寝返りを打つだけで、一向に眠れなかった。,"Я лёг, но всё время лишь ворочался, не в силах уснуть.",,
,,小雁儿,,,,,,,,默认181,,,,[……],[……],"""...""",「……」,"""...""",,
,,,,,,,,,,默认182,,,,小雁儿的幻觉仍陪在我的身旁，还未消失。,小雁兒的幻覺仍陪在我的身旁，還未消失。,"Little Yan's illusion still lingered by my side, not yet faded.",小雁の幻覚はずっと私の傍にいたまま消えていない。,"Иллюзия Лебёдушки всё так и находилась подле меня, не желая исчезать.",,
,,,,,,,,,,默认183,,,,虽然，她还是乖巧，没有跟我乱搭话扰我睡眠。,雖然，她還是乖巧，沒有跟我亂搭話擾我睡眠。,"Though she remained well-behaved, not disturbing my sleep with idle talk.",空気を読んで、話しかけて眠りを邪魔するようなこともなかった。,Она была послушной и не мешала мне спать разговорами.,,
,,,,,,,,,,默认184,,,,但是……一想到她就在近旁看着我，再加上此时天光尚亮，我不习惯在这个时辰入睡……我实在是睡不着。,但是……一想到她就在近旁看著我，再加上此時天光尚亮，我不習慣在這個時辰入睡……我實在是睡不著。,"But... the thought of her watching me nearby, combined with the lingering daylight—I wasn’t accustomed to sleeping at this hour... I simply couldn’t drift off.",しかし……彼女が真横にいることに加え、真っ昼間の明るさだ。こんな時間に眠ることに慣れておらず……目がさえてしまっている。,"Однако... ощущение о того, что она стоит рядом и смотрит на меня, да к тому же вдовесок время суток было ещё достаточно светлым, ложиться спать в такое время мне было непривычно... Всё это никак не давало мне погрузиться в сон.",,
,,方知宥,,,,,,,,默认185,,,,[……],[……],"""...""",「……」,"""...""",,
,,,,,,,,,,默认186,,,,唉，不如出去走走，透口气罢。,唉，不如出去走走，透口氣罷。,"Ah, might as well take a walk and get some air.",やれやれ。少し散歩でもして気でも紛らわすか。,"Эх, пойду-ка лучше подышу свежим воздухом.",,
,CharacterOff,,,,,,,,,,,,,
,FadeOut,black,,wipe_left,,,1,,,,,,,,,,,
,Bg,四艺堂长廊冷清,,,,,0,,,,,,,,,,,
,FadeIn,black,,wipe_right,,,1,,,,,,,,,,,
,,,,,,,,,,默认187,,,,我暗叹一声，自床上轻轻起身，悄悄推门，走出了小间……,我暗嘆一聲，自床上輕輕起身，悄悄推門，走出了小間……,"I sighed inwardly, rose gently from the bed, quietly pushed the door open, and stepped out of the small room...",密かに溜息をつき、そっと起き上がると、こっそりと扉を開けて小間を抜け出した……,"Вздохнув про себя, я тихо встал с лежанки, осторожно открыл дверь и вышел из комнатки.",,
,,,,,,,,,,默认188,,,,……,……,...,……,...,,
,,小雁儿,疑惑,,,,,,,默认189,,小雁儿/12分支_小雁儿_01,,[知宥，你要去哪？],[知宥，你要去哪？],"""Zhiyou, where are you going?""",「知宥、どこに行くの？」,"""Чжию, ты куда?""",,
,,,,,,,,,,默认190,,,,我刚合上门，小雁儿便从门扉中“钻”了出来，探着头询问我。,我剛合上門，小雁兒便從門扉中“鑽”了出來，探著頭詢問我。,"The moment I shut the door, Little Yan ""slipped out"" from the door, peering up at me as she spoke.",扉を閉めたとたん、小雁が扉の向こうからにょきっと顔を出して私に訊いてきた。,"Когда я уже закрывал дверь, Лебёдушка ""протиснулась"" в неё и уставилась на меня с вопросом.",,
,,方知宥,,,,,,,,默认191,,方知宥/12分支_方知宥_01,,[四处转转，比如去些曾与你同去过的地方，看看能否再想起什么。],[四處逛逛，比如去些曾與你同去過的地方，看看能否再想起什麼。],"""Just wandering around—maybe revisiting places we once went together, to see if it jogs my memory.""",「散歩だ。君と昔行った場所などを歩いてみて、何か思い出せるか試してみたい」,"""Погулять хочу. Например, схожу туда, где мы раньше бывали с тобой - глядишь, вспомню чего.""",,
,,小雁儿,焦急,,,,,,,默认192,,小雁儿/12分支_小雁儿_02,,[你又骗人，我以前从未来过这里。],[你又騙人，我以前從未來過這裡。],"""You’re lying again. I’ve never been here before.""",「また嘘。こんなところ来たことない」,"""Опять врёшь. Я тут никогда не была.""",,
,,方知宥,,,,,,,,默认193,,方知宥/12分支_方知宥_02,,[我说的是长大后的你。],[我說的是長大後的你。],"""I meant the grown-up version of you.""",「大人になった君の話だ」,"""Под 'тобой' я имел в виду взрослую тебя.""",,
,,小雁儿,好奇,,,,,,,默认194,,小雁儿/12分支_小雁儿_03,,[你怎会认得长大的我？],[你怎會認得長大的我？],"""How could you possibly know the grown-up me?""",「どうして大人のあたしを知ってるの？」,"""Откуда ты вообще знаешь взрослую меня?""",,
,,,,,,,,,,默认195,,,,小雁儿瞪大眼睛，疑惑地询问我。,小雁兒瞪大眼睛，疑惑地詢問我。,Little Yan’s eyes widened as she stared at me in confusion.,小雁が目をぱちくりさせながら私に問う。,Глаза Лебёдушки расширились от недоумения.,,
,,方知宥,,,,,,,,默认196,,,,[……],[……],"""...""",「……」,"""...""",,
,Selection,*继续理她,,,,,,,,,,,,继续理她,繼續理她,Continue engaging with her,相手をする,Продолжать разговор,,
,Selection,*不理她,,,,,,,,,,,,不理她,不理她,Ignore her,相手にしない,Начать игнорировать,,
,*不理她
,,,,,,,,,,默认203,,,,不理她！,不理她！,Ignore her!,相手にするもんか！,Нужно игнорировать её!,,
,,,,,,,,,,默认204,,,,既然她是幻觉，最好的办法就是无视她……,既然她是幻覺，最好的辦法就是無視她……,"Since she’s a hallucination, the best approach is to disregard her entirely...",幻覚であるならば、無視するのが最も良い選択だ……,"Раз уж она всего лишь иллюзия, лучшим подходом будет просто не обращать на неё внимания...",,
,,,,,,,,,,默认205,,,,我这样想着，刚下定了决心，却不经意瞥到了她一眼。,我這樣想著，剛下定了決心，卻不經意瞥到了她一眼。,"As I thought this and steeled my resolve, my gaze inadvertently flickered to her.",そう心に決めたものの、ふと彼女の方を見てしまった。,"Думая так, я уже было принял решение, но невольно всё же бросил взгляд в её сторону.",,
,,小雁儿,,,,,,,,默认206,,,,[……],[……],"""...""",「……」,"""...""",,
,,,,,,,,,,默认207,,,,此时，她正一脸期待地看着我，等待着我的回答。,此時，她正一臉期待地看著我，等待著我的回答。,"At that moment, she watched me expectantly, awaiting my response.",私の答えを待ち、期待に満ちた目でこちらを見ている。,"Она пристально смотрела на меня, на её личике было написано ожидание ответа.",,
,,方知宥,,,,,,,,默认208,,,,[……],[……],"""...""",「……」,"""...""",,
,Jump,*开始理她
,*继续理她
,*开始理她
,,,,,,,,,,默认209,,,,罢了……,罷了……,Forget it...,まあいい……,Ладно...,,
,,,,,,,,,,默认210,,,,至少此时此刻，我仍做不到对她视而不见。,至少此時此刻，我仍做不到對她視而不見。,"At least now, I still can't turn a blind eye to her.",少なくとも今は、彼女をいないものとしては扱えない。,"По крайней мере, на данный момент мне всё ещё было бы тяжело не обращать на неё никакого внимания.",,
,,,,,,,,,,默认211,,,,幻觉就幻觉吧！,幻覺就幻覺吧！,Illusion or not—so be it!,幻覚なら幻覚で別にいい、かまうものか。,"Ну и что, что она иллюзия!",,
,,,,,,,,,,默认212,,,,跟她聊吧——,跟她聊吧——,Go on—talk to her.,彼女と話してやろう――,Я продолжу с ней говорить:,,
,,方知宥,,,,,,,,默认213,,方知宥/12分支_方知宥_03,,[虽然你可能不信，但我确实认得长大的你，你也是成年后才离世的。],[雖然你可能不信，但我確實認得長大的你，你也是成年後才離世的。],"""You may not believe me, but I do recognize the adult you—you only died in your later years.""",「君は信じないかもしれないが、私は大人の君をよく知ってるんだ。君は成人してから、死んだ」,"""Можешь мне не верить, но я правда знал взрослую тебя - и умерла ты уже во взрослом возрасте.""",,
,,方知宥,,,,,,,,默认214,,方知宥/12分支_方知宥_04,,[至于为何如今的你是这般小娃模样，且全无长大后的记忆，我也不知，你只当是邪祟作祟便好。],[至於為何如今的你是這般小娃模樣，且全無長大後的記憶，我也不知，你只當是邪祟作祟便好。],"""Why you now appear as a child with no adult memories, I can’t say. Chalk it up to evil spirits.""",「なぜ今の君が子供の姿で、成長した後の記憶が全くないのか、私にはわからない。邪気に当てられたとでも思っておけばいいさ」,"""Почему ты сейчас выглядишь как маленькая девочка и у тебя нет никаких ""взрослых"" воспоминаний - я не знаю. Считай это кознями какой-то нечистой силы.""",,
,,,,,,,,,,默认215,,,,我给小雁儿随意地解释道。,我給小雁兒隨意地解釋道。,I casually explained to Little Yan.,小雁に向かって、雑に説明した。,Объяснил я Лебёдушке.,,
,,,,,,,,,,默认216,,,,的确，连我自己也不知何以只能见到儿时的她。,確然，連我自己也不知何以只能見到兒時的她。,"Indeed, even I don't understand why I can only see her as a child.",実際、私ですらどうして子供の頃の彼女しか見えないのかわからないのだ。,"Да, даже я сам не в состоянии объяснить, почему мне удаётся видеть её только в детском обличье.",,
,,,,,,,,,,默认217,,,,此等灵异之事现下也懒得多想，不如先搪塞过去。,此等靈異之事現下也懶得多想，不如先搪塞過去。,I couldn't be bothered to dwell on such supernatural matters now; better to brush it off.,この類の怪異については、深く考えるよりも、さっさと誤魔化してしまうに限る。,"Да и не хотелось мне пока что лишний раз раздумывать про всю эту мистику, так что что лучше пока обойтись подобными отговорками.",,
,,小雁儿,疑惑,,,,,,,默认218,,,,[……],[……],"""...""",「……」,"""...""",,
,,,,,,,,,,默认219,,,,好在她也未刨根问底，只是静静听着，没有说一句话。,好在她也未刨根問底，只是靜靜聽著，沒有說一句話。,"Fortunately, she didn't press for details, listening silently without a word.",幸いにも彼女はそれ以上問い詰めてくることなく、何も言わずただ私の話を静かに聞いているだけだった。,"К счастью, она не стала донимать меня вопросами, а лишь молча слушала.",,
,,,,,,,,,,默认220,,,,这倒是没有磨灭我的兴致，于是我便继续讲，也像是在自言自语——,這倒是沒有磨滅我的興致，於是我便繼續講，也像是在自言自語——,"This didn't dampen my enthusiasm, so I kept talking, almost as if to myself—",かといって私の興味が薄れたわけではない。独り言のように、私はつらつらと話を続けた――,"Тем не менее, я продолжил ей рассказывать, как будто разговаривая сам с собой.",,
,,方知宥,,,,,,,,默认221,,方知宥/21_方知宥_31,,[长大的你，曾是这里的头牌花魁，常由侍女相伴，走过这廊庑之间。],[長大的你，曾是這裡的頭牌花魁，常由侍女相伴，走過這廊廡之間。],"""The grown-up you were once the top courtesan here, often walking these corridors with maids in tow.""",「大きくなった君は、かつてこの界隈の花魁の一番娘だった。いつも侍女を連れて、この廊下を行き来してたものだ」,"""Будучи взрослой, ты стала 'девушкой первого ранга' этого павильона. Ты часто ходила по этим коридорам в сопровождении служанок.""",,
,,方知宥,,,,,,,,默认222,,方知宥/21_方知宥_32,,[若有客人愿掷千金，便可来拜访你，侍女会引客至你房中，你会为他们奏琵琶、抚古琴，与他们探讨诗词歌赋，畅谈烟花风月。］,[若有客人願擲千金，便可來拜訪你，侍女會引客至你房中，你會為他們奏琵琶、撫古琴，與他們探討詩詞歌賦，暢談煙花風月。］,"""If a guest was willing to spend a fortune, they could visit you. A maid would lead them to your room, where you'd play the <ruby=琵琶>pipa</ruby> or guqin, discussing poetry and the romantic affairs of the pleasure quarters with them."" (Guqin: a traditional Chinese seven-stringed zither associated with scholars and literati.)",「千金を投じることもいとわない客だけが、君と会うことができた。侍女が客を君の部屋まで案内し、君は彼らに琵琶や琴を演奏し、詩歌について論じ、風流の何たるかを語り合った」,"""Люди были готовы платить огромные суммы, лишь бы увидеться с тобой. Служанка приводила их в твою комнату, где ты играла для них на пипе или гуцине, беседовала о поэзии и любви.""",,
,,小雁儿,通常,,,,,,,默认223,,,,[……］,[……］,"""...""",「……」,"""...""",,
,,,,,,,,,,默认224,,,,小雁儿安静听我讲述，开始凝神四望。,小雁兒安靜聽我講述，開始凝神四望。,"Little Yan listened quietly to my story, then began looking around intently.",小雁は静かに話を聞きながら、あたりを見渡し始めた。,Молча слушавшая меня Лебёдушка начала внимательно оглядываться по сторонам.,,
,,小雁儿,好奇,,,,,,,默认225,,小雁儿/21_小雁儿_14,,[长大后的我，一直都在这里吗？],[長大後的我，一直都在這裡嗎？],"""Will grown-up me always be here?""",「大人になったあたしは、ずっとここにいたの？」,"""А взрослая я всегда была здесь?""",,
,,,,,,,,,,默认226,,,,她相信了我的说法，并且承接着这个疑问提问。,她相信了我的說法，並且承接著這個疑問提問。,She believed my explanation and followed up with this question.,彼女は私の話を信じ、それに続くように質問を投げかけてきた。,"Поверив моему рассказу, стала задавать она вопросы.",,
,,方知宥,,,,,,,,默认227,,方知宥/21_方知宥_33,,[是啊，你每日自此处醒来，又于此地睡去……你不得随意离开泠音阁，出入皆受管束。],[是啊，你每日自此處醒來，又於此地睡去……你不得隨意離開泠音閣，出入皆受管束。],"""Indeed, you wake here every day and sleep here every night... You're not allowed to leave <ruby=泠音>Lingyin</ruby> Pavilion freely—your comings and goings are restricted.""",「そうだ。毎日ここで目覚め、ここで眠っていた……勝手に<ruby=れんいんかく>泠音閣</ruby>を出ることも許されず、出入りは厳しく管理されていた」,"""Да, ты просыпалась здесь каждый день и здесь же засыпала... Тебе нельзя было покидать 'Мелодичный Павильон', когда тебе вздумается - а лишь тогда, когда тебе позволят.""",,
,,小雁儿,冷漠,,,,,,,默认228,,小雁儿/21_小雁儿_15,,[那听起来与先前关我的那屋子也没什么差别。],[那聽起來與先前關我的那屋子也沒什麼差別。],"""That doesn't sound much different from the room they kept me in before.""",「それじゃああの家に閉じ込められていた時と何も変わらないじゃない」,"""Напоминает мне тот двор, в котором меня держали.""",,
,,,,,,,,,,默认229,,,,她不满意地摇摇头。,她不滿意地搖搖頭。,She shook her head disapprovingly.,不満そうに首を振る彼女。,Неодобрительно покачала она головой.,,
,,,,,,,,,,默认230,,,,她所说的屋子，自是指大伯为养她而买下的方院，亦是分家后所得家产——是我住了许久的地方。,她所說的屋子，自是指大伯為養她而買下的方院，亦是分家後所得家產——是我住了許久的地方。,"The ""room"" she mentioned naturally referred to Fang's Courtyard that Uncle had bought to raise her—also part of the family assets after the division—where I'd lived for a long time.",彼女の言う家とは、伯父が彼女を「飼う」ために買い、私が縁を切ってから手に入れた財産――長らく私が住んでいた場所でもある。,"Под ""тем двором"" она имела ввиду ""Двор семьи Фан"", который купил дядя, чтобы держать её там - и который стал моим домом после раздела имущества семьи.",,
,,方知宥,,,,,,,,默认231,,方知宥/21_方知宥_34,,[还是比住在方院的时候略微要好些吧……在我能忆起的往事里，我曾在二十四桥旁的河上见过你，你偶尔也能乘着画舫出行。],[還是比住在方院的時候略微要好些吧……在我能憶起的往事裡，我曾在二十四橋旁的河上見過你，你偶爾也能乘著畫舫出行。],"""Still, it's slightly better than living in Fang's Courtyard... In the memories I can recall, I once saw you on the river by the Twenty-Four Bridges. You could occasionally ride a painted pleasure boat.""",「方院よりは幾分かましだろう……私が覚えている限りでは、二十四橋の傍の川で君を見かけたことがある。時々<ruby=がほう>画舫</ruby>で出かけることができていたんだ」,"""Но всё-таки тут слегка лучше, чем во 'Дворе семьи Фан'... Из того, что мне удалось вспомнить, я однажды видел тебя на реке в районе Двадцать четвёртого моста. Ты иногда каталась на расписной прогулочной лодке.""",,
,,小雁儿,好奇,,,,,,,默认232,,小雁儿/21_小雁儿_16,,[哦？画舫……那是什么？],[哦？畫舫……那是什麼？],"""Oh? A painted pleasure boat... What's that?""",「ん？がほう……って何？」,"""А? Расписная прогулочная лодка? А это что?""",,
,,,,,,,,,,默认233,,,,小雁儿听到“画舫”一词，来了一些兴致。,小雁兒聽到“畫舫“一詞，來了一些興致。,"Little Yan perked up at the mention of ""painted pleasure boat"".",「画舫」という言葉に釣られる彼女。,"Оживилась Лебёдушка, услышав про лодку.",,
,,,,,,,,,,默认234,,,,大概，年纪小的孩子，无论是听到什么新事物，都会想问询一番。,大概，年紀小的孩子，無論是聽到什麼新事物，都會想問詢一番。,"Perhaps young children, upon hearing anything new, would always want to ask about it.",このくらいの年頃の子供は、新しい言葉を聞くととりあえず聞いてみたくなるのだろう。,"Наверное, все дети, услышав что-то новое, хотят расспросить об этом.",,
,,,,,,,,,,默认235,,,,包括幻觉。,包括幻覺。,Even illusions.,それが幻覚であっても。,Даже иллюзии в виде детей.,,
,,方知宥,,,,,,,,默认236,,方知宥/21_方知宥_35,,[画舫就是装饰华美的船，它行于河上，内有屏风，外挂灯笼，你每次乘画舫出游，都有许多人会围观。],[畫舫就是裝飾華美的船，它行於河上，內有屏風，外掛燈籠，你每次乘畫舫出遊，都有許多人會圍觀。],"""A painted pleasure boat is an ornately decorated vessel that sails the river. Inside, there are screens; outside, lanterns hang. Every time you rode one, crowds would gather to watch.""",「画舫というのは川を渡る豪華な船さ。中には屏風があって、外には提灯が掛かってる。君はいつも画舫で外出し、いつも多くの人に見られていた」,"""Расписная прогулочная лодка - это такое богато украшенное судно, которое ходит по реке. Внутри стоят ширмы, а снаружи висят фонари. Каждый раз, когда ты плыла на ней, то собиралось множество людей посмотреть на тебя.""",,
,,方知宥,,,,,,,,默认237,,方知宥/21_方知宥_36,,[你会在画舫上弹琵琶、唱小曲……画舫穿过二十四桥的桥洞时，桥上与两岸尽是欢呼叫好之声。],[你會在畫舫上彈琵琶、唱小曲……畫舫穿過二十四橋的橋洞時，橋上與兩岸盡是歡呼叫好之聲。],"""You’d play the <ruby=琵琶>pipa</ruby> and sing tunes on the painted pleasure boat... As it glided beneath the arches of the Twenty-Four Bridges, cheers and applause rang out from the bridges and both shores.""",「画舫で君は琵琶を弾き、歌を歌い……二十四橋の橋下を通ると、橋の上と両岸からは歓声が上がっていた」,"""Сидя на расписной лодке, ты играла на пипе и пела... Когда лодка проплывала под Двадцать четвёртым мостом, с моста и обоих берегов раздавались восторженные возгласы.""",,
,,小雁儿,开心,,,,,,,默认238,,小雁儿/21_小雁儿_17,,[好热闹呀，听起来倒是不错。],[好熱鬧呀，聽起來倒是不錯。],"""How lively! It sounds rather delightful.""",「賑やかだったんだ。いいなあ」,"""Ого, как интересно! Звучит очень славно.""",,
,,,,,,,,,,默认239,,,,她笑了笑，看来只听我描述，她便已心生欢喜。,她笑了笑，看來只聽我描述，她便已心生歡喜。,"She smiled, already seeming delighted just from my description.",私の話を聞いて、楽しい雰囲気を想像したのか、彼女が笑みを浮かべた。,"Улыбнулась она - похоже, это описание вызвало у неё радость.",,
,,方知宥,,,,,,,,默认240,,,,[……],[……],"""...""",「……」,"""...""",,
,,,,,,,,,,默认241,,,,我偷眼扫过着她的笑颜，心里也多了几分愉悦。,我偷眼掃過著她的笑顏，心裡也多了幾分愉悅。,"I stole a glance at her smiling face, feeling a little brighter myself.",ちらりと彼女の笑顔を見ると、私の方までいい気分になった。,От вида её улыбки мне стало чуть теплее на душе.,,
,,,,,,,,,,默认242,,,,确实。,確實。,That's true.,実際。,Да.,,
,,,,,,,,,,默认243,,,,哪怕她只是幻觉。,哪怕她只是幻覺。,Even if she was just an illusion.,ただの幻覚だとしても。,Пусть она иллюзия.,,
,,,,,,,,,,默认244,,,,只要她能开心。,只要她能開心。,As long as she was happy.,彼女が楽しければ。,Но пока ей радостно.,,
,,,,,,,,,,默认245,,,,我也能开心。,我也能開心。,I could be happy too.,私も楽しいのだ。,Мне тоже будет радостно.,,
,,,,,,,,,,默认246,,,,……,……,...,……,...,,
,CharacterOff,,,,,,,,,,,,,
,FadeOut,black,,wipe_left,,,1,,,,,,,,,,,
,Bg,四艺堂长廊冷清,,,,,0,,,,,,,,,,,
,FadeIn,black,,wipe_right,,,1,,,,,,,,,,,
,,,,,,,,,,默认248,,,,一边漫步，我一边追忆此地旧时景象，并随口向小雁儿讲解。,一邊漫步，我一邊追憶此地舊時景象，並隨口向小雁兒講解。,"As we strolled, I reminisced about the place’s past and casually pointed things out to Little Yan.",ゆっくりと歩きながら、あの頃の景色を思い出し、気の向くままに小雁につらつらと話していく。,"Пока мы гуляли, я вспоминал о том, что происходило здесь, и рассказывал Лебёдушке.",,
,,方知宥,,,,,,,,默认249,,方知宥/21_方知宥_37,,[这里是一层北堂的“四艺堂”，“四艺”指的是“琴棋书画”，以前的时候，会有阁中的女子与客人在此处切磋技艺。],[這裡是一層北堂的“四藝堂”，“四藝”指的是“琴棋書畫”，以前的時候，會有閣中的女子與客人在此處切磋技藝。],"""This is the ""Hall of Four Arts"" on the north side of the first floor. The ""Four Arts"" refer to ""music, Go, calligraphy, and painting"". In the past, women from the pavilion would engage in skill exchanges with guests here.""",「ここは北堂にある『<ruby=しげいどう>四芸堂</ruby>』だ。『四芸』とは『琴・碁・書・画』のことだ。以前は店の娘たちがここで芸の腕を磨いていたんだ」,"""Вот здесь, на северной стороне - 'Зал четырёх искусств'. Под четырьмя искусствами имеются ввиду игра на цине, шахматы, каллиграфия и живопись. В былые времена тут здешние девушки и гости обменивались мастерством.""",,
,,,,,,,,,,默认250,,,,我先是带她走过小间附近的四艺堂。,我先是帶她走過小間附近的四藝堂。,"First, I led her past the Hall of Four Arts near the small rooms.",まず案内したのは小間の近くにある四芸堂だった。,Сначала я провёл её мимо четырёх комнат Зала.,,
,,,,,,,,,,默认251,,,,如今这里不见当年的才子佳人，每间厅堂都驻有妖兵，约四五十人，估计是王家的家兵。,如今這裡不見當年的才子佳人，每間廳堂都駐有妖兵，約四五十人，估計是王家的家兵。,"Now, the talented scholars and beauties of those days are nowhere to be seen. Each hall is guarded by demon soldiers, about forty or fifty in number—likely the Wang Family's private troops.",今やあの頃の才子と佳人はいない。どの堂にも王家の私兵らしき妖兵が四五十人ほど居座っている。,"Понятное дело, талантливых учёных и прекрасных дам здесь уже не было. Каждая комната была занята яогуаями, их было примерно сорок-пятьдесят человек - похоже, это были личные войска генерала Вана.",,
,,,,,,,,,,默认252,,,,……,……,...,……,...,,
,,方知宥,,,,,,,,默认253,,方知宥/21_方知宥_38,,[“四艺堂”的尽头转个弯，便是与之相邻的“诗文堂”，以前常有阁中的女子与客人在此吟诗作对。],[“四藝堂”的盡頭轉個彎，便是與之相鄰的“詩文堂”，以前常有閣中的女子與客人在此吟詩作對。],"""At the end of the ""Hall of Four Arts"", a turn leads to the adjacent ""Hall of Poetry and Prose"", where women from the pavilion and guests once composed poetry together.""",「『四芸堂』の突き当りを曲がると、隣の『<ruby=しぶんどう>詩文堂</ruby>』がある。店の女と客はここで詩を吟じていた」,"""За углом 'Зала четырёх искусств' будет 'Зал прозы и поэзии', где здешние девушки с гостями когда-то сочиняли стихи.""",,
,,方知宥,,,,,,,,默认254,,,,[……],[……],"""...""",「……」,"""...""",,
,,,,,,,,,,默认255,,,,我瞥眼一望。,我瞥眼一望。,I glanced over briefly.,そちらを一瞥する。,Я мельком бросил туда взгляд.,,
,,,,,,,,,,默认256,,,,如今，此处被安置了许多男性难民，他们正如我初入时所见的那样，大多都在劳作。,如今，此處被安置了許多男性難民，他們正如我初入時所見的那樣，大多都在勞作。,"Nowadays, this place houses many male refugees, who, as I observed upon arrival, are mostly engaged in labor.",大量の男の難民が収容され、私が来たばかりの時に見たのと同じく、ほとんどが労働に従事していた。,"Сейчас там было множество беженцев-мужчин, большинство из которых занималось различной работой - как и тогда, когда я только прибыл сюда.",,
,,,,,,,,,,默认257,,,,……,……,...,……,...,,
,,方知宥,,,,,,,,默认258,,方知宥/21_方知宥_39,,[“诗文堂”临近的厅堂，是“霓裳堂”……我看看该怎么走……],[“詩文堂”臨近的廳堂，是“霓裳堂”……我看看該怎麼走……],"""Near the ""Hall of Poetry and Prose"" lies the ""Hall of Feathered Robes""... Now, how do I get there...""",「『詩文堂』の隣の間が、『<ruby=げいしょうどう>霓裳堂</ruby>』だ……さて、どう進んだものか……」,"""Около 'Зала прозы и поэзии' находится 'Зал одеяний из радуги и перьев'... Хм-м, как бы нам туда попасть...""",,
,,,,,,,,,,默认259,,,,我带着小雁儿穿过诗文堂拐角，正看到一扇门想要继续往前走，却突然注意到那里正挡着一个妖兵。,我帶著小雁兒穿過詩文堂轉角，正看到一扇門想要繼續往前走，卻突然注意到那裡正擋著一個妖兵。,"I guided Little Yan around the corner of the Hall of Poetry and Prose, spotting a door ahead—but just as I moved forward, a demon soldier blocked our path.",小雁を連れて詩文堂を曲がり、ちょうど扉が見えたので進もうとしたところ、一人の妖兵が立ちふさがってきた。,"Заведя Лебёдушку за угол 'Зала прозы и поэзии', я заметил дверь. Но когда я уже хотел пройти, нам преградил путь яогуай.",,
,,红甲犬妖,,,,,,,,默认260,,红甲犬妖/21_红甲犬妖_01,,[喂！你是做什么的！不能再往前了！],[喂！你是做什麼的！不能再往前了！],"""Hey! What's your business here? No further passage allowed!""",「おい！何をしてる！それ以上進むな！」,"""Э! Чего ты тут забыл? Тебе сюда нельзя!""",,
,,,,,,,,,,默认261,,,,他拦在我的身前，阻止了我的步伐。,他攔在我的身前，阻止了我的步伐。,"He barred my way, stopping me in my tracks.",私の前に立ちふさがり、それ以上の歩みを阻もうとする。,"Встал он передо мной, преграждая путь.",,
,,方知宥,,,,,,,,默认262,,方知宥/21_方知宥_40,,[这位兵爷，为何不能继续往前？],[這位兵爺，為何不能繼續往前？],"""Sir, may I ask why we cannot proceed further?""",「兵隊さん、どうしてこの先に進んじゃいけないんだ？」,"""Господин служивый, а могу ли я поинтересоваться, почему нельзя?""",,
,,红甲犬妖,严肃,,,,,,,默认263,,红甲犬妖/21_红甲犬妖_02,,[此门后是妇孺歇息之处，王夫人有令，男丁一律禁止入内！],[此門後是婦孺歇息之處，王夫人有令，男丁一律禁止入內！],"""Behind this door is the resting area for women and children. By Madam Wang's order, all men are strictly forbidden from entering!""",「この向こうは女子供たちが休む場所だ。王夫人の命により、男は皆中に入ることを禁じている！」,"""За этими дверями отдыхают женщины и дети. По приказу госпожи Ван всем мужчинам вход строго воспрещён!""",,
,,,,,,,,,,默认264,,,,红甲犬妖瞪着眼睛说道。,紅甲犬妖瞪著眼睛說道。,The Red-Armored Dog Demon glared and said.,赤い鎧の犬妖が目を剥いて言った。,"Зыркнув на меня, сказал яогуай-пёс в красной броне.",,
,,方知宥,,,,,,,,默认265,,方知宥/21_方知宥_41,,[行……],[行……],"""Alright...""",「そうか、わかった……」,"""Ладненько...""",,
,CharacterOff,,,,,,,,,,,,,,,,,
,,,,,,,,,,默认266,,,,我点点头，向后退去。,我點點頭，向後退去。,I nodded and stepped back.,素直にうなずき、その場を後にした。,Кивнул я и отступил.,,
,,,,,,,,,,默认267,,,,看来琼华将不同人安置于不同厅堂。,看來瓊華將不同人安置於不同廳堂。,It seems Qionghua has assigned different groups to different halls.,どうやら瓊華は堂ごとに人を分けて配置しているらしい。,"Похоже, для каждой группы людей Цюнхуа выделила свой зал.",,
,,,,,,,,,,默认268,,,,妖兵在四艺堂，男子在诗文堂，妇孺则在霓裳堂，无关者不得入内滋扰。,妖兵在四藝堂，男子在詩文堂，婦孺則在霓裳堂，無關者不得入內滋擾。,"Demon soldiers are in the Hall of Four Arts, men in the Hall of Poetry and Prose, and women and children in the Hall of Feathered Robes—outsiders are forbidden from entering and causing disturbances.",妖兵は四芸堂、男は詩文堂、女子供は霓裳堂、関係者以外は立ち入りを禁じられているようだ。,"Для яогуаев - ""Зал четырёх искусств"", для мужчин - ""Зал прозы и поэзии"", а для женщин и детей - ""Зал одеяний из радуги и перьев"".",,
,,,,,,,,,,默认269,,,,这样也好。,這樣也好。,That's just as well.,悪くない。,Отлично.,,
,,,,,,,,,,默认270,,,,倒是井然有序。,倒是井然有序。,"Quite orderly, actually.",むしろ秩序立っている。,Получается очень организованно.,,
,,小雁儿,好奇,,,,,,,默认271,,小雁儿/21_小雁儿_18,,[男丁？我不是男丁啊……知宥！我能不能溜进去看看？],[男丁？我不是男丁啊……知宥！我能不能溜進去看看？],"""Men? I'm not a man... Zhiyou! Can I sneak in and take a look?""",「男？あたしは男じゃないんだけど……知宥！こっそり中を見てきちゃだめ？」,"""Мужчинам? Так я ж девочка... Чжию, а мне можно прокрасться и взглянуть?""",,
,,,,,,,,,,默认272,,,,正当我刚远离了那名红甲犬妖时，小雁儿突然对我说道。,正當我剛遠離了那名紅甲犬妖時，小雁兒突然對我說道。,"Just as I'd distanced myself from the Red-Armored Dog Demon, Little Yan suddenly addressed me.",犬妖から離れようとした時、不意に小雁がそんなことを言い出した。,"Пока я уходил от яогуая-пса, вдруг спросила меня Лебёдушка.",,
,,方知宥,,,,,,,,默认273,,,,[……],[……],"""...""",「……」,"""...""",,
,,,,,,,,,,默认274,,,,我看了她一眼。,我看了她一眼。,I glanced at her.,彼女の方を見る。,Я взглянул на неё.,,
,,,,,,,,,,默认275,,,,确实，她如今除了我之外谁也看不到。,確實，她如今除了我之外誰也看不到。,"Truly, no one but me could see her now.",たしかに、私以外に彼女を見ることができる者はいない。,"Сейчас, кроме меня, её никто не может видеть.",,
,,,,,,,,,,默认276,,,,那么，我该让她去看看吗？,那麼，我該讓她去看看嗎？,Should I let her see?,ならば、見に行かせてみるべきだろうか？,Разрешить ли ей взглянуть?,,
,Selection,*不允许,,,,,,,,,,,,不允许她去看,不允許她去看,Option 1: Forbid her from looking,1：許可しない,Не разрешать,,
,Selection,*允许,,,,,,,,,,,,允许她去看看,允許她去看看,Option 2: Allow her to take a look,2：許可する,Разрешить,,
,*不允许
,,方知宥,,,,,,,,默认277,,方知宥/12分支_方知宥_05,,[别去了，也没什么好看的。],[別去了，也沒什麼好看的。],"""Don’t go. There’s nothing worth seeing.""",「やめておけ、別に面白いものはない」,"""Не надо, не на что там смотреть.""",,
,,,,,,,,,,默认278,,,,我想了想，对她说道。,我想了想，對她說道。,"After some thought, I said to her.",少し考え、そう告げた。,"Поразмыслив, сказал я ей.",,
,,,,,,,,,,默认279,,,,至于不让她看的理由，大概是因为我不想让她进行任何尝试。,至於不讓她看的理由，大概是因為我不想讓她進行任何嘗試。,"As for why I didn’t let her look, it was probably because I didn’t want her to attempt anything.",許可しなかった理由は、きっと彼女に何もさせたくなかったためだろう。,"Почему я не позволил ей взглянуть? Наверно, потому что мне не хотелось делать подобных проверок.",,
,,,,,,,,,,默认280,,,,她是我的幻觉。,她是我的幻覺。,She is my hallucination.,しょせんは幻覚だ。,Она - моя иллюзия.,,
,,,,,,,,,,默认281,,,,越是让她尝试，越能暴露这一点。,越是讓她嘗試，越能暴露這一點。,"The more I let her try, the more it would expose that fact.",何かしようとするたび、ぼろが出てくる。,"Чем больше таких проверок, тем более явно это будет ощущаться.",,
,,,,,,,,,,默认282,,,,她凑过去，穿墙过去看，估计什么都不会看到。,她湊過去，穿牆過去看，估計什麼都不會看到。,"If she leaned over and phased through the wall, she probably wouldn’t see anything.",彼女が壁を抜けて向こうを見に行ったところで、どうせ何も見えないだろう。,"Она пройдёт туда, просочится через стену - и, скорее всего, ничего не увидит.",,
,,,,,,,,,,默认283,,,,我不想又一次验证“她是幻觉”这个事实。,我不想又一次驗證“她是幻覺”這個事實。,"I didn’t want to confirm the fact that ""she is a hallucination"" yet again.",これ以上「彼女が幻覚である」という事実をこれ以上認めたくなかった。,"Мне не хотелось в очередной раз подтверждать, что она всего лишь существует в моём воображении.",,
,,小雁儿,委屈,,,,,,,默认284,,小雁儿/12分支_小雁儿_04,,[好吧……],[好吧……],"""Alright...""",「わかった……」,"""Ладно.""",,
,,,,,,,,,,默认285,,,,小雁儿没得到我的允许，失落地低下了头。,小雁兒沒得到我的允許，失落地低下了頭。,"Little Yan, denied my permission, lowered her head in disappointment.",私が許さなかったことで、彼女はがっかりした様子でうなだれた。,"Не получив от меня разрешения, Лебёдушка потерянно склонила голову.",,
,,,,,,,,,,默认286,,,,她倒是很听我的话，我说不让她去看，她便真不去看了。,她倒是很聽我的話，我說不讓她去看，她便真不去看了。,"She was quite obedient—when I told her not to look, she truly refrained.",だが言うことはちゃんと聞いてくれる。行くなと言えば、行かなかった。,"Она оказалась послушной - я ей сказал не ходить, она и не пошла.",,
,,小雁儿,通常,,,,,,,默认287,,小雁儿/12分支_小雁儿_05,,[知宥，接下来我们去哪儿？],[知宥，接下來我們去哪裡？],"""Zhiyou, where should we go next?""",「知宥、次はどこに行く？」,"""Чжию, а теперь куда пойдём?""",,
,,,,,,,,,,默认288,,,,隔了一会儿后，她突然问我。,隔了一會後，她突然問我。,"After a pause, she suddenly asked me.",少しして、ふとまた私に訊く。,Через какое-то время вдруг задала она мне вопрос.,,
,Jump,*去中庭
,*允许,,,,,,,,,,,,,,,,,
,,方知宥,,,,,,,,默认289,,方知宥/21_方知宥_42,,[好，你去看看吧，一会儿告诉我见到了什么。],[好，你去看看吧，一會告訴我見到了什麼。],"""Alright, go take a look. Tell me what you see later.""",「いいよ、行ってきな。後で何を見たか教えてくれ」,"""Ладно, иди. Потом расскажешь, что там видела.""",,
,,,,,,,,,,默认290,,,,细想一下，让她去看看也无妨。,細想一下，讓她去看看也無妨。,"On second thought, letting her go wouldn’t hurt.",考えた末、見に行かせてもいいという結論に達した。,"Подумав, я решил, что ничего плохого в том, если я разрешу ей взглянуть, не будет.",,
,,,,,,,,,,默认291,,,,况且，我也有些好奇她作为幻觉究竟能“见”到何等景象，便点头应允。,況且，我也有些好奇她作為幻覺究竟能“見”到何等景象，便點頭應允。,"Besides, I was curious about what she, as a hallucination, could ""see"", so I nodded in agreement.",私もこの幻覚がどんな景色を「見る」ことができるのか気になり、頷いて答えるのであった。,"К тому же, мне было интересно, что она, будучи иллюзией, сможет там ""увидеть"". Так что я кивнул ей, разрешая идти.",,
,,小雁儿,开心,,,,,,,默认292,,小雁儿/21_小雁儿_19,,[好！],[好!],"""Okay!""",「うん！」,"""Хорошо!""",,
,,,,,,,,,,默认293,,,,小雁儿点了点头，于是便往前走了几步。,小雁兒點了點頭，於是便往前走了幾步。,Little Yan nodded and took a few steps forward.,小雁が頷き、とことこと進んでいく。,"Кивнув в ответ, она направилась вперёд.",,
,CharacterOff,,,,,,,,,,,,,,,,,
,,,,,,,,,,默认294,,,,她掠过了警惕地盯着我的红甲犬妖，从他的肚子里穿行而过，再而穿过了犬妖身后的那扇门。,她掠過了警惕地盯著我的紅甲犬妖、從他的肚子裡穿行而過，再而穿過了犬妖身後的那扇門。,"She slipped past the Red-Armored Dog Demon, who was glaring at me, passed through his belly, and then through the door behind the dog demon.",警戒しながらこちらを見る犬妖の腹をすっと通り抜け、その後ろにある扉も通り過ぎていった。,"Прошмыгнув к яогуаю-псу, который не отрывал от меня взгляда, она прошла через его пузо, а затем и через дверь.",,
,,,,,,,,,,默认295,,,,我在原地等了一会儿。,我在原地等了一會。,I waited where I stood for a while.,その場でしばらく待つ私。,Я стоял и ждал её.,,
,,,,,,,,,,默认296,,,,不过几息工夫，她便有些失落地回来了，再度立在我身旁。,不過幾息工夫，她便有些失落地回來了，再度立在我身旁。,"After just a few moments, she returned somewhat dejected and stood beside me again.",しかしすぐに落ち込んだ様子で、彼女が私の傍に戻ってきた。,"Через несколько мгновений она вернулась какой-то подавленной, после чего снова встала рядом со мной.",,
,,小雁儿,委屈,,,,,,,默认297,,,,[……],[……],"""...""",「……」,"""...""",,
,,方知宥,,,,,,,,默认298,,方知宥/21_方知宥_43,,[如何？你见到什么了？],[如何？你見到什麼了？],"""Well? What did you see?""",「どうだ？何か見えたか？」,"""Ну? Что там удалось увидеть?""",,
,,,,,,,,,,默认299,,,,我好奇地问她。,我好奇地問她。,I asked her curiously.,気になり尋ねてみる。,Поинтересовался я.,,
,,小雁儿,焦急,,,,,,,默认300,,小雁儿/21_小雁儿_20,,[什么也没看到……],[什麼也沒看到……],"""I saw nothing...""",「何も見えなかった……」,"""Ничего...""",,
,,方知宥,,,,,,,,默认301,,方知宥/21_方知宥_44,,[什么也没看到？],[什麼也沒看到？],"""Nothing at all?""",「何も見えなかった？」,"""Вообще ничего?""",,
,,小雁儿,,,,,,,,默认302,,小雁儿/21_小雁儿_21,,[嗯，我穿过那扇门后，眼前便是一片漆黑，什么也瞧不见。],[嗯，我穿過那扇門後，眼前便是一片漆黑，什麼也瞧不見。],"""Yeah, after I went through that door, everything turned pitch black—I couldn’t see a thing.""",「うん。あの扉をくぐったら、目の前が真っ暗になって、何も見えなかった」,"""Угу, как я прошла через дверь, так всё сразу потемнело. Ничего было не видать.""",,
,,方知宥,,,,,,,,默认303,,,,[……],[……],"""...""",「……」,"""...""",,
,,,,,,,,,,默认304,,,,小雁儿失落说着，我却陷入了深思。,小雁兒失落說著，我卻陷入了深思。,"Little Yan said dejectedly, while I sank into thought.",しょんぼりとして言う小雁だったが、私はあることを考えていた。,Грустно сказала она. Я задумался.,,
,Sprite,黑,,特效前,,,0.5,,,,,,,,,,,
,Tween,黑,ColorTo,alpha=0 time=0,,,,,,,,,,,,,,
,Tween,黑,ColorTo,alpha=0.4 time=0,,,,,NoWait,,,,,,,,,
,Wait,,,,,,0,,,,,,,,,,,
,,,,,,,,,,默认305,,,,看来，她是我的幻觉这一点，又添一重证据。,看來，她是我的幻覺這一點，又添一重證據。,This seems to further prove she was just my hallucination.,彼女が幻覚である根拠がまた一つ増えたようだ。,"Это ещё сильнее доказывает, что она лишь иллюзия.",,
,,,,,,,,,,默认306,,,,作为幻觉，她只能“见”我所见之物……,作為幻覺，她只能“見”我所見之物……,"Being a hallucination, she could only ""see"" what I saw...",幻覚である以上、彼女に「見える」ものは私が見たものだけ……,"Будучи иллюзией, она может ""видеть"" только то, что вижу я.",,
,,,,,,,,,,默认307,,,,果然……,果然……,Just as I thought...,やはり、か……,Так я и думал...,,
,,,,,,,,,,默认308,,,,唉。,唉。,Sigh...,やれやれ。,Эх...,,
,SpriteOff,黑,,,,,0.5,,NoWait,,,,,,,,,
,Wait,,,,,,0.5,,,,,,,,,,,
,,小雁儿,通常,,,,,,,默认309,,小雁儿/12分支_小雁儿_05,,[知宥，接下来我们去哪儿？],[知宥，接下來我們去哪裡？],"""Zhiyou, where should we go next?""",「知宥、次はどこに行く？」,"""Чжию, а теперь куда?""",,
,*去中庭,,,,,,,,,,,,,
,,方知宥,,,,,,,,默认310,,方知宥/12分支_方知宥_06,,[去中庭看看吧。],[去中庭看看吧。],"""Let’s check the Central Courtyard.""",「中庭に行こうか」,"""Давай сходим к центральному двору.""",,
,,,,,,,,,,默认311,,,,我对她简洁地说道，同时开始寻找通往中庭的路。,我對她簡潔地說道，同時開始尋找通往中庭的路。,I replied tersely while searching for the path to the Central Courtyard.,そっけなく彼女にそう言うと、中庭への道を探し出した。,"Лаконично ответил я, высматривая путь ко двору.",,
,,,,,,,,,,默认312,,,,这次对她说话时，我的语气不自觉地略微冷淡了一点。,這次對她說話時，我的語氣不自覺地略微冷淡了一點。,"This time, my tone unconsciously cooled slightly when speaking to her.",知らず知らずのうちに、少しばかり彼女に冷たい口調になってしまった。,Сейчас при разговоре с ней мой тон невольно стал холоднее.,,
,,,,,,,,,,默认313,,,,大概，更意识到她只是我的幻觉后，我也越发缺乏与她交谈的兴致了。,大概，更意識到她只是我的幻覺後，我也越來越缺乏與她交談的興致了。,"Perhaps as I grew more certain she was merely a hallucination, my desire to engage with her waned.",おそらく私の幻覚に過ぎないことを痛感し、彼女との会話に対する興味を失ってきてしまったのだろう。,"Скорее всего, всё больше убеждаясь, что она лишь моя иллюзия, я всё больше утрачивал интерес к разговору с ней.",,
,,,,,,,,,,默认314,,,,……,……,...,……,...,,
,CharacterOff,,,,,,,,,,,,,
,FadeOut,black,,wipe_up,,,1,,,,,,,,,,,
,Bg,青楼中庭破败夜,,,,,0,,,,,,,,,,,
,FadeIn,black,,wipe_down,,,1,,,,,,,,,,,
,Ambience,室外主风,,,,,,,,,,,,,,,,
,,,,,,,,,,默认315,,,,我们走了几十步，很快便到了中庭。,我們走了幾十步，很快便到了中庭。,"A few dozen steps later, we reached the Central Courtyard.",十数歩ほどで中庭に到着した。,Через пару десятков шагов мы уже были на центральном дворе.,,
,,,,,,,,,,默认316,,,,中庭花木繁盛，牡丹、兰花、菊花竞相开放，它们或盛开于假山的石缝之间，或点缀于小径两旁。,中庭花木繁盛，牡丹、蘭花、菊花競相開放，它們或盛開於假山的石縫之間，或點綴於小徑兩旁。,"The Central Courtyard brimmed with flora—peonies, orchids, and chrysanthemums vied for attention, some bursting through rock crevices, others lining the walkways.",中庭では、築山の隙間や小道の両脇に牡丹や蘭、菊などの草花が咲き乱れていた。,"Он был усажен цветами: пионы, орхидеи и хризантемы цвели наперебой друг с другом; одни пробивались сквозь щели в садах камней, другие цвели вдоль дорожки.",,
,,,,,,,,,,默认317,,,,小雁儿边走边四处张望，似乎很喜欢这里的景色。,小雁兒邊走邊四處張望，似乎很喜歡這裡的景色。,"Little Yan walked while looking around, seemingly quite fond of the scenery here.",小雁が歩きながらきょろきょろと辺りを見回す。この景色が気に入ったようだ。,"Лебёдушка на ходу постоянно оглядывалась по сторонам. Похоже, ей здесь нравилось.",,
,,,,,,,,,,默认318,,,,记得再走一段路，马上便要到之前琼华给稚童分粮食的地方了。,記得再走一段路，馬上便要到之前瓊華給稚童分糧食的地方了。,Just a little further and we'll reach the spot where Qionghua used to hand out food to the children.,もう少し行けば、瓊華が子供に食料を配っていた場所に着く。,"Ещё немного пройдём вперёд - и окажемся в том месте, где тогда Цюнхуа раздавала детям еду.",,
,,,,,,,,,,默认319,,,,她大概早已分完粮食，如今已经去休息了吧。,她大概早已分完糧食，如今已經去休息了吧。,She likely finished distributing the food long ago and has gone to rest by now.,今頃は配り終え、休んでいることだろう。,"Она уже, наверно, давно закончила это делать и пошла отдыхать.",,
,,难民女甲,,,,,,,,默认320,,难民女甲/21_难民女甲_01,,[景姨回来了！快来人啊，搭把手！],[景姨回來了！快來人啊，幫個忙！],"""Aunt Jing is back! Someone, quick—give her a hand!""",「景ばあが戻ったわ！誰か！手を貸して！」,"""Тётушка Цзин вернулась! Быстрей, помогите ей!""",,
,,,,,,,,,,默认321,,,,正当我思考着琼华的去向时，远处忽然响起了一女子的吆喝声。,正當我思考著瓊華的去向時，遠處忽然響起了一女子的吆喝聲。,"Just as I was wondering about Qionghua's whereabouts, a woman's shout suddenly rang out in the distance.",瓊華のことを考えていると、向こうの方から女が声を張り上げるのが聞こえた。,"Пока я думал, куда могла пойти Цюнхуа, до моих ушей вдруг донёсся далёкий женский крик.",,
,Bgm,曲终人散,,,,0.2,3,,,,,,,,,,,
,,方知宥,,,,,,,,默认322,,方知宥/21_方知宥_45,,[景姨？],[景姨？],"""Aunt Jing?""",「景ばあ？」,"""Тётушка Цзин?""",,
,,,,,,,,,,默认323,,,,我微微一怔，这名字有些耳熟，却想不起在何处听过。,我微微一怔，這名字有些耳熟，卻想不起在何處聽過。,"I froze; the name was familiar, yet I couldn’t recall where I had heard it before.",ぴくりと反応する。その名には聞き覚えがあった。しかしどこで聞いたのか忘れてしまっている。,"Это имя меня озадачило: звучало оно знакомо, но я никак не мог вспомнить, где же мне доводилось его слышать.",,
,,难民女甲,,,,,,,,默认324,,难民女甲/21_难民女甲_02,,[快！她受了伤，从家里赶来时被鞑子兵弄伤了！再不救大概要没命啦！],[快！她受了傷，從家裡趕來時被韃子兵弄傷了！再不救大概要沒命啦！],"""Hurry! She's hurt—wounded by Tatar soldiers on her way here from home! If we don't act now, she'll die!""",「早く！けがをしてるわ。家からここに来る時に、韃子にやられたのよ！これ以上放っておいたら死ぬかもしれないわよ！」,"""Скорее! Она ранена - на неё по дороге из дому солдаты варваров напали! Если промедлим, она и помереть может!""",,
,,难民女乙,,,,,,,,默认325,,难民女乙/21_难民女乙_01,,[嘘！可不能在这儿说‘鞑子兵’，驻扎在此帮我们的兵最听不得这称呼……我瞧瞧景姨怎么样了……啊……她胳膊怎流这么多血，伤得这么重！],[噓！可不能在這裡說‘韃子兵’，駐紮在此幫我們的兵最聽不得這稱呼……我瞧瞧景姨怎麼樣了……啊……她手臂怎流這麼多血，傷得這麼重！],"""Shh! You can't say ""Tatar soldiers"" here—the troops stationed to help us can't stand that term... Let me check on Aunt Jing... Ah... Why is her arm bleeding so much? She's badly wounded!""",「しっ！ここで『韃子』って言うのはだめ。あたしたちのために駐在してる兵隊はいちばんその呼び方を嫌うんだから……景ばあの様子は……あっ、腕からひどい出血！かなり重症よ！」,"""Тс-с-с! Нельзя здесь говорить 'солдаты варваров', войска, которые у нас здесь, терпеть такое не могут... Дай-ка взгляну, что там с тётушкой... Ой... У неё вся рука в крови, откуда у неё такая ужасная рана?!""",,
,CharacterOff,,,,,,,,,,,,,,,,,
,,,,,,,,,,默认326,,,,我听到两位女子的叫喊声，于是便凑上前去。,我聽到兩位女子的叫喊聲，於是便湊上前去。,I heard two women shouting and moved closer to investigate.,二人の女が叫んでいるのを聞いて、そちらへと向かう。,"Я направился в сторону, откуда доносились крики двух женщин.",,
,,,,,,,,,,默认327,,,,我看到其中一位年轻女子搀扶着一位受了伤的中年女子。,我看到其中一位年輕女子攙扶著一位受了傷的中年女子。,I saw a young woman supporting an injured middle-aged woman.,見ると、一人の若い女が負傷した中年の女を支えていた。,"Я увидел, как молодая девушка поддерживала раненную женщину средних лет.",,
,,,,,,,,,,默认328,,,,有另一位年轻女子似乎认识她们，正要迎上去帮忙。,有另一位年輕女子似乎認識她們，正要迎上去幫忙。,"Another young woman, who seemed to know them, stepped forward to help.",もう一人の若い女は彼女たちと知り合いらしく、手を貸しに行っている。,"Другая девушка, по всей видимости, их знакомая, как раз подбежала им помочь.",,
,,景姨,,,,,,,,,,,,,,,,
,,,,,,,,,,默认329,,,,那中年女子穿着一身脏兮兮的素衣，头发似乌云堆叠，却因疏于打理有些散乱。,那中年女子穿著一身髒兮兮的素衣，頭髮似烏雲堆疊，卻因疏於打理有些散亂。,"The middle-aged woman wore a soiled plain dress, her hair piled like dark clouds but disheveled from neglect.",中年の女は汚れた素衣を着ている。ふさふさの黒髪は手入れを怠ったせいで少し乱れている。,"Женщина была одета в испачканное простое белое платье, волосы у неё были пышные, как тёмные тучи, но уложены были довольно небрежно.",,
,,,,,,,,,,默认330,,,,她的脸上和身上都有着淤青，可以看出先前遭受过妖兵的欺凌。,她的臉上和身上都有著淤青，可以看出先前遭受過妖兵的欺凌。,"Her face and body were covered in bruises, clear evidence of prior bullying by demon soldiers.",顔や体のいたるところに痛々しい痣があり、妖兵にいたぶられてきたのが伺える。,Всё тело её было в синяках - она явно подверглась издевательствам со стороны яогуаев.,,
,,,,,,,,,,默认331,,,,更为糟糕的是，她的手上缠着许多布条，布条下是殷红的血迹。,更為糟糕的是，她的手上纏著許多布條，布條下是殷紅的血跡。,"To make matters worse, her hands were wrapped in cloth strips, stained dark red with blood underneath.",さらにひどいことに、手には包帯がぐるぐる巻きにされ、その下から赤黒い血が滲んでいる。,"Но серьёзнее всего выглядела её рука, вся обмотанная обрывками ткани, из под которых сочилась тёмно-красная кровь.",,
,,,,,,,,,,默认332,,,,想必她的手臂曾被妖兵拿刀砍过，如今只是勉强止住了血。,想必她的手臂曾被妖兵拿刀砍過，如今只是勉強止住了血。,"Her arms had likely been slashed by demon soldiers' blades, the wounds only barely stanched.",きっと妖兵に切り付けられ、なんとかして止血するしかないのだろう。,"По всей видимости, раны были нанесены яогуайскими мечами, и кровь удалось остановить еле-еле.",,
,,,,,,,,,,默认333,,,,此时，她紧闭双目，头上冒出细密的汗珠，似乎不太舒服。,此時，她緊閉雙目，頭上冒出細密的汗珠，似乎不太舒服。,"Her eyes were clenched shut, a sheen of sweat on her brow, as if in discomfort.",きっと両目を閉じ、額に細かい汗が滲んでいる。具合はよくなさそうだ。,"Глаза женщины были крепко сжаты, лоб был весь в каплях пота - ей явно было тяжело.",,
,CharacterOff,,,,,,,,,,,,,,,,,
,,方知宥,,,,,,,,默认334,,方知宥/21_方知宥_46,,[她怎么样了？需要帮忙吗？],[她怎麼樣了？需要幫忙嗎？],"""How is she? Need any help?""",「彼女の容体は？何か手伝いは必要か？」,"""Что с ней? Нужна помощь?""",,
,,,,,,,,,,默认335,,,,我见到那两个女子搀着她有些吃力，于是便走上前去，想要助上一臂之力。,我見到那兩個女子攙著她有些吃力，於是便走上前去，想要助上一臂之力。,"Noticing the two women straining to support her, I stepped forward to assist.",女二人がかりでも支えるのに手こずっているのを見て、手を貸そうと近付いた。,"Видя, что тем девушкам тяжело поддерживать женщину, я решил подойти и помочь им, насколько смогу.",,
,,难民女甲,,,,,,,,默认336,,难民女甲/21_难民女甲_03,,[需要的……劳烦您帮一把，她在外面受了伤，如今又浑身发烫，我们刚接她到泠音阁，想带她歇歇……这里的兵说女子都需去霓裳阁，您可知怎么走？],[需要的……勞煩您幫一把，她在外面受了傷，如今又渾身發燙，我們剛接她到泠音閣，想帶她歇歇……這裡的兵說女子都需去霓裳閣，您可知怎麼走？],"""We need... please help. She's injured and now burning with fever. We just brought her to <ruby=泠音>Lingyin</ruby> Pavilion to rest... The soldiers here say all women must go to the Hall of Feathered Robes. Do you know how to get there?""",「ええ……手を貸して。外でけがをして、全身ひどい熱を帯びてるの。泠音閣に連れてきたばかりで、休ませてあげたいんだけど……女はみんな霓裳堂に行けって兵隊が言ってて。どこにあるかわかる？」,"""Нужна... Прошу Вас - её там снаружи ранили, да ещё и сейчас всю лихорадит, мы только её привели в павильон, нужно отвести её отдохнуть... Солдаты здесь сказали, что женщин надо вести в 'Зал одеяний из радуги и перьев' - знаете, как туда пройти?""",,
,,方知宥,,,,,,,,默认337,,方知宥/21_方知宥_47,,[知道。],[知道。],"""I know.""",「ああ」,"""Знаю.""",,
,,,,,,,,,,默认338,,,,我点了点头，于是便要走上去搀扶景姨。,我點了點頭，於是便要走上去攙扶景姨。,I nodded and moved to help Aunt Jing.,私は頷き、支えられている景ばあの方に向かう。,Кивнул я и подошёл поддержать тётушку Цзин.,,
,,,,,,,,,,默认339,,,,可正当我的手刚搭上她的臂膀时，她却突然睁开了眼。,可正當我的手剛搭上她的臂膀時，她卻突然睜開了眼。,"But the moment my hand touched her arm, her eyes snapped open.",しかしちょうど彼女の肩に私の手が触れた瞬間、彼女がぱっと目を開いた。,"Но стоило мне коснуться её руки, как она вдруг распахнула глаза.",,
,,景姨,无奈,,,,,,,默认340,,,,[……],[……],"""...""",「……」,"""...""",,
,,,,,,,,,,默认341,,,,景姨在注意到我后，先是皱了一下眉，继而瞪大了眼睛，满脸书写着惊恐的神色。,景姨在注意到我後，先是皺了一下眉，繼而瞪大了眼睛，滿臉書寫著驚恐的神色。,"When Aunt Jing saw me, she first frowned, then her eyes widened in unmistakable terror.",私に気付いた景ばあは、はじめ眉をひそめたが、みるみる目を見開き、恐怖でいっぱいの表情になっていった。,"Заметив меня, тётушка Цзин сначала нахмурила брови, но затем глаза у неё вытаращились, и всё её лицо залила гримаса ужаса.",,
,,景姨,通常,,,,,,,默认342,,景姨/21_景姨_01,,[你……你……你是！？］,[你……你……你是！？］,"""You... you... you are!?""",「あ……あ……あんたは！？」,"""Ты... ты... ты это...?!""",,
,,方知宥,,,,,,,,默认343,,方知宥/21_方知宥_48,,[我？],[我？],"""Me?""",「私か？」,"""Я?""",,
,,,,,,,,,,默认344,,,,我指了指自己，面露疑惑之色。,我指了指自己，面露疑惑之色。,I pointed at myself with a puzzled look.,私は自分を指さし、怪訝そうな表情になる。,В недоумении показал я пальцем на себя.,,
,,景姨,惊恐,,,,,,,默认345,,景姨/21_景姨_02,,[你——我不认得你！你莫要来见我！别来找我！］,[你——我不認得你！你莫要來見我！別來找我！］,"""You—I don’t know you! Don’t come near me! Stay away!""",「あんたなんか知らない！こっちに来ないで！近付かないで！」,"""Ты... Я тебя не знаю! Не надо ко мне приходить! Оставь меня в покое!""",,
,,,,,,,,,,默认346,,,,景姨见到我后，她的眼神突然疯狂。,景姨見到我後，她的眼神突然瘋狂。,"When Aunt Jing saw me, her eyes suddenly turned wild.",景ばあが私を見て、狂乱した。,Выражение тётушки Цзин при виде меня стало безумным.,,
,,,,,,,,,,默认347,,,,她猛地发力，挣开我扶着她的手，仿佛是要逃跑。,她猛地發力，掙開我扶著她的手，彷彿是要逃跑。,"She yanked her arm free from my grip, as if trying to flee.",彼女は逃げようとするかのように、支えている私の腕をものすごい力で振り払った。,"Она с усилием отдёрнула от меня руку, словно хотела убежать прочь.",,
,,小雁儿,疑惑,,,,,,,默认348,,小雁儿/21_小雁儿_22,,[她怎么了？］,[她怎麼了？］,"""What’s wrong with her?""",「どうしたの？」,"""Что это она?""",,
,,,,,,,,,,默认349,,,,一旁的小雁儿疑惑地凑上来。,一旁的小雁兒疑惑地湊上來。,"Little Yan, standing nearby, leaned in with curiosity.",傍にいた小雁も不思議そうに近付いてくる。,"Недоуменно спросила Лебёдушка, стоявшая рядом.",,
,,方知宥,,,,,,,,默认350,,方知宥/21_方知宥_49,,[我不知道……］,[我不知道……］,"""I don’t know...""",「さあ……」,"""Не понимаю...""",,
,,小雁儿,疑惑,两人右,,,,,,,,,,
,,景姨,惊恐,两人左,,,,,,,,,,,,,,
,,,,,,,,,,默认351,,,,我愣愣地回答着小雁儿，看着头上冒汗，眼神疯狂的景姨，不明白她为何如此。,我愣愣地回答著小雁兒，看著頭上冒汗，眼神瘋狂的景姨，不明白她為何如此。,"I answered Little Yan blankly, staring at Aunt Jing—her face sweaty, her eyes frenzied—utterly baffled by her reaction.",呆気にとられつつ小雁にそう答える。額から汗を流し、正気を失った景ばあ。なぜこんなことになっているのか、全く見当もつかなかった。,"Оторопело ответил я, не понимая, что творится с тётушкой Цзин, по лицу которой стекал пот, а глаза смотрели как одичалые.",,
,,景姨,,,,,,,,默认352,,景姨/21_景姨_03,,[鬼……你把鬼带过来了……我能看到！呵！是她自己要死的！早晚要死！我没有逼她！……不要找我索命了！……不要！],[鬼……你把鬼帶過來了……我能看到！呵！是她自己要死的！早晚要死！我沒有逼她！……不要找我索命了！……不要！],"""Ghost... You brought the ghost here... I can see it! Hah! She chose to die herself! She was bound to die sooner or later! I didn't force her!... Don't come haunting me!... Stop!""",「幽霊……幽霊なんて連れてきて……あたしには見えるわ！ふん！自分で死を選んだのよ！いずれ死ぬ運命だった！あたしは追い詰めちゃいない！……復讐なんてよしてちょうだい！……いや！やめて！」,"""Призрак... Ты с собой призрака притащил... Я всё вижу! Ха! Это она сама решила умереть! Она бы всё равно рано или поздно умерла! Я её к этому не подначивала!.. Не надо являться по мою душу!.. Не надо!""",,
,,,,,,,,,,默认353,,,,景姨指着我身旁惊恐大叫，眼神越发狂乱。,景姨指著我身旁驚恐大叫，眼神越來越狂亂。,"Aunt Jing pointed beside me and shrieked in terror, her eyes growing wilder.",景ばあが私の隣を指さして金切り声を上げ、ますます狂気じみた目つきになっていった。,"Кричала в ужасе тётушка Цзин, указывая куда-то рядом со мной, её взгляд становился всё безумнее и безумнее.",,
,,方知宥,,,,,,,,默认354,,,,[……],[……],"""...""",「……」,"""...""",,
,,,,,,,,,,默认355,,,,我愣愣侧首，望向她所指方向。,我愣愣側首，望向她所指方向。,"Dazed, I turned to look where she was pointing.",困惑したまま、首だけ回して彼女の指さす方を見る。,"Я озадаченно перевёл взгляд туда, куда она указывала.",,
,,小雁儿,害怕,,,,,,,默认356,,,,[……],[……],"""...""",「……」,"""...""",,
,Sprite,黑,,特效前,,,0.5,,,,,,,,,,,
,Tween,黑,ColorTo,alpha=0 time=0,,,,,,,,,,,,,,
,Tween,黑,ColorTo,alpha=0.4 time=0,,,,,NoWait,,,,,,,,,
,Wait,,,,,,0,,,,,,,,,,,
,,,,,,,,,,默认357,,,,她手指正指向此时疑惑瞪大双眼的小雁儿。,她手指正指向此時疑惑瞪大雙眼的小雁兒。,"Her finger was aimed straight at Little Yan, who stood wide-eyed in bewilderment.",その方向には、困惑して目をぱちくりさせている小雁がいた。,Её палец указывал прямо на вытаращившую в недоумении глаза Лебёдушку.,,
,,,,,,,,,,默认358,,,,这疯婆子，竟能看见她？,這瘋婆子，竟能看見她？,This crazy woman could actually see her?,この乱心女……彼女のことが見えているのか？,"Эта сумасшедшая что, может её видеть?",,
,,,,,,,,,,默认359,,,,……,……,...,……,...,,
,,,,,,,,,,默认360,,,,此后，为了不使“景姨”更加疯狂，那两位年轻女子便让我赶快走了。,此後，為了不使“景姨”更加瘋狂，那兩位年輕女子便讓我趕快走了。,"Afterward, to keep ""Aunt Jing"" from spiraling further into madness, the two young women quickly ushered me out.",その後、「景ばあ」がこれ以上おかしくなってはいけないと、若い女たちが彼女をさっさと連れて行ってしまった。,"В конце концов те молодые женщины сказали мне уйти, чтобы не ввергать ""тётушку Цзин"" в ещё большее безумие.",,
,CharacterOff,,,,,,,,,,,,,
,FadeOut,black,,wipe_left,,,1,,,,,,,,,,,
,Bg,四艺堂小间冷清,,,,,0,,,,,,,,,,,
,FadeIn,black,,wipe_right,,,1,,,,,,,,,,,
,Ambience,室内沙沙,,,,,,,,,,,,,,,,
,,,,,,,,,,默认361,,,,我带着雁儿回到了“四艺堂”的小间。,我帶著雁兒回到了“四藝堂”的小間。,"I took Little Yan back to the small room in the ""Hall of Four Arts"".",私は小雁を連れ、「四芸堂」の小間へと戻ってきた。,"Вместе с Лебёдушкой я вернулся в комнатку ""Зала четырёх искусств"".",,
,,,,,,,,,,默认362,,,,良叔仍在睡觉，我便也躺了下来休息。,良叔仍在睡覺，我便也躺了下來休息。,"Uncle Liang was still asleep, so I lay down to rest too.",良はまだ眠っている。私も休むために体を横たえた。,"Дядюшка Лян всё ещё спал, и я тоже решил прилечь.",,
,,,,,,,,,,默认363,,,,不多时，小雁儿便在我身旁睡着了。,不多時，小雁兒便在我身旁睡著了。,"Soon after, Little Yan dozed off beside me.",程なくして、小雁も私の隣で眠り始めた。,Вскоре и Лебёдушка заснула рядом.,,
,SpriteOff,黑,,,,,0.5,,NoWait,,,,,,,,,
,Wait,,,,,,0.5,,,,,,,,,,,
,,方知宥,,,,,,,,默认364,,,,[……],[……],"""...""",「……」,"""...""",,
,,,,,,,,,,默认365,,,,我回忆起刚才的事，更觉得有些奇怪。,我回憶起剛才的事，更覺得有些奇怪。,"Thinking back on what had just happened, it struck me as even odder.",先ほどの出来事を思い出し、ますます妙な気分になった。,"Я начал размышлять над тем, что только что произошло, и всё это стало казаться мне ещё более странным.",,
,,,,,,,,,,默认366,,,,……,……,...,……,...,,
,Bgm,曲终人散,,,,0.2,3,,,,,,,,,,,
,Sprite,黑,,特效前,,,0.5,,,,,,,,,,,
,Tween,黑,ColorTo,alpha=0 time=0,,,,,,,,,,,,,,
,Tween,黑,ColorTo,alpha=0.4 time=0,,,,,NoWait,,,,,,,,,
,Wait,,,,,,0,,,,,,,,,,,
,,,,,,,,,,默认367,,,,那位名叫“景姨”的中年妇人见我后，如见索命仇人，惊惧异常。,那位名叫“景姨”的中年婦人見我後，如見索命仇人，驚懼異常。,"The middle-aged woman called ""Aunt Jing"" looked at me like I was some avenging spirit, her face twisted in fear.",「景ばあ」と呼ばれていた中年の女は、まるで命でも狙われているかのような取り乱しようだった。,"Та женщина по имени ""тётушка Цзин"" при виде меня была в таком страхе, словно я был мстительным духом, явившимся по её душу.",,
,,,,,,,,,,默认368,,,,景姨究竟是何人？她是否认得我？,景姨究竟是何人？她是否認得我？,"Who is Aunt Jing, really? Does she recognize me?",一体何者なのだ？私のことを知っているのか？,Кто же это такая? Она всё-таки меня знает?,,
,,,,,,,,,,默认369,,,,或许，她的身份隐于我遗忘的记忆深处，需我一点点追想。,或許，她的身份隱於我遺忘的記憶深處，需我一點點追想。,"maybe her identity lies hidden in the depths of my lost memories, waiting for me to slowly uncover it.",彼女の正体はおそらく、私の忘れ去られた記憶の奥深くにある。もう少し回想する必要がありそうだ。,"Возможно, то, кем она является, скрыто в глубине моих утраченных воспоминаний, и нужно будет ещё мало-помалу порыться в них.",,
,,,,,,,,,,默认370,,,,但方才更令我惊异的是，她说我身旁有鬼，手指正指向那个“幻觉小雁儿”。,但方才更令我驚異的是，她說我身旁有鬼，手指正指向那個“幻覺小雁兒”。,"But what startled me more was her saying there was a ghost next to me—her finger aimed straight at that ""phantom Little Yan"".",しかしそれよりも驚いたのは、私の隣に幽霊がいると言って、「幻覚の小雁」を指さしたことだ。,"Но что стало для меня ещё большим удивлением - так это её слова про ""призрака"" и то, что она указывала пальцем прямо на ""иллюзию Лебёдушки"".",,
,SpriteOff,黑,,,,,0.5,,NoWait,,,,,,,,,
,Wait,,,,,,0.5,,,,,,,,,,,
,,方知宥,,,,,,,,默认371,,方知宥/21_方知宥_50,,[难道你真不是我的幻觉，而是鬼魂？］,[難道你真不是我的幻覺，而是鬼魂？］,"""Are you really not a hallucination, but a ghost?""",「君は私の幻覚なんかじゃなく、本当に幽霊なのか？」,"""Неужели ты всё-таки не иллюзия, а настоящий призрак?""",,
,,,,,,,,,,默认372,,,,一时，我忍不住将心中所想脱口而出。,一時，我忍不住將心中所想脫口而出。,"For a moment, I couldn’t help but blurt out what was on my mind.",つい思っていたことを口に出してしまった。,"Невольно произнёс я вслух то, что было у меня на душе.",,
,,,,,,,,,,默认373,,,,所幸声音微弱，并没有吵醒任何人。,所幸聲音微弱，並沒有吵醒任何人。,"Luckily, my voice was so faint it didn’t wake anyone.",幸い声が小さかったため、誰も起こすことはなかったが。,"Благо, голос мой был тихим и никого не разбудил.",,
,,方知宥,,,,,,,,默认374,,,,[……],[……],"""...""",「……」,"""...""",,
,Sprite,黑,,特效前,,,0.5,,,,,,,,,,,
,Tween,黑,ColorTo,alpha=0 time=0,,,,,,,,,,,,,,
,Tween,黑,ColorTo,alpha=0.4 time=0,,,,,NoWait,,,,,,,,,
,Wait,,,,,,0,,,,,,,,,,,
,,,,,,,,,,默认375,,,,我紧盯着此时正在熟睡的小雁儿。,我緊盯著此時正在熟睡的小雁兒。,"I stared intently at Little Yan, fast asleep.",すやすやと眠っている小雁をじっと見る。,Я пристально глядел на крепко спавшую Лебёдушку.,,
,,小雁儿,睡觉,,,,,,,,,,,,,,,
,,,,,,,,,,默认376,,,,她闭着眼睛侧躺着，长长的睫毛自然地垂下，在眼睑下投下淡淡的阴影。,她閉著眼睛側躺著，長長的睫毛自然地垂下，在眼瞼下投下淡淡的陰影。,"She lay on her side, eyes closed, long lashes casting faint shadows under her eyelids.",目を閉じたまま横たわっている彼女。長い睫毛が自然に垂れ、瞼の下に淡い影を落としている。,"Она лежала на боку с закрытыми глазами, её длинные реснички отбрасывали бледные тени ей на веки.",,
,,,,,,,,,,默认377,,,,她的呼吸均匀而平静，那微圆的脸蛋，随着均匀的呼吸一起一伏，像是初春的花苞。,她的呼吸均勻而平靜，那微圓的臉蛋，隨著均勻的呼吸一起一伏，像是初春的花苞。,"Her breathing was even and calm, her softly rounded face rising and falling like an early spring bud.",落ち着いた寝息を立て、丸みを帯びた顔が初春の蕾のように、呼吸と共に上下している。,"Дыхание её было ровным и спокойным, круглое личико слегка двигалось в такт дыханию, словно бутоны цветов ранней весной.",,
,,,,,,,,,,默认378,,,,这个幻觉太过鲜活生动了，连睡相都和真的一样。,這個幻覺太過鮮活生動了，連睡相都和真的一樣。,"This hallucination was so vivid, even her sleeping posture looked real.",幻覚にしてはあまりにも生々しすぎる。寝顔まで本物そっくりだ。,Эта иллюзия выглядела уж слишком живой - даже поза во сне у неё была как у живого человека.,,
,,,,,,,,,,默认379,,,,我先前从没见过小时候的她的睡相，按理说不该幻想出自己从未见过的东西。,我先前從沒見過小時候的她的睡相，按理說不該幻想出自己從未見過的東西。,"I’d never seen her sleeping face as a child—logically, I shouldn’t be able to conjure something I’ve never witnessed.",これまで子供の頃の彼女の寝顔を見たことがなかった。となれば、普通なら見たことのないものが幻想として現れるわけがない。,"А я ведь никогда не видел её в детстве спящей - так что, по идее, иллюзия не должна была бы воплощать в себе то, чего мне не доводилось лицезреть.",,
,,,,,,,,,,默认380,,,,难道说……,難道說……,Could it be...,まさか……,Неужели...,,
,,,,,,,,,,默认381,,,,——她真的不是幻觉，而是她死后弥留在世的鬼魂？,——她真的不是幻覺，而是她死後彌留在世的鬼魂？,"—She wasn’t a hallucination at all, but her lingering ghost after death?",――幻覚などではなく、死後にこの世に留まっている霊魂の類なのだろうか？,"Она всё-таки не иллюзия, а действительно её неупокоенный дух?",,
,SpriteOff,黑,,,,,0.5,,NoWait,,,,,,,,,
,Wait,,,,,,0.5,,,,,,,,,,,
,,方知宥,,,,,,,,默认382,,,,[……],[……],"""...""",「……」,"""...""",,
,,,,,,,,,,默认383,,,,我沉默了，只是愣愣地盯着她看着。,我沉默了，只是愣愣地盯著她看著。,"I fell silent, staring blankly at her.",何も言えず、ただ動揺したまま寝息を立てる彼女をじっと見つめる。,"Ничего не говоря, я растерянно смотрел на неё.",,
,,,,,,,,,,默认384,,,,[……],[……],"""...""",「……」,"""...""",,
,FadeOut,black,,,,,2,,,,,,,,,,,
,,,,,,,,,,默认385,,,,随着她的呼吸起伏，我也渐渐有了些睡意，逐渐沉入了梦乡……,隨著她的呼吸起伏，我也漸漸有了些睡意，逐漸沉入了夢鄉……,"As her breath rose and fell, drowsiness crept over me, and I slowly drifted into sleep...",彼女の呼吸に合わせて徐々に睡魔が襲ってきた。意識が夢の中へと沈んでいく……,"Вслед за её размеренным дыханием на меня тоже начал наваливаться сон, я постепенно стал засыпать...",,
,,,,,,,,,,默认386,,,,……,……,...,……,...,,
,CharacterOff,,,,,,,,,,,,,
,,,,,,,,,,默认387,,,,小时候，我害怕世上有鬼。,小時候，我害怕世上有鬼。,"As a child, I feared ghosts existed in this world.",子供の頃、幽霊が怖かった。,"В детстве я боялся, что призраки и духи существуют в этом мире.",,
,,,,,,,,,,默认388,,,,长大后，我不信世上有鬼。,長大後，我不信世上有鬼。,"As an adult, I no longer believed they did.",大人になってからは、幽霊を信じなくなった。,"Выросши, я перестал верить в их существование.",,
,,,,,,,,,,默认389,,,,但是。,但是。,But—,しかし。,Однако.,,
,,,,,,,,,,默认390,,,,自她死后，我倒真希望这世上有鬼。,自她死後，我倒真希望這世上有鬼。,"Since her death, I’ve truly wished this world had ghosts.",彼女が死んでからは、幽霊がいてほしいと願うようになった。,"С тех пор, как она умерла, я на самом деле мечтаю, чтобы призраки и духи существовали в этом мире.",,
,StopAmbience
,StopBgm,,,,,,3,,,,,,,,,,,
,Jump,*忆-第十回,,,,,,,,,,,,,,,,
