#SHEET_NAME,记-第十八回二
,Command,Arg1,Arg2,Arg3,Arg4,Arg5,Arg6,Arg7,WaitType,Text,PageCtrl,Voice,WindowType,SC,TC,English,Japanese,Russian
,ChapterAnimation,BG_Ji_18_2,chapter_bg_J,chapter_title_J18_2,Liang,265,,,,,,,,,,,
,*map_ji_18_2,,,,,,,,,,,,,,,,
,UnlockPlotMap,map_ji_18_2,,,,,,,,,,,,,,,
,SetChapterName,记-第十八回二,,,,,,
,Wait,,,,,,1,
,FadeOut,black,,,,,0,
,Ambience,室内沙沙,,,,,,,,,,,,,,,
,Bg,青楼中庭破败夜,
,Wait,,,,,,0.5
,FadeIn,black,,,,,1,,,,,,,,,,,
,,方知宥,,,,,,,,默认1,,方知宥/33_方知宥_01,,[良叔。],[良叔。],"""Uncle Liang.""",「良さん」,"""Дядюшка Лян."""
,,良,好奇,,,,,,,默认2,,良/32_良_27,,[嗯？],[嗯？],"""Hm?""",「ん？」,"""А?"""
,,方知宥,,,,,,,,默认3,,方知宥/33_方知宥_02,,[一会儿我送送你吧。],[一會我送送你吧。],"""Let me see you off later.""",「送っていこう」,"""Давайте я Вас провожу."""
,,良,通常,,,,,,,默认4,,良/33_良_01,,[好。],[好。],"""Got it.""",「ああ」,"""Давай."""
,,,,,,,,,,默认5,,,,我向良叔提出了想要送他的请求。,我向良叔提出了想要送他的請求。,I asked Uncle Liang if I could see him off.,良に見送りを申し出た。,Я предложил дядюшке Ляну проводить его.
,,,,,,,,,,默认6,,,,他神色平静，只是淡淡点了点头，算是同意了。,他神色平靜，只是淡淡點了點頭，算是同意了。,"His expression remained calm, and he simply nodded faintly in agreement.",彼は平静なまま、ただこくりと頷き、同意した。,С невозмутимым лицом тот лишь слегка кивнул.
,CharacterOff,,,,,,,,,,,,,,,,,
,,,,,,,,,,默认711,,,,……,……,...,……,...
,AutoSave,,,,,,,,,,,,,
,Bgm,死生别离,,,,0.2,3,,,,,,,,,,,
,FadeOut,black,,wipe_left,,,1.5,,,,,,,,,,,
,Bg,四艺堂小间夜,,,,,0,,,,,,,,,,,
,FadeIn,black,,wipe_right,,,1.5,,,,,,,,,,,
,,,,,,,,,,默认7,,,,随后，我与他一同回到我们曾住过的那间泠音阁小间，我帮他收拾行李。,隨後，我與他一同回到我們曾住過的那間泠音閣小間，我幫他收拾行李。,"Afterward, I returned with him to the small room at <ruby=泠音>Lingyin</ruby> Pavilion where we once lived and helped him pack his belongings.",その後、私は彼と共にしばらく住んでいた泠音閣の小間に戻り、彼の荷物の整理を手伝った。,"Потом я вернулся в маленькую комнатку в павильоне, где мы когда-то жили, и помог ему собрать вещи."
,,,,,,,,,,默认8,,,,良叔的行李并不多，所有的东西放一起，也不过是一个灰布包袱。,良叔的行李並不多，所有的東西放一起，也不過是一個灰布包袱。,Uncle Liang didn’t have much luggage; everything together fit into a single gray cloth bundle.,良の荷物はそう多くなかった。全ての物をまとめても、灰色の衣包み一つに収まってしまう。,"Вешей у дядюшки Ляна было мало, всё можно было сложить в один тканевый узелок."
,,,,,,,,,,默认9,,,,这里面装着少许银两和干粮，以及几件他贴身的旧物。,這裡面裝著少許銀兩和乾糧，以及幾件他貼身的舊物。,"Inside were a few taels of silver, some dry provisions, and a few of his personal old belongings.",中身は少しの金と干し米、そして普段身に着けている古物の品々だ。,"Среди его вещей была пара таэлей серебра, походные лепёшки, а также старые личные пожитки."
,,,,,,,,,,默认10,,,,临行前，琼华带着翠儿、红儿前来送行，交给良叔一些饯别的礼物和书信。,臨行前，瓊華帶著翠兒、紅兒前來送行，交給良叔一些餞別的禮物和書信。,"Before his departure, Qionghua came with Cui'er and Hong'er to see him off, giving Uncle Liang some parting gifts and letters.",出発前、瓊華が翠児と紅児を連れて見送りにやってきて、良に餞別の品と手紙を渡した。,"Перед уходом к нему пришли Цюнхуа и сёстры, чтобы проводить его и вручить прощальные подарки и письма."
,FadeOut,black,,wipe_left,,,1,,,,,,,,,,,
,Bg,泠音阁南面正门城破夜,,,,,0,,,,,,,,,,,
,FadeIn,black,,wipe_right,,,1,,,,,,,,,,,
,Ambience,室外主风,,,,3,3,,,,,,,
,,,,,,,,,,默认11,,,,我并未写信，只是一直默默地跟在良叔身后，一路送他至泠音阁的正门前。,我並未寫信，只是一直默默地跟在良叔身後，一路送他至泠音閣的正門前。,"I didn't write a letter, but silently followed Uncle Liang all the way to <ruby=泠音>Lingyin</ruby> Pavilion's main gate.",私は手紙を書かなかった。ただ黙々と良の後ろをついていき、泠音閣の正門まで見送った。,"Я письмо не писал, а лишь просто шёл за дядюшкой Ляном вплоть до главных ворот ""Мелодичного павильона""."
,,,,,,,,,,默认12,,,,月光如霜，铺满了泠音阁前的青石街道。,月光如霜，鋪滿了泠音閣前的青石街道。,The moonlight lay like frost upon the bluestone street before <ruby=泠音>Lingyin</ruby> Pavilion.,月光が霜のように、泠音閣の前の青煉瓦の街道を白く照らした。,"Перед ""Мелодичным павильоном"" лунный свет обволакивал выложенную зеленоватым камнем дорогу, словно инеем."
,,,,,,,,,,默认13,,,,此时，门前那些乞求泠音阁收留的难民几乎都散去了，只留下一两人，在不远处的巷角处睡着。,此時，門前那些乞求泠音閣收留的難民幾乎都散去了，只留下一兩人，在不遠處的巷角處睡著。,"By then, most refugees begging for shelter at <ruby=泠音>Lingyin</ruby> Pavilion's gate had dispersed, leaving only one or two asleep in a nearby alley corner.",門前で泠音閣に匿ってもらうよう求めていた難民たちはほぼいなくなっていた。一人二人ばかしが、そばの路地で眠っている。,"К этому времени все беженцы, которые просили убежища в павильоне, разошлись - лишь парочка из них спала в переулке неподалёку."
,,良,笑,,,,,,,默认14,,良/33_良_02,,[好了，送到这里就可以了，封刀的炮声才响了没多久，现在城里并不算安全。],[好了，送到這裡就可以了，封刀的炮聲才響了沒多久，現在城裡並不算安全。],"""Alright, you can leave me here. The cannon fire from Sword sheathed only just ceased, and the city isn't safe yet.""",「よし、ここまで送ってくれれば十分だ。虐殺中止の砲声が鳴ってからまだ間もない。今の町はまだ危険だからな」,"""Лады, дальше я один пойду. Пушки хоть и объявили о 'вложении меча в ножны', но в городе ещё опасно."""
,,,,,,,,,,默认15,,,,良叔刚在守卫的监视下走过门槛，便对我说道。,良叔剛在守衛的監視下走過門檻，便對我說道。,No sooner had Uncle Liang crossed the threshold under the guards' watch than he spoke to me.,守衛が監視する中、門を跨ぐと良が私にそう言った。,"Как только я переступил порог под бдительными взглядами стражников, он заговорил со мной."
,,方知宥,,,,,,,,默认16,,,,[……],[……],"""...""",「……」,"""..."""
,,,,,,,,,,默认17,,,,我停下了脚步，望着他，一时无言。,我停下了腳步，望著他，一時無言。,"I halted and gazed at him, momentarily at a loss for words.",私は足を止め、無言のまま彼を見る。,"Я остановился и уставился на него, на мгновение не зная, что сказать."
,,良,通常,,,,,,,默认18,,良/33_良_03,,[知幼，你之后有什么打算？],[知幼，你之後有什麼打算？],"""Zhiyo, what are your plans now?""",「知優、これからどうするつもりだ？」,"""Чжию, что дальше будешь делать?"""
,,,,,,,,,,默认19,,,,临行前，良叔关切地问我。,臨行前，良叔關切地問我。,"Before he left, Uncle Liang asked me with concern in his voice.",出発前に、良が心配そうに私に訊いた。,"Прежде чем уйти, заботливо спросил меня дядюшка Лян."
,,方知宥,,,,,,,,默认20,,方知宥/33_方知宥_03,,[留在扬州城里吧，找点事做……具体做什么，还没想好。],[留在揚州城裡吧，找點事做……具體做什麼，還沒想好。],"""I'll stay in Yangzhou... find some work. Haven't decided what exactly.""",「揚州に残って、何かやることを探すさ……具体的なことはまだ決めていないが」,"""В Янчжоу останусь, поищу себе занятие... Что именно - не решил ещё."""
,,,,,,,,,,默认21,,,,我随口答道，心里却是一片空落。,我隨口答道，心裡卻是一片空落。,"I answered offhandedly, though my heart felt empty.",適当に答えるものの、内心は空虚なものだった。,"Ответил я, не задумываясь, но в душе у меня была пустота."
,,良,惊喜,,,,,,,默认22,,良/33_良_04,,[你的病怎么样了？],[你的病怎麼樣了？],"""How's your condition been?""",「病気の方はどうだ？」,"""А хворь та твоя как?"""
,,方知宥,,,,,,,,默认23,,方知宥/33_方知宥_04,,[好久没看到那个幻觉了，大概是彻底痊愈了……],[好久沒看到那個幻覺了，大概是徹底痊癒了……],"""Haven't had those hallucinations in ages... probably fully recovered now...""",「あれから全く幻覚を見ていない。完全に治ったようだ……」,"""Та иллюзия не являлась мне уже давно - должно быть, полностью выздоровел."""
,,,,,,,,,,默认24,,,,我微笑着说道，抬眼望向周围。,我微笑著說道，抬眼望向周圍。,"I said with a smile, glancing around.",微笑んでそう答え、辺りを見回す。,"Оглядевшись, я ответил с улыбкой."
,,,,,,,,,,默认25,,,,四周一片寂静。,四周一片寂靜。,Everything was silent.,付近は静寂に包まれていた。,Вокруг всё было тихо.
,,,,,,,,,,默认26,,,,好久没看到小雁儿的身影了。,好久沒看到小雁兒的身影了。,It had been a long time since I'd seen Little Yan.,小雁の姿を見なくなってから久しい気がする。,Силуэта Лебёдушки уже давно было не видать.
,,良,通常,,,,,,,默认27,,,,[……],[……],"""...""",「……」,"""..."""
,,方知宥,,,,,,,,默认28,,,,[……],[……],"""...""",「……」,"""..."""
,,,,,,,,,,默认29,,,,良叔似乎欲言又止，嘴唇动了动，但犹豫了片刻后，终究没有说出口。,良叔似乎欲言又止，嘴唇動了動，但猶豫了片刻後，終究沒有說出口。,"Uncle Liang seemed to hesitate, his lips parting as if to speak, but after a pause, he remained silent.",良は何か言おうとして唇を動かしたが、少し悩んだ様子を見せて、結局それが口から出てくることはなかった。,"Дядюшка Лян хотел что-то сказать и даже открыл рот, но, заколебавшись, после небольшой паузы ничего не произнёс."
,,良,笑,,,,,,,默认30,,良/33_良_05,,[行，那我走了，你多保重。],[行，那我走了，你多保重。],"""Alright, I'll go now. Take care of yourself.""",「そうか。それじゃ、そろそろ行く。元気でな」,"""Ладно, пойду я. Береги себя."""
,,,,,,,,,,默认31,,,,最后，他抬手在我肩上轻轻一拍，随即转身，作离去状。,最後，他抬手在我肩上輕輕一拍，隨即轉身，作離去狀。,"Finally, he raised his hand and patted my shoulder lightly before turning to leave.",最後に彼は私の肩をぽんと叩くと、身を翻して去ろうとした。,"Наконец, собираясь уйти, он поднял руку и слегка похлопал меня по плечу."
,,方知宥,,,,,,,,默认32,,方知宥/33_方知宥_05,,[良叔也是，多保重。],[良叔也是，多保重。],"""You too, Uncle Liang. Take care.""",「良さんもお元気で」,"""Вы тоже, дядюшка Лян, берегите себя."""
,,,,,,,,,,默认33,,,,我笑了笑，对他送别。,我笑了笑，對他送別。,I smiled as I saw him off.,私は笑って別れの言葉をかけた。,"Улыбнувшись, я глядел, как он уходит."
,,良,,,,,,,,默认34,,,,[……],[……],"""...""",「……」,"""..."""
,CharacterOff,,,,,,1.5,,,,,,,
,,,,,,,,,,默认35,,,,然后，他的背影渐行渐远，最终融进巷尾，没入了远处的黑暗中，再也看不见了。,然後，他的背影漸行漸遠，最終融進巷尾，沒入了遠處的黑暗中，再也看不見了。,"Then his figure grew distant, merging into the alley's end and vanishing into the darkness beyond.",その後、彼の背中が徐々に遠のいて路地の奥に溶け込み、すっかり暗闇の中に消えると、見えなくなった。,"Его фигура удалялась, сливаясь с горизонтом улицы, растворяясь в ночи."
,,方知宥,,,,,,,,默认36,,,,[……],[……],"""...""",「……」,"""..."""
,,,,,,,,,,默认37,,,,我长长吐出了一口气，独自在黑暗中站了一会儿，继而转身走回泠音阁中。,我長長吐出了一口氣，獨自在黑暗中站了一會，繼而轉身走回泠音閣中。,"I let out a long sigh, stood alone in the darkness for a moment, then turned and walked back into <ruby=泠音>Lingyin</ruby> Pavilion.",はあ、と長い溜息をつき、一人でしばらく暗闇の中に立ち尽くした。そして踵を返すと、泠音閣に戻った。,"Глубоко вздохнув, я в одиночестве постоял в темноте, а затем вернулся в ""Мелодичный павильон""."
,,,,,,,,,,默认38,,,,……,……,...,……,...
,FadeOut,black,,wipe_up,,,1,,,,,,,,,,,
,Bg,天空夜,,,,,0,,,,,,,,,,,
,FadeIn,black,,wipe_down,,,1,,,,,,,,,,,
,,,,,,,,,,默认39,,,,这几日，离别似乎成了常态。,這幾日，離別似乎成了常態。,"These days, goodbyes seem to have become the norm.",この数日、別れが当たり前のようになっていた。,Прощания за эти дни стали нормой.
,,,,,,,,,,默认40,,,,我在心底知道，良叔不是我告别的第一个故人，也必定不是最后一个。,我在心底知道，良叔不是我告別的第一個故人，也必定不是最後一個。,"Deep down, I knew Uncle Liang wasn’t the first old friend I’d said goodbye to, and he certainly wouldn’t be the last.",心の底ではわかっていた。良が私の別れを告げる最初の友人でもなければ、最後の一人でもないことを。,"В глубине души я знал, что дядюшка Лян был не первым моим другом, с которым я прощался, и будет не последним."
,,,,,,,,,,默认41,,,,人是孤零零来到世上的，最后注定孤零零地走。,人是孤零零來到世上的，最後注定孤零零地走。,"People enter this world alone, and in the end, they’re destined to leave alone.",人は孤独に生まれ、最後は孤独に去るものだ。,"Человек приходит в этот мир один, и уходит из него один."
,,,,,,,,,,默认42,,,,这世间的离别，从来都不会比相遇少。,這世間的離別，從來都不會比相遇少。,"In this world, partings are never fewer than meetings.",この世の別れが出会いより少ないことなどあり得ない。,"В этом мире расставаться приходится не меньше, чем встречаться."
,,,,,,,,,,默认43,,,,……,……,...,……,...
,StopVoice,,,,,,1,,,,,,,,,,,
,FadeOut,black,,,,,1,,,,,,,,,,,
,Wait,,,,,,1,,,,,,,,,,,
,FadeIn,black,,,,,1,,,,,,,,,,,
,,,,,,,,,,默认44,,,,送别了良叔后，我继续留在泠音阁的小间中住了一两日。,送別了良叔後，我繼續留在泠音閣的小間中住了一兩日。,"After seeing Uncle Liang off, I stayed another day or two in the small room at <ruby=泠音>Lingyin</ruby> Pavilion.",良を見送った後、私は泠音閣の小間でもう数日過ごした。,"Проводив дядюшку Ляна, я остался на день-два в маленькой комнатке в ""Мелодичном павильоне""."
,,,,,,,,,,默认45,,,,这一两日，我跟在琼华身边，帮她整理文书、清点档案，偶尔也会帮她安抚流民。,這一兩日，我跟在瓊華身邊，幫她整理文書、清點檔案，偶爾也會幫她安撫流民。,"During that time, I followed Qionghua, helping her organize documents, sort through archives, and occasionally comfort refugees.",この二日ほど、私は瓊華の傍に控え、文書の整理や記録の点検を手伝い、時折難民の慰安にも付き合った。,"В это время я помогал Цюнхуа с документами, сортировал их по архивам, а также иногда успокаивал беженцев."
,,,,,,,,,,默认46,,,,通过这些琐事，我也得以窥见扬州城在封刀后一点一滴的变化。,通過這些瑣事，我也得以窺見揚州城在封刀後一點一滴的變化。,"Through these trivial matters, I also glimpsed the gradual changes in the City of Yangzhou after the sword ban was lifted.",これらの些事を通して、私も封刀令が出た後の揚州が少しずつ変わっていくのを垣間見ることができた。,"Посредством этих мелких дел я наблюдал, как мало-помалу менялся Янчжоу после приказа о ""вложении меча в ножны""."
,,,,,,,,,,默认47,,,,……,……,...,……,...
,Bgm,死生别离,,,,0.2,3,,,,,,,,,,,
,CharacterOff,,,,,,1.5,,,,,,,,,,,
,HideMessageWindow,,,,,,,,,,,,,,,,,
,CaptureImage,截图,SpriteCamera,背景截图,,,,,,,,,,,,,,
,Bg,封刀1,,,,,,,,,,,,,,,,
,RuleFadeOut,截图,ReInk2,,Linear,,1.5,,PageWait,,,,,,,,,
,Wait,,,,,,1,,,,,,,,,,,
,ShowMessageWindow,,,,,,,,,,,,,,,,,
,,,,,,,,,,默认48,,,,五月初一，虽说封刀的命令已经下了，城里的兵陆续撤出城内，但城中的情况并不乐观——危险并未完全消散。,五月初一，雖說封刀的命令已經下了，城裡的兵陸續撤出城內，但城中的情況並不樂觀——危險並未完全消散。,"On the first day of the fifth month, though the sword ban had been ordered and troops were gradually withdrawing from the city, the situation remained dire—danger hadn't fully passed.",五月一日、封刀令が出て町にいた兵が続々と引き上げていったものの、町そのものの状況は楽観的ではなかった――危機はまだ消えてはいなかったのだ。,"С наступлением пятого месяца, хоть после приказа о ""вложении меча в ножны"" захватчики потихоньку покидали город, ситуация оставалась напряжённой, в городе по-прежнему было небезопасно."
,,,,,,,,,,默认49,,,,大多数士兵都出城集合了，但仍有少数军纪败坏的东虏残兵滞留城中，他们闯入幸存者的家中，抢夺财物、粮食，掳走妇女、儿童……进行着最后的疯狂。,大多數士兵都出城集合了，但仍有少數軍紀敗壞的東虜殘兵滯留城中，他們闖入倖存者的家中，搶奪財物、糧食，擄走婦女、兒童……進行著最後的瘋狂。,"Most soldiers had assembled outside the city, but a few undisciplined remnants of the Eastern Barbarians remained, breaking into survivors' homes to plunder goods and grain, abducting women and children... in one final frenzy.",大多数の兵は町の外に集まっていったが、未だに少数の軍規を乱す東虜の残党が町に留まっている。連中は生き残った者の家に押し入り、財産や食料を奪い、女子供をさらい……最後の狂宴を繰り広げていた。,"Большинство солдат собирались в строй за пределами города -однако была среди них и небольшая часть со скверной дисциплиной. Они в последнем порыве ярости врывались в дома выживших, забирая еду и вещи, а также похищая женщин и детей."
,,,,,,,,,,默认50,,,,更令人心寒的是：这一日，一些穿明军铠甲的士兵也趁乱入城，跟遗留的东虏残兵一同烧杀抢掠。,更令人心寒的是：這一日，一些穿明軍鎧甲的士兵也趁亂入城，跟遺留的東虜殘兵一同燒殺搶掠。,"Even more chilling was that on this day, some soldiers wearing Ming Army armor also exploited the chaos to enter the city, joining the remaining Eastern Barbarians in arson, murder, and pillage.",もっとおぞましいことに、この日、明軍の鎧を着た兵までもが混乱に乗じて町に入り込み、残っていた東虜と一緒になって悪逆非道の限りを尽くしていたことだ。,"Ещё страшнее было другое: в тот день некоторые солдаты, одетые в броню армии Мин, пользуясь общей суматохой, пробрались в город и присоединились к ""восточным лу"" в грабежах, поджогах и убийствах."
,,,,,,,,,,默认51,,,,听人说，这些都是兴平伯的旧部，如今都投靠了东虏，他们的行径有时比东虏还要贪婪残忍。,聽人說，這些都是興平伯的舊部，如今都投靠了東虜，他們的行徑有時比東虜還要貪婪殘忍。,"I heard these were all former subordinates of the Marquess Xingping, now defected to the Eastern Barbarians. Their deeds are sometimes even greedier and crueler than the Eastern Barbarians themselves.",噂では、連中はみな東虜に寝返った興平伯の残党で、時に東虜よりも貪欲で残忍な行いをするのだとか。,"Я слышал, что эти солдаты раньше служили бо Синпина, а теперь перешли на сторону ""восточных лу"" - и были ещё злобнее и алчнее, чем сами ""восточные лу""."
,,,,,,,,,,默认52,,,,有一句话是说“匪过如梳兵过如篦”。,有一句話是說“匪過如梳兵過如篦”。,"There’s a saying: ""Bandits comb through like a fine-tooth comb, but soldiers sweep through like a lice comb"".",「賊の過ぎたるは<ruby=くし>櫛</ruby>のごとし、兵の過ぎたるは<ruby=へら>箆</ruby>のごとし」という言葉がある。,"Есть поговорка: ""Разбойники пройдут - как гребнем расчешут, солдаты пройдут - как ситом просеют""."
,,,,,,,,,,默认53,,,,这些如同盗匪的兵前后抢劫了好几次，可谓是前梳后篦，抢得扬州城内十室九空，只留下了一片生灵涂炭。,這些如同盜匪的兵前後搶劫了好幾次，可謂是前梳後篦，搶得揚州城內十室九空，只留下了一片生靈塗炭。,"These bandit-like soldiers looted the city repeatedly—first combing, then sweeping—leaving the City of Yangzhou in utter ruin, with nothing but devastation in their wake.",かの盗賊に等しい兵どもは前から後ろから何度も奪いにやってきた。前から櫛で漉き、後ろから箆で掬うように、揚州の家の九割を奪い尽くし、塗炭の苦しみだけを残していくのだ。,"Эти похожие на разбойников солдаты грабили город раз за разом: сначала прочёсывали его, а потом просеивали, вычищая дочиста из десяти домов девять, оставляя народ в полной разрухе."
,CharacterOff,,,,,,1.5,,,,,,,,,,,
,HideMessageWindow,,,,,,,,,,,,,,,,,
,CaptureImage,截图,SpriteCamera,背景截图,,,,,,,,,,,,,,
,Bg,封刀2,,,,,,,,,,,,,,,,
,RuleFadeOut,截图,Ink2,,Linear,,1.5,,PageWait,,,,,,,,,
,Wait,,,,,,1,,,,,,,,,,,
,ShowMessageWindow,,,,,,,,,,,,,,,,,
,,,,,,,,,,默认54,,,,话说，也是在这一日，琼华的丈夫回到了泠音阁。,話說，也是在這一日，瓊華的丈夫回到了泠音閣。,"As it happened, on that very day, Qionghua’s husband returned to the <ruby=泠音>Lingyin</ruby> Pavilion.",そういえば同じくこの日、瓊華の夫が泠音閣に戻ってきた。,"К слову, в этот же день в ""Мелодичный павильон"" вернулся муж Цюнхуа."
,,,,,,,,,,默认55,,,,他看起来很年轻，大概不过是二十多岁，红甲配剑，满帽皂靴，容貌俊朗清秀如同女子，身形却挺拔魁梧。,他看起來很年輕，大概不過是二十多歲，紅甲配劍，滿帽皂靴，容貌俊朗清秀如同女子，身形卻挺拔魁梧。,"He appeared remarkably young, likely in his early twenties, clad in Red-Armored gear with a sword at his side. His court cap and black boots complemented features so handsome and delicate they bordered on feminine, yet his posture remained tall and powerfully built.",若干二十歳そこそこだろうか、とても若く見える男だった。赤い鎧に剣を帯び、満帽に烏皮の靴という出で立ちで、爽やかな顔立ちはまるで女のように端正だが、体は隆々とした男前だ。,"На вид ему было чуть больше двадцати, облачённый в алые доспехи, он носил меч на поясе. Его чиновничья шапка и чёрные сапоги подчёркивали утончённые черты лица, которое казалось почти женственным, хотя осанка его оставалась высокой и сильной."
,,,,,,,,,,默认56,,,,不知是否是我多心，他与琼华站在一起时，虽彼此恭敬，却少了几分夫妻间的亲近。,不知是否是我多心，他與瓊華站在一起時，雖彼此恭敬，卻少了幾分夫妻間的親近。,"I don't know if I'm overthinking it, but when he stood with Qionghua, though they were respectful to each other, there was a noticeable lack of marital intimacy.",気のせいかもしれないが、彼と瓊華が一緒にいる時、互いに恭しい態度を取ってはいたが、夫婦の距離の近さをあまり感じなかった。,"Не знаю, может мне показалось, но когда он стоял рядом с Цюнхуа, хотя они и были вежливы друг с другом, между ними как-то не чувствовалось супружеской близости."
,,,,,,,,,,默认57,,,,而且，他看向我的眼神，也带着一种令人说不上来的怪异。,而且，他看向我的眼神，也帶著一種令人說不上來的怪異。,"Moreover, the way he looked at me carried an indescribable strangeness.",そして彼の私を見る目には、何とも言えない不気味さがあった。,"К тому же, он как-то странно смотрел на меня."
,,,,,,,,,,默认58,,,,……,……,...,……,...
,CharacterOff,,,,,,1.5,,,,,,,,,,,
,HideMessageWindow,,,,,,,,,,,,,,,,,
,CaptureImage,截图,SpriteCamera,背景截图,,,,,,,,,,,,,,
,Bg,封刀3,,,,,,,,,,,,,,,,
,RuleFadeOut,截图,Ink2,,Linear,,1.5,,PageWait,,,,,,,,,
,Wait,,,,,,1,,,,,,,,,,,
,ShowMessageWindow,,,,,,,,,,,,,,,,,
,,,,,,,,,,默认59,,,,五月初二，大多数的东虏之兵已向南京进发。,五月初二，大多數的東虜之兵已向南京出發。,"On the second day of the fifth month, most of the Eastern Barbarians' troops had already marched toward Nanjing.",五月二日、ほとんどの東虜が南京に向かって出発した。,"На второй день пятого месяца большинство ""восточных лу"" покинули город, отправляясь на Нанкин."
,,,,,,,,,,默认60,,,,琼华的公公王将军定于明日整军出发，作为王爷的后军离城。,瓊華的公公王將軍定於明日整軍出發，作為王爺的後軍離城。,"Qionghua's father-in-law, General Wang, was set to mobilize the troops the next day and depart the city as the prince's rear guard.",瓊華の義父である王将軍も明日に軍備を整え、親王のしんがりとしてこの町を去っていく。,Свёкру Цюнхуа генералу Вану приказали мобилизовать войска к завтрашнему дню и покинуть город в качестве арьергарда князя.
,,,,,,,,,,默认61,,,,明日，泠音阁将失去琼华的庇护。,明日，泠音閣將失去瓊華的庇護。,"Tomorrow, <ruby=泠音>Lingyin</ruby> Pavilion would lose Qionghua's protection.",明日になれば泠音閣は瓊華の庇護を失う。,"Завтра ""Мелодичный павильон"" лишится покровительства Цюнхуа."
,,,,,,,,,,默认62,,,,消息传开，阁中难民惶恐不安，他们找到琼华，纷纷跪下磕头，恳求她不要抛下他们。,消息傳開，閣中難民惶恐不安，他們找到瓊華，紛紛跪下磕頭，懇求她不要拋下他們。,"As the news spread, the refugees in the pavilion grew fearful. They sought out Qionghua, kneeling and kowtowing, begging her not to abandon them.",噂はすぐに広まり、泠音閣内の難民たちが恐慌に陥った。そして瓊華を見つけると、跪き頭を垂れ、どうか見捨てないでくれと嘆願する。,"Когда новость разлетелась по павильону, беженцы пришли в смятение. Найдя Цюнхуа, они пали на колени и принялись бить земные поклоны, умоляя её не бросать их на произвол судьбы."
,,,,,,,,,,默认63,,,,琼华温言安抚，说自己已打听清楚——从今日起，城中秩序已逐渐恢复。,瓊華溫言安撫，說自己已打聽清楚——從今日起，城中秩序已逐漸恢復。,"Qionghua reassured them gently, saying she had already inquired—starting today, order in the city was gradually being restored.",瓊華がそれを優しくなだめ、すでに話は聞いていると難民に説明した――今日より町の秩序は徐々に回復していくと。,"Цюнхуа ласково уверяла их, что по её данным, с сегодняшнего дня порядок в городе будет постепенно восстанавливаться."
,,,,,,,,,,默认64,,,,新官已到衙门上任，一些遵纪守法的官兵也会留下来协助官员维持治安，他们会驱逐城内的残兵和盗匪，保障民众的安全。,新官已到衙門上任，一些遵紀守法的官兵也會留下來協助官員維持治安，他們會驅逐城內的殘兵和盜匪，保障民眾的安全。,"A new official had taken office at the Yamen, and some law-abiding Imperial Guards would remain to assist in maintaining public order. They would drive out the remaining stragglers and bandits in the city to ensure the people's safety.",新たな役人が着任し、法を順守する官兵たちも残って治安の維持に協力してくれる。彼らは町に残っていた兵の残党や盗賊を排除し、民の安全を保障してくれるそうだ。,"В управу заступил на службу новый чиновник, а законопослушные правительственные войска останутся и будут поддерживать порядок. Скоро они изгонят разбойников и мародёров, обезопасив народ."
,,,,,,,,,,默认65,,,,此时，正有官兵带着僧人们穿行于街巷，清点并焚烧尸体。,此時，正有官兵帶著僧人們穿行於街巷，清點並焚燒屍體。,"At that moment, Imperial Guards were leading monks through the streets, counting and burning the corpses.",今この時も官兵たちが僧を連れて路地を回り、死体を焚き上げている。,"Сейчас же они водили по улицам монахов, чтобы те подсчитывали и сжигали трупы."
,,,,,,,,,,默认66,,,,等到明日时，至少在官府严加管控的区域，无人再敢随意伤人。,等到明日時，至少在官府嚴加管控的區域，無人再敢隨意傷人。,"By tomorrow, at least in the areas under strict government control, no one would dare to harm others freely.",明日になれば、少なくとも官府の管理が厳しい地域では、むやみに人を傷つける者もいなくなる。,"К завтрашему дню никто уже больше не посмеет безнаказанно вредить другим - по крайней мере, в районах под строгим контролем властей."
,,,,,,,,,,默认67,,,,多数难民在听了琼华的解释后稍感安心，但少数人仍提心吊胆、惴惴不安。,多數難民在聽了瓊華的解釋後稍感安心，但少數人仍提心弔膽、惴惴不安。,"Most refugees felt somewhat reassured after Qionghua's explanation, but a few remained anxious and fearful.",多くの難民が瓊華の説明によって安堵したようだが、僅かな者はそれでも安心できず、おびえていた。,"Большинство беженцев после объяснений Цюнхуа немного успокоилось, но некоторые всё равно были напуганы."
,,,,,,,,,,默认68,,,,他们也不知是从哪听到的消息，竟知道我这几日曾进出泠音阁数次。,他們也不知是從哪聽到的消息，竟知道我這幾日曾進出泠音閣數次。,"Somehow, they had heard the news and knew I’d been in and out of <ruby=泠音>Lingyin</ruby> Pavilion several times these past few days.",どこから聞きつけたのか、私がこの数日泠音閣に出入りしていたことを彼らが知っていた。,"Они каким-то образом узнали, что за эти пару дней я покидал ""Мелодичный павильон"" и возвращался обратно несколько раз."
,,,,,,,,,,默认69,,,,于是，他们凑了一些银两，围住我恳求，希望我能冒险再走出阁去，帮他们打探一些外面的情报。,於是，他們湊了一些銀兩，圍住我懇求，希望我能冒險再走出閣去，幫他們打探一些外面的情報。,"So they pooled some taels, surrounded me, and begged me to risk going out again to gather information for them.",彼らが金を持ち寄り、私を取り囲んできた。そして危険を承知でもう一度泠音閣から外に出て、外の様子を探ってきてほしいと頼まれた。,"Они сложились серебром, окружили меня и стали умолять снова рискнуть и выйти наружу, чтобы собрать для них новости."
,,,,,,,,,,默认70,,,,我淡笑一声，并未推辞。,我淡笑一聲，並未推辭。,I gave a faint laugh and didn’t refuse.,私は軽く笑い、快くそれを請け負った。,"Усмехнувшись, я не стал отказываться."
,,,,,,,,,,默认71,,,,我随手收下他们给的银两，也没收拾行李，和门口的宽脸士兵打了声招呼后便出了门。,我隨手收下他們給的銀兩，也沒收拾行李，和門口的寬臉士兵打了聲招呼後便出了門。,"I pocketed the taels they gave me, didn’t pack, and after nodding to the broad-faced soldier at the gate, I stepped out.",さっと彼らから金を受け取ると、荷物をまとめるまでもなく、門の大きな顔の兵に挨拶をして外に出た。,"Я взял таэли и, не собирая вещей, кивнул широколицему солдату у ворот, после чего вышел из павильона."
,,,,,,,,,,默认72,,,,我接下他们的委托，倒也不是因为我贪图这点银两。,我接下他們的委託，倒也不是因為我貪圖這點銀兩。,"I took their request, not because I coveted those few taels.",彼らの頼みを引き受けたのは、別にこの金欲しさではない。,Я согласился на их просьбу не из-за денег.
,,,,,,,,,,默认73,,,,而是，我确实也想走出去看看。,而是，我確實也想走出去看看。,But because I truly wanted to go out and see for myself.,私自身、外を見たかったのだ。,"А потому, что мне самому хотелось выйти и посмотреть своими глазами."
,,,,,,,,,,默认74,,,,待在泠音阁内，我只觉得百无聊赖。,待在泠音閣內，我只覺得百無聊賴。,"Staying inside <ruby=泠音>Lingyin</ruby> Pavilion, I felt nothing but utter boredom.",泠音閣に閉じこもったままでは、退屈で仕方がない。,"В ""Мелодичном павильоне"" мне было до жути скучно."
,,,,,,,,,,默认75,,,,若是琼华他们走了后，我更不知道要做些什么好。,若是瓊華他們走了後，我更不知道要做些什麼好。,"If Qionghua and the others left, I wouldn’t know what to do with myself.",瓊華たちが行ってしまったら、なおさら何をすればいいのかわからない。,"Если Цюнхуа и другие уйдут, то я даже не буду знать, чем заняться."
,,,,,,,,,,默认76,,,,不如多出去走走，也许能寻到些什么。,不如多出去走走，也許能尋到些什麼。,Perhaps I should go out more—maybe I’d find something worthwhile.,だったら外を散歩でもしていた方がましだ。何か見つけることができるかもしれないし。,"Наверное, мне стоит выходить почаще: может, так я найду что-нибудь интересное."
,,,,,,,,,,默认77,,,,……,……,...,……,...
,CharacterOff,,,,,,1.5,,,,,,,,,,,
,HideMessageWindow,,,,,,,,,,,,,,,,,
,CaptureImage,截图,SpriteCamera,背景截图,,,,,,,,,,,,,,
,Bg,泠音阁南面正门城破夜,,,,,,,,,,,,,,,,
,RuleFadeOut,截图,Ink2,,Linear,,1.5,,PageWait,,,,,,,,,
,Wait,,,,,,1,,,,,,,,,,,
,ShowMessageWindow,,,,,,,,,,,,,,,,,
,,,,,,,,,,默认78,,,,夜幕降临，我走在泠音阁外的街道上。,夜幕降臨，我走在泠音閣外的街道上。,Night fell as I walked along the street outside <ruby=泠音>Lingyin</ruby> Pavilion.,夜が更け、私は泠音閣の外の街道を歩いていた。,"Пока я бродил по улицам снаружи ""Мелодичного павильона"", наступила ночь."
,,,,,,,,,,默认79,,,,远处火光点点，初看时，我以为与前几日并无什么不同，大概是哪个恶兵又在杀人放火。,遠處火光點點，初看時，我以為與前幾日並無什麼不同，大概是哪個惡兵又在殺人放火。,"In the distance, flickering flames dotted the darkness. At first, I assumed it was no different from the past few days—just more rogue soldiers killing and burning.",遠くでぽつりぽつりと炎の光が見えた。初めに見た時は、てっきりこの数日と変わりなく、どこぞの畜生兵がいたずらに殺して火を放ったのだろうと思っていた。,"Вдалеке во тьме мерцали огоньки. Сначала я подумал, что опять началось - очередные солдаты снова принялись убивать и поджигать дома."
,,,,,,,,,,默认80,,,,不过，等我小心翼翼地走近后才发觉，似乎并不是这样。,不過，等我小心翼翼地走近後才發覺，似乎並不是這樣。,"But as I cautiously drew closer, I realized this wasn’t the case.",しかしこっそり近付いて見て見ると、そういうわけでもないようだった。,"Но, осторожно подойдя поближе, я понял, что это было не так."
,,,,,,,,,,默认81,,,,那些着火的，并非是房屋，而是那些死去的城民的尸堆。,那些著火的，並非是房屋，而是那些死去的城民的屍堆。,"What burned weren’t houses, but piles of corpses—the dead townspeople.",炎が燃やしているのは家ではなく、死んだ町の住民の死体だった。,Вместо домов горели кучки трупов местных жителей.
,,,,,,,,,,默认82,,,,那些放火的，也并非是恶兵，而是几个穿着破烂僧袍的秃头僧人，此时正在清点和焚烧尸体。,那些放火的，也並非是惡兵，而是幾個穿著破爛僧袍的禿頭僧人，此時正在清點和焚燒屍體。,"The arsonists were not demon soldiers, but a few bald monks in tattered robes, now tallying and burning corpses.",火をつけたのも畜生兵ではなく、ぼろぼろの僧袍を着た禿げ頭の坊主だった。彼らが死体を数え、火葬にしていたのだ。,"А поджигателями были не яогуаи, а несколько лысых монахов в рваных рясах, которые считали и сжигали тела."
,,,,,,,,,,默认83,,,,东虏恶兵在某些地方确实是如狮驼国的妖兵一模一样。,東虜惡兵在某些地方確實是如獅駝國的妖兵一模一樣。,"In some ways, the Eastern Barbarians' demon soldiers were no different from those of the Lion Camel Kingdom.",東虜の悪兵どもは、ある意味では獅駝国の妖兵とそっくりだ。,"В каком-то смысле эти ""восточные лу"" были действительно похожи на яогуаев из королевства Льва и Верблюда."
,,,,,,,,,,默认84,,,,他们都对佛门有一些敬畏，屠城期间，不少僧人都保全了性命，甚至四肢健全、看着便没受什么伤。,他們都對佛門有一些敬畏，屠城期間，不少僧人都保全了性命，甚至四肢健全、看著便沒受什麼傷。,"They all harbored some reverence for Buddhism. During the massacre, many monks survived unscathed, limbs intact and seemingly unharmed.",連中は仏教に一定の敬意を持っており、虐殺の間も多くの僧が命を保証され、五体満足どころかかすり傷ひとつ受けていないようだった。,"Все они испытывали некоторое уважение к учению Будды. Так что во время резни многие монахи уцелели: они остались совсем невредимыми, с целыми руками и ногами."
,,,,,,,,,,默认85,,,,这不禁让我有些感慨：或许，若是在屠城开始时，便剃了头，再去换一件僧袍——那必定会更容易活下来，,這不禁讓我有些感慨：或許，若是在屠城開始時，便剃了頭，再去換一件僧袍——那必定會更容易活下來，,"This made me ponder: perhaps, had one shaved their head and donned a monk's robe when the massacre began—survival would have come far easier.",そこでなんとも言えない気持ちになる。もしも虐殺が始まってすぐに頭を丸めて僧袍に着替えていれば――もっと簡単に生き延びることができただろう。,"Это заставило меня задуматься: а если бы в самом начале резни я обрил голову и надел рясу, то выжить мне было бы гораздо легче, не так ли?"
,,,,,,,,,,默认86,,,,僧侣的衣服和秃头，大抵比妖兵的盔甲更能保人性命。,僧侶的衣服和禿頭，大抵比妖兵的盔甲更能保人性命。,A monk's robe and shaved head likely preserve life better than a demon soldier's armor.,僧の服と剃った頭の方が、妖兵の鎧よりも命を守れるとは。,"Ряса и бритая голова спасают жизни лучше, чем доспехи."
,,,,,,,,,,默认87,,,,可我又转念一想，屠城之初，剃头的刀并不是那么好找的，僧侣的衣服也并不多。,但我又轉念一想，屠城之初，剃頭的刀並不是那麼好找的，僧侶的衣服也並不多。,"But then I realized - when the city first fell, razors weren't easy to find, and monastic robes were scarce.",しかし振り返ってみると、頭を剃るための剃刀とてそう簡単に手に入らないし、僧袍となるとなおさらだ。,"Но, подумав ещё раз, я понял, что с падением города найти бритву стало нелегко, а рясу - и подавно."
,,,,,,,,,,默认88,,,,更何况，有些人哪怕有了“剃头”的想法，大抵也不愿去做。,更何況，有些人哪怕有了“剃頭”的想法，大抵也不願去做。,"Besides, even those who considered ""shaving their heads"" would likely refuse.",それに「剃髪」という考えがあったところで、普通は実行に移したいと思わないだろう。,"Да и к тому же, даже если бы кому-то и пришла в голову мысль о бритье головы, вряд ли бы он решился сделать это на самом деле."
,,,,,,,,,,默认89,,,,“身体发肤，受之父母。”,“身體髮膚，受之父母。”,"""Our bodies, every hair and inch of skin, are gifts from our parents"".",「身体の全ては、両親からの授かりもの」というやつだ。,"Родители дали детям кожу, волосы, тело - это часть родителей, поэтому нельзя этого лишаться.' <i>(Конфуцианский принцип.)</i>"
,,,,,,,,,,默认90,,,,“剃头”便是对父母的不孝，是对敌人的妥协，依赖“剃头”来苟活，便要背负上长久的屈辱。,“剃頭”便是對父母的不孝，是對敵人的妥協，依賴“剃頭”來苟活，便要背負上長久的屈辱。,"""Head-shaving"" is an act of unfilial conduct toward one's parents and a submission to the enemy. To rely on ""head-shaving"" for mere survival is to shoulder lasting disgrace.",「剃髪」は親に対する不孝であり、敵に対する妥協だ。頭を剃って生き延びようとすれば、その後の一生屈辱を背負って生きていくことになる。,"""Бритьё головы"" - это проявление непочтительности к родителям и знак пресмыкания перед захватчиками. Обривать голову только ради того, чтобы выжить, значит навсегда навлечь на себя позор."
,,,,,,,,,,默认91,,,,……,……,...,……,...
,FadeOut,black,,wipe_left,,,1,,,,,,,,,,,
,Bg,城门战火夜,,,,,0,,,,,,,,,,,
,FadeIn,black,,wipe_right,,,1,,,,,,,,,,,
,,,,,,,,,,默认92,,,,我在街上走着，将城里新发生的这些事记下来，打算将他们转告给泠音阁的众人。,我在街上走著，將城裡新發生的這些事記下來，打算將他們轉告給泠音閣的眾人。,"Walking through the streets, I documented these new city developments to report to <ruby=泠音>Lingyin</ruby> Pavilion's residents.",街を歩きながら、起きた出来事を書き留めていった。泠音閣に戻ってから、皆に見せてやるつもりだ。,"Идя по улицам, я делал заметки о событиях в городе, чтобы потом рассказать их беженцам из ""Мелодичного павильона""."
,,,,,,,,,,默认93,,,,而当我觉得打探的情报差不多足够，打算返回时，竟然看到了一个熟人——,而當我覺得打探地情報差不多足夠，打算返回時，竟然看到了一個熟人——,"Just as I felt I had gathered enough information and was about to leave, I unexpectedly spotted a familiar face—",そして十分な情報が得られたと判断して帰ろうとした時、なんと知り合いの姿を見かけた――,"Когда я решил, что собрал достаточно сведений и уже собирался возращаться, то вдруг заметил знакомое лицо:"
,,,,,,,,,,默认94,,,,是空幻师父。,是空幻師父。,It was Master Konghuan.,空幻和尚だ。,Учитель Кунхуань.
,,空幻,悲伤,,,,0.5,,,默认95,,,,[……],[……],"""...""",「……」,"""..."""
,,,,,,,,,,默认96,,,,他依旧穿着那件破旧的僧袍，立于焚尸的火堆前，拿着纸笔，正在低头记录着什么。,他依舊穿著那件破舊的僧袍，立於焚屍的火堆前，拿著紙筆，正在低頭記錄著什麼。,"He still wore that tattered monk's robe, standing before a cremation pyre, pen in hand, quietly recording something.",相変わらずぼろぼろの僧袍に身を包み、火をくべた亡骸の前でうつむいて紙に何かを書き記している。,"Он всё ещё был в той рваной монашеской рясе, стоял перед погребальным костром и, держа в руке кисть, тихо что-то записывал."
,,方知宥,,,,,,,,默认97,,方知宥/33_方知宥_06,,[空幻大师。],[空幻大師。],"""Master Konghuan.""",「空幻和尚」,"""Великий Учитель Кунхуань."""
,,,,,,,,,,默认98,,,,我走上前，轻声唤他。,我走上前，輕聲喚他。,I approached and called out softly to him.,彼に近付き、声をかけた。,"Подойдя, я тихо окликнул его."
,,空幻,震惊,,,,,,,默认99,,空幻/33_空幻_01,,[施主！您还活着，阿弥陀佛。],[施主！您還活著，阿彌陀佛。],"""Patron! You're still alive—Amitabha Buddha.""",「施主どの！生きておられたか。南無阿弥陀仏」,"""Гоподин мирянин! Вы живы! О Амитабха!"""
,,空幻,微笑,,,,,,,,,,,
,,,,,,,,,,默认100,,,,空幻师父见到我后，先是微微一惊，然后便笑着双手合十，行了一个佛礼。,空幻師父見到我後，先是微微一驚，然後便笑著雙手合十，行了一個佛禮。,"When Master Konghuan saw me, he gave a slight start, then smiled and pressed his palms together in a Buddhist greeting.",空幻和尚は私を見ると少し驚いた様子だったが、すぐに笑顔で両手を合わせ、仏礼を行った。,"Увидев меня, учитель Кунхуань слегка вздрогнул, затем улыбнулся и, сложив ладони, по-буддийски поклонился мне."
,,方知宥,,,,,,,,默认101,,方知宥/33_方知宥_07,,[是啊，还活着……我当初交给你的那个男娃可还好？],[是啊，還活著……我當初交給你的那個男娃可還好？],"""Yes, still alive... How is that boy I entrusted to you back then?""",「ああ、生きている……預けた男の子は元気にしているか？」,"""Ага, жив ещё... Как мальчишка поживает, которого я привёл к Вам?"""
,,空幻,说话,,,,,,,默认102,,空幻/33_空幻_02,,[小施主现住在贫僧家中，由贫僧暂且照料，他身体健康，好得很。],[小施主現住在貧僧家中，由貧僧暫且照料，他身體健康，好得很。],"""The young Patron now stays at this humble monk's home under my temporary care. He is in good health and doing well.""",「幼き施主は貧僧の家でちゃんと預かっている。健康そのもの、元気いっぱいだ」,"""Юный господин мирянин ныне живёт у сего монаха под прилежным призором. Жив он, во здравии добром пребывает и телом крепок."""
,,方知宥,,,,,,,,默认103,,方知宥/33_方知宥_08,,[大师慈悲，善有善报……话说，您这是在这做什么？],[大師慈悲，善有善報……話說，您這是在這做什麼？],"""The Master is compassionate - good deeds bring good rewards... But may I ask what you're doing here?""",「和尚の慈悲、痛み入る。きっと良い報いがあることだろう……ところで、こんな所で何を？」,"""Учитель, Вы так добры. За это Вам непременно воздастся... К слову, а что вы здесь делаете?"""
,,,,,,,,,,默认104,,,,我询问空幻师父。,我詢問空幻師父。,I inquired of Master Konghuan.,空幻和尚にそう訊く私。,Спросил я учителя Кунхуаня.
,,空幻,说话眯眼,,,,,,,默认105,,空幻/33_空幻_03,,[贫僧奉命，正在清点并焚化城中尸骸，超度生灵。],[貧僧奉命，正在清點並焚化城中屍骸，超渡生靈。],"""By order of the Yamen, this humble monk is cataloging and cremating the city's corpses to liberate the departed souls.""",「役場の命により、町の骸を整理して焚き上げている。怨霊とならぬようにな」,"""Повелением казённым, сей монах исчисляет и предаёт огню бренную плоть, чтобы души от уз земных разрешились."""
,,方知宥,,,,,,,,默认106,,方知宥/33_方知宥_09,,[城里……大概死了多少人？],[城裡……大概死了多少人？],"""How many people... died in the city?""",「この町で……何人くらい死んだ？」,"""Сколько людей... вообще погибло в городе?"""
,,空幻,悲伤,,,,,,,默认107,,空幻/33_空幻_04,,[阿弥陀佛，贫僧暂且不知，但听师兄说……估计要有八十万了，这还未算那些投井自尽、或是在城外丧命的……],[阿彌陀佛，貧僧暫且不知，但聽師兄說……估計要有八十萬了，這還未算那些投井自盡、或是在城外喪命的……],"""Amitabha Buddha, this humble monk doesn't know yet, but senior brother estimates... perhaps 800,000, not counting those who drowned themselves in wells or died outside the city...""",「南無阿弥陀仏。それは貧僧とてまだわからぬ。だが師兄いわく……およそ八十万だとか。それも井戸に身を投げ果てた者や、町の外で命を落とした者を含まずだ……」,"""О, Амитабха, сей монах покамест не ведает истины, но ежели следовать словам старшего брата-наставника... около восьмисот тысяч душ, не считая тех, кто топился в колодцах и кто пал за пределами города."""
,,,,,,,,,,默认108,,,,空幻师父的眼眸中蕴含着深沉的悲恸，他叹了一口气，望着火光若有所思。,空幻師父的眼眸中蘊含著深沉的悲慟，他嘆了一口氣，望著火光若有所思。,"Master Konghuan's eyes contained deep sorrow as he sighed, watching the flames pensively.",空幻の瞳には深い悲しみが宿っていた。溜息をつくと、火を見てぼんやりと何かを考え込む。,"Вздохнув, он задумчиво глядел на пламя глазами, наполненными глубокой печалью."
,,方知宥,,,,,,,,默认109,,,,[……],[……],"""...""",「……」,"""..."""
,CharacterOff,,,,,,0.5,,,,,,,
,,,,,,,,,,默认110,,,,我静立在他身旁，与他一同注视那熊熊燃烧的火，以及火中模糊扭曲的尸影。,我靜立在他身旁，與他一同注視那熊熊燃燒的火，以及火中模糊扭曲的屍影。,"I stood quietly beside him, watching together the raging flames and the blurred, twisted silhouettes of corpses within.",私はその場に立ち尽くし、一緒にごうごうと燃える炎と、その中でぼんやりと歪んだ遺体の影を眺めた。,"Я тихо встал рядом с ним, вместе наблюдая за бушующим пламенем и расплывчатыми, искривлёнными силуэтами тел."
,,,,,,,,,,默认111,,,,八十万……,八十萬……,Eight hundred thousand...,八十万……,Восемьсот тысяч...
,,,,,,,,,,默认112,,,,我曾听人说，扬州城原本不过二三十万人，算上周边镇民，至多五六十万人。,我曾聽人說，揚州城原本不過二三十萬人，算上周邊鎮民，至多五六十萬人。,"I once heard Yangzhou originally had only about two to three hundred thousand people—including nearby townsfolk, perhaps five to six hundred thousand at most.",揚州の町にはそもそも二三十万人ほどしかおらず、周辺の住民を合わせてもせいぜい五六十万人ほどだと以前に聞いた。,"Я слышал, что в самом Янчжоу жило около двух-трёхсот тысяч людей - а если считать окрестные поселения, то самое большее - пятьсот-шестьсот тысяч."
,,,,,,,,,,默认113,,,,按理说，哪怕扬州城的人死了十之八九，大抵也没八十万那么多。,按理說，哪怕揚州城的人死了十之八九，大抵也沒八十萬那麼多。,"By all accounts, even if nine-tenths of Yangzhou's population perished, it likely wouldn't reach eight hundred thousand.",だとすれば、いくら揚州の町の八割九割が死に絶えたとしても、八十万という数には及ばない。,"По идее, даже если бы погибло девять десятых населения всего Янчжоу, то вряд ли набралось бы восемьсот тысяч человек."
,,方知宥,,,,,,,,默认114,,,,[……],[……],"""...""",「……」,"""..."""
,,,,,,,,,,默认115,,,,不过，此时此刻，计较这些，并没什么意义。,不過，此時此刻，計較這些，並沒什麼意義。,"Yet now, dwelling on such numbers is meaningless.",しかし今この時、そんなものを数えたところで何の意味もない。,"Однако, в общем-то, неважно, сколько их там на самом деле было."
,,,,,,,,,,默认116,,,,每一条生命，都曾是一个活生生的人。,每一條生命，都曾是一個活生生的人。,"Each life had once been a living, breathing person.",どの命も、生きている人間だったのだ。,"Каждая из этих утраченных жизней когда-то была живым, дышащим человеком."
,,,,,,,,,,默认117,,,,他们都曾有挚友，有父母，有爱人。,他們都曾有摯友，有父母，有愛人。,"They all had dear friends, parents, and beloved ones.",彼らには皆、友人や両親、愛する者がいた。,"У каждого из них были друзья, родители, любимые."
,,,,,,,,,,默认118,,,,他们有所爱之物，有所厌之事，他们所思所想的一切，都如同点点荧光，散发出自己独特的光芒。,他們有所愛之物，有所厭之事，他們所思所想的一切，都如同點點螢光，散發出自己獨特的光芒。,"They cherished some things and despised others; every thought they'd ever held shone like fireflies, each emitting its own unique glow.",彼らが愛するもの、嫌いなこと、彼らの思想の全てが、蛍の光のように点々と彼らの光となって散っていった。,"У них было то, что они любили, и то, что не любили; каждая их мысль была словно светлячок, излучавший свой собственный, неповторимый свет."
,,,,,,,,,,默认119,,,,扬州城的各处，都留有他们曾活过的痕迹。,揚州城的各處，都留有他們曾活過的痕跡。,Every corner of Yangzhou bears traces of their once-lived existence.,揚州のあちこちに、彼らが生きていた痕跡が残っている。,Каждый уголок Янчжоу хранил в себе следы их жизни.
,,,,,,,,,,默认120,,,,青石板路、小桥流水、亭台楼阁……,青石板路、小橋流水、亭台樓閣……,"Cobblestone paths, arched bridges over murmuring streams, pavilions and towers...",青煉瓦の道、小橋と流れる水、亭台に楼閣……,"Дорожки, арочные мосты над журчащими реками, павильоны и башни..."
,,,,,,,,,,默认121,,,,市井小巷、医馆茶馆、私塾当铺……,市井小巷、醫館茶館、私塾當鋪……,"Bustling alley markets, apothecaries and teahouses, village schools and pawnshops...",町の路地、診療所に茶館、塾に屋台……,"Шумные уличные рынки, аптекарские лавки, чайные, частные школы и ломбарды..."
,,,,,,,,,,默认122,,,,这些地方——都曾回响过他们的声音。,這些地方——都曾迴響過他們的聲音。,These places—all once resonated with their voices.,その場所すべてで――彼らの声が響いていた。,Все эти места когда-то были наполнены их голосами.
,,,,,,,,,,默认123,,,,妖兵挥下屠刀，将一切声音斩断，只留下了一声声残呼，一片片死寂。,妖兵揮下屠刀，將一切聲音斬斷，只留下了一聲聲殘呼，一片片死寂。,"The demon soldiers swung their blades, silencing every voice, leaving only broken cries and stretches of deathly quiet.",妖兵の剣の一振りでその声は断たれ、残ったのは悲鳴と、死の静寂だけだ。,"Яогуаи взмахами мечей заставляли навечно замолчать каждый голос, оставляя лишь обрывки криков и гнетущую тишину смерти."
,,,,,,,,,,默认124,,,,哪怕扬州之屠并非死了八十万人，也至少死了三十万人。,哪怕揚州之屠並非死了八十萬人，也至少死了三十萬人。,"Even if the Yangzhou Massacre didn't claim 800,000 lives, at least 300,000 perished.",揚州の虐殺で八十万人は死んでいなくても、少なく見積もって三十万人は死んでいる。,Даже если резня унесла не восемьсот тысяч жизней - всё равно как минимум погибло триста тысяч людей.
,,,,,,,,,,默认125,,,,这并非是“三十万”人死了一次。,這並非是“三十萬”人死了一次。,"This wasn't merely ""300,000"" deaths occurring once.",それは一度に三十万「人」が死んだことを意味しない。,"Это не просто означает, что случилось триста тысяч смертей."
,,,,,,,,,,默认126,,,,而是那一个个鲜活的人，死了“三十万”次。,而是那一個個鮮活的人，死了“三十萬”次。,"But rather, each vibrant life extinguished ""300,000"" times over.",生きている一人一人が、三十万「回」死んだという意味だ。,"Это означает, что триста тысяч раз чья-то яркая, полная впечатлений жизнь была загублена."
,,,,,,,,,,默认127,,,,那些恶兵早已犯下了不可饶恕的罪孽，而那下令的王爷更是罪孽滔天。,那些惡兵早已犯下了不可饒恕的罪孽，而那下令的王爺更是罪孽滔天。,"Those vile soldiers had long committed unforgivable sins, and the prince who gave the orders was guilty of even greater atrocities.",あの悪兵どもは到底許されざる罪を犯した。そしてその命令を下した親王ともなれば、その罪を積み上げれば天にも届く高さになるだろう。,"Эти злобные солдаты совершили непростительные злодеяния - а на князе, отдавшем приказ, лежит вина, поистине вопиющая к Небу."
,,,,,,,,,,默认128,,,,都说，善有善报恶有恶报。,都說，善有善報惡有惡報。,"They say good deeds bring good rewards, and evil deeds bring evil retribution.",誰もがこの世は因果応報と言う。,"Говорят же, что добро возвращается добром, а зло - злом."
,,,,,,,,,,默认129,,,,我希望这些挥下屠刀的人，有一日也会遭到他们应得的报应。,我希望這些揮下屠刀的人，有一日也會遭到他們應得的報應。,I hope those who wielded the butcher’s knife will one day face the punishment they deserve.,この虐殺を行った連中が、いつか相応の報いを受けることを願ってやまない。,"Надеюсь, все те мясники, которые проливали кровь своими мечами, однажды понесут заслуженное наказание."
,,,,,,,,,,默认130,,,,……呵，不过大概很难吧。,……呵，不過大概很難吧。,"...Hah, but that’s unlikely.",……ふっ……だが、難しいだろうな。,"...хех, но я в это слабо верю."
,,,,,,,,,,默认131,,,,多年来的经历、再加上这几日的所见所闻，让我几乎不再相信善恶有报。,多年來的經歷、再加上這幾日的所見所聞，讓我幾乎不再相信善惡有報。,"Years of experience, along with what I’ve witnessed these past few days, have nearly eroded my belief in karmic justice.",長年の経験と、この数日で見聞きしたことで、私はもはや善悪への報いなど信用できなくなっていた。,Годы опыта и увиденное за последние дни почти разрушили мою веру в кармическую справедливость.
,,,,,,,,,,默认132,,,,我见过的那些有理想的、有原则的，倒是一个个死了。,我見過的那些有理想的、有原則的，倒是一個個死了。,Those I knew with ideals and principles—they all died one after another.,私が出会ってきた理想や信念を持つ者は、みな死んでしまった。,"Люди с принципами и моралью, которых я знал, умерли один за другим."
,,,,,,,,,,默认133,,,,而那些无原则的、做恶事的，倒是一个个活得长命百岁。,而那些無原則的、做惡事的，倒是一個個活得長命百歲。,"Yet those without scruples, who commit evil, seem to live long and prosper.",一方で信念もなく悪事を働く連中は、長寿を全うしている。,"А лиходеи, у которых не было никаких принципов и морали, похоже, живут долго и благополучно."
,,,,,,,,,,默认134,,,,若是真有上苍，上苍在何处？,若是真有上蒼，上蒼在何處？,"If Heaven truly exists, where is it?",もしも神がいるなら、どこにいる？,"Если Небо существует, то где оно?"
,,,,,,,,,,默认135,,,,若是真有佛，佛在何处？,若是真有佛，佛在何處？,"If Buddha truly exists, where is he?",もしも仏がいるなら、どこにいる？,"Если Будда существует, то где он?"
,,,,,,,,,,默认136,,,,……,……,...,……,...
,,空幻,说话,,,,,,,默认137,,空幻/33_空幻_05,,[施主。],[施主。],"""Patron.""",「施主どの」,"""Господин мирянин."""
,,,,,,,,,,默认138,,,,正当我立于原地沉思时，空幻师父突然唤了我一声。,正當我立於原地沉思時，空幻師父突然喚了我一聲。,"As I stood there lost in thought, Master Konghuan suddenly called out to me.",つっ立ったまま物思いに耽っていると、空幻和尚の声で我に返った。,"Пока я был погружён в свои мысли, меня вдруг окликнул учитель Кунхуань."
,,方知宥,,,,,,,,默认139,,方知宥/33_方知宥_10,,[怎么了？],[怎麼了？],"""Well?""",「なんだ？」,"""Что такое?"""
,,,,,,,,,,默认140,,,,我疑惑地问。,我疑惑地問。,"I asked, puzzled.",どぎまぎしつつ返事をする。,Озадаченно спросил я.
,,空幻,说话眯眼,,,,,,,默认141,,空幻/33_空幻_06,,[今后您要作何打算？],[今後您要作何打算？],"""What are your plans for the future?""",「これから、どうするつもりだ？」,"""Каковы намерения Ваши на дни грядущие?"""
,,,,,,,,,,默认142,,,,他眯着眼睛，询问着我。,他眯著眼睛，詢問著我。,He squinted while asking.,目を細め、彼がそう訊いた。,"Прищурившись, спросил он меня."
,,方知宥,,,,,,,,默认143,,方知宥/33_方知宥_11,,[不知道，说实话……我不再疯了后，便觉得有些迷茫，今后也不知要做什么好。],[不知道，說實話……我不再瘋了後，便覺得有些迷茫，今後也不知要做什麼好。],"""I don't know, to be honest... Ever since I regained my sanity, I've felt lost. I'm uncertain what to do next.""",「さあ。実は……発作が起きなくなってから、これから何をすればいいのかわからなくて、少し戸惑っている。」,"""Честно? Вообще не представляю... Как только моя хворь прошла, я словно сбился с пути. Даже и не знаю, что делать дальше."""
,,,,,,,,,,默认144,,,,我疑惑地摇了摇头，嘴角勾起了一丝牵强的笑容。,我疑惑地搖了搖頭，嘴角勾起了一絲牽強的笑容。,"I shook my head in confusion, managing a faint smile.",私は困って首を振り、無理やり笑みを作った。,"Растерянно покачав головой, я выдавил слабую улыбку."
,,空幻,说话,,,,,,,默认145,,空幻/33_空幻_07,,[那施主不如出家为僧，遁入空门，成为贫僧的师弟。],[那施主不如出家為僧，遁入空門，成為貧僧的師弟。],"""Then perhaps the Patron should renounce worldly life, take monastic vows, and become this humble monk's junior brother.""",「ならば僧になってはいかがだろうか。法門に身を置き、貧僧の師弟となるのは」,"""Не подобает ли тогда господину мирянину отринуть мирское и принять обет, дабы стать у сего монаха младшим братом по учению?"""
,,方知宥,,,,,,,,默认146,,方知宥/33_方知宥_12,,[大师你……这太突然了，而且之前你不是说了我心不诚，心中无佛……],[大師你……這太突然了，而且之前你不是說了我心不誠，心中無佛……],"""Master, you... this is too sudden. Besides, didn't you say earlier that my heart wasn't sincere, that there was no Buddha in my heart...""",「和尚……藪から棒に。私は誠実さに欠け、心に仏がないと言っていたではないか……」,"""Учитель... это слишком уж внезапно как-то... Да и к тому же, Вы раньше говорили, что без искренности я не смогу принять Будду в своё сердце."""
,,空幻,闭眼,,,,,,,默认147,,空幻/33_空幻_08,,[您现在心中有佛了。],[您現在心中有佛了。],"""Now there is Buddha in your heart.""",「今は、ある」,"""Ныне в Вашем сердце уже пребывает Будда."""
,,方知宥,,,,,,,,默认148,,,,[……],[……],"""...""",「……」,"""..."""
,,,,,,,,,,默认149,,,,我微微一怔，沉思着空幻师父所说的话。,我微微一怔，沉思著空幻師父所說的話。,"I froze momentarily, pondering Master Konghuan's words.",少し意外に思いつつも、空幻和尚の話について考える。,"Я застыл, обдумывая слова учителя Кунхуаня."
,,,,,,,,,,默认150,,,,他说我“心中有佛”是什么意思？,他說我“心中有佛”是什麼意思？,"What did he mean by saying ""there is Buddha in your heart""?",「今は、ある」とはどういう意味だ？,"Что он имел ввиду под словами ""в сердце уже пребывает Будда""?"
,,,,,,,,,,默认151,,,,难道他看出我已解开了曾经未解的心结，可以与过去彻底了断？,難道他看出我已解開了曾經未解的心結，可以與過去徹底了斷？,Could he have seen that I've resolved the lingering knots in my heart and can completely break from the past?,私を縛り付けていた心のわだかまりを解き、過去のしがらみを断ち切ったことを見抜いているのか？,"Мог ли он увидеть, что я смог снять с души тот камень и теперь могу окончательно порвать с прошлым?"
,,,,,,,,,,默认152,,,,还是说我前几日将那名男娃送到他家中，行的这件善事让我有了佛缘？,還是說我前幾日將那名男娃送到他家中，行的這件善事讓我有了佛緣？,Or was it because I took that boy to his home a few days ago - did this act of kindness create a Buddhist connection for me?,それともあの男の子を彼の家に預けたことで、善行を積み、仏縁ができたと言っているのか？,"Или потому, что несколько дней назад я отвёл того мальчика к нему домой? Неужели этот добрый поступок обозначил во мне связь моей судьбы с буддизмом?"
,,,,,,,,,,默认153,,,,我明明不信神佛，甚至刚才还质疑过“佛”的存在，他为何要突然邀我出家呢？,我明明不信神佛，甚至剛才還質疑過“佛”的存在，他為何要突然邀我出家呢？,"I clearly don't believe in gods or Buddhas, and I even questioned ""Buddha's"" existence moments ago. Why would he suddenly invite me to join the monastic life?",私は神仏の類など信じてはいないし、先ほどまで「仏」の存在を疑っていたような輩だ。なにゆえ彼は突然出家を促してきたのだろうか。,"Я же не верю ни в будд, ни в божеств. Ещё пару мгновений назад я сомневался в существовании Будды. С чего бы ему вдруг предлагать мне постриг?"
,,,,,,,,,,默认154,,,,难道说，这就是我的佛缘？,難道說，這就是我的佛緣？,Could this be my karmic bond with Buddhism?,まさか、これが私にとっての仏縁だと言うのか？,Неужели это и есть свидетельство связи моей судьбы с буддийским учением?
,AutoSave
,Selection,*认可空幻，同意出家,,,,,,,,,,,,认可空幻，同意出家,認可空幻，同意出家,Accept Master Konghuan’s guidance and agree to monastic life.,空幻を肯定し、出家に同意する。,Согласиться на предложение учителя Кунхуаня и принять постриг
,Selection,*否定空幻，婉拒出家,,,,,,,,,,,,否定空幻，婉拒出家,否定空幻，婉拒出家,Refuse Master Konghuan and decline ordination politely.,空幻を否定し、出家を断る。,Вежливо отказаться от предложения учителя Кунхуаня
,*认可空幻，同意出家
,Jump,*map_commonEnd_3
,*否定空幻，婉拒出家
,,方知宥,,,,,,,,默认155,,方知宥/33_方知宥_13,,[罢了，大师，我还是不能出家。],[罷了，大師，我還是不能出家。],"""Forgive me, Master, but I cannot renounce the world.""",「いや、遠慮しておくよ和尚。やはり出家はできない」,"""Простите, Великий Учитель, но я всё же не могу отказаться от мирской жизни."""
,,,,,,,,,,默认156,,,,我略作沉思后，婉拒了空幻师父。,我略作沉思後，婉拒了空幻師父。,"After brief reflection, I gently refused Master Konghuan.",少し考え、空幻和尚の誘いを断った。,"Немного подумав, я вежливо отказался."
,,空幻,说话,,,,,,,默认157,,空幻/33_空幻_09,,[为何？],[為何？],"""Why?""",「何故だ？」,"""Почему?"""
,,,,,,,,,,默认158,,,,空幻师父似乎并不意外。,空幻師父似乎並不意外。,Master Konghuan seemed unsurprised.,だが空幻はあまり意外そうではなかった。,"Похоже, что учитель Кунхуань был не удивлён."
,,,,,,,,,,默认159,,,,他只是冷静地望着我，等待着我的答案。,他只是冷靜地望著我，等待著我的答案。,"He simply watched me calmly, awaiting my reply.",ただ静かに私を見つめ、答えを待っている。,"Он просто спокойно смотрел на меня, ожидая ответа."
,,方知宥,,,,,,,,默认160,,方知宥/33_方知宥_14,,[我仍有凡心，在红尘之中仍有牵挂。],[我仍有凡心，在紅塵之中仍有牽掛。],"""My heart remains tied to worldly concerns—I still have attachments in this life.""",「私の心にはまだ煩悩があり、俗世への未練があるからだ」,"""Моё сердце всё ещё связано мирскими делами - у меня ещё есть привязанности в этой жизни."""
,,,,,,,,,,默认161,,,,我坦诚答出了心中所想。,我坦誠答出了心中所想。,"I answered truthfully, voicing my thoughts.",誠実に、正直に、胸の内を打ち明けた。,"Честно ответил я, изливая свои мысли."
,,,,,,,,,,默认162,,,,是啊。,是啊。,Yeah.,そうだ。,Да.
,,,,,,,,,,默认163,,,,估计还得再过个几十年，我或许才能有出家为僧的想法。,估計還得再過個幾十年，我或許才能有出家為僧的想法。,I estimate it will take several more decades before I might consider becoming a monk.,おそらくあと数十年は生きないと、出家して僧になるつもりはないだろう。,"Думаю, пройдёт ещё несколько десятилетий, прежде чем я смогу задуматься о постриге."
,,,,,,,,,,默认164,,,,虽说如今雁儿姐已不在人世，我不会再逛那些风月之地，甚至不会再娶妻——可以说此生大概都会不近女色。,雖說如今雁兒姐已不在人世，我不會再逛那些風月之地，甚至不會再娶妻——可以說此生大概都會不近女色。,"Though <ruby=Swan Goose>Sister Yan</ruby> is no longer in this world, I no longer visit those pleasure quarters, nor will I marry—one could say I'll likely stay away from women for the rest of my life.",雁姉はもうこの世にはいないし、色町に繰り出すつもりもない。まして妻を娶るつもりもない――おそらくこの先の人生で女と関わることはないだろう。,"Сестрички Лебёдушки больше нет, я больше не хожу в кварталы красных фонарей, да и жениться я тоже не собираюсь - можно сказать, что, скорее всего, я буду держаться подальше от женщин до конца жизни."
,,,,,,,,,,默认165,,,,但是，我还想继续喝酒吃肉，还想继续写书。,但是，我還想繼續喝酒吃肉，還想繼續寫書。,"But I still want to keep drinking and eating meat, and I still want to keep writing books.",しかし、まだ酒は飲みたいし肉も食いたい。本の続きも書きたい。,"Но я всё ещё хочу есть мясо и выпивать, а так же продолжить писать книги."
,,,,,,,,,,默认166,,,,我还放不下这俗世，至少如今是这样。,我還放不下這俗世，至少如今是這樣。,"I can't let go of this secular world yet, at least not now.",まだ俗世を捨てきれていないのだ。少なくとも、今は。,"Рано мне ещё отказываться от мирской жизни - по крайней мере, пока что."
,,空幻,无奈,,,,,,,默认167,,空幻/33_空幻_10,,[唉，看来施主佛缘未至……那请您今后多保重，若是有一日想出家，可以再来找贫僧。],[唉，看來施主佛緣未至……那請您今後多保重，若是有一日想出家，可以再來找貧僧。],"""Ah, it seems the Patron's karmic connection with Buddhism has not yet arrived... Then I wish you good health. If one day you wish to renounce the world, you may come find this humble monk again.""",「やれやれ、施主どのはまだ仏縁が熟していないと見える……なれば、どうか自愛するよう。いつか出家したくなったら、また貧僧を尋ねるといい」,"""Видно, связь Вашей судьбы с учением Будды ещё не обозначилась, господин мирянин... Тогда желаю Вам беречь себя в дальнейшем. И коли пожелаете отринуть сей мир - отыщите сего монаха."""
,,方知宥,,,,,,,,默认168,,方知宥/33_方知宥_15,,[好，到时候一定去找您，您也多保重。],[好，到時候一定去找您，您也多保重。],"""Alright, I’ll definitely come find you then. Take care as well.""",「ああ、その時は必ず。和尚もお元気で」,"""Ага, обязательно найду вас тогда. Берегите себя."""
,,,,,,,,,,默认169,,,,我礼貌地对空幻师父说道。,我禮貌地對空幻師父說道。,I addressed Master Konghuan politely.,礼節をもって空幻和尚にそう挨拶した。,Вежливо ответил я учителю Кунхуаню.
,,,,,,,,,,默认170,,,,说到最后一句时，同时向他行了一个佛礼。,說道最後一句時，同時向他行了一個佛禮。,"With the last words, I also offered him a Buddhist rite.",言い終わると同時に、彼に向かって仏礼を返す。,"Сказав это, я поклонился ему по-буддийски."
,CharacterOff,,,,,,0.5,,,,,,,
,,方知宥,,,,,,,,默认171,,,,[……],[……],"""...""",「……」,"""..."""
,,,,,,,,,,默认172,,,,或许空幻师父说得对。,或許空幻師父說得對。,Perhaps Master Konghuan was right.,もしかしたら、空幻和尚の言う通りなのかもしれない。,"Наверное, он был прав."
,,,,,,,,,,默认173,,,,如今我的心中，多少是有了一些佛心。,如今我的心中，多少是有了一些佛心。,"Now, a touch of Buddhist compassion has taken root in my heart.",今の私の心には、少なからず仏心が芽生えている。,Ныне в моём сердце в той или иной степени уже появились ростки буддийского сострадания.
,,,,,,,,,,默认174,,,,……,……,...,……,...
,FadeOut,black,,wipe_left,,,1,,,,,,,,,,,
,Bg,青楼中庭破败夜,,,,,0,,,,,,,,,,,
,FadeIn,black,,wipe_right,,,1,,,,,,,,,,,
,,,,,,,,,,默认175,,,,辞别空幻师父后，我又在城中转了片刻，才回到泠音阁。,辭別空幻師父後，我又在城中轉了片刻，才回到泠音閣。,"After saying goodbye to Master Konghuan, I lingered in the city awhile before returning to <ruby=泠音>Lingyin</ruby> Pavilion.",空幻和尚と別れた後、私はもう少しだけ町をぶらぶらしてから泠音閣に帰ってきた。,"Попрощавшись с учителем Кунхуанем, я ещё немного побродил по городу, после чего вернулся в ""Мелодичный павильон""."
,,,,,,,,,,默认176,,,,将所见所闻告知那些惶惶不安的难民后，我已身心俱疲，便回到小间沉沉睡去了。,將所見所聞告知那些惶惶不安的難民後，我已身心俱疲，便回到小間沉沉睡去了。,"After recounting my experiences to the uneasy refugees, I was drained and retreated to my small room to sleep.",不安に駆られた難民たちに見聞きしたことを伝えると、私は心身ともに疲れ果て、小間に戻って死んだように眠った。,"Рассказав встревоженным беженцам о том, что видел, я почувствовал, что совсем выбился из сил, и ушёл спать в свою комнатку."
,,,,,,,,,,默认177,,,,……,……,...,……,...
,,,,,,,,,,默认178,,,,第二天清晨，五月初三，天光未亮，我便被一阵喧闹的声音吵醒了。,第二天清晨，五月初三，天光未亮，我便被一陣喧鬧的聲音吵醒了。,"At dawn the next day, the third of the fifth month, I was roused by a clamor before daybreak.",翌日の早朝、五月三日。夜も明けぬうちに、騒がしい物音で目が覚めた。,"На следующий день, третий день пятого месяца, меня разбудил какой-то шум ещё перед рассветом."
,,,,,,,,,,默认179,,,,我推门而出，发现阁中各处都挤满了人，住在阁里的城民们都早起了，似乎是赶着去给某人送行。,我推門而出，發現閣中各處都擠滿了人，住在閣裡的城民們都早起了，似乎是趕著去給某人送行。,"I stepped outside to find the pavilion packed—the townsfolk had risen early, as if to bid someone farewell.",扉を開けて出てみると、泠音閣のあちこちに人だかりができていた。誰かを送り出すために、ここの住民たちが早起きをしたようだ。,"Выйдя из комнатки, я увидел, что павильон был переполнен - люди встали пораньше, чтобы кого-то проводить."
,,,,,,,,,,默认180,,,,我打听了一番才知道——,我打聽了一番才知道——,I asked around before learning—,聞き込みをして知ったが――,Я расспросил людей и узнал...
,,,,,,,,,,默认181,,,,王将军的部队即将出城，此时正在整队。,王將軍的部隊即將出城，此時正在整隊。,General Wang's troops were preparing to leave the city and were currently assembling.,王将軍の部隊が間もなく町を出発するために整列していた。,Генерал Ван и его войска собираются покинуть город и сейчас выстраиваются в строй.
,,,,,,,,,,默认182,,,,我挤过人群，来到泠音阁外的街道上，也看到了他们的阵列——,我擠過人群，來到泠音閣外的街道上，也看到了他們的陣列——,"I pushed through the crowd and reached the street outside <ruby=泠音>Lingyin</ruby> Pavilion, where I saw their formation—",人ごみを押しのけて泠音閣の外の街道に出ると、彼らの隊列が見えた――,"Протолкнувшись сквозь толпу, я вышел на улицу перед ""Мелодичным павильоном"", где увидел их построение:"
,,,,,,,,,,默认183,,,,王将军的士兵们军容整肃，他们停驻在街道上，等待着行军的命令。这些士兵虽然与之前屠城的恶兵装扮类似，气质却截然不同。,王將軍的士兵們軍容整肅，他們停駐在街道上，等待著行軍的命令。這些士兵雖然與之前屠城的惡兵裝扮類似，氣質卻截然不同。,"General Wang's soldiers stood in solemn formation along the street, awaiting marching orders. Though these soldiers wore uniforms similar to the brutal troops who had massacred the city, their bearing was entirely different.",王将軍の兵士の隊列は整然と街道に駐屯し、行軍の命令を待っている。町を虐殺して回っていた妖兵たちと恰好こそ似ているものの、雰囲気は全く異なっていた。,"Солдаты генерала Вана стояли в строгой шеренге, ожидая приказа. Их броня хоть и была похожа на броню тех мясников, устроивших резню в городе, поведение их было совсем иным."
,,,,,,,,,,默认184,,,,俊朗的王小将军牵着马，倚靠在泠音阁附近的一棵树下。,俊朗的王小將軍牽著馬，倚靠在泠音閣附近的一棵樹下。,"The dashing Little General Wang leaned against a tree near <ruby=泠音>Lingyin</ruby> Pavilion, holding his horse's reins.",美形の王小将軍が馬を引き、泠音閣の傍の木の下にもたれかかっている。,"Генерал Ван-младший облокотился на дерево около павильона, держа поводья лошади."
,,,,,,,,,,默认185,,,,琼华则在泠音阁门前的位置，与阁中难民一一做着最后的告别。,瓊華則在泠音閣門前的位置，與閣中難民一一做著最後的告別。,"Meanwhile, Qionghua stood at <ruby=泠音>Lingyin</ruby> Pavilion's entrance, bidding final farewells to each refugee inside.",瓊華は泠音閣の門の前で、店内の難民と――最後の別れの挨拶を交わしていた。,"В это время Цюнхуа стояла у входа в павильон, прощаясь с каждым беженцем."
,,,,,,,,,,默认186,,,,我静静地在旁边望了一会儿后，琼华注意到了我，便招了招手，示意我上前。,我靜靜地在旁邊望了一會後，瓊華注意到了我，便招了招手，示意我上前。,"After standing quietly and watching for a while, Qionghua noticed me and waved, gesturing for me to come forward.",私が傍でその様子を静かに眺めていると、瓊華がこちらに気付き、近付いてくるよう手をこまねいた。,"Я постоял какое-то время и понаблюдал за ними. Тут Цюнхуа, увидев меня, помахала рукой, подзывая к себе."
,,,,,,,,,,默认187,,,,我在小兵的指引下穿过人群，走到了她的面前。,我在小兵的指引下穿過人群，走到了她的面前。,"Guided by the soldier, I wove through the crowd and stopped in front of her.",兵卒の案内で人ごみを抜け、彼女の前に立つ。,"Солдат провёл меня через толпу, и я встал перед ней."
,,方知宥,,,,,,,,默认188,,方知宥/33_方知宥_16,,[琼华姐，你们这是要走了？],[瓊華姐，你們這是要走了？],"""Sister Qionghua, are you leaving?""",「瓊華、もう行くのか？」,"""Сестричка Цюнхуа, ты уходишь?"""
,,,,,,,,,,默认189,,,,我轻声问道。,我輕聲問道。,I asked softly.,そう尋ねる私。,Тихо спросил я.
,,大琼华,思考,,,,,,,,,,,
,Wait,,,,,,0.7,,,,,,,
,,大琼华,自责,,,,,,,默认190,,琼华/33_琼华_01,,[嗯，公公那边催得急，我们一早便要动身……知宥，你之前的病现在可好了？],[嗯，公公那邊催得急，我們一早便要動身……知宥，你之前的病現在可好了？],"""Yes, Father-in-law is pressing us to hurry. We must depart at dawn... Zhiyou, have you recovered from your illness?""",「はい。父に急かされて、一刻も早く行かないと……知宥、病気の方はどうですか？」,"""Да, свёкр торопит нас. Мы уйдём на рассвете... Чжию, ты оправился от своей хвори?"""
,,,,,,,,,,默认191,,,,琼华先是回答了我的问题，继而关切地向我问道。,瓊華先是回答了的問題，繼而關切地向我問道。,"Qionghua answered first, then turned to me with concern.",ひとまず私の質問に答えると、続けて心配そうにそう尋ねてきた。,"Ответив мне, заботливо спросила меня она."
,,方知宥,,,,,,,,默认192,,方知宥/33_方知宥_17,,[几乎好了。],[幾乎好了。],"""Almost fully recovered.""",「ほぼ治ったよ」,"""В целом да."""
,,大琼华,通常,,,,,,,默认193,,琼华/33_琼华_02,,[那就好……哦，知宥，有件事想问你。],[那就好……哦，知宥，有件事想問你。],"""Good... Oh, Zhiyou, there’s something I wanted to ask you.""",「そう、それはよかった……あっ、知宥。一つ聞きたいことが」,"""Хорошо... О, Чжию, я хотела тебя спросить кое о чём."""
,,方知宥,,,,,,,,默认194,,方知宥/33_方知宥_18,,[什么事？],[什麼事？],"""What is it?""",「なんだい？」,"""О чём же?"""
,,大琼华,,,,,,,,默认195,,琼华/33_琼华_03,,[你要不要跟我们走？],[你要不要跟我們走？],"""Would you like to come with us?""",「わたくしと一緒に行きませんか？」,"""Хочешь пойти с нами?"""
,,方知宥,,,,,,,,默认196,,,,[……],[……],"""...""",「……」,"""..."""
,,,,,,,,,,默认197,,,,我一时怔住，没想到她竟然会对我发起邀请。,我一時怔住，沒想到她竟然會對我發起邀請。,"I froze for a moment, never expecting her to invite me.",呆気にとられた。まさか、彼女の方から誘いをかけてくるとは。,"Я на мгновение остолбенел, не ожидая, что она обратится ко мне с таким предложением."
,,大琼华,通常,,,,,,,默认198,,琼华/33_琼华_04,,[你出门的时候，我丈夫向我问起你，他听说你是秀才，办事利落，便生了爱才之心。],[你出門的時候，我丈夫向我問起你，他聽說你是秀才，辦事俐落，便生了愛才之心。],"""When you left earlier, my husband asked about you. Hearing you were a Scholar and efficient, he took a liking to your talent.""",「知宥が外出している間に、夫にあなたのことを聞かれたんです。あなたが秀才で機転が利くため、その才を捨て置くには惜しいと」,"""Когда ты ушёл, муж спросил про тебя. Он слышал, что ты учёный и толковый человек, и не желает упускать человека с твоими способностями."""
,,大琼华,通常,,,,,,,默认199,,琼华/33_琼华_05,,[他身边虽不缺人，但多是粗人……不知你是否愿跟在他身边做个幕僚？],[他身邊雖不缺人，但多是粗人……不知你是否願跟在他身邊做個幕僚？],"""Though he has no shortage of men around him, most are rough types... Would you be willing to serve as his advisor?""",「人材が不足しているわけではないですが、荒っぽい方が多いのも事実……彼らの参謀として知宥が仕えるかどうかは、知宥次第です」,"""Хотя у него и так хватает людей, но большинство из них - тугодумные вояки... Не хотел бы ты стать его советником?"""
,,,,,,,,,,默认200,,,,琼华说罢，含笑望着我。,瓊華說罷，含笑望著我。,Qionghua smiled at me after speaking.,瓊華はそこまで言い終えると、微笑んで私の方を見た。,Сказала мне Цюнхуа с улыбкой.
,CharacterOff,,,,,,0.5,,,,,,,
,,,,,,,,,,默认201,,,,我抬眼看向远处树下的王小将军。,我抬眼看向遠處樹下的王小將軍。,I glanced up at Little General Wang under the distant tree.,向こうの木の下に佇んでいる王小将軍の方をちらりと見る。,Я взглянул на генерала Вана-младшего у дерева вдалеке.
,,,,,,,,,,默认202,,,,此时，他正随意地依靠在树下，抱着双臂，朝我扬唇一笑，大方而友好。,此時，他正隨意地依靠在樹下，抱著雙臂，朝我揚唇一笑，大方而友好。,"He was leaning casually against the tree, arms crossed, flashing me a warm, friendly smile.",彼はゆったりと木にもたれかかったまま、腕を組んで私に微笑みかけた。なんとも大らかで気さくな方だ。,"Небрежно облокотившись на дерево, он, скрестив руки, одарил меня тёплой, дружелюбной улыбкой."
,,方知宥,,,,,,,,默认203,,,,[……],[……],"""...""",「……」,"""..."""
,,,,,,,,,,默认204,,,,琼华是善良之人，王家父子虽是在东虏的阵营之中，但也称得上是乱世中少有的好人。,瓊華是善良之人，王家父子雖是在東虜的陣營之中，但也稱得上是亂世中少有的好人。,"Qionghua is a kind soul. Though the Wang father and son belong to the Eastern Barbarians' camp, they are still among the rare decent men in these chaotic times.",瓊華は心優しい人物だ。王家の親子も東虜側の陣営とはいえ、この乱世では数少ない善人と言える。,"Цюнхуа - хороший человек. Её свёкр и муж, хоть и на стороне ""восточных лу"", всё же принадлежат к небольшому числу добрых людей в эти смутные времена."
,,,,,,,,,,默认205,,,,跟随他们，或许能得一隅安稳，可战场无情，或许远离纷争才是长久之计……,跟隨他們，或許能得一隅安穩，可戰場無情，或許遠離紛爭才是長久之計……,"Following them might grant a sliver of safety, but the battlefield is ruthless—perhaps distancing oneself from the strife is the wiser long-term choice...",彼らについていけば一時の安穏は得られるかもしれない。しかし戦場は無常だ。長生きしたければ、争いから避けるのもまた一計……,"Если я присоединюсь к ним, то получу какую-никакую безопасность. С другой стороны, война ошибок не прощает - в долгой перспективе, возможно, разумнее будет держаться от всего этого подальше..."
,,,,,,,,,,默认206,,,,而且，他们再好……也是东虏的人，是那“金翅大鹏王”的属下——,而且，他們再好……也是東虜的人，是那“金翅大鵬王”的屬下——,"And yet, no matter how good they are... they remain part of the Eastern Barbarians, followers of the ""Golden Eagle King""—",それに彼らがどれだけ良い人であろうと……東虜の者、つまり「金翼鵬王」の配下であることには変わりない――,"К тому же, какими бы хорошими они ни были... они - на стороне ""восточных лу"", под началом ""Великого Златокрылого Кондора""."
,,,,,,,,,,默认207,,,,那……我该不该随他们离去呢？,那……我該不該隨他們離去呢？,So... should I leave with them or not?,さて……私は彼らについていくべきなのだろうか？,Так... стоит ли мне присоединяться к ним?
,Selection,*留在城里,,,,,,,,,,,,留在城里,留在城裡,Stay in the city,町に残る,Остаться в городе
,Selection,*跟他们走,,,,,,,,,,,,跟他们走,跟他們走,Go with them,彼らと共に行く,Присоединиться к ним
,*留在城里
,FadeOut,black,,,,,1,,,,,,,,,,,
,Jump,*记-第十八回三
,*跟他们走
,,,,,,,,,,默认208,,,,自得知雁儿姐逝去的真相后，我仿佛失去了方向。,自得知雁兒姐逝去的真相後，我彷彿失去了方向。,"Since learning the truth about <ruby=Swan Goose>Sister Yan</ruby>'s death, I've felt as though I lost my way.",雁姉の死の真相を知ってから、私は進むべき道が見えなくなってしまった。,"С тех пор как я узнал правду о смерти сестрички Лебёдушки, я словно сбился с пути."
,,,,,,,,,,默认209,,,,小雁儿不再出现了，疯病也好了。,小雁兒不再出現了，瘋病也好了。,"Little Yan no longer appears, and the madness has subsided.",小雁も二度と現れなくなり、この奇病も治ってしまった。,Лебёдушка больше не появляется и моя хворь отступила.
,,,,,,,,,,默认210,,,,琼华与王将军一家，在这浊世中如清流般难得。,瓊華與王將軍一家，在這濁世中如清流般難得。,Qionghua and General Wang's family are like a rare clear stream in this turbid world.,瓊華と王将軍の一家は、この澱んだ世の中で、清流のように清らかで希少な存在だ。,Цюнхуа и семья генерала Вана - как глоток свежего воздуха в этом удушающем мире.
,,,,,,,,,,默认211,,,,跟随他们，或许能让我寻到新的寄托。,跟隨他們，或許能讓我尋到新的寄託。,Following them might help me find new purpose.,彼らについていけば、あるいは新たな寄る辺を見つけられるかもしれない。,"Если я присоединюсь к ним, возможно, у меня появится цель в жизни."
,,,,,,,,,,默认212,,,,这确实是一个好的选择。,這確實是一個好的選擇。,This is indeed a good choice.,良い選択だと確信が持てる。,"Да, это будет хорошим выбором."
,,方知宥,,,,,,,,默认213,,方知宥/33_方知宥_19,,[多谢琼华姐好意，我愿意随你们走。],[多謝瓊華姐好意，我願意隨你們走。],"""Thank you for your kindness, Sister Qionghua. I'd like to go with you.""",「気を使ってくれてありがとう、瓊華。喜んで君たちと共に行こう」,"""Сестричка Цюнхуа, спасибо за твою доброту. Я согласен."""
,,,,,,,,,,默认214,,,,我略做考虑后，淡笑一声，向琼华姐说出了我的答复。,我略作考慮後，淡笑一聲，向瓊華姐說出了我的答覆。,"After brief consideration, I gave a faint smile and told Sister Qionghua my answer.",少し考えた後、私はからりと笑い、瓊華にそう答えた。,"Немного подумав, я улыбнулся и ответил Цюнхуа."
,,大琼华,,,,,,,,默认215,,琼华/33_琼华_06,,[太好了……那你得快些收拾行李了，我们即刻便要出发。],[太好了……那你得快些收拾行李了，我們即刻便要出發。],"""Wonderful... Then you must pack quickly. We'll be leaving at once.""",「よかった……では急いで荷物をまとめてください。もうすぐ出発ですから」,"""Отлично... тогда быстрей собирай вещи. Мы скоро уходим."""
,,方知宥,,,,,,,,默认216,,方知宥/33_方知宥_20,,[不必，我没什么行李，直接跟你们走吧。],[不必，我沒什麼行李，直接跟你們走吧。],"""No need, I don't have much luggage. I'll just go with you directly.""",「その必要はない。特に荷物もないし、このまま一緒について行こう」,"""В этом нет нужды - вещей-то у меня нет. Я так пойду."""
,,,,,,,,,,默认217,,,,我豁达地笑了笑。,我豁達地笑了笑。,I smiled with resignation.,はははと笑う私。,Я добродушно улыбнулся.
,,,,,,,,,,默认218,,,,我确实没什么值得去整理或是找寻的东西。,我確實沒什麼值得去整理或是找尋的東西。,I truly have nothing worth sorting or searching for.,事実、整理したり探すほどの価値のあるものなど持っていない。,У меня и правда не было никаких вещей.
,,,,,,,,,,默认219,,,,我那方院多半早就被焚毁了，至于里面的藏书估计也已经化作了灰烬。,我那方院多半早就被焚毀了，至於裡面的藏書大概也已經化作了灰燼。,"My Fang's Courtyard was likely burned down long ago, and the books inside have probably turned to ashes.",方院のほとんどは焼け落ちてしまったし、その中にあった蔵書もどうせ灰の山になってしまっていることだろう。,"Двор семьи Фан, скорее всего, давно уже сожгли, а книги, хранившиеся в нём, стали пеплом."
,,,,,,,,,,默认220,,,,哪怕那些东西还在，对如今的我来说，大概也是不太重要的身外之物。,哪怕那些東西還在，對如今的我來說，大概也是不太重要的身外之物。,"Even if those things still existed, they'd probably mean little to me now.",たとえ残っていたとしても、今の私にとっては無用の長物だ。,А если и не стали - то сейчас они мне в любом случае не особенно важны.
,,,,,,,,,,默认221,,,,我想要重新开始。,我想要重新開始。,I want to start anew.,とにかく、私は新たな始まりを迎えたかった。,Я хочу начать всё заново.
,,方知宥,,,,,,,,默认222,,,,[……],[……],"""...""",「……」,"""..."""
,,,,,,,,,,默认223,,,,哦，不过话说……,哦，不過話說……,"Oh, but speaking of which...",おっと、そういえば……,"А, кстати..."
,,,,,,,,,,默认224,,,,城破第一日时，我曾把一名恶兵关到了方院的左屋，也不知他如今是生是死？,城破第一日時，我曾把一名惡兵關到了方院的左屋，也不知他如今是生是死？,"On the first day the city fell, I locked a vicious soldier in the Left Chamber of Fang's Courtyard. Who knows if he's alive or dead now?",町が落とされた最初の日、方院の左の傍屋に妖兵を閉じ込めたが、今頃生きているのだろうか？,"Ещё в день падения города я же запер того злобного солдата в левом флигеле у себя дома. Интересно, жив ли он?"
,,,,,,,,,,默认225,,,,嘶……若是他活下来，日后相逢，恐怕饶不过我。,嘶……若是他活下來，日後相逢，恐怕饒不過我。,"Hiss... If he survived, he'd probably not spare me if we met again.",やれやれ……もしも生きていたら、いつか再会した時、きっと容赦ないだろうな。,"Чёрт... Если он выжил, то вряд ли оставит меня в живых, если мы вдруг когда-нибудь встретимся."
,,,,,,,,,,默认226,,,,但愿那时王家愿意保他们的这个幕僚吧！,但願那時王家願意保他們的這個幕僚吧！,Let us hope the Wang family would be willing to protect their advisor then!,そうなったら、王家がこの幕僚を保護してくれることを祈るばかりだ。,"Надеюсь, при такой оказии семья генерала Вана защитит своего советника!"
,,,,,,,,,,默认227,,,,……,……,...,……,...
,FadeOut,black,,,,,1,,,,,,,,,,,
,BgEvent,琼华离去0,,,,,,,,,,,,
,Wait,,,,,,2,,,,,,,
,CharacterOff,,,,,,,,,,,,,
,FadeIn,black,,,,,1,,,,,,,,,,,
,Bgm,繁华落尽,,,,0.2,2,,,,,,,,,,,
,CharacterOff,,,,,,1.5,,,,,,,,,,,
,HideMessageWindow,,,,,,,,,,,,,,,,,
,CaptureImage,截图,SpriteCamera,背景截图,,,,,,,,,,,,,,
,Bg,琼华离去1,,,,,,,,,,,,,,,,
,RuleFadeOut,截图,FadeCircle,,Linear,,1.5,,PageWait,,,,,,,,,
,Wait,,,,,,1,,,,,,,,,,,
,ShowMessageWindow,,,,,,,,,,,,,,,,,
,,,,,,,,,,默认228,,,,半个时辰后，王将军的部队终于启程，我亦随军而行。,半個時辰後，王將軍的部隊終於啟程，我亦隨軍而行。,"An hour later, General Wang's troops finally set out, and I marched with them.",半刻ほど後、ようやく王将軍の部隊が出発を開始し、私も彼らに同行することになった。,Через пол-стражи войска наконец-то двинулись - и я последовал вместе с ними.
,,,,,,,,,,默认229,,,,“善有善报，恶有恶报。”,“善有善報，惡有惡報。”,"""Good begets good, and evil begets evil"".",「善には善の報いを、悪には悪の報いを」,"Добро возвращается добром, зло - злом'"
,,,,,,,,,,默认230,,,,这几日，我几乎都要不相信这句话了。,這幾日，我幾乎都要不相信這句話了。,"These past few days, I had nearly lost faith in those words.",この数日で、私はほとんどその言葉を信じなくなっていた。,За эти несколько дней я почти утратил веру в эти слова.
,,,,,,,,,,默认231,,,,可出城的那一刻，却让我对这句话，多了几分相信。,可出城的那一刻，卻讓我對這句話，多了幾分相信。,"But the moment we left the city, my belief in them grew slightly stronger.",だが町を出る時は、その言葉が少しだけ信じられるようになっていた。,"Но когда мы покинули город, моя вера в них немного укрепилась."
,,,,,,,,,,默认232,,,,王将军的部队离开泠音阁后，那些曾被他们救下的人，都在道路的两旁送行。,王將軍的部隊離開泠音閣後，那些曾被他們救下的人，都在道路的兩旁送行。,"After General Wang's troops departed from <ruby=泠音>Lingyin</ruby> Pavilion, the people they had saved lined the roadside to bid them farewell.",王将軍の部隊が泠音閣を出発すると、彼らに救われた者たちが道の両脇で見送ってくれた。,"После того как войска генерала Вана покинули ""Мелодичный павильон"", спасённые ими люди выстроились вдоль дороги, чтобы проводить их."
,,,,,,,,,,默认233,,,,有些人踮脚远望，有些人掩面哭泣，有些人磕头重谢。,有些人踮腳遠望，有些人掩面哭泣，有些人磕頭重謝。,"Some stood on tiptoe to watch them leave, others hid their faces and wept, while a few knelt and kowtowed in gratitude.",ある者はつま先立ちになって眺め、ある者は顔を覆って泣き、ある者は深く頭を下げて礼を述べた。,"Кто-то стоял на носочках, желая увидеть их, другие, закрыв лица, плакали, а некоторые падали на колени и били земные поклоны в благодарности."
,,,,,,,,,,默认234,,,,而更多的人，只是睁大双眼，眼眶湿润，静默地望着军队一点点远去。,而更多的人，只是睜大雙眼，眼眶濕潤，靜默地望著軍隊一點點遠去。,"Yet more people simply stared wide-eyed, their eyes moist, silently watching the army fade into the distance.",しかし多くの者は、ただ目を見開いて涙を浮かべ、軍が遠のいていくのを黙って見送った。,"Многие просто смотрели широко раскрытыми влажными глазами, молча наблюдая, как войско исчезает вдали."
,CharacterOff,,,,,,1.5,,,,,,,,,,,
,HideMessageWindow,,,,,,,,,,,,,,,,,
,CaptureImage,截图,SpriteCamera,背景截图,,,,,,,,,,,,,,
,Bg,琼华离去2,,,,,,,,,,,,,,,,
,RuleFadeOut,截图,FadeCircle,,Linear,,1.5,,PageWait,,,,,,,,,
,Wait,,,,,,1,,,,,,,,,,,
,ShowMessageWindow,,,,,,,,,,,,,,,,,
,,,,,,,,,,默认235,,,,送行的人的手中，大多都会捏着一朵花——那是扬州城常见的琼花。,送行的人的手中，大多都會捏著一朵花——那是揚州城常見的瓊花。,Most of those seeing them off held a flower in their hands—the common <ruby=Qionghua>Qiong Flower</ruby> of Yangzhou.,見送りの者たちのほとんどが一輪の花を握っている――揚州ではありふれた瓊花だ。,"Большинство провожающих держали в руках цветок калины, который обычно растёт в Янчжоу."
,,,,,,,,,,默认236,,,,琼花一朵又一朵，连成了一片浅白的花海，在扬州的风中轻轻摇曳。,瓊花一朵又一朵，連成了一片淺白的花海，在揚州的風中輕輕搖曳。,"<ruby=Qionghua>Qiong Flower</ruby> upon <ruby=Qionghua>Qiong Flower</ruby> formed a pale sea of blossoms, swaying gently in Yangzhou's breeze.",一輪また一輪と連なった瓊花が淡い白の花の海となり、揚州の風に吹かれひらりと揺れた。,"Один за другим цветки калины создавали белое море на длинной улице, нежно покачиваясь под порывами янчжоуского ветра."
,,,,,,,,,,默认237,,,,——春风十里扬州路，尽是琼花送琼华。,——春風十里揚州路，盡是瓊花送瓊華。,"—For ten miles along Yangzhou Road in spring breeze, nothing but Qiong Flowers bidding farewell to Qionghua.",――<ruby=春風十里 揚州の道>春風十里揚州路</ruby>、<ruby=尽く瓊花が瓊華を送る>尽是瓊花送瓊華</ruby>。,"Целых десять ли на янчжоуской дороге, продуваемой весенним ветром, мы видели лишь сплошные цветы калины."
,,,,,,,,,,默认238,,,,或许，被庇护的这些扬州人，最后也不知道“琼花夫人”其实是叫“琼华夫人”。,或許，被庇護的這些揚州人，最後也不知道“瓊花夫人”其實是叫“瓊華夫人”。,"Perhaps these sheltered Yangzhou residents never knew ""Madam Qiong Flower"" was actually called ""Madam Qionghua"".",保護された揚州の人は、最後まで「瓊花夫人」が「瓊華夫人」であることを知らなかったかもしれない。,"Люди, наверное, и не догадываются, что <ruby=琼花 (Цюнхуа)>""госпожу Калиновый Цветок""</ruby> на самом деле зовут слегка по-другому - <ruby=琼华 (Цюнхуа)>""госпожа Цюнхуа"".</ruby> <i>(Как и в случае с разными именами Су Ляньянь, здесь различие в тоне второго слога)</i>"
,,,,,,,,,,默认239,,,,人们都以“琼花”来纪念她的“救命之恩”，并将此铭记，再而传承、讲述给他们的子孙……,人們都以“瓊花”來紀念她的“救命之恩”，並將此銘記，再而傳承、講述給他們的子孫……,"The people memorialized her ""life-saving grace"" with ""<ruby=Qionghua>Qiong Flower</ruby>"", passing down this legacy as they told their descendants...",みな「瓊花」によって「命の恩人」と彼女を称え、この名を刻み、言い伝え、子や孫に語り継いでいくことだろう……,"Местные, связав её милосердие с цветком калины, будут передавать эту историю из поколения в поколение."
,,,,,,,,,,默认240,,,,……,……,...,……,...
,CharacterOff,,,,,,1.5,,,,,,,,,,,
,HideMessageWindow,,,,,,,,,,,,,,,,,
,CaptureImage,截图,SpriteCamera,背景截图,,,,,,,,,,,,,,
,Bg,琼华离去8,,,,,,,,,,,,,,,,
,RuleFadeOut,截图,FadeCircle,,Linear,,1.5,,PageWait,,,,,,,,,
,Wait,,,,,,1,,,,,,,,,,,
,ShowMessageWindow,,,,,,,,,,,,,,,,,
,,,,,,,,,,默认241,,,,晨光洒落城中，也落在我的肩头。,晨光灑落城中，也落在我的肩頭。,"The morning light spills over the city, falling softly onto my shoulders.",朝日が降り注ぎ、私の肩にかかる。,"Утренний свет разливался над городом, мягко ложась на мои плечи."
,,,,,,,,,,默认242,,,,我嗅着十里琼花的芬芳，骑在马上，向着不确定的将来行去……,我嗅著十里瓊花的芬芳，騎在馬上，向著不確定的將來行去……,"Breathing in the fragrance of <ruby=Qionghua>Qiong Flower</ruby> for miles, I ride onward toward an uncertain future...",十里に渡る瓊花の香りを嗅ぎながら、馬に跨り、私は不確かな未来へと進んでいった……,"Верхом на лошади, вдыхая тянущийся на десять ли аромат цветов калины, я направлялся вперёд - к неопределённому будущему..."
,StopBgm,,,,,,3,,,,,,,,,,,
,FadeOut,black,,,,,2,,,,,,,,,,,
,Jump,*map_commonEnd_4
