#SHEET_NAME,记-第七回
,Command,Arg1,Arg2,Arg3,Arg4,Arg5,Arg6,Arg7,WaitType,Text,PageCtrl,Voice,WindowType,SC,TC,English,Japanese,Russian
,ChapterAnimation,BG_Ji_7,chapter_bg_J,chapter_title_J7,Liang,265,,,,,,,,,,,
,*map_ji_7,,,,,,,,,,,,,,,,
,UnlockPlotMap,map_ji_7,,,,,,,,,,,,,,,
,SetChapterName,记-第七回,,,,,,
,Wait,,,,,,1,
,FadeOut,black,,,,,0,
,Bg,西商后厅,,,,,,,,,,,,,,,
,FadeIn,black,,,,,1,,,,,,,,,,,
,Bgm,雨井烟垣_可循环,,,,0.2,3,,,,,,,,,,,
,AutoSave
,Se,陶瓷破碎,,,,,,,,默认1,,,,——“哐当”,——“哐當”,"——""Clang""",――カタン,*Бац!*
,,,,,,,,,,默认2,,,,酒壶倾倒在木桌上。,酒壺傾倒在木桌上。,The liquor bottle toppled onto the wooden table.,酒壺が卓の上で倒れた。,Графин с вином выскользнул из её рук и разбился о сандаловый круглый стол.
,,,,,,,,,,默认3,,,,浑浊的酒液泼溅而出，正洒在那红甲狼妖的下摆和军靴上。,渾濁的酒液潑濺而出，正灑在那紅甲狼妖的下擺和軍靴上。,"Murky liquor splashed out, drenching the hem and boots of the Red-Armored Wolf Demon.",濁った残り酒がこぼれ、赤い鎧の狼妖の裾から軍靴にかかった。,"Мутная жидкость разлилась, заливая поножи и сапоги яогуая-волка в красной броне."
,,红甲狼妖,,,,,1,,,默认4,,,,[……］,[……］,"""...""",「……」,"""..."""
,,,,,,,,,,默认5,,,,红甲狼妖眉头骤然锁紧，鼻翼微张，喉间发出一声不满的低呜。,紅甲狼妖眉頭驟然鎖緊，鼻翼微張，喉間發出一聲不滿的低嗚。,"The Red-Armored Wolf Demon’s brow furrowed sharply, nostrils flaring, a low growl of displeasure rumbling in its throat.",狼妖が眉間に皺を寄せ、鼻の穴がわずかに開いた。喉から不満そうな唸り声が漏れる。,"Брови яогуая-волка сразу гневно сдвинулись, ноздри раздулись, а из глотки раздалось недовольное рычание."
,,林翩翩,苦笑,,,,,,,默认6,,林翩翩/12_林翩翩_001,,[兵爷恕罪！小女子一时手滑，惊扰了您的雅兴，这便为您擦拭干净……］,[兵爺恕罪！小女子一時手滑，驚擾了您的雅興，這便為您擦拭乾淨……］,"""Forgive this offense, Sir! My hand slipped, disturbing your leisure—let me wipe it clean at once...""",「お許しを！手が滑って、せっかくのお楽しみを台無しに……すぐに綺麗に拭きますから……」,"""Ой, простите меня, господин! Рука дрогнула, испортила Вам всю обстановку! Позвольте, я всё уберу."""
,,,,,,,,,,默认7,,,,林翩翩注意到自己的失礼，猛地收回落在我身上的视线。,林翩翩注意到自己的失禮，猛地收回落在我身上的視線。,Lin Pianpian noticed her impropriety and sharply averted her gaze from me.,自分が粗相をしたことに気付くと、林翩翩はぷいと私から視線をそらした。,"Поняв свою оплошность, Линь Пяньпянь резко отвела от меня взгляд."
,,林翩翩,微笑,,,,,,,,,,,,,,,
,,,,,,,,,,默认8,,,,她很快恢复了镇定，迅速敛起裙裾，在妖兵面前盈盈跪坐下来。,她很快恢復了鎮，迅速斂起裙裾，在妖兵面前盈盈跪坐下來。,"She swiftly regained her composure, gathered her skirts, and knelt gracefully before the demon soldier.",彼女はすぐに落ち着きを取り戻すと、裾をまくり、妖兵の前ですらりと跪いた。,"Она быстро взяла себя в руки, подобрала подол юбки и плавно опустилась на колени перед яогуаем-солдатом."
,,,,,,,,,,默认9,,,,她从怀中抽出一方绣工精巧的丝帕，先极小心地拭去狼妖锦缎下摆上的酒渍，再将帕子翻转，用洁净的内里，一点一点擦去他靴上的血污。,她從懷中抽出一方繡工精巧的絲帕，先極小心地拭去狼妖錦緞下擺上的酒漬，再將帕子翻轉，用潔淨的內裡，一點一點擦去他靴上的血汙。,"From her robe, she took out an intricately embroidered silk handkerchief. First, she meticulously blotted the wine stains from the Wolf Demon's brocade hem, then turned the cloth over to wipe the bloodstains from his boots with its pristine inner side.",懐からきれいな刺繍の手ぬぐいを出し、狼妖の絹の裾についた酒の汚れを丁寧に拭き取る。そして手ぬぐいをひっくり返し、きれいな裏面で、こんどは靴の血や泥を一つずつ拭っていった。,"Вынув из-за пазухи изящный вышитый шёлковый платок, она сначала очень осторожно вытерла им пятно вина с поножей яогуая-волка, а затем перевернула платок и чистой стороной стала понемногу вытирать кровь с его сапог."
,,红甲狼妖,不耐烦,,,,,,,默认10,,,,[……］,[……］,"""...""",「……」,"""..."""
,,,,,,,,,,默认11,,,,妖兵垂首看着她专注的模样，紧蹙的眉头渐渐舒展，喉间的低呜止歇，似乎是怒气已消。,妖兵垂首看著她專注的模樣，緊蹙的眉頭漸漸舒展，喉間的低嗚止歇，似乎是怒氣已消。,"The demon soldier looked down at her focused movements. His furrowed brow eased, the growl in his throat fading—his rage apparently quelled.",妖兵は彼女の集中している様子を見るや、ぎゅっと寄った眉が次第に緩み、喉から出ていた唸り声も止まった。怒りが収まったようだ。,"При виде её стараний брови яогуая мало-помалу разгладились, рычание в его глотке тоже утихло. Похоже, он успокоился."
,,刘婆子,谄媚,,,,,,,默认12,,刘婆子/12_刘婆子_01,,[哎哟，翩翩哟！老身看你是存心想亲近兵爷，才故意打翻酒壶的吧？],[哎喲，翩翩喲！老身看你是存心想親近兵爺，才故意打翻酒壺的吧？],"""Oh my, Pianpian! I think you spilled that wine jug on purpose just to get closer to the Soldier, eh?""",「あらや、翩翩！あたしにゃお見通しだよ……兵隊さんに近付きたいがために、あえて酒瓶をひっくり返したね？」,"""Ой, Пяньпянюшка! Ты специально винцо разлила, чтобы с господином служивым побольше сблизиться?"""
,,,,,,,,,,默认13,,,,刘婆子善于察言观色，她见妖兵不再生气，便开始以调侃林翩翩为由，说些调笑的话来舒缓气氛。,劉婆子善於察言觀色，她見妖兵不再生氣，便開始以調侃林翩翩為由，說些調笑的話來舒緩氣氛。,"Old Woman Liu was keen on reading moods. Noticing the demon soldier's anger had faded, she started teasing Lin Pianpian to ease the tension.",劉ばあは空気を読むのが上手い。妖兵が怒りを鎮めたと見るや、翩翩をからかうような物言いで、場の空気を和ませた。,"Старуха Лю умела читать обстановку. Увидев, что яогуай перестал злиться, она принялась подтрунивать над Линь Пяньпянь, чтобы разрядить ситуацию."
,,林翩翩,苦笑,,,,,,,默认14,,林翩翩/12_林翩翩_002,,[刘姨尽会取笑人，服侍兵爷自是翩翩心甘情愿，但失了礼数也是真。],[劉姨盡會取笑人，服侍兵爺自是翩翩心甘情願，但失了禮數也是真。],"""You always enjoy mocking others. Serving the Soldier is Pianpian's true desire, but the lapse in manners was real.""",「もう、からかわないでよ。兵隊さんのお世話は喜んでやるけど、粗相しちゃったのは事実なんだから」,"""Тётушка Лю, вы, как всегда, любите пошутить. Служить господину служивому, конечно, честь и радость, но и о манерах нельзя забывать."""
,,林翩翩,媚笑,,,,,,,默认15,,林翩翩/12_林翩翩_003,,[昨夜城里动静那般大，害得人家一夜惊心，至今神魂未定……兵爷您大人大量，莫要怪罪呀……］,[昨夜城裡動靜那般大，害得人家一夜驚心，至今神魂未定……兵爺您大人大量，莫要怪罪呀……］,"""Last night's chaos in the city was terrifying—it kept me shaking all night, and I'm still unsettled... Pls show your mercy, Sir! Don't punish me for this mistake...""",「昨晩はすごい騒ぎで気が気でなく、まだ落ち着いていないのです……どうか寛大な心でお許しを……」,"""Прошлой ночью весь город ходил ходуном, было так страшно... всю ночью не спала, до сих пор никак не успокоюсь... Вы уж, господин служивый, в своей доброте не вините слишком строго..."""
,,,,,,,,,,默认16,,,,她擦拭完毕，恭敬起身，执壶再次为狼妖斟满酒杯，眼波流转间，自带一股娇怯风流体态。,她擦拭完畢，恭敬起身，執壺再次為狼妖斟滿酒杯，眼波流轉間，自帶一股嬌怯風流體態。,"After wiping it clean, she rose respectfully and poured another cup of wine for the Wolf Demon, her eyes shimmering with coy, delicate charm.",汚れを拭き終えると、彼女は恭しく立ち上がり、瓶を手に再び狼妖の杯を満たす。,"Вытерев вино, она почтительно поднялась и налила яогуаю-волку ещё одну чарку; в её глазах мерцали кокетливость и очарование."
,,红甲狼妖,奸笑,,,,,,,默认17,,红甲狼妖/12_红甲狼妖_01,,[好！不怪你！只怕今夜会来好几位大人，你更要睡得不安稳了！哈哈！］,[好！不怪你！只怕今夜會來好幾位大人，你更要睡得不安穩了！哈哈！］,"""Good! I don’t blame you! But I fear several lords might come tonight, and you’ll sleep even less soundly! Haha!""",「うむ！気にするな！だが今夜は何人ものお偉いさんが来る。眠れなくなるかもしれんぞ！がーっはっは！」,"""Ладно! Не буду! Но этой ночью, когда придут высокие чины, боюсь, тебе поспать тоже будет не судьба, гы-гы-гы!"""
,,,,,,,,,,默认18,,,,红甲狼妖一口饮尽杯中酒，爆发出一阵粗野的大笑。,紅甲狼妖一口飲盡杯中酒，爆發出一陣粗野的大笑。,The Red-Armored Wolf Demon drained the cup in one gulp and burst into coarse laughter.,ぐいっと杯の酒を飲み干すと、狼妖は下品に大笑いした。,"Яогуай-волк один движением осушил чарку вина, а затем разразился грубым смехом."
,,林翩翩,娇羞,,,,,,,默认19,,林翩翩/12_林翩翩_004,,[呀！兵爷这等话怎好在人前说……小女子脸皮薄，禁不住羞……］,[呀！兵爺這等話怎好在人前說……小女子臉皮薄，禁不住羞……］,"""Ah! Soldier, how can you say such things in front of others... A delicate girl like me can’t bear the shame...""",「もう、兵隊さんたら、人前で……恥ずかしがり屋だから、顔から火が出ちゃいそう……」,"""Ой, ну не надо при людях так, господин служивый!.. Как мне, стеснительной девочке, теперь вынести такой стыд..."""
,,,,,,,,,,默认20,,,,林翩翩适时地飞红双颊，垂下眼帘，装出了羞涩的姿态，逗得妖兵更开心了。,林翩翩適時地飛紅雙頰，垂下眼簾，裝出了羞澀的姿態，逗得妖兵更開心了。,"Lin Pianpian seized the moment to blush and lower her eyelids, feigning shyness, further amusing the demon soldier.",翩翩がすかさず顔を赤らめ、目を伏せて恥ずかしがる素振りをする。妖兵がそれを見て、さらに楽しそうにする。,"Линь Пяньпянь сообразно моменту напустила краску на лицо, прикрыла глаза и приняла крайне смущённый вид, ещё больше забавляя яогуая."
,,,,,,,,,,默认21,,,,随后，刘婆子指挥其他女子纷纷落座，陪在每一个妖兵身旁，劝酒布菜，教他们玩起江南流行的酒令游戏。,隨後，劉婆子指揮其他女子紛紛落座，陪在每一個妖兵身旁，勸酒布菜，教他們玩起江南流行的酒令遊戲。,"Soon after, Old Woman Liu directed the other women to take their seats, each accompanying a demon soldier, plying them with wine and dishes while teaching them Jiangnan's popular drinking games.",その後、劉ばあが他の娘たちをそれぞれ妖兵の傍に座らせ、酒と料理を用意し、江南で流行っている酒の席での遊びを彼らに教えた。,"Затем старуха Лю приказала женщинам рассесться возле каждого яогуая и, поднося напитки и еду, обучать их популярным на юге от реки Янцзы алкогольным играм."
,,,,,,,,,,默认22,,,,前厅很快便被妖兵们喧闹的嬉笑声充斥。,前廳很快便被妖兵們喧鬧的嬉笑聲充斥。,The Front Hall quickly filled with the demon soldiers' raucous laughter and clamor.,前の広間が、妖兵たちの騒ぐ笑い声で埋め尽くされる。,Передний зал быстро наполнился громким смехом и шумом.
,CharacterOff,,,,,,,,,默认2211,,,,……,……,...,……,...
,StopVoice,,,,,,1,,,,,,,,,,,
,FadeOut,black,,,,,1,,,,,,,,,,,
,Wait,,,,,,1,,,,,,,,,,,
,FadeIn,black,,,,,1,,,,,,,,,,,
,,王生逃难,愤怒,,,,,,,默认23,,王生/12_王生_01,,[唉……娼妓便是娼妓！国破家亡之际，竟无半分廉耻。］,[唉……娼妓便是娼妓！國破家亡之際，竟無半分廉恥。］,"""Sigh... Courtesan and prostitute are always the same! Even as our nation falls and families perish, they show not a shred of shame.""",「はあ……娼妓はしょせん娼妓か！国が滅ぼうとしているのに、恥の一つも知らん」,"""Эх... Публичные женщины - всегда публичные женщины! Страна рушится, люди гибнут - а у них нет ни капли стыда!"""
,,,,,,,,,,默认24,,,,王生看向远处林翩翩的作态，不禁愤愤地说了一句。,王生看向遠處林翩翩的作態，不僅憤憤地說了一句。,Scholar Wang glared at Lin Pianpian's antics in the distance and spat out an angry remark.,向こうにいる翩翩の所作を見て、王書生が怒りまじりに吐き捨てた。,"Наблюдая издалека за поведением Линь Пяньпянь, возмущённо проговорил учёный Ван."
,CharacterOff,,,,,,0.3,,,,,,,,,,,
,Sprite,黑,,特效前,,,0.5,,,,,,,,,,,
,Tween,黑,ColorTo,alpha=0 time=0,,,,,,,,,,,,,,
,Tween,黑,ColorTo,alpha=0.4 time=0,,,,,NoWait,,,,,,,,,
,Wait,,,,,,0,,,,,,,,,,,
,,,,,,,,,,默认25,,,,我对于林翩翩此时的所作所为，虽也觉得她没有气节，但并不想苛责太多。,我對於林翩翩此時的所作所為，雖也覺得她沒有氣節，但並不想苛責太多。,"Though I too found Lin Pianpian's current behavior lacking in principle, I didn’t wish to judge her too harshly.",確かに今の翩翩の行動には節操がないと感じるが、責める気にはならなかった。,"Я бы, конечно, тоже не назвал манеры Пяньпянь в эту минуту особенно достойными, но судить слишком строго мне её всё же не хотелось."
,,,,,,,,,,默认26,,,,覆巢之下，蝼蚁求生，各有其道。,覆巢之下，螻蟻求生，各有其道。,"When the nest is overturned, even ants strive to survive—each by their own means.",蜘蛛の巣にかかった蟻が生き延びる術はそれぞれだ。,"И мелкая букашка пытается цепляться за жизнь, когда её гнездо разрушено - каждому своё."
,,,,,,,,,,默认27,,,,于她而言，活下去远比虚无的尊严更重要。,於她而言，活下去遠比虛無的尊嚴更重要。,"For her, survival far outweighs hollow dignity.",彼女にとって、生きることは空虚な尊厳を守るよりも重要だった、それだけの話だ。,Для неё выживание было куда дороже некой эфемерной чести.
,SpriteOff,黑,,,,,0.5,,NoWait,,,,,,,,,
,Wait,,,,,,0.5,,,,,,,,,,,
,,方知宥,,,,,,,,默认28,,,,[……],[……],"""...""",「……」,"""..."""
,Sprite,黑,,特效前,,,0.5,,,,,,,,,,,
,Tween,黑,ColorTo,alpha=0 time=0,,,,,,,,,,,,,,
,Tween,黑,ColorTo,alpha=0.4 time=0,,,,,NoWait,,,,,,,,,
,Wait,,,,,,0,,,,,,,,,,,
,,,,,,,,,,默认29,,,,方才……在见到她的一瞬，我便回想起了与王生初游二十四桥的那一夜，此段记忆的最后，便是我与林翩翩的相遇。,方才……在見到她的一瞬，我便回想起了與王生初游二十四橋的那一夜，此段記憶的最後，便是我與林翩翩的相遇。,"Just now... The moment I saw her, I recalled that night when Scholar Wang and I first wandered the Twenty-Four Bridges—that memory ended with my encounter with Lin Pianpian.",先ほど……彼女を見て、王書生と初めて二十四橋へ繰り出した一夜を思い出した。その記憶の最後の方で、私と林翩翩は出会った。,"Только что... как только я увидел её, мне сразу вспомнилась та ночь, когда я с учёным Ваном впервые посетил Двадцать четвёртый мост. И в конце этого воспоминания была моя встреча с Линь Пяньпянь."
,,,,,,,,,,默认30,,,,记忆中的她，与现在的她判若两人，是一个会蹲在二十四桥哭泣的站关游娼。,記憶中的她，與現在的她判若兩人，是一個會蹲在二十四橋哭泣的站關游娼。,The her in my memory was utterly different from the her now—a border-crossing courtesan who once crouched weeping by the Twenty-Four Bridges.,記憶の中の彼女は、二十四橋でめそめそ泣いていた。今の彼女とはまるで別人だ。,"В моих воспоминаниях она сильно отличалась от себя нынешней... Обычная уличная проститутка, что сидела у Двадцать четвёртого моста и плакала."
,SpriteOff,黑,,,,,0.5,,NoWait,,,,,,,,,
,Wait,,,,,,0.5,,,,,,,,,,,
,,红甲鹰妖,狡诈,,,,,,,默认35,,红甲鹰妖/12_红甲鹰妖_01,,[大哥！你真不敢吗？］,[大哥！你真不敢嗎？］,"""Big Brother! You really don’t have the guts?!""",「兄貴！日和ってんのか？」,"""Старшой, ты зассал, что ли?"""
,,红甲狼妖,愤怒,,,,,,,默认36,,红甲狼妖/12_红甲狼妖_02,,[放屁！有何不敢！？］,[放屁！有何不敢！？］,"""Bullshit! Since when do I back down!?""",「けっ！この俺が？日和ってるだと！？」,"""Да ни хера! Когда я чего-то ссался?!"""
,,,,,,,,,,默认37,,,,突然，我听到了两位妖兵的吆喝声，那粗鲁的吼声打断了我的沉思。,突然，我聽到了兩位妖兵的吆喝聲，那粗魯的吼聲打斷了我的沉思。,"Suddenly, the shouts of two demon soldiers cut through the air—their crude bellowing shattered my thoughts.",突然、ふたりの妖兵の言い争うような声が聞こえた。その荒々しい吼えるような声で、私の思考が中断された。,"Внезапно послышались грубые выкрики двух яогуаев, выбившие меня из размышлений."
,,,,,,,,,,默认38,,,,听那舌根发硬的腔调，显然他们是有些醉了。,聽那舌根發硬的腔調，顯然他們是有些醉了。,Their slurred voices betrayed their drunkenness.,ろれつがうまく回っていない。少し酔いが回っているようだ。,"Судя по их заплетающимся языкам, они явно опьянели."
,,红甲鹰妖,狡诈,,,,,,,默认39,,红甲鹰妖/12_红甲鹰妖_02,,[大哥！女人动不得，这几个腌臜男人总动得吧？],[大哥！女人動不得，這幾個腌臢男人總動得吧？],"""Big Brother! If we can’t touch the women, these filthy men are fair game, right?""",「らってよ、兄貴い！女はだめでも、この汚え男ろもはやっちまっていいんだろ？」,"""Старшой, хорошо, баб трогать нельзя - но тех грязнуль-то уж можно?"""
,,红甲狼妖,奸笑,,,,,,,默认40,,红甲狼妖/12_红甲狼妖_03,,[自然动得！皆是咱砧板上的鱼肉，要杀要剐，还不是随咱们高兴！],[自然動得！皆是咱砧板上的魚肉，要殺要剮，還不是隨咱們高興！],"""Of course, we can do anything with them! They're nothing but meat on our chopping block—whether to slaughter or carve, it's all at our pleasure!""",「あったりまえだ！こいつらは皆、まな板の上の鯉、煮るも焼くも俺達の胸ひとつだ！」,"""Конечно, можно! Они для нас - что рыба с мясом на разделочной доске: хочешь убивай, хочешь мучай, как только нам заблагорассудится."""
,,红甲鹰妖,得意,,,,,,,默认41,,红甲鹰妖/12_红甲鹰妖_03,,[得令！那我这就先把他们都捆结实喽！],[得令！那我這就先把他們都捆結實囉！],"""Understood! I'll start by tying them up tight!""",「あいよ！んじゃ、さっそくあいつらを縛ってやらあ！」,"""Понял! Ну тогда начну с того, что свяжу их покрепче!"""
,,,,,,,,,,默认42,,,,红甲鹰妖一掌拍在桌上，震得杯盘乱响。,紅甲鷹妖一掌拍在桌上，震得杯盤亂響。,"The Red-Armored Eagle Demon slammed a palm on the table, rattling the cups and plates.",赤い鎧の鷹妖がばんと卓を叩くと、衝撃で杯がぶつかる音がした。,"Яогуай-орёл в красной броне ударил ладонью по столу, отчего посуда на нём задребежала."
,,,,,,,,,,默认43,,,,随即，他晃荡着起身，大步流星朝我们所在的后厅冲来。,隨即，他晃蕩著起身，大步流星朝我們所在的後廳衝來。,"Then, swaying, he lurched to his feet and stormed toward the Back Hall where we stood.",すぐにふらふらと立ち上がると、大股でずんずんと私たちのいる奥の間へと歩いてくる。,"Затем, пошатываясь, он вскочил на ноги и рванул к заднему залу, где стояли мы."
,,红甲鹰妖,愤怒,,,,,,,默认44,,红甲鹰妖/12_红甲鹰妖_04,,[蛮子过来！］,[蠻子過來！］,"""Barbarians, come here!""",「野郎ろも、こっちへ来い！」,"""Эй, южное отребье, к ноге!"""
,,,,,,,,,,默认45,,,,他浑身酒气，手中攥着一捆粗糙麻绳，口齿不清地厉声呼喝。,他渾身酒氣，手中拿著一捆粗糙麻繩，口齒不清地厲聲呼喝。,"Reeking of liquor, he clutched a bundle of coarse rope, slurring his words in a harsh bark.",酒の臭いをぷんぷんさせながら、荒縄の束を持って、ろれつの回らない口でがなり立てる。,"Весь смердя выпивкой, сжимая в руках моток грубой верёвки, рявкнул он нам заплетающимся языком."
,,,,,,,,,,默认46,,,,后厅的男人们被吓了一跳，一时无人敢回应。,後廳的男人們被嚇了一跳，一時無人敢回應。,"The men in the Back Hall froze, too startled to respond.",奥の間の男たちは驚き、しばらく誰も反応を返せなかった。,Мужчины в заднем зале застыли от испуга.
,,红甲鹰妖,,,,,,,,默认47,,红甲鹰妖/12_红甲鹰妖_05,,[听见没有！就是说你们几个！再不过来，老子一刀一个，送你们见阎王！],[聽見沒有！就是說你們幾個！再不過來，老子一刀一個，送你們見閻王！],"""You hear me?! I'm talking to you! Get over here now, or I'll cut you down one by one and send you to meet Yama!""",「聞こえらかったんか！てめえらのことら！来なきゃ俺様の剣れ、閻魔様に会わせてやんぞ！」,"""Чо встали?! Я кому говорю?! Ко мне метнулись, а то я ща каждого из вас отправлю на встречу с Янь-ваном!"" <i>(Янь-ван - владыка загробного мира, образ его был заимствован от индийского бога Ямы.)</i>"
,Se,拔刀,,,,,,,,,,,,,,,,
,,,,,,,,,,默认48,,,,红甲鹰妖扬起眉毛，“锵”一声拔出腰刀，雪亮刀尖直指离他最近，也是最靠前的几个男人。,紅甲鷹妖揚起眉毛，“鏘”一聲拔出腰刀，雪亮刀尖直指離他最近、也是最靠前的幾個男人。,"The Red-Armored Eagle Demon raised his eyebrows, ""Screech"" drawing his Waist Saber with a metallic hiss, its gleaming tip pointed at the nearest men—those at the front.",鷹妖が目を吊り上げ、がしゃりと腰の刀を抜いた。ぎらりと光る刃の先を、最も先頭にいる男たちに突きつける。,"Яогуай-орёл нахмурился, со скрежетом выхватил саблю и указал её кончиком на мужчин, стоявших в первых рядах."
,,,,,,,,,,默认49,,,,那几个男人被吓得面无人色，不敢违抗他。,那幾個男人被嚇得面無人色，不敢違抗他。,"The men paled, too terrified to disobey.",男たちはすっかり顔を青くし、抵抗する気力を奪われてしまった。,"Мужчины побледнели, но были слишком напуганы, чтобы противиться приказу."
,,,,,,,,,,默认50,,,,于是，他们缩着脖子，战战兢兢地挪了过去。,於是，他們縮著脖子，戰戰兢兢地挪了過去。,"So, they hunched their shoulders and shuffled forward, trembling with fear.",首を縮めて、おずおずと鷹妖の方へと近付いていく。,"Сгорбившись и дрожа от страха, они вышли вперёд."
,,红甲鹰妖,得意,,,,,,,,,,,,,,,
,,,,,,,,,,默认51,,,,红甲鹰妖见男人们妥协，得意地狂笑，然后便将腰刀收入了刀鞘中。,紅甲鷹妖見男人們妥協，得意地狂笑，然後便將腰刀收入了刀鞘中。,"Seeing their submission, the Red-Armored Eagle Demon let out a triumphant roar of laughter before sheathing his Waist Saber.",鷹妖は男たちがすっかり怖気づいたのを見て、得意気に笑い、剣を鞘に戻した。,"Увидев, что они подчинились, яогуай-орёл довольно заржал во весь голос и убрал саблю обратно в ножны."
,,,,,,,,,,默认52,,,,紧接着，他走到每个男人身后，粗暴地将他们双手反剪，用长绳串绑在一起，彻底剥夺了他们行动的自由。,緊接著，他走到每個男人身後，粗暴地將他們雙手反剪，用長繩串綁在一起，徹底剝奪了他們行動的自由。,"He moved behind each man, wrenched their arms behind their backs, and bound them in a line with coarse rope—leaving them no freedom to resist.",続けて男たちの後ろに回り込むと、縄で乱暴に彼らを後ろ手に縛り上げて繋ぎ、行動の自由を完全に奪った。,"Вслед за этим он стал подходить к каждому из мужчин, заламывать им руки за спину и связывать одного за другим грубой верёвкой в ряд, полностью лишая возможности сопротивляться."
,,,,,,,,,,默认53,,,,至此，这些男人也同先前颈套锁链的女子一般，成了待宰牲畜一般的模样。,至此，這些男人也同先前頸套鎖鏈的女子一般，成了待宰牲畜一般的模樣。,"Now these men, like the iron-collared women before them, stood as livestock ready for slaughter.",こうして男たちも、先ほど首を鎖でつながれていた女たちと同じく、殺されるの待つ家畜のようになってしまった。,"Теперь эти мужчины, как и те женщины с железными цепями на шее, стояли, словно скот на заклание."
,,林翩翩,媚笑,,,,,,,默认54,,林翩翩/12_林翩翩_005,,[哎呀呀，这等粗重活计，怎好劳兵爷亲自动手……您且回去继续饮酒作乐，我叫几个下人来捆便是。］,[哎呀呀，這等粗重生計，怎好勞兵爺親自動手……您且回去繼續飲酒作樂，我叫幾個下人來捆便是。］,"""Tsk, such grunt work is beneath your dignity... Return to your revels—I’ll have underlings handle the tying.""",「あらあら、あんな大変なお仕事を兵隊さんが自分でやるなんて……そんなこと、下人にやらせますから、どうかお戻りになってお酒を楽しんで」,"""Ой-ёй, господин, не марайте руки об них, это ниже Вашего достоинства... Возвращайтесь к веселью - я скажу слугам связать их."""
,,,,,,,,,,默认55,,,,正当我揣测鹰妖绑人的用意时，林翩翩手捧一杯酒，从远处袅袅走来。,正當我揣測鷹妖綁人的用意時，林翩翩手捧一杯酒，從遠處裊裊走來。,"As I puzzled over the Eagle Demon’s purpose, Lin Pianpian glided closer, a wine cup balanced delicately in her hands.",鷹妖が男を縛り上げようとする意図を私が考えていると、林翩翩が盃を掲げ、向こうからひらひらと歩いてきた。,"Пока я думал, что задумал яогуай-орёл, к нему скользнула Линь Пяньпянь, держа чарку вина в руке."
,,红甲鹰妖,得意,,,,,,,默认56,,红甲鹰妖/12_红甲鹰妖_06,,[哈哈！好！那你快去叫！爷再捆几个玩玩！捆完这截绳子就回去！],[哈哈！好！那你快去叫！爺再捆幾個玩玩！捆完這截繩子就回去！],"""Haha! Good! Then go call them quick! I'll tie up a few more for fun! After this last bit of rope, I'm heading back!""",「へっへっへ！おう！さっさと呼んれこい！俺あもうちっと、縛って遊ぶからよ！こいつを縛り終えたら戻るぜ！」,"""Гы-гы-гы! Точно! Зови слуг! Я ещё забавы ради парочку свяжу, а как закончу с этой верёвкой - обратно пойду."""
,,,,,,,,,,默认57,,,,鹰妖咧嘴一笑，然后笑着笑着，突然变了脸色。,鷹妖咧嘴一笑，然後笑著笑著，突然變了臉色。,"The Eagle Demon grinned, then suddenly his smile twisted into a snarl.",鷹妖がにやにやと口を開け、けたけたと笑っていたが、突然顔色が変わった。,"Яогуай-орёл ухмыльнулся, но затем его ухмылка превратилась в оскал."
,,红甲鹰妖,通常,,,,,,,默认58,,,,[……],[……],"""...""",「……」,"""..."""
,,,,,,,,,,默认59,,,,他拧紧眉头，瞪圆双眼，猛地逼近一个刚被绑好的男人。,他擰緊眉頭，瞪圓雙眼，猛地逼近一個剛被綁好的男人。,"He furrowed his brows, eyes bulging, and lunged at a freshly bound man.",眉をひそめ、目を見開いて、ずかずかと縛ったばかりの男の方へと歩み寄る。,"Он нахмурился, выпучил глаза и накинулся на только что связанного мужчину."
,Shake,Graphics,,x=100 y=60 time=0.4,,,,,PageWait,,,,,,,,,
,Se,巴掌声,,,,,,,,,,,,,,,,
,,,,,,,,,,默认60,,,,——啪。,——啪。,—Smack.,――バンッ,*Бац!*
,,,,,,,,,,默认61,,,,一记沉重耳光猝然掴在那男人脸上。,一記沉重耳光猝然摑在那男人臉上。,A brutal slap cracked across the man's face without warning.,重い平手打ちが男の顔を襲った。,По лицу того прилетела резкая и тяжёлая пощёчина.
,,红甲鹰妖,愤怒,,,,,,,默认62,,红甲鹰妖/12_红甲鹰妖_07,,[狗东西！再看？！再瞪老子一眼，信不信把你眼珠子抠出来扔地上踩！］,[狗東西！再看？！再瞪老子一眼，信不信把你眼珠子摳出來扔地上踩！］,"""You damn cur! Still staring?! Keep glaring at me, and I swear I'll gouge your eyes out and stomp them into the dirt!""",「こん畜生！何見てやがる！？もう一回がんくれてみろ、目ん玉くり抜いて踏み潰してやらあ！」,"""Ах ты, сука! Ты как смеешь на меня пялиться, а?! Если продолжишь - клянусь, я тебе моргалы выколю и растопчу их!"""
,,被绑男人甲,,,,,,,,默认63,,被绑男人甲/12_被绑男人甲_01,,[兵爷饶命……小的不敢了……],[兵爺饒命……小的不敢了……],"""Spare me, Sir... I-I won't dare again...""",「お許しを……そんなことは決して……」,"""П-пощадите, господин! Я больше не буду!"""
,,红甲鹰妖,,,,,,,,默认64,,红甲鹰妖/12_红甲鹰妖_08,,[大点声！没吃饭吗？],[大點聲！沒吃飯嗎？],"""Louder! You sound half-starved!""",「声が小せえ！？玉でも落としたか？」,"""Чо ты мямлишь?! Громче давай! Каши мало ел?!"""
,Shake,Graphics,,x=100 y=60 time=0.4,,,,,PageWait,,,,,,,,,
,Se,巴掌声,,,,,,,,默认65,,,,——啪！,——啪！,—Smack!,――パアン！,*Бац!*
,,被绑男人甲,,,,,,,,默认66,,被绑男人甲/12_被绑男人甲_02,,[饶命啊！],[饒命啊！],"""Spare my life!""",「お許しを！」,"""Пощадите!"""
,Shake,Graphics,,x=100 y=60 time=0.4,,,,,PageWait,,,,,,,,,
,Se,巴掌声,,,,,,,,默认67,,,,——啪！,——啪！,—Smack!,――パアン！,*Бац!*
,,被绑男人甲,,,,,,,,默认68,,被绑男人甲/12_被绑男人甲_03,,[饶命！饶命！饶命啊！],[饒命！饒命！饒命啊！],"""Mercy! Mercy! I beg you!""",「お許しを！どうか！どうか！」,"""Пощадите! Прошу! Пощадите меня!"""
,,,,,,,,,,默认69,,,,那男人无论怎么做都在被红甲鹰妖抽耳光，已被打得晕头转向。,那男人無論怎麼做都在被紅甲鷹妖抽耳光，已被打得暈頭轉向。,The Red-Armored Eagle Demon kept striking the man relentlessly—slap after slap leaving him reeling.,男は何を言っても鷹妖に平手打ちを食らい、すっかりふらふらになっていた。,"Что бы тот мужчина не делал, яогуай-орёл раз за разом бил его, пока у того совсем не поплыло в голове."
,,,,,,,,,,默认70,,,,恐惧压倒了一切，他“扑通”跪倒，不住地磕头求饶。,恐懼壓倒了一切，他“撲通”跪倒，不停地磕頭求饒。,"Fear consumed him; he collapsed to his knees, forehead pounding the ground in desperate supplication.",恐怖に心を押し潰され、彼はどさりと跪くと、頭を地に叩きつけて許しを乞う。,Страх полностью овладел мужчиной. Он упал на колени и начал бить земные поклоны.
,,红甲鹰妖,得意,,,,,,,默认71,,红甲鹰妖/12_红甲鹰妖_09,,[哼！这才像是牲畜的样子！],[哼！這才像是牲畜的樣子！],"""Hmph! Now you look like proper livestock!""",「けっ！やっと家畜らしくなったぜ！」,"""Пф-ф-ф! Вот так и должен себя вести скот!"""
,,,,,,,,,,默认72,,,,红甲鹰妖冷哼一声，总算放过了他。,紅甲鷹妖冷哼一聲，總算放過了他。,"With a disdainful snort, the Red-Armored Eagle Demon finally released him.",鷹妖は鼻を鳴らすと、ようやく彼への手を止めた。,"Презрительно фыркнув, яогуай, наконец, отстал от него."
,,红甲鹰妖,狡诈,,,,,,,默认73,,红甲鹰妖/12_红甲鹰妖_10,,[蛮子过来！],[蠻子過來！],"""Barbarian! Get over here!""",「てめえも、こっちへ来い！」,"""Южанин! Сюды подошёл."""
,CharacterOff,,,,,,,,,,,,,,,,,
,,,,,,,,,,默认74,,,,随后，他又拽过一个男人，继续捆绑。,隨後，他又拽過一個男人，繼續捆綁。,He seized another man and resumed binding him.,その後、再び一人の男を引きずってくると、彼のことも縛り上げた。,Он подозвал ещё одного мужчину и начал связывать его.
,,,,,,,,,,默认75,,,,他每接近一人，便会把那人吓得瑟瑟发抖，脸色发白。,他每接近一人，便會把那人嚇得瑟瑟發抖，臉色發白。,"Each advance sent his victims shuddering, their faces drained of blood.",鷹妖は誰かに近付くたび、相手を震え上がらせ、青い顔をさせた。,"Всякий раз, когда он подходил к кому-нибудь, те начинали дрожать от страха, лица у них белели."
,,,,,,,,,,默认76,,,,久而久之，整个后厅的男人都噤若寒蝉，在内心祈求着不被他捉到。,久而久之，整個後廳的男人都噤若寒蟬，在內心祈求著不被他捉到。,"Over time, every man in the Back Hall fell deathly silent, each praying inwardly not to be caught by him.",やがて奥の間にいる男たちは皆縮み上がってしまい、次の目標にされないことをひたすら祈るようになった。,"Постепенно все мужчины в заднем зале начали пытаться вести себя тише воды, ниже травы, молясь про себя, чтобы их не заметили."
,,,,,,,,,,默认77,,,,……,……,...,……,...
,StopVoice,,,,,,1,,,,,,,,,,,
,FadeOut,black,,,,,1,,,,,,,,,,,
,FadeIn,black,,,,,1,,,,,,,,,,,
,,,,,,,,,,默认78,,,,不多时，林翩翩唤来的帮手到了。,不多時，林翩翩喚來的幫手到了。,"Soon enough, the reinforcements Lin Pianpian called for arrived.",程なくして、翩翩の呼んだ手伝いがやってきた。,"Вскоре пришли слуги, которых позвала Линь Пяньпянь."
,,,,,,,,,,默认79,,,,她找来两名男仆，两名老妪，这些人都穿着艳色的布衣，看起来像是勾栏或青楼做工的下人。,她找來兩名男僕，兩名老嫗，這些人都穿著艷色的布衣，看起來像是勾欄或青樓工作的下人。,"She brought two male servants and two old crones, all clad in gaudy cloth—clearly attendants from a brothel or pleasure house.",男が二人、老婆が二人。みな派手な服を着ており、勾欄か青楼で働いている下人のようだ。,"Она привела двух мужчин и двух старух, все были одеты в пёструю одежду - по их виду сразу можно было понять, что они работают в ""изогнутой балюстраде"" или ""зелёном тереме""."
,,,,,,,,,,默认80,,,,他们手里拿着绳索，一步步走向我们这些挤在后厅的男人。,他們手裡拿著繩索，一步步走向我們這些擠在後廳的男人。,"Ropes in hand, they advanced step by step toward us men crammed in the Back Hall.",彼らは手に縄を持ち、奥の間に詰め込まれている男たちの方へとやってきた。,"Держа в руках верёвки, они шаг за шагом подошли к нам."
,,,,,,,,,,默认81,,,,看起来并不算可怕，虽然态度也没好气，但至少不会在捆绑的时候打人，更不会杀人。,他們看起來並不算可怕，雖然態度也沒好氣，但至少不會在捆綁的時候打人，更不會殺人。,"They didn’t seem particularly threatening; though their manner was curt, at least they refrained from beating or killing during the binding.",あまり恐ろしそうには見えない。態度こそ良くはなかったが、少なくとも縛る時に殴ったり殺したりはしなさそうだ。,"Они не выглядели пугающе. Пусть в их отношении никакой вежливостью и не пахло - но, по крайней мере, при связывании они не стали бы бить нас и, уж тем более, убивать."
,,,,,,,,,,默认82,,,,很多男人生怕自己被这些人捆得慢了，一会儿又要被妖兵来捆。,很多男人生怕自己被這些人捆得慢了，一會又要被妖兵來捆。,"Many men feared being tied too slowly by these helpers, dreading the alternative—being bound by demon soldiers instead.",多くの男たちが、後に縛られることを恐れていた。さもなくばまた妖兵が来て縛られることになる。,"Многие забоялись, что, если не успеют быть связанными этими людьми, то вскоре их опять придут связывать яогуаи."
,,,,,,,,,,默认83,,,,都争先恐后地走向这四个新派过来的下人，一时将后厅都挤地有些乱了。,他們都爭先恐後地走向這四個新派過來的下人，一時將後廳都擠地有些亂了。,"They all scrambled toward the four newly assigned servants, throwing the Back Hall into momentary chaos.",彼らは先を争って四名の新たに来た下人たちのところへ駆け寄り、奥の間は一時騒然となった。,И наперебой кинулись к тем четырём помощникам - задний зал на какое-то время погрузился в хаос.
,,送茶老妪狼狈,通常,,,,1,,,,,,,,,,,
,,,,,,,,,,默认84,,,,我落在后面，并未积极向前挤，然而，一位老妪却径直朝我走来。,我落在後面，並未積極向前擠，然而，一位老嫗卻徑直朝我走來。,"I hung back, not jostling forward with the crowd—yet an Old Crone strode straight toward me.",私は後ろに取り残されたが、わざわざ前へ急ぐつもりはなかった。しかし一人の老婆がまっすぐ私のところへやってきた。,"Я отступил, чтобы не толкаться в толпе. Но тут какая-то старуха пошла прямо ко мне."
,,,,,,,,,,默认85,,,,咦？,咦？,Eh?,おや？,А?
,,,,,,,,,,默认86,,,,我微微一怔。,我微微一怔。,"I start slightly, taken aback.",私は少し呆気にとられた。,Я вздрогнул от неожиданности.
,,,,,,,,,,默认87,,,,这老妪……有些面熟。,這老嫗……有些面熟。,This Old Crone... seemed faintly familiar.,この老婆には……見覚えがある気がする。,"Эта старуха... я, кажется, знаю её."
,,,,,,,,,,默认88,,,,她好像是我初入勾栏时遇到的那位送茶老妪。,她好像是我初入勾欄時遇到的那位送茶老嫗。,She looked like the Tea-serving crone I’d met when I first entered the Brothel.,たしか、初めて勾欄に行った時に茶を淹れていた老婆だ。,"Она похожа на ту старуху, что подавала чай, когда я впервые попал в ""изогнутую балюстраду""."
,,,,,,,,,,默认89,,,,记得那时她很不会看眼色，惹得王生不快，还替我叫错了姑娘，甚至提议让我点她陪酒。,記得那時她很不會看眼色，惹得王生不快，還替我叫錯了姑娘，甚至提議讓我點她陪酒。,"Back then, she’d been hopeless at reading moods—offending Scholar Wang, summoning the wrong Maiden for me, even proposing herself as a drinking companion.",要領が悪いおばばだったはずだ。王の不興を買うわ、娘を呼び間違えるわ、さらには酒に付き合わせようとする始末だった。,"Тогда она совсем не умела читать обстановку, чем раздражала учёного Вана, позвала мне не ту девушку, а потом и вовсе предложила составить мне компанию за столом."
,,,,,,,,,,默认90,,,,没想到……几年后，又在这里遇到她了。,沒想到……幾年後，又在這裡遇到她了。,"Who’d have thought... I’d encounter her here again, years later.",まさか……数年越しに、こんな場所で再会するとは。,"Кто мог бы подумать, что после стольких лет я встречу её тут?"
,,,,,,,,,,默认91,,,,还好我当时待她还算不薄，料想她也不会为难我。,還好我當時待她還算不薄，料想她也不會為難我。,"Fortunately, I treated her decently back then, so I doubt she'd give me trouble.",幸い、当時の私は彼女に対してぞんざいな扱いはしていなかった。きっと私を悪いようにはしないだろう。,"К счастью, моё обращение с ней тогда можно было назвать вполне достойным, так что не думаю, что она будет создавать какие-то проблемы."
,,送茶老妪狼狈,,,,,1,,,默认92,,,,[……],[……],"""...""",「……」,"""..."""
,CharacterOff,,,,,,,,,,,,,,,,,
,,,,,,,,,,默认93,,,,她绕到我身后，取出绳子开始捆绑我的手腕。,她繞到我身後，取出繩子開始捆綁我的手腕。,She circled behind me and pulled out a rope to bind my wrists.,彼女は私の後ろに回り込むと、縄を取り出し腕を縛り始めた。,"Подойдя ко мне сзади, она достала верёвку, чтобы связать мне руки."
,,方知宥,,,,,,,,默认94,,,,[……],[……],"""...""",「……」,"""..."""
,Shake,Graphics,,x=30 y=40 time=0.4,,,,,PageWait,,,,,,,,,
,Bgm,心悸时刻,,,,3,2,,,,,,,,,,,
,,,,,,,,,,默认95,,,,我顺从地反剪双手。,我順從地反剪雙手。,I obediently crossed my hands behind my back.,おとなしく、私は手を後ろにやる。,Я послушно завёл руки за спину.
,,,,,,,,,,默认96,,,,就在这时，她干瘦的身躯贴近我的后背，一个极低哑的声音急促地钻入我耳中——,就在這時，她乾瘦的身軀貼近我的後背，一個極低啞的聲音急促地鑽入我耳中——,"Just then, her gaunt frame pressed against my back, and a rasping voice hissed urgently into my ear——",その時、痩せぎすの体が私の背中にぴったりとくっつき、低くしわがれた声が私の耳元に飛び込んだ――,"И в этот момент её тощее тело прижалось к моей спине, и она хрипло прошипела мне в ухо:"
,,送茶老妪狼狈,<Off>,,,,,,,默认97,,送茶老妪/12_送茶老妪_01,,[西门虚掩着，趁乱去后厨，再用耳环来活命。],[西門虛掩著，趁亂去後廚，再用耳環來活命。],"""The West Gate’s unlatched. Use the chaos to slip into the Back Kitchen—then use the earrings to survive.""",「西の扉が手薄です。混乱に乗じて厨房に行き、耳飾りを使えば逃げられます」,"""Западная дверь не заперта. Пока тут суматоха, прокрадись на кухню... И с помощью этих серёжек попытайся спастись."""
,,,,,,,,,,默认98,,,,老妪缓缓对我说道。,老嫗緩緩對我說道。,The Old Crone murmured to me.,おもむろに老婆がそう言う。,Прошептала мне старуха-чаёвница.
,,方知宥,,,,,,,,默认99,,,,[……],[……],"""...""",「……」,"""..."""
,,,,,,,,,,默认100,,,,她这是……要救我？,她這是……要救我？,Is she... trying to save me?,彼女は……助けようとしてくれているのか？,Она... спасти меня пытается?
,,,,,,,,,,默认101,,,,西门？指的是后厅侧面的那扇门吧？,西門？指的是後廳側面的那扇門吧？,The West Gate? That must be the side door near the Back Hall.,西の扉？奥の間の側面にある、あの扉のことだろうか？,"Западная дверь? Это, наверное, та дверь сбоку рядом с задним залом."
,,,,,,,,,,默认102,,,,可我现在被捆着，和其他男人捆在一起，一动便会牵连他们，这要如何去？,但我現在被捆著，和其他男人捆在一起，一動便會牽連他們，這要如何去？,"But I’m bound now, lashed to the other men. One move would drag them down—how the hell can I go?",だが私は縛られ、他の男たちと繋がれてしまっている。少しでも妙な動きをすれば、彼らも道連れだ。どうする？,"Но сейчас я связан с другими мужчинами одной верёвкой. Если попытаюсь двинуться - потяну за собой остальных. Так как, чёрт возьми, мне сбежать?"
,,方知宥,,,,,,,,默认103,,,,[……],[……],"""...""",「……」,"""..."""
,,,,,,,,,,默认104,,,,我虽然无法理解她的用意，但也极轻微地点了下头，将她送我的话刻入心底。,我雖然無法理解她的用意，但也極輕微地點了一下頭，將她送我的話刻入心底。,"Though I couldn't comprehend her intentions, I gave the slightest nod, carving her words deep into my heart.",彼女の真意は理解できないが、軽く頷くと、彼女の言ったことを頭に入れておくことにした。,"Хотя я и не понимал, зачем она это делает, но кивнул ей в ответ и хорошенько запомнил её слова."
,,送茶老妪狼狈,<Off>,,,,,,,默认105,,,,[……],[……],"""...""",「……」,"""..."""
,CharacterOff,,,,,,,,,,,,,,,,,
,,,,,,,,,,默认106,,,,紧接着，送茶老妪迅速将两样东西塞进我手中。,緊接著，送茶老嫗迅速將兩樣東西塞進我手中。,"Then, the tea-serving crone swiftly shoved two objects into my hands.",そのまま、老婆がすばやく二つの物を私の手の中に押し込んだ。,Затем она быстро подсунула мне в руки два каких-то предмета.
,Sprite,记-刀片,,,,,,,,,,,,,,,,
,,,,,,,,,,默认107,,,,左手是一片冰凉锋利的刀片。,左手是一片冰涼鋒利的刀片。,"In my left hand—an icy, razor-sharp blade.",左手には冷たく輝く鋭い小刀。,"В левую руку - холодное, как лёд, лезвие бритвы."
,SpriteOff,,,,,,0.5,,,,,,,,,,,
,Wait,,,,,,0.5,,,,,,,,,,,
,Sprite,记-金丝耳环,,,,,,,,,,,,,,,,
,,,,,,,,,,默认108,,,,右手是一对微凉的金丝耳环，小巧精致。,右手是一對微涼的金絲耳環，小巧精緻。,"In my right—a pair of delicate gold filigree earrings, cool to the touch and exquisitely crafted.",右手にはかすかな冷たさを感じる、精巧な金の耳飾り。,"А в правую - пару тонких золотых серёжек, искусно выполненных и прохладных на ощупь."
,SpriteOff,,,,,,1,,,,,,,,,,,
,Sprite,黑,,特效前,,,0.5,,,,,,,,,,,
,Tween,黑,ColorTo,alpha=0 time=0,,,,,,,,,,,,,,
,Tween,黑,ColorTo,alpha=0.4 time=0,,,,,NoWait,,,,,,,,,
,Wait,,,,,,0,,,,,,,,,,,
,,,,,,,,,,默认109,,,,果然！,果然！,Just as I thought!,やはり！,Это оказалось правдой!
,,,,,,,,,,默认110,,,,她在帮我！,她在幫我！,She's helping me!,彼女は、私に協力してくれているんだ！,Она помогает мне!
,,,,,,,,,,默认111,,,,这老妪果真是想救我性命！,這老嫗果真是想救我性命！,The old crone truly means to save my life!,この老婆は、本気で私の命を救おうとしている！,Она действительно хочет спасти меня!
,,,,,,,,,,默认112,,,,不……或许她是受人指使？,不……或許她是受人指使？,No... Or was she acting under someone's orders?,いや……それとも、誰かの差し金だろうか？,Или же... ей кто-то приказал спасти меня?
,SpriteOff,黑,,,,,0.5,,NoWait,,,,,,,,,
,Wait,,,,,,0.5,,,,,,,,,,,
,,,,,,,,,,默认114,,,,我猛地抬头，望向远处前厅的林翩翩。,我猛地抬頭，望向遠處前廳的林翩翩。,"I jerked my head up, staring toward Lin Pianpian in the distant Front Hall.",首をひねり、前の広間にいる林翩翩の方を見た。,"Я дёрнул голову, чтобы посмотреть на сидящую в переднем зале Линь Пяньпянь."
,,林翩翩,笑出眼泪,,,,,,,,,,,,,,,
,,,,,,,,,,默认115,,,,此时，她正笑得花枝乱颤，仿佛被某个妖兵的粗鄙笑话逗乐。,此時，她正笑得花枝亂顫，彷彿被某個妖兵的粗鄙笑話逗樂。,"At that moment, she was laughing so hard, she shook like a flower in the wind, as if amused by some demon soldier's crude joke.",その時の彼女は、妖兵の野蛮な冗談に付き合わされているかのように、けらけらと腰をよじって笑っていた。,"В этот момент она смеялась во весь голос, раскачиваясь, словно цветок на ветру - видимо, её развеселила грубая шутка одного из яогуаев-солдат."
,,,,,,,,,,默认116,,,,笑着笑着，她眼波似不经意地扫过我这边。,笑著笑著，她眼波似不經意地掃過我這邊。,"As she laughed, her gaze swept past me almost imperceptibly.",笑いながら、ふと彼女の視線がこちらを向く。,"Не переставая смеяться, она почти незаметно украдкой взглянула в мою сторону."
,,林翩翩,通常,,,,,,,默认117,,,,[……],[……],"""...""",「……」,"""..."""
,,,,,,,,,,默认118,,,,她的目光在我身上极短暂地停留了一瞬。,她的目光在我身上極短暫地停留了一瞬。,Her eyes lingered on me for the briefest instant.,視線が、私を見て一瞬だけ止まった。,Её взгляд задержался на мне лишь на какое-то мгновение.
,,,,,,,,,,默认119,,,,虽然那眼神平静无波，毫无情绪，却像一道无声的惊雷，在我心头炸开，我仿佛听到了她想向我传达的声音——,雖然那眼神平靜無波，毫無情緒，但卻像一道無聲的驚雷，在我心頭炸開，我彷彿聽到了她想向我傳達的聲音——,"Though her expression was calm and utterly unreadable, it struck me like a silent thunderclap—as if I could hear the message she was trying to convey——",瞳の奥は凪のように静かで、何の感情も読み取れない。しかし音のない雷のように私の心で何かが炸裂した。まるで、こちらに呼びかけている声が聞こえるように――,"Её лицо было спокойно и непроницаемо, но в моём сердце будто прогремел раскат грома, я словно собственными ушами услышал, что она хотела передать мне:"
,,,,,,,,,,默认120,,,,——“快走！”,——“快走！”,"—— ""Run!""",――「逃げろ」と。,'Уходи поскорей!'
,CharacterOff,,,,,,,,,,,,,,,,,
,,方知宥,,,,,,,,默认121,,,,[……],[……],"""...""",「……」,"""..."""
,,,,,,,,,,默认122,,,,看来，等会儿这里必有祸事发生，这里有许多人恐怕难以活命。,看來，等會這裡必有禍事發生，這裡有許多人恐怕難以活命。,It seems disaster is inevitable here soon. Many in this crowd won’t live to see another day.,どうも、とんでもないことがこの後起きそうだ。ここにいるほとんどの者は、おそらく生き残れないだろう。,"Похоже, рано или поздно здесь определённо разразится беда и многие не выживут."
,,,,,,,,,,默认123,,,,我必须要靠她给的东西，立刻逃离此地。,我必須要靠她給的東西，立刻逃離此地。,I must use what she gave me to flee this place at once.,彼女がくれた物を頼りに、すぐにここから逃げ出さねば。,"Я должен сбежать с помощью тех вещей, которая она дала."
,,,,,,,,,,默认124,,,,……,……,...,……,...
,Se,刀割绳子,,,,,,,,,,,,,,,,
,,,,,,,,,,默认125,,,,——呲啦,——呲啦,—Ssskrtch,――サクッ,*Вжик.*
,,,,,,,,,,默认126,,,,锋利的刀片轻易割断了腕上绳索。,鋒利的刀片輕易割斷了腕上繩索。,The razor-sharp blade severed my wrist bindings effortlessly.,鋭い刃が、いとも簡単に腕にかかった縄を断ち切った。,Я без каких-либо усилий перезал верёвки острым лезвием бритвы.
,,,,,,,,,,默认127,,,,我挣脱束缚，却仍将双手背在身后，佯装被缚。,我掙脫束縛，卻仍將雙手背在身後，佯裝被縛。,"I broke free but kept my hands behind my back, pretending to still be tied.",拘束から逃れはしたが、両手はそのまま後ろに回し、捕まっている風を装う。,"Освободившись от пут, я пока держал руки за спиной, делая вид, что ещё связан."
,,,,,,,,,,默认128,,,,后厅人群拥挤混乱，我费力地摇晃身体，一点点挪到王生背后，,後廳人群擁擠混亂，我費力地搖晃身體，一點點挪到王生背後，,"The Back Hall teemed with chaos. I rocked my body laboriously, inching toward Scholar Wang's back.",奥の間は人がごった返し、まだ混乱が続いている。私はなんとか体を揺らし、少しずつ王の後ろに近付いた。,В заднем зале царила суматоха. Я с трудом протолкнулся к спине учёного Вана.
,,方知宥,,,,,,,,默认129,,,,[……],[……],"""...""",「……」,"""..."""
,,,,,,,,,,默认130,,,,我将那片救命的刀片飞快地塞入他的掌心中。,我將那片救命的刀片飛快地塞入他的掌心中。,I thrust the lifesaving razor blade into his palm.,命を繋ぐ小刀を、さりげなく彼の手に押しつける。,Я быстро вложил спасительное лезвие ему в руку.
,,王生逃难,惊讶,,,,,,,默认131,,,,[……],[……],"""...""",「……」,"""..."""
,CharacterOff,,,,,,,,,,,,,,,,,
,,,,,,,,,,默认132,,,,确认他的手心攥住刀片后，我便开始继续挪移身体，朝着送茶老妪说的西侧小门挪移而去。,確認他的手心攥住刀片後，我便開始繼續挪移身體，朝著送茶老嫗說的西側小門挪移而去。,"After ensuring he gripped the blade, I resumed shuffling toward the western side door the old crone had indicated.",彼がそれをしっかりと握ったのを確認すると、私はそのままずるずると体を動かし、給茶の老婆が言っていた西の扉を目指した。,"Убедившись, что он его держит, я стал пробираться к западной двери, о которой говорила старуха-чаёвница."
,,,,,,,,,,默认133,,,,此时，人挤着人，周围也耳目众多。,此時，人擠著人，周圍也耳目眾多。,"Bodies pressed against bodies, the air thick with prying eyes and ears.",今は人々がひしめき合い、人目も多い。,"Все толпились, прижимаясь друг к другу, вокруг было слишком много глаз и ушей."
,,,,,,,,,,默认134,,,,王生难挪移身体去看我，我也难跟他讲更多的事。,王生難挪移身體去看我，我也難跟他講更多的事。,"Scholar Wang couldn't turn to face me, and words failed us both.",王は身をよじって私の方を見ることもできず、私もこれ以上彼にかまけている余裕はなかった。,"Учёный Ван не мог повернуться ко мне лицом, и я не мог ничего ему толком пояснить."
,,,,,,,,,,默认135,,,,我不知道王生是否知道我在帮他。,我不知道王生是否知道我在幫他。,Does Scholar Wang even know I'm aiding him?,私が彼を助けようとしていることが伝わったかどうかは、定かではない。,"Сложно сказать, понял ли он вообще, что это я ему помогаю."
,,,,,,,,,,默认136,,,,大概，他可能会觉得自己突然得到了刀片，如有神助。,大概，他可能會覺得自己突然得到了刀片，如有神助。,He probably thinks the Razor Blade materialized by some miracle.,おそらく、突然小刀が天から降ってきたとでも思っているだろう。,"Он, наверное, думает, что это лезвие возникло у него в руке как помощь свыше."
,,,,,,,,,,默认137,,,,只能帮他至此了！,只能幫他至此了！,This is as far as my help goes!,彼にしてやれることはここまでだ。,"Но это самое большее, что я только могу для него сделать!"
,,方知宥,,,,,,,,默认138,,,,[……],[……],"""...""",「……」,"""..."""
,,,,,,,,,,默认139,,,,将刀片给予王生后，我缓缓挪至人群边缘，靠在了西门附近。,將刀片給予王生後，我緩緩挪至人群邊緣，靠在了西門附近。,"After slipping the Razor Blade to Scholar Wang, I inched along the crowd's fringe until my back met the West Gate's stones.",王に小刀を渡した後、ゆっくりと人ごみの端に移動し、西の扉が近付いてきた。,"Передав лезвие учёному Вану, я продвигался по краю толпы, пока не подобрался к западной двери."
,,红甲鹰妖,愤怒,,,,,,,默认140,,红甲鹰妖/12_红甲鹰妖_11,,[妈的！你这蛮子！竟废物得尿了裤子！给老子滚过来！],[媽的！你這蠻子！竟廢物得尿了褲子！給老子滾過來！],"""Fuck! Worthless savage! Pissing yourself like a craven dog! Get over here!""",「ちくしょう！この野蛮人め、漏らしやがったな！おら！こっちへ来い！」,"""Южанин грёбаный, мля! Обоссал себе портки как псина подзаборная! А ну сюда пополз!"""
,,被绑男人乙,,,,,,,,默认141,,被绑男人乙/12_被绑男人乙_01,,[老爷饶命！饶命啊！别杀我！],[老爺饒命！饒命啊！別殺我！],"""Mercy, my lord! I beg you! Don't kill me!""",「ひいい！ご勘弁を！命だけは！」,"""Пощады, господин! Прошу! Не убивайте меня!"""
,,红甲鹰妖,,,,,,,,默认142,,红甲鹰妖/12_红甲鹰妖_12,,[哭哭啼啼像个娘们！老子偏要杀你这等软蛋！],[哭哭啼啼像個女人！老子偏要殺你這等軟蛋！],"""Quit your blubbering like a damn woman! I'll slaughter a spineless worm like you myself!""",「女みたいにぴいぴい泣きやがって！そんな玉無し野郎は叩き殺してやらあ！」,"""Как баба хнычешь! Мне, наоборот, теперь ещё пуще захотелось прикончить тебя, слюнтяя!"""
,,被绑男人乙,,,,,,,,默认143,,被绑男人乙/12_被绑男人乙_02,,[不要杀我！不要杀我——！],[不要殺我！不要殺我——！],"""Don't kill me! Don't kill me!——!""",「殺さないでくれ！命だけは――！」,"""Не убивайте! Не убивайте!.."""
,CharacterOff,,,,,,,,,,,,,,,,,
,Se,拔刀,,,,,,,,,,,,,,,,
,,,,,,,,,,默认144,,,,背后传来了凄厉的哭声，以及红甲鹰妖拔刀的声音。,背後傳來了淒厲的哭聲，以及紅甲鷹妖拔刀的聲音。,"A piercing wail rose behind me, followed by the metallic rasp of the Red-Armored Eagle Demon unsheathing its blade.",背後からすさまじい泣き声がし、続いて鷹妖が剣を抜く音が聞こえた。,"Позади меня раздался пронзительный вопль, за которым последовал звук извлекания меча из ножен."
,,,,,,,,,,默认145,,,,我不知那男人命运如何，或许今后也再无机会知晓。,我不知那男人命運如何，或許今後也再無機會知曉。,I never learned that man's fate—perhaps I never will.,その男の運命は、今後も私が知ることはないだろう。,"Не знаю, что потом ждёт того мужчину - возможно, у меня никогда не будет возможности узнать."
,,,,,,,,,,默认146,,,,虽然我很想帮他，但是此时的我冲上去大概也是送命，还可能暴露林翩翩和送茶老妪对我的帮助——因此，我需先顾着自己的性命。,雖然我很想幫他，但是此時的我衝上去大概也是送命，還可能暴露林翩翩和送茶老嫗對我的幫助——因此，我需先顧著自己的性命。,"Though I ached to help, charging in now would've been suicide—and might've exposed how Lin Pianpian and the tea-serving crone aided me——So I chose survival first.",気がかりではあるが、今行ったところで犬死にするだけでなく、翩翩やあの老婆の協力が露見する危険もある――そのため、今は自分の命の方を優先するしかなかった。,"Мне бы хотелось помочь ему, но бросаться ему на помощь было бы чистой воды самоубийством. Да и я бы мог тем самым выдать, что Линь Пяньпянь и та старуха-чаёвница мне помогали - поэтому сейчас остаётся лишь беспокоиться о собственном выживании."
,,,,,,,,,,默认147,,,,于是，我趁着所有人的注意力都被那男人吸引时，猛地闪身，从西门溜了出去。,於是，我趁著所有人的注意力都被那即將殞命的男人吸引時，猛地閃身，從西門溜了出去。,"Seizing the moment when all eyes were fixed on the doomed man, I slipped through the West Gate in one desperate dash.",こうして、皆の注意が今にも殺されそうな男に引かれている隙に、するりと西の扉から抜け出した。,"Пользуясь тем, что внимание всех присутствующих было приковано к вот-вот распрощающемуся со своей жизнью бедолаге, я сразу же рванул через западную дверь."
,FadeOut,black,,square,,,1,,,,,,,,,,,
,Se,脚步声渐远,,,,,,,,,,,,,,,,
,,,,,,,,,,默认148,,,,……,……,...,……,...
,,方知宥,,,,,,,,默认149,,方知宥/12_方知宥_01,,[……呼……呼],[……呼……呼],"""... Huff... Huff""",「……ふぅ……ふぅ……」,"""...фух... фух..."""
,Se,心跳,,,,,,,,默认150,,,,我一路小跑，心脏疯狂擂动，每一次跳动都猛烈撞击着胸腔，几乎要破膛而出。曲折回廊在脚下延伸，石板地被我仓促的脚步叩响，发出急促的“嗒嗒”声。,我一路小跑，心臟瘋狂擂動，每一次跳動都猛烈撞擊著胸腔，幾乎要破膛而出。曲折迴廊在腳下延伸，石板地被我倉促的腳步叩響，發出急促的“嗒嗒”聲。,"I sprinted forward, my heart hammering wildly, each beat slamming against my ribs like it might tear through my chest. The twisting alleyway stretched ahead, stone tiles clattering under my desperate footsteps with frantic ""clacks"".",私はひたすら走った。心臓が狂ったように脈打ち、今にも飛び出さんばかりにどんどんと胸を打った。回廊が延々と続き、石畳が私の足に合わせてこつこつと急いた音を立てている。,"Я бежал вприпрыжку по дороге, каждый удар бешено колотящегося сердца отдавался в рёбра, словно оно хотело выскочить из груди. Извилистый переулок тянулся вперёд, брусчатка гремела под моими торопливыми шагами."
,,,,,,,,,,默认151,,,,心鼓声来自体内，脚步声来自体外，交织成令人心惊肉跳的催命符。,心鼓聲來自體內，腳步聲來自體外，交織成令人心驚肉跳的催命符。,Internal drumming and external footfalls merged into a heart-stopping death chant.,内側からの心臓の鼓動と、外からの足音が混ざり合い、死を早める恐ろしい呪いのように私の胸を締め付ける。,"Стук сердца изнутри и звук собственных шагов снаружи сливались воедино - всё это звучало как зловещая мантра смерти, выворачивающая душу наизнанку."
,,,,,,,,,,默认152,,,,我生怕声响过大，引来追兵，却丝毫不敢停步——,我生怕聲響過大，引來追兵，卻絲毫不敢停步——,"I feared the noise would attract the Pursuers, but stopping wasn't an option——",大きな足音で追手を呼び寄せてしまうのではないかとびくびくしていたが、それでも足を止めることはできない――,"Я переживал, что шум может привлечь яогуаев, но при этом не решался остановиться ни на секунду:"
,,,,,,,,,,默认153,,,,我怕我跑得慢了，妖兵便会发现绳索被人砍断，它们也会从身后追过来。,我怕我跑得慢了，妖兵便會發現繩索被人砍斷，它們也會從身後追過來。,"If I slowed, the demon soldiers would find the cut ropes and come barreling after me.",もしもここで歩を緩めれば、すぐに縄が切られたことに妖兵が気付き、追いかけてくるだろう。,"Ведь если замедлюсь, то яогуаи, если обнаружат перерезанную верёвку, бросятся следом и нагонят меня."
,,,,,,,,,,默认154,,,,那穿红甲的鹰妖，从刚才起便想要借个由头伤人，若是让他知道我逃了，捉到我后，必定会杀了我。,那穿紅甲的鷹妖，從剛才起便想要借個由頭傷人，若是讓他知道我逃了，捉到我後，必定會殺了我。,"That Red-Armored Eagle Demon had been itching for an excuse to hurt someone. If he discovered I’d escaped, he’d kill me the moment he caught me.",あの赤い鎧の鷹妖は、何かと言いがかりをつけて誰かしらをいたぶっていた。私が逃げたと知れば、きっと探し出して殺しに来る。,"Яогуай-орёл и так постоянно искал предлог кого-нибудь побить или убить. И если он узнает, что я сбежал, и догонит меня, то непременно прикончит на месте."
,,,,,,,,,,默认155,,,,不能停！,不能停！,Can’t stop!,止まれない！,Нельзя останавливаться!
,,,,,,,,,,默认156,,,,绝不能停！！,絕不能停！！,Must not stop!!,絶対に、止まれない！,Ни в коем случае нельзя останавливаться!
,,,,,,,,,,默认157,,,,周遭景物飞速掠过，我冲过狭窄巷道，猛一拐弯，眼前豁然开朗——是一片露天庭院。,周遭景物飛速掠過，我衝過狹窄巷道，猛一轉彎，眼前豁然開朗——是一片露天庭院。,"The surroundings blurred past as I charged through narrow alleys, swerved sharply—then suddenly, open space——A courtyard sprawled ahead.",周囲の景色が瞬く間に通り過ぎていき、狭い路地に当たった。そこをぐいと曲がると、眼前が突然開けた――吹きさらしの庭だ。,"Всё вокруг проносилось у меня перед глазами, я пробежал по узким переулкам, а затем резко завернул за угол - и передо мной неожиданно оказался просторный двор."
,StopBgm,,,,,,3,,,,,,,,,,,
,FadeOut,black,,wipe_left,,,1,,,,,,,,,,,
,Bg,马厩,,,,,0,,,,,,,,,,,
,FadeIn,black,,wipe_right,,,1,,,,,,,,,,,
,Sprite,黑,,特效前,,,0.5,,,,,,,,,,,
,Tween,黑,ColorTo,alpha=0 time=0,,,,,,,,,,,,,,
,Tween,黑,ColorTo,alpha=0.4 time=0,,,,,NoWait,,,,,,,,,
,Wait,,,,,,0,,,,,,,,,,,
,,,,,,,,,,默认158,,,,哦，与其说是庭院，不如说这里是一个马厩。,哦，與其說是庭院，不如說這裡是一個馬廄。,Though courtyard was generous—it was a stable.,おっと、庭というより、むしろ厩舎か。,"Ну, двором его можно было назвать с натяжкой. Скорее, это была конюшня."
,,,,,,,,,,默认159,,,,马厩里，驼马三五成群，它们或四足站立，或悠闲躺卧，庞大的身躯几乎占据了所有可通行的道路。,馬廄裡，駝馬三五成群，它們或四足站立，或悠閒躺臥，龐大的身軀幾乎占據了所有可通行的道路。,"Pack horses clustered in groups, some standing, others lounging, their hulking bodies choking every passable path.",厩舎では駄馬いくつかの群れを成している。四本足で立っているのもいれば、のんびりと横たわるのもいて、巨大な体が通り道のほとんどを塞いでしまっていた。,"Здесь были вьючные лошади, разделённые по несколько штук - некоторые из них стояли, другие отдыхали, привалившись на землю. Их большие тела переграждали почти все возможные проходы."
,,,,,,,,,,默认160,,,,更要命的是，马厩边缘，一个身影正执扫帚清理粪草。,更要命的是，馬廄邊緣，一個身影正執掃帚清理糞草。,"To make matters worse, a figure stood at the edge of the stable, sweeping manure and straw with a broom.",さらに厄介なことに、厩舎の端で糞や草の掃除をしている者がいた。,"И, как назло, с краю конюшни кто-то стоял, подметая метлом навоз и солому."
,,,,,,,,,,默认161,,,,此人约莫四五十岁，穿着灰布长衫。,此人約莫四五十歲，穿著灰布長衫。,"The man looked to be in his forties or fifties, clad in a gray cloth robe.",四五十歳といったところだろうか。灰色の長衫を着ている。,"На вид мужчине было лет сорок-пятьдесят, он был одет в серую одежду."
,,,,,,,,,,默认162,,,,他剃了大半头发，仅留脑后一撮，结成一条细鼠尾辫。,他剃了大半頭髮，僅留腦後一撮，結成一條細鼠尾辮。,"Most of his hair was shaved off, save for a thin rat-tail braid at the back of his skull.",髪のほとんどを剃り上げ、後頭部だけを辮髪に結い上げている。,"Он был с бритой головой - лишь одна косичка, напоминавшая мышиный хвост, спускалась с затылка."
,,,,,,,,,,默认163,,,,等一下……他不是人！,等一下……他不是人！,Wait... He’s not human!,まてよ……あれは人ではない！,Погодите... он не человек!
,,,,,,,,,,默认164,,,,我冷汗涔涔，定睛细看，视线一阵模糊——,我冷汗涔涔，定睛細看，視線一陣模糊——,"Cold sweat trickled down my spine as I squinted, my vision swimming——",冷や汗が零れる。目を凝らして見ると、視界がぼやけ――,"Весь покрытый холодным потом, я пригляделся, и всё начало плыть перед глазами."
,,,,,,,,,,默认165,,,,转瞬之际，原本那留着鼠尾辫的头变作了驼马的头。,轉瞬之際，原本那留著鼠尾辮的頭變作了駝馬的頭。,"In a flash, the rat-tail-braided head morphed into a pack horse’s visage.",一瞬のうちに、辮髪だった頭が駄馬の頭に変化した。,За долю секунды увенчанная косичкой голова превратилась в лошадиную морду.
,,,,,,,,,,默认166,,,,他是一个马头人！他也是妖兵！或者至少是妖兵的妖仆！,他是一個馬頭人！他也是妖兵！或者至少是妖兵的妖仆！,A Horse-headed man! Another demon soldier—or at least a Demon Servant of theirs!,馬頭人だ！あいつも妖兵……あるいは少なくとも、妖兵のしもべだ！,Человек с головой лошади! Он один из яогуаев-солдат! Либо же кто-то из их прислуги!
,,,,,,,,,,默认167,,,,怎么办？,怎麼辦？,What do we do?,どうする？,Что же делать?
,,,,,,,,,,默认168,,,,这妖仆若是注意到我，定然不会放过我！,這妖仆若是注意到我，定然不會放過我！,"If that Demon Servant spots me, it'll hunt me down for sure!",あの妖怪のしもべに気付かれれば、逃がしてはくれないだろう。,"Если он заметит меня, то наверняка не даст пройти!"
,,,,,,,,,,默认169,,,,眼前有驼马群挡着路，稍不留神，便会发出动静，把他引过来！,眼前有駝馬群擋著路，稍不留神，便會發出動靜，把他引過來！,A herd of pack horses blocks the way—one wrong step will spook them and bring it running!,目の前は駄馬の群れが道を塞いでいる。うっかり妙なことをすれば、すぐに気付かれるだろう。,"И этот табун вьючных лошадей преграждал путь - один неверный шаг, и они всполошатся и привлекут внимание яогуая!"
,,,,,,,,,,默认170,,,,若是我快速从这里跑过去，驼马群必定会受惊……,若是我快速從這裡跑過去，駝馬群必定會受驚……,"If I bolt through here, the pack horses will stampede...",急いで走り抜けようとすれば、きっと馬たちを驚かせてしまう……,"Если я постараюсь пробежать это место, это наверняка вспугнёт лошадей..."
,,,,,,,,,,默认171,,,,但是……乱起来的驼马群或许能扰乱这个人的注意力。,但是……亂起來的駝馬群或許能擾亂這個人的注意力。,But... The rampaging pack horses might just throw this pursuer off.,しかし……駄馬たちが騒げば、あいつの注意を逸らすことができるかもしれない。,"Хотя... возможно, эта суматоха может сбить яогуая с толку и отвлечёт его."
,,,,,,,,,,默认172,,,,那么，我是否该现在就跑呢？——,那麼，我是否該現在就跑呢？——,Should I bolt now?——,さて、私は今すぐ走って逃げるべきだろうか？,"Так что же, стоит сейчас же пуститься в бег?"
,,,,,,,,,,默认173,,,,还是想想更稳妥的办法，尽量不被他注意到，趴在地上，耐心潜行过去？,還是想想更穩妥的辦法，盡量不被他注意到，趴在地上，耐心潛行過去？,"Or play it safe—stay low, avoid attention, and inch forward?",それとも穏便に、注意を引かないよう地に伏せ、こっそり進むか？,"Или же действовать более надёжным способом, не привлекая и малейшего внимания, припасть на землю и потихоньку прокрасться?"
,SpriteOff,黑,,,,,0.5,,NoWait,,,,,,,,,
,Wait,,,,,,0.5,,,,,,,,,,,
,Bgm,心悸时刻,,,,2,3,,,,,,,,,,,
,Selection,*缓慢前进，匍匐潜行,,,,,,,,,,,,缓慢前进，匍匐潜行,緩慢前進，匍匐潛行,"Slow advance, stealthy crawl.",匍匐で隠れながらゆっくりと進む,Потихоньку прокрасться
,Selection,*一鼓作气，快速逃跑,,,,,,,,,,,,一鼓作气，快速逃跑,一鼓作氣，快速逃跑,Run like hell.,一気に走って逃げる,Побежать сломя голову
,*一鼓作气，快速逃跑
,StopBgm,,,,,,3,,,,,,,,,,,
,Jump,*map_end_7_a
,*缓慢前进，匍匐潜行
,StopBgm,,,,,,3,,,,,,,,,,,
,Bgm,雨井烟垣_可循环,,,,3,3,,,,,,,,,,,
,Sprite,黑,,特效前,,,0.5,,,,,,,,,,,
,Tween,黑,ColorTo,alpha=0 time=0,,,,,,,,,,,,,,
,Tween,黑,ColorTo,alpha=0.4 time=0,,,,,NoWait,,,,,,,,,
,Wait,,,,,,0,,,,,,,,,,,
,,,,,,,,,,默认174,,,,不行……,不行……,No good...,いや……,Нет...,
,,,,,,,,,,默认175,,,,绝对要冷静。,絕對要冷靜。,Stay absolutely calm.,冷静にいかなければ。,Мне надо успокоиться.,
,,,,,,,,,,默认176,,,,我握紧了手心攥着的那对耳环，尝试让自己的心态变得更为冷静。,我握緊了手心拿著的那對耳環，嘗試讓自己的心態變得更為冷靜。,"I tightened my grip on the pair of earrings in my palm, forcing myself to steady my nerves.",手中の耳飾りをぎゅっと握りしめ、つとめて冷静に心を静めた。,"Я сжал серёжки в руке, пытаясь усмирить своё растревоженное сердце.",
,,,,,,,,,,默认177,,,,林翩翩为我创造了一线生机，绝不能因冲动而浪费了。,林翩翩為我創造了一線生機，絕不能因衝動而浪費了。,Lin Pianpian bought me this sliver of a chance—I can’t waste it on reckless impulses.,せっかく林翩翩がくれた生き延びる機会だ。絶対に一時の衝動で無駄にはできない。,Линь Пяньпянь дала мне шанс на выживание - мне никак нельзя упустить его своими необдуманными действиями.,
,,,,,,,,,,默认178,,,,目前最好的办法，绝非是立刻跑过去。,目前最好的辦法，絕非是立刻跑過去。,Charging straight at them is the worst move right now.,今できる最善の方法は、断じて急いで走り抜けることではない。,В нынешней ситуации лучшим решением определённо будет не рваться с места в карьер.,
,,,,,,,,,,默认179,,,,我不了解眼前的这些牲畜的习性，不知惊扰了它们会发生什么。,我不了解眼前的這些牲畜的習性，不知驚擾了它們會發生什麼事。,I don’t know these beasts’ instincts—no clue what’ll happen if I startle them.,目の前の家畜の習性はよくわからないので、驚かせたらどうなるかわからない。,"Я не знаю, какие повадки у этих лошадей, и понятия не имею, что будет, если напугать их.",
,,,,,,,,,,默认180,,,,而且，虽然这马头人身上没有穿甲，也没有拿刀，但凭借我的武力难以将他立刻放倒。,而且，雖然這馬頭人身上沒有穿甲，也沒有拿刀，但憑藉我的武力難以將他立刻放倒。,"And even though this Horse-headed man wears no armor and carries no blade, my combat skills won’t drop him fast enough.",かつ、この馬頭の奴も、鎧を着ていないし剣も持っていないとはいえ、私の強さでは圧倒することは叶わないだろう。,"И, пусть у этого мужчины с головой лошади нет ни брони, ни оружия, с моими боевыми навыками мне вряд ли удастся быстро одолеть его.",
,,,,,,,,,,默认181,,,,若是惊动了他，他招来其他妖兵，我便只有死路一条了。,若是驚動了他，他招來其他妖兵，我便只有死路一條了。,"If I alert him and he summons more demon soldiers, I'm dead for sure.",もし刺激を与えたら、他の妖兵を呼び寄せて、私は殺されてしまうだろう。,"Если встревожить его, то он позовёт на помощь других яогуаев - и тогда мне точно конец!",
,,,,,,,,,,默认182,,,,别无他法！,別無他法！,No other way!,他に選択肢はない。,Другого выбора нет!,
,,,,,,,,,,默认183,,,,尝试潜行过去吧！,嘗試潛行過去吧！,Try sneaking past!,隠れながら進んでみよう。,Мне надо прокрасться мимо него!,
,SpriteOff,黑,,,,,0.5,,NoWait,,,,,,,,,
,Wait,,,,,,0.5,,,,,,,,,,,
,,方知宥,,,,,,,,默认184,,方知宥/12_方知宥_02,,[呼……],[呼……],"""Haa...""",「すう……」,"""Ха-а-а...""",
,,,,,,,,,,默认185,,,,我深吸一口气，缓缓伏低身体，四肢着地，开始了此生从未有过的匍匐爬行。——嗒——嗒。,我深吸一口氣，緩緩伏低身體，四肢著地，開始了此生從未有過的匍匐爬行。——嗒——嗒。,"I drew a sharp breath, crouched low, and crawled forward on all fours—a humiliating first in my wretched life. ——Click——Tap.",私は息を深く吸い込み、ゆっくり体を伏せると四肢を地につけ、これまでやったことのない匍匐の姿勢で這っていく。――ズッ――ズッ,"Я глубоко вдохнул, пригнулся, встал на четвереньки и пополз. Впервые в жизни мне доводилось делать что-то подобное. *Раз*, *два*.",
,FadeOut,black,,,,,0.1,,,,,,,,,,,
,Bg,马腿,,,,,,,,,,,,,,,,,
,FadeIn,black,,punch,,,2,,,,,,,,,,,
,,,,,,,,,,默认186,,,,我极缓极轻地爬着，在驼马粗壮的腿蹄间挪移，每一次动作都谨慎至极。,我極緩極輕地爬著，在駝馬粗壯的腿蹄間挪移，每一次動作都謹慎至極。,"I slithered between the pack horse's tree-trunk legs, each muscle movement measured like a dying man's last prayer.",可能な限りゆっくりと、太い駄馬の足の間を縫っていった。一つ一つの動作に、最大限の注意を払う。,"Я очень медленными и лёгкими движениями протискивался между мощными ногами лошадей, соблюдая максимальную осторожность.",
,Se,大口喘息,,,,,,,,,,,,,,,,,
,,,,,,,,,,默认187,,,,——呼——呼,——呼——呼,—Whoosh—whoosh—,――ふぅ――ふぅ,*Уф-уф.*,
,,,,,,,,,,默认188,,,,我尽量让自己的呼吸变得轻柔，生怕引起一丝多余的声响，从而惊扰到这些牲畜。,我盡量讓自己的呼吸變得輕柔，生怕引起一絲多餘的聲響，從而驚擾到這些牲畜。,"My breaths turned ghostly shallow, terrified the slightest sigh might wake these slaughterhouse beasts.",なるべく限り呼吸を浅くし、余計な音を立てて家畜を驚かせないように気を遣う。,"Я старался дышать как можно тише, боясь, что один лишний звук может взбудоражить скотину.",
,,,,,,,,,,默认189,,,,我将自己想象成一只小虫，从一只驼马的脚边爬到另一边。,我將自己想像成一隻小蟲，從一隻駝馬的腳邊爬到另一邊。,"I imagined myself as a tiny insect, crawling from beneath one pack horse's hooves to another.",私は自分を一匹の小虫だと思い込み、駄馬の足元をぐるりと迂回する。,"Я представлял себя маленькой букашкой, которая ползла от одного копыта к другому.",
,,,,,,,,,,默认190,,,,每次接近一只新的驼马，我都能感受到它们温热潮湿的鼻息喷溅在背上，带来沉重的压迫感。,每次接近一隻新的駝馬，我都能感受到它們溫熱潮濕的鼻息噴濺在背上，帶來沉重的壓迫感。,"Each time I neared a new pack horse, I could feel its hot, damp breath splattering onto my back, bearing down with crushing weight.",次の馬に近付くたび、熱く湿った鼻息が背に吹きかかり、ひどい圧迫感を感じる。,"Каждый раз, приближаясь к новой лошади, я чувствовал её горячее и влажное дыхание на своей спине - оно словно тяжестью ложилось на меня.",
,,,,,,,,,,默认191,,,,我怕它们对我抱有过多的好奇心，怕它们撕咬我的衣服。,我怕它們對我抱有過多的好奇心，怕它們撕咬我的衣服。,I feared their curiosity might fixate on me—feared they'd tear at my clothes with their teeth.,こちらに興味を向けるのが怖い。服を噛まれないかと恐ろしい。,"Я боялся, что вызову у них излишнее любопытство и они вцепятся зубами мне в одежду.",
,,,,,,,,,,默认192,,,,我怕它们抬起脚，用沉重的蹄子踩中我。,我怕它們抬起腳，用沉重的蹄子踩中我。,I feared they'd lift a hoof and crush me under its monstrous weight.,足を上げ、重たい蹄で踏みつけられないかとびくびくする。,"Боялся, что поднимут тяжёлое копыто и наступят им на меня.",
,,,,,,,,,,默认193,,,,我怕它们因突然看到我而受惊，发出惊恐的嘶鸣，招来那马头人。,我怕它們因突然看到我而受驚，發出驚恐的嘶鳴，招來那馬頭人。,"I feared they'd suddenly spot me, panic, and let out a shrill whinny—drawing the Horse-headed man straight to me.",ふと私を見やり、驚いた拍子に嘶いて、馬頭人を呼び寄せてしまわないかと冷や汗が出る。,"Боялся, что от моего вида они испугаются и издадут ржание, что привлечёт внимание того лошадиноголового.",
,,,,,,,,,,默认194,,,,尽管恐惧攥紧心脏，我仍未停止，一寸寸、一尺尺地向前挪移。,儘管恐懼攥緊心臟，我仍未停止，一寸寸、一尺尺地向前挪移。,"Though fear clenched my heart, I kept inching forward, foot by desperate foot.",恐怖に心臓を締め付けられつつも、私は止まらなかった。一寸、一尺ずつ前へ、前へと進んでいく。,"Но, как бы страх не сжимал моё сердце, я всё равно не останавливался, цунь за цунем, чи за чи пробираясь вперёд.",
,,方知宥,,,,,,,,默认195,,,,[……],[……],"""...""",「……」,"""...""",
,,,,,,,,,,默认196,,,,终于，当我从最后一只的驼马腹部下爬出时，我总算脱离了马群。,終於，當我從最後一隻的駝馬腹部下爬出時，我總算脫離了馬群。,"Finally, as I crawled free from the last pack horse’s underbelly, I’d escaped the herd.",最後の馬の腹の下から這い出すと、ようやく駄馬の群れを抜け出すことができた。,"В конце концов я выбрался из‑под брюха последней лошади - похоже, мне удалось преодолеть весь этот табун.",
,,,,,,,,,,默认197,,,,我蹲着身子小步快走，趁那马头人未曾察觉之际，神不知鬼不觉地离开了马厩。,我蹲著身子小步快走，趁那馬頭人未曾察覺之際，神不知鬼不覺地離開了馬廄。,"Crouched low, I scurried away—slipping from the stales unseen before the Horse-headed man noticed.",身を屈めながら、馬頭人がこちらに気付いていない間に、人知れず小走りでその場を離れた。,"На корточках я быстро поспешил прочь от конюшни, пока мужчина с головой лошади не заметил меня.",
,FadeOut,black,,wipe_up,,,1,,,,,,,,,,,
,Bg,天空阴,,,,,0,,,,,,,,,,,
,FadeIn,black,,wipe_down,,,1,,,,,,,,,,,
,,,,,,,,,,默认198,,,,……,……,...,……,...,
,,,,,,,,,,默认199,,,,我穿过一重又一重院落，每踏入一处陌生地界，都如同拆开一份裹挟着未知恐惧的礼物。,我穿過一重又一重院落，每踏入一處陌生地界，都如同拆開一份裹挾著未知恐懼的禮物。,"I crossed courtyard after courtyard, each new threshold like tearing into a gift wrapped in unknown horrors.",いくつもの屋敷を通り過ぎる。知らない場所に足を踏み入れるたび、未知の恐怖が詰まった包みを開ける気分だ。,"Я пересекал один двор за другим. Каждый раз, ступая в новое место, я словно разворачивал ""подарок"", внутри которого таились лишь новые страхи.",
,,,,,,,,,,默认200,,,,我既要担心与巡逻的妖兵直接撞个照面，又要警惕身后可能追来的索命者。,我既要擔心與巡邏的妖兵直接撞個照面，又要警惕身後可能追來的索命者。,I had to dodge patrols of demon soldiers while watching my back for hunters on my trail.,その間も、巡回中の妖兵にかち合うことや、後ろから追ってくる刺客にも気を使い続けた。,"Мне нужно было опасаться как встречи с патрулями яогуаев, так и возможной погони за спиной.",
,,,,,,,,,,默认201,,,,在经过一些屋院的时候，不知是不是我的错觉——我隐约听到了远处传来凄厉的哭喊声、求饶声，以及刀剑劈开血肉的声音。,在經過一些屋院的時候，不知是不是我的錯覺——我隱約聽到了遠處傳來淒厲的哭喊聲、求饒聲，以及刀劍劈開血肉的聲音。,"As I passed by some houses and courtyards, I couldn’t tell if it was just my imagination———But I faintly heard distant, piercing wails, pleas for mercy, and the sickening crack of blades splitting flesh.",いくつかの屋敷を通り過ぎた時、気のせいだろうか――遠くで凄惨な叫び声や命乞いをする声、そして剣が肉を切り裂く音が聞こえた気がした。,"Проходя мимо некоторых дворов, я словно слышал крики, мольбы о пощаде и звук мечей, рубящих плоть - но не знал, было ли это взаправду или лишь чудилось мне.",
,,,,,,,,,,默认202,,,,我不知道这是屋宅外的声音，还是屋宅内的声音。,我不知道這是屋宅外的聲音，還是屋宅內的聲音。,I couldn’t tell whether the sounds came from outside the houses or within.,それが屋敷の外で聞こえたものなのか、はたまた中から聞こえた音なのかはわからない。,Доносились ли они изнутри или же где‑то снаружи - я тоже сказать не мог.,
,,,,,,,,,,默认203,,,,若是屋宅内的声音，我怀疑是刚才前厅的妖兵，将所有的男人绑住后，开始大开杀戒了。,若是屋宅內的聲音，我懷疑是剛才前廳的妖兵，將所有的男人綁住後，開始大開殺戒了。,"If they were from inside, I suspected the demon soldiers from the Front Hall had bound all the men and begun butchering them.",もしも屋敷の中からだとしたら、前の広間にいた妖兵が、男たちをみな縛り終え、大虐殺を始めたのではないかと心配になった。,"Если изнутри, то можно предположить, что яогуаи из переднего зала привели связанных мужчин и начали убивать их.",
,,,,,,,,,,默认204,,,,刚才那些女人们，兴许还有活着的可能，毕竟她们换了新衣，想来会在今晚的宴席上招待妖兵中的贵人，或被他们充当奴隶。,剛才那些女人們，興許還有活著的可能，畢竟她們換了新衣，想來會在今晚的宴席上招待妖兵中的貴人，或被他們充當奴隸。,"Those women from earlier might still be alive—after all, they were given new clothes. Most likely, they’ll be forced to entertain high-ranking demon soldiers at tonight’s banquet or be taken as slaves by them.",先ほどの女たちは服を着替えていたから、まだ生きているかもしれない。きっと今晩の宴席で招待された妖兵の貴賓をもてなすか、あるいは奴隷にされることになるだろう。,"Те женщины, которых я видел ранее, скорее всего, живы - не зря же им выдали новую одежду. Они, наверное, будут сегодня ночью на пиру развлекать высокопоставленных яогуаев, либо же станут их рабынями.",
,,,,,,,,,,默认205,,,,但这些被“安民符节”诓来的男人们，踏入的恐怕是一条必死的绝路。,但這些被“安民符節”誆來的男人們，踏入的恐怕是一條必死的絕路。,"But because of the ""Pacification Edict"", the deceived men had likely stepped onto a path of certain death.",だが「安民符」に釣られてやってきた男たちは、おそらく生きて出ることはできないだろう。,"А тех мужчин, которых выманили ""защитными грамотами"", боюсь, ждёт лишь одна дорога - смерть.",
,,,,,,,,,,默认206,,,,妖兵早在捉来这些人前，就收缴了他们的银两，而在邻近的房屋处便挑够了用来做事的苦力，剩余的这些男人对他们而言——大概早没什么用处了。,妖兵早在捉來這些人前，就收繳了他們的銀兩，而在鄰近的房屋處便挑夠了用來做事的苦力，剩餘的這些男人對他們而言——大概早沒什麼用處了。,"The demon soldiers had confiscated their taels even before rounding them up, and with enough laborers already drafted from nearby houses, the remaining men were——probably worthless to them by now.",捕らえる前に、妖兵が彼らの金をさんざん搾り取っていた。さらには近所の家から十分な労力も集めている。残った男たちは、彼らにとって――大して役にも立たない。,"Яогуаи отобрали у них деньги ещё до того, как всех согнали вместе. А после того, как они в том соседнем здании отобрали достаточно людей для тяжёлой работы, те, кто остался, оказались им, по большому счёту, не нужны.",
,,,,,,,,,,默认207,,,,我们这些男人……之所以被召集到后厅，一个个被绑缚双手，大概便是为了一会儿方便被全数屠戮。,我們這些男人……之所以被召集到後廳，一個個被綁縛雙手，大概便是為了一會方便被全數屠戮。,"We men... had been herded into the Back Hall, hands bound, likely to streamline our mass slaughter.",だから私を含む男たちは……奥の間に集められ、一人一人手を縛られた。おそらく……後で皆殺しにしやすいように。,"Нас согнали в задний зал и связали руки - наверное, для того, чтобы потом было проще всех убить.",
,,,,,,,,,,默认208,,,,我越想越通透，也大概知道了那些人的命运。,我越想越通透，也大概知道了那些人的命運。,"The more I pieced it together, the clearer it became—I’d probably guessed their fate.",考えれば考えるほどはっきりとしてきて、彼らの運命がわかってしまう。,"Чем больше я думал, тем очевиднее мне становилась судьба тех людей.",
,,,,,,,,,,默认209,,,,这些妖兵……视人命如草芥，真是一群畜生！,這些妖兵……視人命如草芥，真是一群畜生！,These demon soldiers... Treating human lives as worthless weeds—what a pack of beasts!,あの妖兵どもは……人の命をその辺の石ころくらいにしか思わない、まごうことなき畜生だ！,Для этих яогуаев... человеческая жизнь - что сорная трава! Какое же они зверьё!,
,,,,,,,,,,默认210,,,,面对这些畜生，王生能活下来吗？,面對這些畜生，王生能活下來嗎？,Can Scholar Wang survive against these monsters?,あんな連中を前にして、王書生は生き延びられるのだろうか？,Сможет ли учёный Ван выжить перед лицом такого зверья?,
,,方知宥,,,,,,,,默认211,,,,[……],[……],"""...""",「……」,"""...""",
,,,,,,,,,,默认212,,,,不……此时我还未脱险，不如先担心一下自己。,不……此時我還未脫險，不如先擔心一下自己。,No... I'm not out of danger yet—better worry about myself first.,いや……私とてまだ危機は脱していない。ひとまずは自分の心配をしよう。,"Нет... Сейчас я пока ещё сам в опасности, следует в первую очередь беспокоиться за себя.",
,,,,,,,,,,默认213,,,,——我，真的能活下来吗？,——我，真的能活下來嗎？,——Can I... really survive this?,――私は、生き延びられるのだろうか？,...Смогу ли я сам всё это пережить?,
,,,,,,,,,,默认214,,,,……,……,...,……,...,
,,,,,,,,,,默认215,,,,说来也怪，比起一个时辰前的万念俱灰，此刻的我……突然就没那么想死了。,說來也怪，比起一個時辰前的萬念俱灰，此刻的我……突然就沒那麼想死了。,"Strangely enough, compared to the utter despair I felt two hours ago, now I... Suddenly don't feel so eager to die anymore.",それにしても奇妙な話だ。一刻ほど前までのどん底に比べ、今の私は……それほど死にたいと思っていない。,"Странно, но по сравнению с тем отчаянным безразличием к смерти, что я чувствовал одну стражу тому назад, сейчас... мне внезапно уже не хотелось так уж умирать.",
,,,,,,,,,,默认216,,,,方才见到林翩翩后，尘封的记忆闸门松动，我的脑内浮现出了一段初入二十四桥时的记忆。,方才見到林翩翩後，塵封的記憶閘門鬆動，我的腦內浮現出了一段初入二十四橋時的記憶。,"After seeing Lin Pianpian earlier, the floodgates of sealed memories loosened, and a fragment from my first days at Twenty-Four Bridges surfaced.",林翩翩を見た後、封じられていた記憶がよみがえり、頭の中に初めて二十四橋へ行った時の思い出が浮かび上がってきた。,"Стоило мне увидеть Линь Пяньпянь, как запечатанные воспоминания хлынули на меня, словно вода через прорванную дамбу, и я вновь вспомнил свои первые дни у Двадцать Четвёртого моста.",
,,,,,,,,,,默认217,,,,那段记忆戛然而止，我隐约记得后面还发生过一些事，却怎么也想不起来了。,那段記憶戛然而止，我隱約記得後面還發生過一些事，卻怎麼也想不起來了。,"That memory ended abruptly. I vaguely recall something else happening afterward, but it's just beyond my grasp.",だが記憶はぷつりと途切れている。その後に何かあったような気がするのだが、どうやっても思い出せない。,"Но на этом воспоминание оборвалось. Я смутно помнил, что дальше определённо было ещё что-то - но никак не мог вспомнить, что именно.",
,,,,,,,,,,默认218,,,,因此，我必须竭尽全力逃出生天。,因此，我必須竭盡全力逃出生天。,"Therefore, I must do everything in my power to escape alive.",だから、私は何が何でも逃げ延び、生きなければならない。,Поэтому я должен всеми силами пытаться спастись.,
,,,,,,,,,,默认221,,,,……,……,...,……,...,
,,方知宥,,,,,,,,默认222,,,,[……],[……],"""...""",「……」,"""...""",
,,,,,,,,,,默认223,,,,我默然前行，掌心紧攥那对耳环，因林翩翩赋予的这份全新的求生欲而脚步愈坚。,我默然前行，掌心緊攥那對耳環，因林翩翩賦予的這份全新的求生欲而腳步愈堅。,"I walked forward in silence, clutching the earrings in my palm, my steps growing steadier with this newfound will to survive that Lin Pianpian had given me.",私はぎゅっと耳飾りを握りしめ、黙々と進んだ。翩翩がくれた新たな生への渇望で、足取りが自然としっかりしたものになっていくのを感じる。,"Я молча шёл вперёд, сжимая серёжки в ладони. Шаги становились увереннее - вместе с новой волей жить, которую дала мне Линь Пяньпянь.",
,,,,,,,,,,默认224,,,,……,……,...,……,...,
,FadeOut,black,,wipe_down,,,1,,,,,,,,,,,
,Bg,后厨,,,,,0,,,,,,,,,,,
,FadeIn,black,,wipe_up,,,1,,,,,,,,,,,
,,,,,,,,,,默认225,,,,又走了一会儿，我似乎终于找到了送茶老妪所说的后厨。,又走了一會，我似乎終於找到了送茶老嫗所說的後廚。,"After walking further, I finally spotted the Back Kitchen the tea-serving crone had mentioned.",またしばらく進むと、ようやく老婆の言っていた厨房を見つけた。,"Пройдя чуть дальше, я наконец-то увидел кухню, о которой говорила старуха-чаёвница.",
,,,,,,,,,,默认226,,,,后厨在前方小道靠左的位置。,後廚在前方小道靠左的位置。,The Back Kitchen stood on the left side of the narrow path ahead.,厨房はこの先の小道の左側にある。,Кухня была по левую сторону узкой дорожки впереди.,
,,,,,,,,,,默认227,,,,厨房里有四个人，他们正在忙着做菜。,廚房裡有四個人，他們正在忙著做菜。,"Four people bustled inside the kitchen, preparing dishes.",中には四人いる。みな忙しそうに料理をしている最中だ。,"Внутри суетились четыре человека, готовя еду.",
,,后厨主厨,,左,,,0.4,,,,,,,,,,,,
,,,,,,,,,,默认228,,,,一人站着，看管着烧着的炉灶。,一人站著，看管著燒著的爐灶。,"One man stood, tending to the blazing stove.",一人は立って、燃えるかまどを見守っている。,Один мужчина стоял у пылающей печи.,
,,后厨老李,,右,,,0.4,,,,,,,,,,,,
,,,,,,,,,,默认229,,,,一人坐着，坐在板凳之上剥蒜。,一人坐著，坐在板凳之上剝蒜。,"Another sat on a stool, peeling garlic.",一人は長椅子に腰かけ、にんにくを剥いている。,Другой сидел на табурете и чистил чеснок.,
,,,,,,,,,,默认230,,,,另外两人也有各自的忙碌。,另外兩人也有各自的忙碌。,The other two were likewise busy with their own work.,その他の二人もそれぞれの仕事に夢中だ。,Остальные двое тоже были погружены в какую-то работу.,
,,,,,,,,,,默认231,,,,他们的头发完好，并没有剃头，在我眼里也是人类……并非是兽头人身的妖怪。,他們的頭髮完好，並沒有剃頭，在我眼裡也是人類……並非是獸頭人身的妖怪。,"Their hair was untouched—no Hair Shaving—and to me, they were clearly human... Not demons with grotesque animal heads grafted onto human frames.",髪はふつうで、剃り上げていない。私の目からは普通の人間に見える……獣頭に人の体をした妖怪ではない。,"У них были обычные волосы, а не бритые головы. Также они виделись мне людьми... а не яогуаями с человеческим телом и головой животного.",
,,,,,,,,,,默认232,,,,这样的外貌让我有了一丝安心感，使我敢于上前向他们搭话。,這樣的外貌讓我有了一絲安心感，使我敢於上前向他們搭話。,Their ordinary appearance eased my nerves just enough to make me step forward.,その見た目のおかげで少し心を許し、彼らに話しかけてみることにした。,"Их обычный вид чуть успокоил меня - настолько, чтобы осмелился подойти и заговорить с ними.",
,CharacterOff,,,,,,,,,,,,,,,,,,
,,后厨主厨,,,,,,,,,,,,,,,,,
,,方知宥,,,,,,,,默认233,,方知宥/12_方知宥_03,,[能收留我吗？我愿帮忙干活。],[能收留我嗎？我願幫忙做事。],"""Will you shelter me? I’ll pull my weight.""",「私をここに置いてくれないか？もちろん仕事は手伝う」,"""Не могли бы приютить меня? Я готов помогать вам в работе.""",
,,,,,,,,,,默认234,,,,我凑近那位看似主厨的男子，低声恳求。,我湊近那位看似主廚的男子，低聲懇求。,"I sidled up to the man who looked like the head chef, whispering my plea.",料理長らしき男に近付き、小声でそう頼む。,"Подойдя к мужчине, похожему на главного повара, тихо обратился я к нему с просьбой.",
,,后厨主厨,,,,,,,,默认235,,,,[……],[……],"""...""",「……」,"""...""",
,,,,,,,,,,默认236,,,,他们没有搭理我，依然各忙各的，仿佛都聋哑了，什么也没有听到。,他們沒有搭理我，依然各忙各的，彷彿都聾啞了，什麼也沒有聽到。,"They gave no response, absorbed in their chores like deaf-mutes, as if I’d never spoken.",まるで耳が聞こえないかのように彼らは私の言葉を無視し、手を動かし続ける。,"Никто из них не обратил на меня внимания - все продолжали заниматься своими делами, словно глухонемые.",
,,方知宥,,,,,,,,默认237,,方知宥/12_方知宥_04,,[求诸位行行好，容我暂避片刻吧？],[求諸位行行好，容我暫避片刻吧？],"""I beg you, show some mercy—let me take shelter here for just a moment?""",「どうか頼む、しばらく匿ってはくれまいか」,"""Прошу! Сжальтесь... дайте спрятаться у вас, ну хоть на чуть-чуть!""",
,,,,,,,,,,默认238,,,,我提高声量，语气愈发恳切。,我提高聲量，語氣越來越懇切。,"I raised my voice, my tone growing increasingly desperate.",声量を上げ、切実な口調で再び頼む。,"Я повысил голос, в котором звучало ещё больше отчаяния.",
,,后厨主厨,,,,,,,,默认239,,后厨主厨/12_后厨主厨_01,,[不行！我们这里都是点好数的，岂能随意添人！],[不行！我們這裡都是點好數的，豈能隨意添人！],"""No! Our headcount's set—we can't just add people at will!""",「断る！人数はもう決まってるんだ。勝手に増やすわけにはいかん！」,"""Нет! У нас строгий состав, мы не можем просто так принять кого-то!""",
,Se,轻拍桌子,,,,,,,,,,,,,,,,,
,,,,,,,,,,默认240,,,,主厨将一棵白菜掼在案板上，头也不抬，不耐地回绝着我。,主廚將一棵白菜摜在案板上，頭也不抬，不耐地回絕著我。,"The head chef slammed a cabbage onto the chopping board, refusing to even look up as he dismissed me impatiently.",料理長は白菜をまな板に叩きつけ、こちらを見もせず苛々した様子で拒否した。,"Швырнув кочан пекинской капусты на разделочную доску, отмахнулся от меня главный повар, даже не поднимая головы.",
,,方知宥,,,,,,,,默认241,,,,[……],[……],"""...""",「……」,"""...""",
,,,,,,,,,,默认242,,,,果然，若是直接跟他们这么说，他们是不会让我留下来的。,果然，若是直接跟他們這麼說，他們是不會讓我留下來的。,Just as I thought—asking them outright wouldn’t get me anywhere.,やはり、言ったところで匿ってはくれないな。,"Так я и думал - если буду просто просить их, то ничего не выйдет.",
,,,,,,,,,,默认243,,,,还好……我有送茶老妪交给我的那个东西。,還好……我有送茶老嫗交給我的那個東西。,Thankfully... I had that thing the Tea-serving Crone gave me.,幸い……私には給茶の老婆にもらった例のものがある。,"Но у меня есть кое-что, что дала мне старуха-чаёвница.",
,,方知宥,,,,,,,,默认244,,方知宥/12_方知宥_05,,[你们看这个耳环……有人让我来寻你们，说给你们此物，你们就会帮我。],[你們看這個耳環……有人讓我來尋你們，說給你們此物，你們就會幫我。],"""Look at these earrings... Someone sent me to find you—said you’d help me if I showed you this.""",「この耳飾りを見てくれ……とある人物から、ここに来てこれを渡せば手を貸してくれると言われた」,"""Посмотрите на серёжки... Меня послали к вам. Сказали, что Вы поможете, если я покажу их вам.""",
,,,,,,,,,,默认245,,,,我摊开手掌，露出那对藏了许久的金丝耳环。,我攤開手掌，露出那對藏了許久的金絲耳環。,"I opened my palm, revealing the pair of gold filigree earrings I’d hidden away.",手を開き、隠し持っていた金の耳飾りを見せる。,"Я разжал руку, показывая золотые серьги, что всё время держал там.",
,,后厨主厨,,,,,,,,默认246,,,,[……],[……],"""...""",「……」,"""...""",
,CharacterOff,,,,,,0.7,,,,,,,,,,,
,Sprite,记-金丝耳环,,,,,1,,,,,,,,,,,
,Wait,,,,,,1.5,,,,,,,,,,,
,SpriteOff,,,,,,1,,,,,,,,,,,
,,,,,,,,,,默认247,,,,那主厨接过耳环，仔细打量后点了点头。,那主廚接過耳環，仔細打量後點了點頭。,"The head chef took the earrings, examined them carefully, then nodded.",料理長は耳飾りを受け取ると、しげしげとそれを見てから頷いた。,"Повар взял серьги, внимательно осмотрел их, а затем кивнул.",
,,后厨主厨,,,,,,,,默认248,,后厨主厨/12_后厨主厨_02,,[老李，你带他去后仓躲躲，注意不要闹出什么动静。],[老李，你帶他去後倉躲躲，注意不要鬧出什麼動靜。],"""Li, take him to hide in the back warehouse. Make sure not to cause any commotion.""",「李爺、こいつを倉庫に匿ってやれ。妙なことをしでかさないように気を付けてな」,"""Лао Ли, спрячь его на складе. Смотри только, чтобы никакого лишнего шума."" <i>(""лао"" - фамильярная приставка к фамилии, дословно ""старый, старина"".)</i>",
,CharacterOff,,,,,,,,,,,,,,,,,,
,,,,,,,,,,默认249,,,,主厨虽然是一副不耐烦的神色，却吩咐着那个剥蒜的男人帮我找地方藏匿。,主廚雖然是一副不耐煩的神色，卻吩咐著那個剝蒜的男人幫我找地方藏匿。,"Though the head chef wore an impatient expression, he instructed the garlic-peeling man to help me find a hiding spot.",相変わらずいらいらした様子の料理長だったが、にんにく剥きの男に私を匿うよう言いつけた。,"Хоть вид у главного повара был не очень довольный, тем не менее, он велел мужчине, чистившему чеснок, помочь мне спрятаться.",
,,,,,,,,,,默认250,,,,果然……,果然……,Just as I thought...,やはり……,Так и знал...,
,,,,,,,,,,默认251,,,,这个耳环有用。,這個耳環有用。,The earrings worked.,役に立った。,Серёжки оказались мне в помощь.,
,,,,,,,,,,默认252,,,,他大概是因为耳环的价值决定帮我，也可能是因为认出了耳环是林翩翩的东西而帮我。,他大概是因為耳環的價值決定幫我，也可能是因為認出了耳環是林翩翩的東西而幫我。,He likely helped me either because of the earrings' value or because he recognized them as Lin Pianpian's.,あの耳飾りの価値を見て私を助ける気になったのかもしれないし、耳飾りが林翩翩のものだったから助けてくれたのかもしれない。,"Он помог мне либо из-за их ценности, либо из-за того, что узнал в них серьги Линь Пяньпянь.",
,,,,,,,,,,默认253,,,,不管怎样……,不管怎樣……,Either way...,いずれにせよ……,В любом случае...,
,,,,,,,,,,默认254,,,,我因这个耳环，有了一线生机。,我因這個耳環，有了一線生機。,These earrings gave me a sliver of hope.,あの耳飾りのおかげで、命を繋ぐことができた。,Серёжки дали мне шанс выжить.,
,,,,,,,,,,默认255,,,,……,……,...,……,...,
,,,,,,,,,,默认256,,,,[……],[……],"""...""",「……」,"""...""",
,,,,,,,,,,默认257,,,,我在老李引领下，来到一处阴暗后仓。,我在老李引領下，來到一處陰暗後倉。,"Guided by Li, I reached a dimly lit back warehouse.",李爺の案内で、薄暗い倉庫へとやってきた。,Лао Ли отвёл меня на тусклый склад.,
,,,,,,,,,,默认258,,,,此仓毗邻后厨，紧靠一堵高耸院墙。,此倉毗鄰後廚，緊靠一堵高聳院牆。,"This warehouse adjoins the Back Kitchen, pressed against a towering courtyard wall.",厨房に隣接しているこの倉庫は、高い壁に囲まれている。,"Склад стоял у кухни, прямо у высокой стены двора.",
,CharacterOff,,,,,,1,,,,,,,,,,,
,HideMessageWindow,,,,,,,,,,,,,,,,,
,CaptureImage,截图,SpriteCamera,背景截图,,,,,,,,,,,,,,
,Bg,西商仓库昼,,,,,,,,,,,,,,,,
,RuleFadeOut,截图,FadeCircle,,Linear,,1,,PageWait,,,,,,,,,
,Wait,,,,,,1,,,,,,,,,,,
,ShowMessageWindow,,,,,,,,,,,,,,,,,
,,方知宥,,,,,,,,,,,,,,,,,
,Se,推门,,,,,,,,,,,,,,,,,
,,,,,,,,,,默认259,,,,——吱呀,——吱呀,—Creak,――ギイ,*Скрип.*,
,,,,,,,,,,默认260,,,,老李推开斑驳朽旧的木门，一股混杂着谷物霉味与腐臭的气息扑面而来。,老李推開斑駁朽舊的木門，一股混雜著穀物霉味與腐臭的氣息撲面而來。,"Old Li pushed open the weathered, rotting Wooden Door, and a stench of moldy grain and decay assaulted his nostrils.",李爺が古びた扉を開けると、かびと腐臭が入り混じった空気がむわっと鼻をついた。,"Лао Ли открыл старую, прогнившую деревянную дверь. В нос сразу же ударил запах плесневелого зерна и гнили.",
,,,,,,,,,,默认261,,,,仓内立着许多木架，堆满鼓囊囊的麻袋。,倉內立著許多木架，堆滿鼓囊囊的麻袋。,"Inside stood numerous Wooden Racks, piled high with bulging burlap sacks.",倉庫内には多くの棚があり、中身の詰まった麻袋が積まれている。,"Внутри стояли деревянные стеллажи, заваленные набитыми мешками.",
,,,,,,,,,,默认262,,,,架旁置有两个巨大酒缸。,架旁置有兩個巨大酒缸。,Beside the racks sat two massive Wine Vats.,棚の横には巨大な酒壺が置いてある。,А рядом с ними - две огромные винные бочки.,
,,,,,,,,,,默认263,,,,一缸以红布严密封存，另一缸缸口敞开，内里空空，倒与我家中那只颇为相似。,一缸以紅布嚴密封存，另一缸缸口敞開，內裡空空，倒與我家中那隻頗為相似。,"One vat was tightly sealed with red cloth, while the other lay open and empty, much like the one in my own home.",うち一つは赤い布できっちりと封がしてあり、うち一つは蓋がされていないが、中身は空っぽだ。我が家のものと似ている。,"Одна из них была накрепко обмотана красной тканью, а вот другая была открыта нараспашку и совершенно пустая - прямо как та, что была у меня дома.",
,,后厨老李,,,,,,,,默认264,,后厨老李/12_后厨老李_01,,[就躲这儿！老实待着别出声！若被逮到，千万莫攀扯出我们！],[就躲這裡！老實待著別出聲！若被逮到，千萬莫攀扯出我們！],"""Hide here! Stay quiet and don't make a sound! If caught, don't you dare drag us into it!""",「ここに隠れていろ！おとなしくして、声を出すんじゃないぞ！もし捕まっても、わしらのことは他言無用だ！」,"""Тут прячься! Сиди тихо и чтобы ни звука! Если поймают - только попробуй нас за собой потянуть!""",
,,,,,,,,,,默认265,,,,老李指了指那空酒缸，急促交代。,老李指了指那空酒缸，急促交代。,Li pointed at the empty Wine Vat and urged in a hushed tone.,李爺は空の酒壺を指さし、私に入るよう急かす。,"Указав на винную бочку, дал мне торопливые указания Лао Ли.",
,,方知宥,,,,,,,,默认266,,方知宥/12_方知宥_06,,[放心，我定藏好……若不幸被发现，我自会拼命逃，逃不掉认命便是，绝不出卖各位。],[放心，我定藏好……若不幸被發現，我自會拚命逃，逃不掉認命便是，絕不出賣各位。],"""Don't worry, I'll stay hidden... If discovered, I'll fight to escape. If I can't... I'll accept my fate. I won't betray any of you.""",「大丈夫、ちゃんと隠れているから……もし運悪く見つかったら、なんとか自力で逃げるさ。逃げきれなきゃ諦めるのみだ。あんた達を売ったりはしない」,"""Не волнуйтесь, я буду сидеть тихо... А если поймают - попробую сбежать. А если не сбегу - приму свою судьбу. В любом случае, никого из вас я не выдам.""",
,,后厨老李,,,,,,,,默认267,,后厨老李/12_后厨老李_02,,[成！躲好了，今日此地应是安稳的！],[成！躲好了，今日此地應是安穩的！],"""Done! Stay hidden—this place should be safe for today!""",「よし！ちゃんと隠れていれば、今日は安全だからな」,"""Пойдёт! Если спрячешься как следует, сегодня здесь должно быть безопасно.""",
,,方知宥,,,,,,,,默认268,,方知宥/12_方知宥_07,,[明日便不安稳了？],[明日便不安穩了？],"""And tomorrow it won’t be?""",「明日は安全じゃなくなるのか？」,"""А завтра?""",
,,后厨老李,,,,,,,,默认269,,后厨老李/12_后厨老李_03,,[谁晓得！明日或许有人来清点仓库，或许没有！],[誰曉得！明日或許有人來清點倉庫，或許沒有！],"""Who knows! Maybe someone’ll come to check the warehouse tomorrow, maybe not!""",「知るか！誰かが倉庫を見に来るかもしれないし、そうならないかもしれない。神のみぞ知るってやつさ！」,"""Да кто ж его знает? Может, придут склад проверять, а может и нет!""",
,CharacterOff,,,,,,,,,,,,,,,,,,
,,,,,,,,,,默认270,,,,他性子颇急，语速极快，撂下话便匆匆转身离去。,他性子頗急，語速極快，撂下話便匆匆轉身離去。,"He was impatient by nature, speaking rapidly, and hurried off after tossing out those words.",せっかちな性格のようで、彼はそうまくし立てると、さっさと踵を返して行ってしまった。,"Человек он был нетерпеливый, говорил очень быстро и, сказав своё, поспешно развернулся и ушёл.",
,Bg,西商仓库关,,,,,1,,,,,,,,,,,,
,,,,,,,,,,默认271,,,,很快，木门合拢，仓内光线骤暗。,很快，木門合攏，倉內光線驟暗。,"Soon, the wooden door shut, plunging the warehouse into sudden darkness.",それからすぐ、ばたんと扉が閉まり、倉庫内が暗くなった。,"Вскоре деревянная дверь закрылась, и склад мгновенно погрузился во мрак.",
,,,,,,,,,,默认272,,,,若不是从屋顶缝隙能溜出一束光来，整个仓库都要因为关门而变得一片漆黑。,若不是從屋頂縫隙能溜出一束光來，整個倉庫都要因為關門而變得一片漆黑。,"If not for a sliver of light slipping through a gap in the roof, the entire warehouse would’ve gone pitch-black the moment the door closed.",屋根の隙間から光が差していなければ、扉を閉められたことで真っ暗闇になっていたことだろう。,"Если бы не тонкий луч света, пробивающийся через щель в крыше, внутри было бы совсем ничего не видно.",
,,方知宥,,,,,,,,默认273,,,,[……],[……],"""...""",「……」,"""...""",
,,,,,,,,,,默认274,,,,我先是闭上眼睛，在原地站了一会儿，让双眼适应了一下黑暗的环境。,我先是閉上眼睛，在原地站了一會，讓雙眼適應了一下黑暗的環境。,"I closed my eyes first, standing still for a moment to let them adjust to the dark.",ひとまず目が暗さに慣れるよう、その場で目を閉じ立ち尽くす。,"Я закрыл глаза, постоял, давая им привыкнуть к темноте.",
,,,,,,,,,,默认275,,,,片刻后，我睁开了双眼，在微暗的环境中找到了那个空着的酒缸，,片刻後，我睜開了雙眼，在微暗的環境中找到了那個空著的酒缸，,"After a while, I opened them again, spotting the empty Wine Vat in the dim light.",少しして目を開けると、暗い中でも空の酒壺を見つけることができた。,Спустя какое-то время я вновь открыл глаза и отыскал в полумраке ту пустую винную бочку.,
,,,,,,,,,,默认276,,,,脚踏一旁的木架，吃力地爬了进去。,腳踏一旁的木架，吃力地爬了進去。,"Kicking off the nearby Wooden Rack, I struggled to climb inside.",棚に足をかけ、ぐいと登って中に入る。,"Наступив на стоявший рядом стеллаж, я с трудом забрался внутрь.",
,,,,,,,,,,默认277,,,,……呼,……呼,...Huff,……ふぅ,Уф...,
,,,,,,,,,,默认278,,,,这酒缸着实难爬。,這酒缸著實難爬。,This Wine Vat was damn hard to scale.,登りづらい酒壺だ。,В бочку оказалось весьма трудно залезть.,
,,,,,,,,,,默认279,,,,我更确信早前所见“小雁儿”仅是幻觉。,我更確信早前所見“小雁兒”僅是幻覺。,"I grew more convinced that what I’d seen earlier, ""Little Yan"" was just a hallucination.",かつて見た「小雁」が幻覚であったことを、痛烈に思い知らされる。,"Я ещё сильнее убеждался, что та Лебёдушка мне лишь примерещилась.",
,,,,,,,,,,默认280,,,,她那般瘦弱，怎可能自行爬入此缸，并随我逃亡至今？,她那般瘦弱，怎可能自行爬入此缸，並隨我逃亡至今？,Someone that frail—how could she have climbed into this vat alone and kept up with me all this way?,あんなか弱い体で、どうやって酒壺に入って、私と共にこれまで逃げてこれるというのだ。,"Как хрупкая маленькая девочка могла в одиночку забраться в такую бочку, а потом ещё и идти за мной всё это время?",
,,方知宥,,,,,,,,默认285,,,,[……],[……],"""...""",「……」,"""...""",
,,,,,,,,,,默认286,,,,且慢……不对。,且慢……不對。,Wait... No.,いや……違うな。,Погодите... нет.,
,,,,,,,,,,默认287,,,,我在黑暗中陡然僵住。,我在黑暗中陡然僵住。,I froze abruptly in the darkness.,暗闇の中で、ぴたりと動きを止めた。,Я застыл посреди темноты.,
,,,,,,,,,,默认288,,,,苏怜烟死后，我遗失了许多记忆。,蘇憐煙死後，我遺失了許多記憶。,"After Su Lianyan's death, I lost many memories.",蘇憐煙の死後、私は多くの記憶を失った。,После смерти Су Ляньянь я утратил множество воспоминаний.,
,,,,,,,,,,默认290,,,,不久前，我甚至快将她彻底忘却，视若陌路。,不久前，我甚至快將她徹底忘卻，視若陌路。,"Not long ago, I nearly forgot her completely, as if she were a stranger.",少し前まで、彼女のことを他人同然と思えるほど、すっかり忘れかけていた。,"В последнее время я уже был близок к тому, чтобы забыть о ней совсем, словно мы никогда и не знали друг друга.",
,,,,,,,,,,默认294,,,,对于长大后的她，我只保留了些微的印象。,對於長大後的她，我只保留了些微的印象。,"Of her grown-up self, I retained only faint impressions.",大きくなった後の彼女については、ぼんやりとした印象が残っているくらいだ。,А вот взрослую её я помню очень смутно.,
,,,,,,,,,,默认295,,,,我只记得那一场关于《狮驼国》的对话、只记得她那次回眸时的笑容，只记得她那如若“梦里轻烟”般的印象。,我只記得那一場關於《獅駝國》的對話、只記得她那次回眸時的笑容，只記得她那如若“夢裡輕煙”般的印象。,"I only remember that conversation about ""Lion Camel Kingdom"", only remember the smile she gave when she glanced back, only remember that impression of her like— ""a wisp of dream-smoke"".",『獅駝国』について話したこと、振り返って私に見せた笑み、夢の中で靄がかったような印象くらいしか思い出せない。,"Я лишь помню ту нашу беседу о ""Королевстве Льва и Верблюда"", её улыбку в тот момент, когда она обернулась - весь её тот образ будто ""дымка во сне"".",
,,,,,,,,,,默认296,,,,那么……,那麼……,Then...,ならば……,Тогда...,
,,,,,,,,,,默认297,,,,我刚才为何下意识地反应她是自杀的，为何会突然感到一股钻心般的愧疚？,我剛才為何下意識的反應她是自殺的，為何會突然感到一股鑽心般的愧疚？,Why did I instinctively assume she committed suicide just now? Why this sudden stab of guilt?,私はなぜ、無意識で彼女の自殺に反応し、突然胸が張り裂けそうなほどの後悔に襲われたのだろうか？,"Почему я был так уверен, что она покончила с собой? И откуда у меня вдруг взялось такое свербящее чувство вины?",
,,,,,,,,,,默认298,,,,隐约间……我总觉得林翩翩和苏怜烟有某种联系。,隱約間……我總覺得林翩翩和蘇憐煙有某種聯繫。,Faintly... I’ve always felt Lin Pianpian and Su Lianyan were somehow connected.,なんとなく……林翩翩と蘇憐煙には何か関係があるような気がする。,"Пусть и смутно... но я чувствовал, что Линь Пяньпянь и Су Ляньянь как-то связанны.",
,,,,,,,,,,默认299,,,,会是什么联系？,會是什麼聯繫？,What could the connection be?,それは一体、どのような関係なのだろうか。,Но как?,
,,方知宥,,,,,,,,默认300,,,,[……],[……],"""...""",「……」,"""...""",
,,,,,,,,,,默认301,,,,我肯定是忘了什么，或一直逃避着去想起什么。,我肯定是忘了什麼，或一直逃避著去想起什麼。,I must have forgotten something—or been running from remembering it all along.,何か大事なことを忘れているに違いない。あるいは……その「何か」から逃げているか。,"Я определённо что-то забыл... и, возможно, всё время пытался избегать этих воспоминаний.",
,,,,,,,,,,默认302,,,,这么忘记一切，从而死掉……,這麼忘記一切，從而死掉……,"To forget everything like this, and die...",全てを忘れたまま死んでゆく……,Вот так всё забыть... и умереть...,
,,,,,,,,,,默认303,,,,我真的情愿如此？,我真的情願如此？,Do I truly wish for this?,それでいいのか？,Разве таково моё желание?,
,,,,,,,,,,默认304,,,,……,……,...,……,...,
,,方知宥,,,,,,,,默认305,,方知宥/12_方知宥_08,,[不。],[不。],"""No.""",「否」,"""Нет.""",
,,,,,,,,,,默认312,,,,那一夜——初遇林翩翩之后，究竟发生了什么？,那一夜——初遇林翩翩之後，究竟發生了什麼事？,That night——What truly happened after I first met Lin Pianpian?,あの夜――林翩翩と初めて出会ってから、一体何が起きたのだ？,"Что же случилось с Линь Пяньпянь той ночью, когда мы впервые встретились?",
,StopBgm,,,,,,3,,,,,,,,,,,
,FadeOut,black,,eye,,,1,,,,,,,,,,,
,,方知宥,,,,,,,,默认313,,,,[……],[……],"""...""",「……」,"""...""",
,,,,,,,,,,默认314,,,,我闭上双眼，在饥饿、恐惧与疲惫中沉沦心智。,我閉上雙眼，在飢餓、恐懼與疲憊中沉淪心智。,"I shut my eyes, drowning in hunger, fear, and exhaustion.",目をつぶり、飢えと恐怖、そして疲労の中で物思いに耽る。,"Я закрыл глаза, утопая в голоде, страхе и усталости.",
,,方知宥,,,,,,,,默认315,,,,[……],[……],"""...""",「……」,"""...""",
,,,,,,,,,,默认316,,,,我堕入了短暂的昏睡，任由意识溯流，重返那段被掩埋的过去……,我墮入了短暫的昏睡，任由意識溯流，重返那段被掩埋的過去……,"I slipped into a brief stupor, my consciousness adrift—flowing backward to that buried past...",しばしの眠気に襲われる。意識の逆流に身を任せ、埋もれた過去を遡っていった……,"На какое-то время я провалился в дрёму, позволив сознанию течь вспять и вернуть меня в то погребённое прошлое...",
,Jump,*忆-第六回
