#SHEET_NAME,记-第十八回四
,Command,Arg1,Arg2,Arg3,Arg4,Arg5,Arg6,Arg7,WaitType,Text,PageCtrl,Voice,WindowType,SC,TC,English,Japanese,Russian
,ChapterAnimation,BG_Ji_18_4,chapter_bg_J,chapter_title_J18_4,Liang,265,,,,,,,,,,,
,*map_ji_18_4,,,,,,,,,,,,,,,,
,UnlockPlotMap,map_ji_18_4,,,,,,,,,,,,,,,
,SetChapterName,记-第十八回四,,,,,,
,Wait,,,,,,1,
,FadeOut,black,,,,,0,
,Bg,东关街关口,,,,,,,,,,,,,,,
,FadeIn,black,,,,,1,,,,,,,,,,,
,Ambience,室外主风,TRUE
,,王生逃难,疑惑
,,方知宥,,,,,,,,默认1,,方知宥/35_方知宥_01,,[我估计会继续留在扬州吧。],[我估計會繼續留在揚州吧。],"""I think I'll stay in Yangzhou.""",「私はたぶん、このまま揚州に残ると思う」,"""Наверно, пока что останусь в Янчжоу."""
,,,,,,,,,,默认2,,,,我望向王生，说出了我的选择。,我望向王生，說出了我的選擇。,I looked at Scholar Wang and told him my decision.,王に自分の選択を告げた。,"Глядя на учёного Вана, я озвучил своё решение."
,,,,,,,,,,默认3,,,,风吹过废墟，卷起几片残叶，在空中打了几个旋，又落回焦黑的土里。,風吹過廢墟，捲起幾片殘葉，在空中打了幾個旋，又落回焦黑的土裡。,"The wind swept through the ruins, lifting a few withered leaves that spiraled in the air before settling back into the scorched earth.",廃墟を風が抜けて落ち葉が舞い上がり、空中でくるりと回ったかと思うと、再び焦げた土に落ちる。,"Ветер пронёсся по руинам, поднимая несколько увядших листьев, которые, закружившись в воздухе, снова упали на выжженную землю."
,,王生逃难,通常,,,,,,,默认4,,,,[……],[……],"""...""",「……」,"""..."""
,,王生逃难,苦笑,,,,,,,默认5,,王生/35_王生_01,,[好啊！留在扬州好！虽然如今这里遍地是废墟和尸骸，但总会好起来的……只要我们活着，一切都会变好……],[好啊！留在揚州好！雖然如今這裡遍地是廢墟和屍骸，但總會好起來的……只要我們活著，一切都會變好……],"""Sure! Staying in Yangzhou is good! Though now this place is nothing but ruins and corpses... things will get better... as long as we're alive, everything will improve...""",「そうか！残ってくれるか！今は廃墟と死体ばかりだが、いつか良くなる……生きてさえいれば、すべて良くなるさ……」,"""Вот и отлично! В Янчжоу, конечно, кроме руин и трупов ничего не осталось... но всё наладится... пока мы живы, дела рано или поздно пойдут лучше."""
,,,,,,,,,,默认6,,,,王生的声音有些沙哑，却带着一丝久违的生气。,王生的聲音有些沙啞，卻帶著一絲久違的生氣。,"Scholar Wang's voice was hoarse, yet carried a hint of long-lost vitality.",かすれていたが、久方ぶりの生気を感じる声だった。,"Его голос был хриплым, но в нём слышалась нотка давно забытой энергии."
,,,,,,,,,,默认7,,,,他伸出手，轻轻拍了拍我的肩，仿佛想借这个动作，把某种微弱的希望也传递给我。,他伸出手，輕輕拍了拍我的肩，彷彿想借這個動作，把某種微弱的希望也傳遞給我。,"He reached out and gently patted my shoulder, as if trying to convey some faint hope through that gesture.",彼は手を伸ばしてぽんぽんと私の肩を叩いた。その仕草で、微かな希望を私に移そうとしているかのように。,"Протянув руку, он слегка похлопал меня по плечу, словно пытаясь этим жестом вселить в меня надежду."
,,方知宥,,,,,,,,默认8,,,,[……],[……],"""...""",「……」,"""..."""
,,王生逃难,低落垂眸,,,,,,,,,,,
,,,,,,,,,,默认9,,,,我沉默地点了点头，牵强地笑了笑。,我沉默地點了點頭，牽強地笑了笑。,I nodded silently and forced a smile.,私は黙って頷き、無理やり笑顔を作った。,"Натянув улыбку, я молча кивнул."
,,,,,,,,,,默认10,,,,这样的动作和神态，既不算是赞同王生的观点，更不算是直接反对。,這樣的動作和神態，既不算是贊同王生的觀點，更不算是直接反對。,Such actions and expressions neither fully endorsed Scholar Wang's views nor directly opposed them.,この仕草と表情は王の考えに賛同しているわけではない。しかし反対を示すものでもなかった。,"Из-за такого жеста было трудно понять, соглашался ли я с его взглядами, либо же нет."
,,,,,,,,,,默认11,,,,倒像是一种麻木的顺从、接受、以及安慰。,倒像是一種麻木的順從、接受、以及安慰。,"Rather, they resembled numb compliance, acceptance, and consolation.",どちらかと言うと、麻痺した従順さ、受容、そして慰めに近い。,"Скорее это было что-то вроде оцепенелого повиновения, принятия и попытки утешить."
,,王生逃难,,,,,,,,默认12,,,,[……],[……],"""...""",「……」,"""..."""
,,方知宥,通常,,,,,,,默认13,,,,[……],[……],"""...""",「……」,"""..."""
,,,,,,,,,,默认14,,,,继而，我们很久都没有再说话。,繼而，我們很久都沒有再說話。,"Afterward, we remained silent for a long while.",その後、しばらく二人とも口を開かなかった。,После этого мы какое-то время молчали.
,,,,,,,,,,默认15,,,,只有风声在我们耳边低吟，捎来了许多亡魂的叹息。,只有風聲在我們耳邊低吟，捎來了許多亡魂的嘆息。,"Only the wind whispered in our ears, carrying the sighs of countless lost souls.",聞こえたのは、数多の亡魂の嘆息を運ぶような風の唸りだけだった。,Лишь ветер нашёптывал вздохи бесчисленных заблудших душ нам на ухо.
,,,,,,,,,,默认16,,,,——呼,——呼,--Huff--,――ヒュウ,*Вжух.*
,,,,,,,,,,默认17,,,,混杂着焦土、血腥与潮湿气味的风吹过废墟，扬起了细小而灰黑的尘埃，也扬起了我和王生凌乱的发丝和破损的衣袍。,混雜著焦土、血腥與潮濕氣味的風吹過廢墟，揚起了細小而灰黑的塵埃，也揚起了我和王生凌亂的髮絲和破損的衣袍。,"The wind, mingled with scents of scorched earth, blood, and dampness, swept through the ruins, lifting fine gray-black dust along with the disheveled hair and tattered robes of Scholar Wang and myself.",焦げ付いた土と血、そして湿気の混ざった風が廃墟に吹き、黒っぽい埃を巻き上げ、私と王の乱れた髪やぼろぼろの服を翻した。,"Смешав в себе запахи выжженной земли, крови и сырости, ветер пронёсся по руинам, вздымая крошки серо-чёрной пыли вместе с нашими с учёным Ваном растрёпанными волосами и рваной одеждой."
,CharacterOff,,,,,,0.6,,,,,,,
,,,,,,,,,,默认18,,,,……,……,...,……,...
,Bgm,繁华落尽,,,,0.2,3,,,,,,,,,,,
,Sprite,黑,,特效前,,,0.5,,,,,,,,,,,
,Tween,黑,ColorTo,alpha=0 time=0,,,,,,,,,,,,,,
,Tween,黑,ColorTo,alpha=0.4 time=0,,,,,NoWait,,,,,,,,,
,Wait,,,,,,0,,,,,,,,,,,
,,,,,,,,,,默认19,,,,是啊。,是啊。,Yeah.,そうだ。,Да.
,,,,,,,,,,默认20,,,,至少我们活下来了。,至少我們活下來了。,At least we survived.,少なくとも、私たちは生きている。,"По крайней мере, мы выжили."
,,,,,,,,,,默认21,,,,至于今后的生活是否会越来越好。,至於今後的生活是否會越來越好。,As for whether life would improve hereafter...,今後の暮らしがよくなるかどうかなんて。,"Пока мы живы, пойдут ли дела лучше..?"
,,,,,,,,,,默认22,,,,谁知道？,誰知道？,Who could say?,誰がわかるものか。,Кто знает...
,SpriteOff,黑,,,,,0.5,,NoWait,,,,,,,,,
,Wait,,,,,,0.5,,,,,,,,,,,
,,,,,,,,,,默认23,,,,……,……,...,……,...
,FadeOut,black,,wipe_up,,,1,,,,,,,,,,,
,Bg,天空阴,,,,,0,,,,,,,,,,,
,FadeIn,black,,wipe_down,,,1,,,,,,,,,,,
,Bgm,死生别离,,,,3,3,,,,,,,,,,,
,,,,,,,,,,默认24,,,,我和王生交谈了一会儿后，告诉他我需要再考虑几日，才能决定是否能帮他改写《扬州十日记》。,我和王生交談了一會後，告訴他我需要再考慮幾日，才能決定是否能幫他改寫《揚州十日記》。,"After conversing with Scholar Wang, I told him I needed several more days to consider whether I could help him revise ""Ten Days of Yangzhou"".",王としばらく話した後、彼の『揚州十日記』の編集の件ついては、決めるまでもう少し考えさせてほしいと告げた。,"Поговорив с учёным Ваном, я сказал ему, что мне нужно пару дней, чтобы обдумать, смогу ли я помочь ему с редактурой книги."
,,,,,,,,,,默认25,,,,随后，我独自在扬州城中漫无目的地行走着。,隨後，我獨自在揚州城中漫無目的地行走著。,"Afterward, I wandered aimlessly through Yangzhou alone.",それから私は一人で揚州の町をあてもなくぶらぶらと歩き回った。,После этого я просто бродил по Янчжоу без какой-то определённой цели.
,FadeOut,black,,wipe_down,,,1,,,,,,,,,,,
,Bg,东关街巷口,,,,,0,,,,,,,,,,,
,FadeIn,black,,wipe_up,,,1,,,,,,,,,,,
,Se,走石堆上,,,,,,,,,,,,
,,,,,,,,,,默认26,,,,脚下的碎石不时发出细碎的声响，仿佛每一步都踩在往日的记忆上。,腳下的碎石不時發出細碎的聲響，彷彿每一步都踩在往日的記憶上。,"The rubble beneath my feet crunched faintly with each step, as if treading upon memories of bygone days.",時折、踏んづけた小石が砕ける音が響く。一歩一歩過去の記憶を歩んでいるような気分になった。,"С каждым шагом под ногами тихо хрустел щебень, словно я шёл по воспоминаниям о былых днях."
,,,,,,,,,,默认27,,,,我想要回东城区，想要回方院看看，想要回那个所谓的“家”。,我想要回東城區，想要回方院看看，想要回那個所謂的“家”。,"I want to go back to the East District, to see Fang's Courtyard again, to return to that so-called ""home"".",東城区に戻りたい。方院を見に行きたい。あの「家」に帰りたい。,"Я пошёл в Восточный квартал, чтобы взглянуть на двор семьи Фан и, можно сказать, вернуться в так называемый ""дом""."
,,,,,,,,,,默认28,,,,不过，有件事说起来让人觉得哭笑不得，可谓是又悲伤又好笑。,不過，有件事說起來讓人覺得哭笑不得，可謂是又悲傷又好笑。,Yet there’s something oddly bittersweet about this—both tragic and laughable in equal measure.,しかし笑うに笑えず、泣こうにも泣けない事実がある。,"Но в итоге вышло нечто, от чего хотелось не то плакать, не то смеяться - что-то до странности трагикомичное."
,,,,,,,,,,默认29,,,,如今，东城区太多的房屋都被烧毁了，许多地方都是黑漆漆的连成一片……,如今，東城區太多的房屋都被燒毀了，許多地方都是黑漆漆的連成一片……,"Now, too many houses in the East District lie burned to the ground, vast stretches of blackened ruins...",今や東城区のほとんどの家は焼け落ち、大部分が消し炭の並んだ塊になってしまっている……,"В Восточном квартале большинство домов сгорели дотла, оставив после себя лишь пепелища."
,,,,,,,,,,默认30,,,,焦木残垣，断壁颓墙，曾经的街巷面目全非。,焦木殘垣，斷壁頹牆，曾經的街巷面目全非。,Charred beams and crumbling walls—the streets I once knew are now unrecognizable.,焼け焦げた柱に崩れた壁、かつての面影は残っていなかった。,"Обугленные балки и обрушивающиеся стены - улицы, которые я когда-то знал, теперь выглядели совсем иначе."
,,,,,,,,,,默认31,,,,于是，我兜兜转转，竟在这个生活了近十年的街区迷了路。,於是，我兜兜轉轉，竟在這個生活了近十年的街區迷了路。,"So I wandered in circles, only to get lost in the very neighborhood I’d lived in for nearly ten years.",そのせいで、私はぐるぐると辺りをうろついていた。よもや十年近く過ごした町で道に迷うことになるとは。,"И так я бродил кругами, пока в итоге не заблудился в своём же районе, где прожил почти десять лет."
,,,,,,,,,,默认32,,,,……,……,...,……,...
,,民众甲,<Off>,,,,,,,默认33,,民众甲/35_民众甲_01,,[是他没错！就是他带着那些兵来我家的！害得我爹被杀了！婆娘也被掳走了！],[是他沒錯！就是他帶著那些兵來我家的！害得我爹被殺了！婆娘也被擄走了！],"""It’s him, no doubt! He was the one who led those soldiers to my house! Got my father killed! Even my wife was taken captive!""",「間違いなくあいつだ！あいつが兵どもをうちに連れてきたんだ！あいつのせいで、父ちゃんは殺され、女房が連れて行かれたんだ！」,"""Эт он, точно говорю! Это он привёл ту солдатню к моему дому! Из-за него погиб мой батёк и даже жену в плен взяли!"""
,,民众乙,<Off>,,,,,,,默认34,,民众乙/35_民众乙_01,,[这狗贼该死！我们打死他！打死他！],[這狗賊該死！我們打死他！打死他！],"""This damned traitor deserves to die! Let's beat him to death! Kill him!""",「この賊徒め！ぶち殺してやる！やっちまえ！」,"""Эта мразь предательская должна сдохнуть! Убьём же его! Убьём!"""
,,方知宥,,,,,,,,默认35,,,,[……],[……],"""...""",「……」,"""..."""
,,,,,,,,,,默认36,,,,我走着走着，突然听到了远处传来喧闹的声音。,我走著走著，突然聽到了遠處傳來喧鬧的聲音。,"As I walked along, I suddenly heard clamoring in the distance.",歩いていると、遠くから騒がしい声が聞こえてきた。,По пути я внезапно услышал шум впереди.
,,,,,,,,,,默认37,,,,循声望去，几个人正围着一个人拳打脚踢。,循聲望去，幾個人正圍著一個人拳打腳踢。,"Following the noise, I saw several people surrounding and kicking someone.",ふと見ると、数人が一人を取り囲み、袋叩きにしている。,"Пойдя на него, я увидел, как несколько человек, окружив кого-то, пинали его."
,,,,,,,,,,默认38,,,,狗贼？他们在打谁？,狗賊？他們在打誰？,The damned traitor? Who were they beating?,賊徒？いったい誰を殴っているのだ？,Мразь предательская? Кого они там бьют?
,,方知宥,,,,,,,,默认39,,,,[……],[……],"""...""",「……」,"""..."""
,,,,,,,,,,默认40,,,,我好奇地凑近了看。,我好奇地湊近了看。,"Curious, I moved in for a closer look.",気になって近付いてみることにした。,"Из любопытства я подошёл поближе, чтобы посмотреть."
,,,,,,,,,,默认41,,,,那些人踩在脚下踢打的，似乎是我的一个熟人。,那些人踩在腳下踢打的，似乎是我的一個熟人。,The person being kicked and trampled beneath their feet seemed familiar to me.,彼らが足蹴にしているのは、どうも私の知り合いのようだった。,"Человек, которого они били ногами, показался мне знакомым."
,Sprite,黑,,特效前,,,0.5,,,,,,,,,,,
,Tween,黑,ColorTo,alpha=0 time=0,,,,,,,,,,,,,,
,Tween,黑,ColorTo,alpha=0.4 time=0,,,,,NoWait,,,,,,,,,
,Wait,,,,,,0,,,,,,,,,,,
,,,,,,,,,,默认42,,,,是老林头。,是老林頭。,It was Old Man Lin.,林老人だ。,Это был старик Линь.
,,,,,,,,,,默认43,,,,我想，大抵是因为他在城破后当了向导，把妖兵往一些扬州城民的藏身处去引，害死了不少人。,我想，大抵是因為他在城破後當了嚮導，把妖兵往一些揚州城民的藏身處去引，害死了不少人。,"I figured it was probably because after the city fell, he became a guide, leading the demon soldiers to Yangzhou residents' hiding places and getting many killed.",町が陥落した後、彼が妖兵の案内役を買って出て、揚州の民の隠れ場所へと導いたせいで、多くの者を死なせたのだろう。,"Можно было догадаться, что били его за то, что после падения города он стал проводником, показывая яогуаям укрытия местных, в результате чего многие из них были убиты."
,,,,,,,,,,默认44,,,,他被称为奸细并不算被冤枉，而是事实如此。,他被稱為奸細並不算被冤枉，而是事實如此。,He wasn't wrongly accused of being a spy—it was simply the truth.,彼が連中の回し者と呼ばれるのも別に濡れ衣ではなく、事実そのものだった。,Они так-то были правы - он и правда был предательской мразью.
,,,,,,,,,,默认45,,,,如今，他被这样打骂，也算是报应来了。,如今，他被這樣打罵，也算是報應來了。,"Now that he's being beaten and cursed like this, it's just retribution.",そんな彼が今ではあのざまだ。報いが返ってきたといったところだろう。,"И то, что они избивают его - было достойной платой за его грехи."
,,,,,,,,,,默认46,,,,……,……,...,……,...
,,,,,,,,,,默认47,,,,可是，说来也怪，虽然他害死过许多人，却对我挺好。,可是，說來也怪，雖然他害死過許多人，卻對我挺好。,"But strangely, though he'd caused many deaths, he treated me well.",しかし不思議なことに、あれほどの人を死なせた彼だったが、私にだけは違った。,"Но, как ни странно, он хоть и был виновен во многих смертях, ко мне он относился хорошо."
,,,,,,,,,,默认48,,,,他救过我两次命。,他救過我兩次命。,He saved my life twice.,二度も命を救ってくれたのだ。,Он дважды спас меня:
,,,,,,,,,,默认49,,,,一次是在东城区的时候，是他给我透露消息，让我快些逃。,一次是在東城區的時候，是他給我透露消息，讓我快些逃。,"Once in the East District, when he warned me to flee.",一度目は東城区にいた時だ。情報を私によこし、すぐに逃げるよう促した。,"Первый раз в Восточном квартале, когда предупредил, чтобы я бежал."
,,,,,,,,,,默认50,,,,一次是在东关街的时候，是他在我砍死那个凶残的娃娃兵时，诓骗那些要杀我的恶兵，将我保了下来。,一次是在東關街的時候，是他在我砍死那個兇殘的娃娃兵時，誆騙那些要殺我的惡兵，將我保了下來。,"Another time on Dongguan Street, when he lied to the brutal soldiers who wanted to kill me after I'd hacked that vicious child soldier to death—he protected me then.",そして二度目は東関街。あの凶悪な人形兵を殺した時、私を殺そうと殺気立つ兵たちを騙して守ってくれた。,"Второй раз он спас меня на улице Восточной заставы, когда смог навешать лапшу на уши солдатам, желавшим прикончить меня после того, как я убил того ""ребёнка-солдата""."
,SpriteOff,黑,,,,,0.5,,NoWait,,,,,,,,,
,Wait,,,,,,0.5,,,,,,,,,,,
,,方知宥,,,,,,,,默认51,,,,[……],[……],"""...""",「……」,"""..."""
,,,,,,,,,,默认52,,,,他是害死很多人的奸细，却也算是我的救命恩人。,他是害死很多人的奸細，卻也算是我的救命恩人。,"Though a spy who caused many deaths, he was also my savior.",多くの者を殺した裏切者であることは事実だが、私にとっては命の恩人だ。,"Он хоть и был предателем, из-за которого убили много людей - но так же был и моим спасителем."
,,,,,,,,,,默认53,,,,那么，我该怎么办？,那麼，我該怎麼辦？,"So, what should I do?",さて、どうするべきか。,Так что мне делать?
,,,,,,,,,,默认54,,,,是视而不见、放任这些人打他？,是視而不見、放任這些人打他？,Should I turn a blind eye and let these people beat him?,見て見ぬふりをし、彼らの気が済むまでやらせるか？,Махнуть на него рукой и дать толпе бить его дальше?
,,,,,,,,,,默认55,,,,还是豁出脸面甚至是性命，劝阻众人来救他？,還是豁出臉面甚至是性命，勸阻眾人來救他？,Or should I swallow my pride—even risk my life—to stop them and save him?,それとも顔をぼこぼこにされてでも……いや、命を張ってでも、彼らを止めて林老人を助けるか？,"Либо же вступиться за него - рискуя своей репутацией или даже, возможно, жизнью?"
,Selection,*视而不见,,,,,,,,,,,,视而不见,視而不見,Turn a blind eye,見て見ぬふりをする,Не обращать внимания
,Selection,*劝阻众人,,,,,,,,,,,,劝阻众人,勸阻眾人,Stop them,皆を説得する,Остановить их
,*视而不见
,,,,,,,,,,默认56,,,,算了……,算了……,Whatever...,やめよう……,Плевать...
,,,,,,,,,,默认57,,,,不管他……,不管他……,Leave him be...,放っておこう……,Сдался он мне?
,,,,,,,,,,默认58,,,,他给那东虏当向导，害了这么多人，也该被狠狠打打。,他給那東虜當嚮導，害了這麼多人，也該被狠狠打打。,He guided those Eastern Barbarians and harmed so many—he deserves this beating.,東虜の案内役をして多くの者を害したのだ。しこたま殴られても当然だ。,"Он был проводником у ""восточных лу"" и причинил столько горя людям... он это заслужил."
,,,,,,,,,,默认59,,,,……,……,...,……,...
,,方知宥,,,,,,,,默认60,,,,[……],[……],"""...""",「……」,"""..."""
,,,,,,,,,,默认61,,,,我起身欲走，但在走之前，却突然撞上了他的眼神。,我起身欲走，但在走之前，卻突然撞上了他的眼神。,"I stood to leave, but before going, my eyes suddenly met his.",そのまま立ち去ろうとしたが、彼と偶然目が合ってしまった。,"Уже собираясь уходить, я случайно встретился с ним взглядом."
,,老林头,无奈,,,,,,,默认62,,,,[……],[……],"""...""",「……」,"""..."""
,,,,,,,,,,默认63,,,,被那些人群殴的老林头看向了我，与我对视。,被那些人群毆的老林頭看向了我，與我對視。,"Old Man Lin, being beaten by the crowd, looked up and locked eyes with me.",集団に殴られている林老人が、私のことを見ている。,Избиваемый толпой старик Линь посмотрел мне прямо в глаза.
,,,,,,,,,,默认64,,,,他没有向我求救的意思，却令我更加做不到对他视而不见。,他沒有向我求救的意思，卻令我更加做不到對他視而不見。,"He made no move to ask for help, yet that only made it harder for me to ignore him.",そこに助けを求めるような気配はなかったが、そのせいでむしろ放っておくわけにもいかなくなった。,Он не просил ему помогать - но от этого мне было ещё труднее махнуть на него рукой.
,,,,,,,,,,默认65,,,,心中像是被什么东西揪着，让我不得不迈出这一步——,心中像是被什麼東西揪著，讓我不得不邁出這一步——,"My heart wrenched, compelling me to take this step—",何かに引っ張られるように、私は一歩前へと進み出してしまった――,"В сердце словно что-то сдавило, заставляя меня сделать этот шаг:"
,CharacterOff,,,,,,,,,,,,,
,,方知宥,,,,,,,,默认66,,方知宥/18分支_方知宥_01,,[住手！],[住手！],"""Stop!""",「やめろ！」,"""Стойте!"""
,,,,,,,,,,默认67,,,,我迈了几步，当众喊了一声。,我邁了幾步，當眾喊了一聲。,I took a few steps and shouted in front of everyone.,そのままつかつかと歩いて行き、その場の者たちに声を張り上げた。,"Подойдя к толпе, прокричал я."
,,,,,,,,,,默认68,,,,声音在空旷的废墟间回荡，显得有些单薄。,聲音在空曠的廢墟間迴盪，顯得有些單薄。,My voice echoed weakly through the desolate ruins.,広々とした廃墟に声がこだまし、どこか空しく響いた。,Мой голос слабо раздался эхом по запустевшим руинам.
,Jump,*劝阻完毕,,,,,,,,,,,,
,*劝阻众人
,,,,,,,,,,默认69,,,,唉。,唉。,Sigh...,やれやれ。,Эх...
,,,,,,,,,,默认70,,,,我还是无法视而不见。,我還是無法視而不見。,I still couldn’t turn a blind eye.,やはり見て見ぬふりなどできない。,Я всё-таки не могу махнуть на него рукой.
,,,,,,,,,,默认71,,,,心中像是被什么东西揪着，让我不得不迈出这一步。,心中像是被什麼東西揪著，讓我不得不邁出這一步。,"Something in my heart tugged at me, forcing me to take this step.",何かに引っ張られるように、私は一歩前へと進み出してしまった。,"В сердце словно что-то сдавило, заставляя меня сделать этот шаг:"
,,方知宥,,,,,,,,默认72,,方知宥/18分支_方知宥_01,,[住手！],[住手！],"""Stop!""",「やめろ！」,"""Стойте!"""
,,,,,,,,,,默认73,,,,我迈了几步，当众喊了一声。,我邁了幾步，當眾喊了一聲。,I took a few steps and shouted in front of everyone.,そのままつかつかと歩いて行き、その場の者たちに声を張り上げた。,"Подойдя к толпе, прокричал я."
,,,,,,,,,,默认74,,,,声音在空旷的废墟间回荡，显得有些单薄。,聲音在空曠的廢墟間迴盪，顯得有些單薄。,My voice echoed weakly through the desolate ruins.,広々とした廃墟に声がこだまし、どこか空しく響いた。,Мой голос слабо раздался эхом по запустевшим руинам.
,Jump,*劝阻完毕,,,,,,,,,,,,
,*劝阻完毕,,,,,,,,,,,,,
,,打人民众甲,,左,,,,,,,,,,
,,打人民众乙,,右,,,,,,,,,,
,,打人民众甲,,,,,,,,默认75,,,,[……],[……],"""...""",「……」,"""..."""
,,打人民众乙,,,,,,,,默认76,,,,[……],[……],"""...""",「……」,"""..."""
,CharacterOff,,,,,,0.5,,,,,,,
,,,,,,,,,,默认77,,,,那些正在打老林头的人们都停了手，让出了一个身位。,那些正在打老林頭的人們都停了手，讓出了一個身位。,"The people who were beating Old Man Lin stopped and stepped aside, giving him some space.",林老人を暴行していた連中がぴたりと手を止め、少し後ずさる。,"Люди, избивавшие старика Линя, остановились и отошли на шаг, открыв вид на него."
,,,,,,,,,,默认78,,,,透过人群的缝隙，我完整地看到了老林头此时的模样。,透過人群的縫隙，我完整看到了老林頭此時的模樣。,"Through the crowd's gaps, I saw Old Man Lin clearly.",人だかりの隙間から、林老人の今の姿をはっきりと見ることができた。,Я отчётливо разглядел вид старика:
,,老林头,鼻青脸肿,,,,0.4,,,,,,,
,,,,,,,,,,默认79,,,,他的脸被人打得鼻青脸肿，身上都是泥土，头发还被人拔掉了许多，鼻子里冒出血，看起来非常狼狈。,他的臉被人打得鼻青臉腫，身上都是泥土，頭髮還被人拔掉了許多，鼻子裡冒出血，看起來非常狼狽。,"His face was bruised and swollen, covered in dirt with patches of hair torn out. Blood seeped from his nose—he looked completely broken.",顔は殴られ大きなあざができ、どこもかしこも泥だらけだ。髪までひどく引っこ抜かれ、鼻からは血を流し、みじめなことこの上なかった。,"Его покрытое грязью лицо было в синяках и опухло. Волосы вырваны клочьями, из носа текла кровь - зрелище он собой представлял невероятно жалкое."
,,,,,,,,,,默认80,,,,他像是一条命不久矣、屈着脊梁的老狗。,他像是一條命不久矣、屈著脊梁的老狗。,"He looked like an old, hunchbacked dog on its last legs.",まるで余命いくばくもない、背の曲がった老犬だ。,"Он выглядел как старая сутулая собака, готовая вот-вот испустить дух."
,CharacterOff,,,,,,0.3,,,,,,,
,,方知宥,,,,,,,,默认81,,方知宥/18分支_方知宥_02,,[别打了，再打他要死了。],[別打了，再打他要死了。],"""Stop hitting him—he’ll die if you keep going.""",「もうよせ。それ以上やったら死んでしまう」,"""Хватит бить его, он же помрёт."""
,,,,,,,,,,默认82,,,,我摇了摇头，对愤怒的众人劝说道，同时走向了老林头。,我搖了搖頭，對憤怒地眾人勸說道，同時走向了老林頭。,"I shook my head, pleading with the furious crowd, then stepped toward Old Man Lin.",首を振り、怒りまじりに彼らを説得しながら、林老人の方へ向かう。,"Покачав головой и пытаясь уговорить разъярённую толпу, я шагнул в сторону старика Линя."
,,打人民众甲,,,,,,,,默认83,,民众甲/35_民众甲_02,,[死了才好！啐！这狗贼就该死！],[死了才好！啐！這狗賊就該死！],"""Good riddance if he dies! Pah! This damn traitor deserves to die!""",「こんな奴、死ねばいいんだよ！ぺっ！裏切者なんざ死んで当然だ！」,"""Ну и хорошо, что помрёт! Тьфу! Эта мразь предательская только и заслуживает, что сдохнуть!"""
,,,,,,,,,,默认84,,,,为首的一人红着脖子，吐了一口痰。,為首的一人紅著脖子，吐了一口痰。,"The ringleader, his neck flushed red, spat on the ground.",先頭の男が赤ら顔で唾を吐いた。,"Предводитель толпы, весь пунцовый от злости, сплюнул на землю."
,,,,,,,,,,默认85,,,,那口痰是朝着老林头吐的，好像吐到了他的身上，又好像没吐到。,那口痰是朝著老林頭吐得，好像吐到了他的身上，又好像沒吐到。,"The spit was aimed at Old Man Lin—it seemed to land on him, yet also seemed to miss.",唾は林老人に向かって吐きかけられたが、彼にかかったのかどうかはわからない。,"Он хотел плюнуть на старика Линя - но было не понятно, получилось ли у него это или нет."
,,方知宥,,,,,,,,默认86,,方知宥/35_方知宥_02,,[我知道，对你们很多人来说，他确实该死……但他救过我的命，于情于理我也该替他说两句。],[我知道，對你們很多人來說，他確實該死……但他救過我的命，於情於理我也該替他說兩句。],"""I know, to many of you, he truly deserves to die... but he once saved my life. By reason and by sentiment, I ought to speak a few words for him.""",「わかってる。君たちにとって、彼は死に値すべき罪人だろう……だが私は彼に命を救われた。人の道理として、彼の代わりに物申さなければならない」,"""Знаю, что для всех вас он действительно заслуживает смерти... но он спас мою жизнь. По совести и по справедливости я должен заступиться за него."""
,,方知宥,,,,,,,,默认87,,方知宥/35_方知宥_03,,[唉！他也是为了活命才做的坏事……算了！总之……若是你们想找人发泄怒气的话，便连我一起打吧！],[唉！他也是為了活命才做的壞事……算了！總之……若是你們想找人發洩怒氣的話，便連我一起打吧！],"""Sigh! He only did those bad things to survive... never mind! Anyway... if you all need someone to vent your anger on, then hit me along with him!""",「彼とて生きるために悪事だってやらざるを得なかったんだ……まあいい、とにかく……怒りをぶつける相手を探しているなら、私ともども殴ればいいさ！」,"""Да и вообще - он творил все эти злодеяния ради того, чтобы выжить... Ладно, в любом случае - если вам нужно выместить свой гнев на ком-то, вымещайте его и на мне!"""
,,,,,,,,,,默认88,,,,我叹了一口气，牵强着解释了一番，自觉无法说服众人后便干脆放弃，直挺挺地走向了老林头，护在了他身前。,我嘆了一口氣，牽強著解釋了一番，自覺無法說服眾人後便乾脆放棄，直挺挺地走向了老林頭，護在了他身前。,"I sighed and offered a half-hearted explanation. Realizing I couldn’t sway the crowd, I simply gave up and strode straight to Old Man Lin, shielding him with my body.",溜息をついてなんとか説明するが、連中を説得しきれないと見ると潔く諦め、林老人の方にまっすぐ歩み寄り、彼の前で立ちふさがった。,"Вздохнув, я попытался всё им объяснить. Но поняв, что мне не удастся переубедить толпу, я просто сдался и широким шагом направился к старику Линю, чтобы прикрыть его своим телом."
,,打人民众甲,,,,,,,,默认89,,民众甲/35_民众甲_03,,[好啊！那就连你一起打！],[好啊！那就連你一起打！],"""Sure! Then I'll beat you up too!""",「ああそうかい！だったらまとめてたこ殴りにしてやるとも！」,"""Лады! Тебя тоже побьём!"""
,,,,,,,,,,默认90,,,,很显然，面对亲人的死伤，任何话语都显得苍白。,很顯然，面對親人的死傷，任何話語都顯得蒼白。,"Clearly, in the face of loved ones' deaths or injuries, any words seem hollow.",身内の死傷に直面した彼らに何を言っても糠に釘なのは明らかだった。,"Понятно, что любые слова не будут иметь значения, когда его любимых покалечили или даже убили."
,CharacterOff,,,,,,0.3,,,,,,,
,,,,,,,,,,默认91,,,,那个愤怒的人朝我冲了过来。,那個憤怒的人朝我衝了過來。,The enraged man lunged at me.,怒りに狂った男が私に襲い掛かってきた。,Мужчина в ярости накинулся на меня.
,Shake,Graphics,,x=100 y=60 time=0.4,,,,,PageWait,,,,,,,,,
,Se,挥动,,,,,,,,,,,,
,,,,,,,,,,默认92,,,,——呼！,——呼！,—Whoosh!,――ヒュッ,*Вжух!*
,,,,,,,,,,默认93,,,,他单手握拳，挥向了我的肚子。,他單手握拳，揮向了我的肚子。,He clenched his fist and swung at my stomach.,彼が拳を握りしめ、私の腹めがけて殴りつけた。,"Сжав кулак, он замахнулся мне в живот."
,Shake,Graphics,,x=100 y=60 time=0.4,,,,,PageWait,,,,,,,,,
,ImageEffect,SpriteCamera,Blur,BlurIn,,,,,NoWait,,,,,,,,,
,Se,拳击1,,1.4,,,,,,,,,,
,,,,,,,,,,默认94,,,,——嘭！,——嘭！,—Bang!,――ドスッ！,*Бац!*
,ImageEffect,SpriteCamera,Blur,BlurOut,,,,,NoWait,,,,,,,,,
,,,,,,,,,,默认95,,,,一声闷响在我的身体里爆开，腹部先是传出回声，再而传到了我的耳朵里。,一聲悶響在我的身體裡爆開，腹部先是傳出回聲，再而傳到了我的耳朵裡。,"A dull thud reverberated through my body, the impact first echoing in my abdomen before reaching my ears.",鈍い音が私の体の中で爆発した。腹で反響した音が、耳にまで伝わってくる。,"По всему телу прокатилась тупая боль - сначала она отдалась эхом в животе, а потом расползлась до ушей."
,,,,,,,,,,默认96,,,,我只觉得眼前一黑，紧接着是鼻腔里一股又腥又热的铁锈味冲上脑门。,我只覺得眼前一黑，緊接著是鼻腔裡一股又腥又熱的鐵鏽味衝上腦門。,"Everything went black before my eyes, followed by a metallic, coppery warmth surging from my nostrils to my temples.",目の前が真っ暗になり、熱く錆びた臭いが鼻から脳へ突き抜けた。,"Сначала перед глазами всё потемнело, а затем я почувствовал горячий металлический запах в носу."
,,,,,,,,,,默认97,,,,紧接着，我向着芦苇杆一般朝后倒去。,緊接著，我向著蘆葦杆一般朝後倒去。,"Then, I crumpled backward like a reed.",芦のようにそのまま後ろに倒れ込む私。,"Я рухнул навзничь, как подкошенный."
,,,,,,,,,,默认98,,,,这时候，我突然觉得后悔了。,這時候，我突然覺得後悔了。,"At this moment, I suddenly felt regret.",その時、後悔が私を襲った。,В этот момент я внезапно пожалел о своём решении.
,StopVoice,,,,,,1,,,,,,,,,,,
,FadeOut,black,,,,,1,,,,,,,,,,,
,FadeIn,black,,,,,1,,,,,,,,,,,
,,,,,,,,,,默认99,,,,……,……,...,……,...
,,,,,,,,,,默认100,,,,疼。,疼。,Pain.,痛い。,Больно.
,,,,,,,,,,默认101,,,,在被愤怒的人打倒后，紧接着我所面对的便是狂风骤雨般的拳打脚踢。,在被憤怒的人打倒後，緊接著我所面對地便是狂風驟雨般的拳打腳踢。,"After being knocked down by the angry man, I was immediately met with a torrent of punches and kicks.",怒り狂う男に殴り倒されてからすぐ、私を襲ったのは怒涛の殴る蹴るなどの殴打だった。,"После того как меня сбили с ног, в меня сразу же полетели пинки и затрещины."
,,,,,,,,,,默认102,,,,我虽然亲手砍过恶兵，这等经历他们大概都没有。,我雖然親手砍過惡兵，這等經歷他們大概都沒有。,"Though I've personally cut down evil soldiers, these men likely had no such experience.",私は悪兵を斬り殺したことがあるが、彼らにそのような経験はないだろう。,"При том, что мне доводилось убивать захватчиков собственными руками, в то время как ни у кого из этой толпы, скорее всего, подобного опыта не было -"
,,,,,,,,,,默认103,,,,但不得不说，我的身体还是原本那个嗜酒的文弱书生，没甲也没刀的我并不抗揍。,但不得不說，我的身體還是原本那個嗜酒的文弱書生，沒甲也沒刀的我並不抗揍。,"But I must admit, my body remains that of a wine-loving scholar - without armor or blade, I don't take beatings well.",だが所詮は酒好きの文弱な書生と言わざるを得ない。鎧も剣も持たぬ私には、なすすべがなかった。,"Но, как ни крути, моё тело всё ещё принадлежало учёному, не отличавшемуся крепким телосложением и в своё время любившего приложиться к выпивке - без доспехов и меча мне было трудно сдерживать их удары."
,,,,,,,,,,默认104,,,,拳头、脚尖、鞋底、噼里啪啦，不分青红皂白，劈头盖脸地轮番捶打在我的身上。,拳頭、腳尖、鞋底、劈哩啪啦，不分青紅皂白，劈頭蓋臉地輪番捶打在我的身上。,"Fists, feet, shoe soles - all came pummeling down indiscriminately upon my head and body.",拳が、足先が、靴底が、容赦なく私の体をあちこちをぼこぼこにしていく。,"Кулаки, ноги, подошвы сапог - всё без разбора обрушивалось на мою голову и тело."
,,,,,,,,,,默认105,,,,痛楚像是潮水一般涌来，一波未平一波又起。我蜷缩着身体，试图护住要害，却依旧感觉骨头像是要散架一般。,痛楚像是潮水一般湧來，一波未平一波又起。我蜷縮著身體，試圖護住要害，卻依舊感覺骨頭像是要散架一般。,"The pain came in waves, one after another without respite. I curled up, trying to protect my vitals, yet still felt as though my bones might shatter.",痛みが波のように押し寄せ、一波が引かぬうちにまた一波とやってくる。体を丸めて急所を守ろうとするが、骨が折れそうになっているのを感じた。,"Волна боли приходила одна за другой, не давая мне передышки. Я сжался калачиком, пытаясь защитить жизненно важные органы, но всё равно чувствовал, будто мои кости вот-вот сломаются."
,,,,,,,,,,默认106,,,,许久后，那些人打累了，才终于散去了。,許久後，那些人打累了，才終於散去了。,"Much later, those men finally left, exhausted from beating us.",しばらくして気が済んだのか、連中は去っていった。,Спустя долгое время уставшая толпа наконец ушла.
,,,,,,,,,,默认107,,,,我和老林头，奄奄一息地躺在一个草垛里，几乎被打掉了半条性命。,我和老林頭，奄奄一息地躺在一個草垛裡，幾乎被打掉了半條性命。,"Old Man Lin and I lay half-dead in a haystack, nearly beaten to within an inch of our lives.",私と林老人はぜえぜえと干し草の山で横たわった。寿命が半分縮まった気分だ。,"Мы с стариком Линем лежали в стоге сена, избитые почти до полусмерти."
,,,,,,,,,,默认108,,,,我们瘫在地上，大口喘着粗气，每一次呼吸似乎都牵扯着浑身的伤痛，好一会儿才能重新开始说话——,我們癱在地上，大口喘著粗氣，每一次呼吸似乎都牽扯著渾身的傷痛，好一會才能重新開始說話——,"We collapsed on the ground, gasping—each breath tugged at every ache in our bodies. It was a long while before we could speak again.",二人そろってぐったりとしたまま、息を荒げる。呼吸をするたびに全身に激痛が走り、しばらく話すこともままならなかった――,"Мы валялись на земле, тяжело дыша - каждый вздох отдавался болью по всему телу. Прошло немало времени, прежде чем мы смогли снова заговорить."
,,老林头,鼻青脸肿,,,,,,,默认109,,老林头/35_老林头_01,,[唉……哈哈哈！你这小子，何必救我呢？],[唉……哈哈哈！你這小子，何必救我呢？],"""Sigh... Hahaha! You fool, why did you save me?""",「はあ……はっはっは！小僧め、なぜわしなど助けようとした？」,"""Ай... Ха-ха-ха! Дурень, ты зачем спас меня?"""
,,,,,,,,,,默认110,,,,鼻青脸肿地老林头，侧头看了看我这副狼狈的样子，虚弱地笑出了声。,鼻青臉腫地老林頭，側頭看了看我這副狼狽的樣子，虛弱地笑出了聲。,"Old Man Lin, bruised and swollen, turned his head to look at my wretched state and let out a feeble laugh.",あざだらけの林老人が首を捻り、ぼろぼろになった私を見て弱々しく笑った。,"Старик Линь, весь в синяках и опухший, слабо рассмеявшись, повернул ко мне голову, чтобы взглянуть на моё жалкое состояние."
,,,,,,,,,,默认111,,,,那笑声里带着几分苦涩，几分无奈。,那笑聲裡帶著幾分苦澀，幾分無奈。,His laughter carried both bitterness and resignation.,笑い声は苦痛とやるせなさを含んでいた。,Смеялся он с горечью и безысходно.
,,方知宥,,,,,,,,默认112,,方知宥/35_方知宥_04,,[你救过我，现在算还你了……话说回来，你为何没跟你的主子走？],[你救過我，現在算還你了……話說回來，你為何沒跟你的主子走？],"""You saved me, now we're even... Tell me, why didn't you leave with your masters?""",「あなたに救われたからな。これで借りは返した……ところで、なぜ主人のところへ戻らない？」,"""Ты спас меня, а теперь я спас тебя - считай, мы квиты... Кстати, а почему ты не ушёл со своими 'хозяевами'?"""
,,,,,,,,,,默认113,,,,我揶揄着对他说道，嘴角一动就疼得厉害，却还是勉强扯出一丝笑。,我揶揄著對他說道，嘴角一動就疼得厲害，卻還是勉強扯出一絲笑。,"I teased him through the pain of moving my lips, forcing a faint smile.",そう言い彼をからかった。口の端を動かすだけでもひどく痛んだが、それでも無理やり笑顔を作った。,"Ехидно спросил я его, натягивая слабую улыбку."
,,,,,,,,,,默认114,,,,我说的他的“主子”，自然指的是那些屠城的“妖兵”，同时也是那些东虏。,我說的他的“主子”，自然指的是那些屠城的“妖兵”，同時也是那些東虜。,"By ""masters"", I meant those city-slaughtering ""demon soldiers"" - the Eastern Barbarians.",私の言う「主人」とは、当然ながらこの町で虐殺を繰り広げた「妖兵」であり、東虜のことを指している。,"Под ""хозяевами"" я имел в виду яогуаев, которые устроили резню в городе - ""восточных лу""."
,,老林头,,,,,,,,默认115,,老林头/35_老林头_02,,[我倒是想跟他们走，但他们不要我啊！离了扬州后，我其他地方又不认识，这身老骨头还能有什么用？],[我倒是想跟他們走，但他們不要我啊！離了揚州後，我其他地方又不認識，這身老骨頭還能有什麼用？],"""I’d like to go with them, but they won’t have me! After leaving Yangzhou, I know no other place—what good is this old body of mine now?""",「一緒について行くつもりだったが、用済みだと！揚州を離れれば、他に知り合いもおらん。この老いぼれが、一体何の役に立つ？」,"""Да я собирался было пойти с ними - но они отказались брать меня с собой! Теперь, когда они покинули Янчжоу, я даже и не знаю, что дальше делать... какая польза от такого дряхлого старика?"""
,,,,,,,,,,默认116,,,,老林头无奈地回答道。,老林頭無奈地回答道。,Old Man Lin answered helplessly.,力なく林老人が首を振って答えた。,Бессильно ответил старик Линь.
,,,,,,,,,,默认117,,,,他的眼神有些涣散，望着灰蒙蒙的天空，不知在想什么。,他的眼神有些渙散，望著灰濛濛的天空，不知在想什麼。,"His gaze grew distant as he stared at the leaden sky, lost in thought.",その目はぼんやりと灰色の空を見つめ、何を考えているのか読めない。,"Он отрешённо уставился куда-то на серое небо, о чём-то задумавшись."
,,方知宥,,,,,,,,默认118,,,,[……],[……],"""...""",「……」,"""..."""
,,,,,,,,,,默认119,,,,确实。,確實。,That's true.,まあ、確かに。,И то правда.
,,,,,,,,,,默认120,,,,他就是个投机倒把、到处出卖他人躲藏之处的坏老头。,他就是個投機倒把、到處出賣他人躲藏之處的壞老頭。,He was just a scheming old man who betrayed people’s hiding spots wherever he went.,彼は投機のためなら何でもする、そんな男だ。あちこちで他人の隠れ家を売り渡してきた、いわばくそ爺だ。,"Он был просто старым торговцем-спекулянтом, который выдавал места, где прятались люди."
,,,,,,,,,,默认121,,,,他最大的优势就是知道扬州本地的情报，换了个地方，确实便没了利用价值。,他最大的優勢就是知道揚州本地的情報，換了個地方，確實便沒了利用價值。,"His only value was knowing Yangzhou’s secrets—elsewhere, he was truly worthless.",彼の最大の強みは揚州に精通していることにある。場所が変われば利用価値もなくなる。,"Он был полезен лишь потому, что знал Янчжоу - в остальном он был никому не нужен."
,,,,,,,,,,默认122,,,,这么一想，他在封刀后被东虏弃若敝屣，也是自然。,這麼一想，他在封刀後被東虜棄若敝履，也是自然。,"Seen this way, it was no surprise the Eastern Barbarians cast him aside like garbage once the war ended.",そう考えれば、封刀令の後、彼が使い古しの靴のように東虜に捨てられたのも頷ける。,"Если так подумать, неудивительно, что ""восточные лу"", когда был объявлен приказ о ""вложении меча в ножны"", бросили его, словно изношенный сапог."
,,老林头,,,,,,,,默认123,,老林头/35_老林头_03,,[你这小子啊……人确实不错……难怪她会那么惦记你。],[你這小子啊……人確實不錯……難怪她會那麼惦記你。],"""You brat... you're really something... no wonder she's so taken with you.""",「小僧、おまえさんは……お人好しだのう……あの子が気にかけるのも分かるわい」,"""Но ты, паренёк... конечно, и правда славный малый... неудивительно, что ты так глубоко запал ей в душу."""
,,,,,,,,,,默认124,,,,正当我沉思时，老林头突然来了这么一句。,正當我沉思時，老林頭突然來了這麼一句。,"Just as I was deep in thought, Old Man Lin suddenly spoke up.",考えに耽っていると、林老人が唐突にそんなことを言い出した。,"Пока я думал, вдруг произнёс старик Линь."
,,方知宥,,,,,,,,默认125,,方知宥/35_方知宥_05,,[她？],[她？],"""Her?""",「あの子？」,"""Ей?"""
,,,,,,,,,,默认126,,,,我疑惑地一皱眉。,我疑惑地一皺眉。,"I frowned, puzzled.",首をかしげる私。,"Нахмурился я, не понимая, о чём он говорит."
,,老林头,,,,,,,,默认127,,老林头/35_老林头_04,,[咳……咳咳……咳咳咳咳咳！],[咳……咳咳……咳咳咳咳咳！],"""Cough... cough... hacking cough!""",「ごほっ……ごほごほ……うおっほん！ごほごほ！」,"""*Кхе*... *кхе*... *кхе-кхе-кхе-кхе-кхе-кхе!*"""
,,,,,,,,,,默认128,,,,他突然咳嗽了起来。,他突然咳嗽了起來。,He suddenly broke into a coughing fit.,林老人が突然むせ始めた。,"Ни с того, ни с сего у него начался приступ кашля."
,,方知宥,,,,,,,,默认129,,,,[……],[……],"""...""",「……」,"""..."""
,,方知宥,,,,,,,,默认130,,方知宥/35_方知宥_06,,[对了，你当时为何要救我？你害了那么多人，怎么就唯独对我好心？],[對了，你當時為何要救我？你害了那麼多人，怎麼就唯獨對我好心？],"""Tell me, why did you save me back then? After hurting so many people, why show mercy only to me?""",「そうだ……あの時、どうして私を助けた？あれだけ多くの人を傷つけてきたのに、なぜ私にだけ親切にした？」,"""И вообще, скажи мне, почему ты спас меня тогда? Почему ты, причинив людям столько вреда, ко мне одному вдруг решил отнестись по-доброму?"""
,,,,,,,,,,默认131,,,,我又好奇地问。,我又好奇地問。,"I asked again, genuinely curious.",ずっと訊きたかったことだ。,Снова спросил я его.
,,,,,,,,,,默认132,,,,这个问题在我心里盘旋已久，却始终没有答案。,這個問題在我心裡盤旋已久，卻始終沒有答案。,"This question had haunted me for ages, yet the answer always eluded me.",長らく私の心に引っかかり続けていたのに、結局答えを得られていなかった。,"Я давно уже задавался этим вопросом, но ответ постоянно ускользал от меня."
,,老林头,,,,,,,,默认133,,老林头/35_老林头_05,,[咳咳咳……咳咳咳咳咳！],[咳咳咳……咳咳咳咳咳！],"""Cough... violent coughing!""",「ごほっ……ごほごほ！げほっ！」,"""*Кхе-кхе-кхе*... *Кхе-кхе-кхе-кхе-кхе-кхе-кхе!*"""
,,,,,,,,,,默认134,,,,老林头听了我的提问后，咳嗽得更厉害了。,老林頭聽了我的提問後，咳嗽地更厲害了。,Old Man Lin's coughing worsened when he heard my question.,私が質問をすると、彼がさらに激しく咳き込んだ。,"Услышав мой вопрос, старик Линь закашлялся ещё сильнее."
,,,,,,,,,,默认135,,,,那咳嗽声撕心裂肺，仿佛要把五脏六腑都咳出来。,那咳嗽聲撕心裂肺，彷彿要把五臟六腑都咳出來。,"The coughs racked his body violently, as if trying to expel his very organs.",内臓ごと吐き出してしまわんばかりの激しい咳き込みようだ。,"Он кашлял так сильно, будто его тело пыталось выкашлять внутренности."
,,方知宥,,,,,,,,默认136,,,,[……],[……],"""...""",「……」,"""..."""
,CharacterOff,,,,,,,,,,,,,
,,,,,,,,,,默认137,,,,……,……,...,……,...
,,,,,,,,,,默认138,,,,老林头到最后也没说：为何他这个出卖过许多人的奸细，能连续救我两次。,老林頭到最後也沒說：為何他這個出賣過許多人的奸細，能連續救我兩次。,"To the end, Old Man Lin never explained why he - a spy who'd betrayed so many - saved me twice.",なぜ大勢の町民を売ってきた裏切者の彼が、二度に渡って私を助けたのか。林老人は結局最後まで何も言わなかった。,"В конце концов, старик Линь так и не объяснил, почему он - предатель, который погубил столько людей - дважды спас меня."
,,,,,,,,,,默认139,,,,我不记得到底给过他什么恩情，他也什么都不说。,我不記得到底給過他什麼恩情，他也什麼都不說。,"I don't recall ever showing him any kindness, and he never mentioned it.",彼に恩を売った覚えもなく、彼も私に何も言わなかった。,"Не могу вспомнить, оказывал ли я ему раньше какую-то услугу - да и он ничего об этом не говорил."
,,,,,,,,,,默认140,,,,不过，我的心中难免有一些猜测。,不過，我的心中難免有一些猜測。,Yet I couldn't help forming certain suspicions in my heart.,しかし、どうしても考えてしまうことがある。,Но всё же в душе у меня роились некоторые догадки.
,,,,,,,,,,默认141,,,,我一直猜测，老林头其实便是当年我与雁儿姐画舫出行时，当时的那个艄公。,我一直猜測，老林頭其實便是當年我與雁兒姐畫舫出行時，當時的那個艄公。,I've long suspected Old Man Lin was actually the boatman from that painted boat excursion with <ruby=Swan Goose>Sister Yan</ruby>.,林老人は、かつて私と雁姉が画舫で出かけた時の、あの船頭だったのではないかと。,"Я давно уже подозревал, что старик Линь был тем самым лодочником, что вёл нашу с сестричкой Лебёдушкой расписную лодку ."
,,,,,,,,,,默认142,,,,我有些记不得当年那个艄公的长相了，可印象中，他的声音和说话的语气，与老林头别无二致，十分相像。,我有些記不得當年那個艄公的長相了，可印象中，他的聲音和說話的語氣，與老林頭別無二致，十分相像。,"I can't quite remember the boatman's face from back then, but in my memory, his voice and way of speaking were almost identical to Old Man Lin's—so very similar.",もはや当時の船頭の顔も覚えていないが、彼の声や話し方が早し老人とそっくりだった気がするのだ。,"Я плохо помню лицо того лодочника, но голос и манера речи у него, по моей памяти, были точно такими же, как и у старика Линя."
,,,,,,,,,,默认143,,,,我想，或许是雁儿姐曾给过他一些赏钱，让他多照顾我。,我想，或許是雁兒姐曾給過他一些賞錢，讓他多照顧我。,I think perhaps <ruby=Swan Goose>Sister Yan</ruby> had given him some extra money to take better care of me.,もしかしたら雁姉が彼に金を握らせ、私を気にかけておくよう頼んでおいたのかもしれない。,"Наверное, сестричка Лебёдушка в своё время дала ему ещё денег, чтобы он присматривал за мной."
,,,,,,,,,,默认144,,,,大概是这样吧。,大概是這樣吧。,That must have been the case.,きっとそんなところだろう。,"Я думаю, всё дело в этом."
,,,,,,,,,,默认145,,,,……,……,...,……,...
,StopVoice,,,,,,1,,,,,,,,,,,
,FadeOut,black,,,,,1,,,,,,,,,,,
,Wait,,,,,,1,,,,,,,,,,,
,FadeIn,black,,,,,1,,,,,,,,,,,
,,,,,,,,,,默认146,,,,半个时辰后，老林头先从地上起身，一瘸一拐地先走了。,半個時辰後，老林頭先從地上起身，一瘸一拐地先走了。,"An hour later, Old Man Lin was the first to get up from the ground, limping away ahead of me.",半刻後、林老人が起き上がり、足を引きずりながら去っていった。,Через пол-стражи старик Линь приподнялся и заковылял прочь.
,CharacterOff,,,,,,1,,,,,,,
,,,,,,,,,,默认147,,,,我不想再和他缠上任何关系，独自在地上躺了许久，直到他走了很久后才缓慢起身。,我不再想和他纏上任何關係，獨自在地上躺了許久，直到他走了很久後才緩慢起身。,"I no longer wanted anything to do with him, so I lay on the ground alone for a long time, only slowly rising long after he had left.",これ以上彼と関わる気もなく、私はそのまま一人で地面に横たわり、彼が去ってしばらくしてから、ようやくむくりと起き上がった。,"Мне больше не было до него дела, поэтому я так и продолжил лежать в одиночестве на сене. Лишь спустя долгое время после его ухода я, наконец, встал сам."
,,,,,,,,,,默认148,,,,……,……,...,……,...
,,,,,,,,,,默认149,,,,我扶着墙，也是走得蹒跚。,我扶著牆，也是走得蹣跚。,"Leaning against the wall, I walked unsteadily too.",壁にもたれつつ、よろよろと歩く。,"Опираясь на стену, я тоже шёл, прихрамывая."
,,,,,,,,,,默认150,,,,墙上的灰泥沾在掌心，带着潮湿的凉意，浑身的疼痛让我每一次动作都像是受刑。,牆上的灰泥沾在掌心，帶著潮濕的涼意，渾身的疼痛讓我每一次動作都像是受刑。,"The plaster on the wall clung to my palm, damp and cold. Every movement sent waves of pain through my body, as though I were being tortured.",壁の漆喰が掌にくっつき、ぬめついた冷たさを感じた。全身の痛みのせいで、一挙一投足がまるで拷問のようだ。,"Влажная и холодная штукатурка прилипала к моей ладони. Каждое движение разливалось болью по всему телу - было чувство, будто меня пытали."
,FadeOut,black,,wipe_left,,,1,,,,,,,,,,,
,Bg,方院,,,,,0,,,,,,,,,,,
,FadeIn,black,,wipe_right,,,1,,,,,,,,,,,
,,,,,,,,,,默认151,,,,走了很久后，我终于摸索着走到了东城区，找到了自己原来的家——方院。,走了很久後，我終於摸索著走到了東城區，找到了自己原來的家——方院。,"After walking for what felt like ages, I finally stumbled into the East District and found my old home—Fang's Courtyard.",しばらく歩いた末、ようやく東城区に着き、元の家――方院を見つけ出した。,"Пройдя, как мне показалось, целую вечность, я наконец-то оказался в Восточном квартале, где нашёл свой старый дом - двор семьи Фан."
,,,,,,,,,,默认152,,,,我回到方院后，查看了房中的一切，一时哭笑不得，也不知该感慨幸运还是不幸。,我回到方院後，查看了房中的一切，一時哭笑不得，也不知該感慨幸運還是不幸。,"After returning to Fang's Courtyard, I surveyed my room and found myself torn between laughter and tears, uncertain whether to count myself fortunate or unfortunate.",方院に戻り、中を見渡して思わず苦笑した。これを幸運と呼ぶべきなのか不幸と呼ぶべきなのか。,"Вернувшись во двор семьи Фан и увидев его состояние, я даже не знал, плакать мне или смеяться, считать себя удачливым или неудачливым."
,,,,,,,,,,默认153,,,,幸运的是，方院并未被整个烧毁，大体保持着原貌。,幸運的是，方院並未被整個燒毀，大體保持著原貌。,"Fortunately, Fang's Courtyard wasn't entirely burned down and mostly kept its original form.",幸運なことに、方院は焼け落ちておらず、ほぼ原形を保っていた。,"В чём мне повезло, так это в том, что двор семьи Фан вовсе не оказался сожжён дотла и в целом сохранил свой прежний вид."
,FadeOut,black,,,,,1,,,,,,,,,,,
,Bg,左屋阴,,,,,,,,,,,,
,Tween,BG,ScaleTo,x=1.5 y=1.5 time=0,,,,,,,,,,
,Tween,BG,MoveTo,x=-462 y=-27 time=0,,,,,,,,,,
,FadeIn,black,,,,,1,,,,,,,,,,,
,,,,,,,,,,默认154,,,,那个曾被我锁在屋内的妖兵早已不知所踪。,那個曾被我鎖在屋內的妖兵早已不知所蹤。,The demon soldier I'd locked in that room had long vanished without a trace.,傍屋に閉じ込めておいた妖兵は、いつの間にかいなくなっていた。,"Яогуай, которого я запер во флигеле, уже давно куда-то делся."
,,,,,,,,,,默认155,,,,也许是他脱身后急着去追我无暇他顾，也许是他脱身后急着去抢劫——他走得很匆忙，离开时并未一把火烧了方院。,也許是他脫身後急著去追我無暇他顧、也許是他脫身後急著去搶劫——他走得很匆忙，離開時並未一把火燒了方院。,"Maybe after escaping he was too busy chasing me to care—or maybe he ran off to loot—either way, he left in such a hurry that Fang's Courtyard escaped the torch.",脱出してから私を追うことで頭がいっぱいだったのか、それとも強盗に勤しんでいたのか――とにかく慌てて出て行ったようで、火を放っていくことはなかった。,"Возможно, после того, как он смог освободиться, все его мысли занимало то, как бы меня догнать, либо же он стремился награбить побольше - в любом случае, он быстро ушёл отсюда и не стал заморачиваться над тем, чтобы предать двор огню."
,,,,,,,,,,默认156,,,,不幸的是，我曾珍藏的那些书籍，要么被撕毁了，要么便散失无踪，徒留被翻开的柜子，以及散落一地的碎纸屑。,不幸的是，我曾珍藏的那些書籍，要嘛被撕毀了，要嘛便散失無蹤，徒留被翻開的櫃子，以及散落一地的碎紙屑。,"Sadly, my treasured books were either torn apart or lost completely, leaving only gaping cabinets and paper fragments littering the floor.",そして不幸なことに、私が大切に収蔵していた本は破り捨てられたり行方知れずとなったりである。残っていたのは開け放たれた箪笥と、ばらばらになった紙屑だ。,"В чём мне не повезло - те бережно хранимые мной книги либо были уничтожены, либо просто пропали бесследно. Остались только развороченные шкафы и разбросанные по полу обрывки бумаги."
,,,,,,,,,,默认157,,,,我猜，那些被撕的书，是他被我困在房屋时做得，大概是为了发泄他的情绪。,我猜，那些被撕的書，是他被我困在房屋時做得，大概是為了發洩他的情緒。,I suppose those torn books were his doing when I had him trapped in the room=—likely a way to vent his emotions.,おそらく破られた本は、私が閉じ込めた際にあいつがやったのだろう。鬱憤を晴らすために。,"Скорее всего, те разорванные книги - это было его рук дело: так он вымещал свою злобу после того, как я его запер внутри."
,,,,,,,,,,默认158,,,,若是放在太平岁月，此等行为，必定会把我气得七窍生烟，我非得状告官府、把他告到坐牢不可。,若是放在太平歲月，此等行為，必定會把我氣得七竅生煙，我非得狀告官府、把他告到坐牢不可。,"In peaceful times, such behavior would have made me see red—I'd have dragged him to court and had him jailed without a second thought.",今が太平の世であれば、この行為に対して烈火のごとく怒り、牢屋にぶち込むまで役所に訴え続けたはずだ。,"В мирное время подобное привело бы меня в ярость - я бы сразу потащил его в суд, где его посадили бы за решётку."
,,,,,,,,,,默认159,,,,但是，刚刚经历过屠城的我再看此事，倒觉得此事只是“小事一桩”，根本不值一提。,但是，剛剛經歷過屠城的我再看此事，倒覺得此事只是“小事一樁”，根本不值一提。,"But now, after surviving a massacre, it all seemed like a ""trifle"", barely worth mentioning.",しかし大虐殺の後にこの状況を見たところで、「取るに足らないこと」だと感じ、どうでもよくなっていた。,"Но после пережитой резни, всё это казалось мелочью, о которой даже не стоило думать."
,,,,,,,,,,默认160,,,,……,……,...,……,...
,,方知宥,,,,,,,,默认161,,方知宥/35_方知宥_07,,[咦？],[咦？],"""Huh?""",「おや？」,"""А?"""
,,,,,,,,,,默认162,,,,正当我以为所有书都被烧毁时，我却在床下摸到了一本完好的书。,正當我以為所有書都被燒毀時，我卻在床下摸到了一本完好的書。,"Just when I thought all books had been burned, I felt a perfectly intact one under the bed.",全ての本がおしゃかになったと思っていたが、寝台の下に無傷の本があることに気付いた。,"Когда я уже был уверен, что все мои книги были уничтожены, я вдруг нащупал под кроватью совершенно нетронутую книгу."
,,,,,,,,,,默认163,,,,怪事，为何其他书都被撕坏了，这本书还留着？,怪事，為何其他書都被撕壞了，這本書還留著？,"How odd—why were all other books destroyed, yet this one survived?",妙だな。他の本はどれもこれも破り裂かれているのに、どうしてこの本だけ無事なのだ？,"Странно - если остальные книги были уничтожены, как эта смогла уцелеть?"
,,,,,,,,,,默认164,,,,我努力伸手，将这本书从床底下拿了出来。,我努力伸手，將這本書從床底下拿了出來。,"Straining, I pulled the book out from under the bed.",ぐっと手を伸ばし、寝台の隙間からその本を引っ張り出した。,С трудом я вытащил книгу из-под кровати.
,,,,,,,,,,默认165,,,,指尖触到书脊的瞬间，心中莫名一动。,指尖觸到書脊的瞬間，心中莫名一動。,"When my fingertips brushed its spine, my heart trembled inexplicably.",指が本の背に触れた瞬間、にわかに胸が高鳴った。,"Когда мои пальцы коснулись её корешка, моё сердце сжалось."
,,,,,,,,,,默认166,,,,我凝神一看，书的封面上印着两个字——,我凝神一看，書的封面上印著兩個字——,"Squinting, I saw three characters on the cover—",よく見ると、本の表紙に二つの文字が書かれている――,"Присмотревшись, я разглядел два иероглифа на её обложке:"
,CharacterOff,,,,,,0.7,,,,,,,,,,,
,Sprite,记-梁祝,,,,,1,,,,,,,,,,,
,Wait,,,,,,1.5,,,,,,,,,,,
,SpriteOff,,,,,,1,,,,,,,,,,,
,,,,,,,,,,默认167,,,,《梁祝》。,《梁祝》。,"""The Butterfly Lovers"".",『<ruby=梁山伯と祝英台>梁 祝</ruby>』,"""Влюблённые-бабочки."""
,,,,,,,,,,默认168,,,,……,……,...,……,...
,,,,,,,,,,默认169,,,,想起来了。,想起來了。,It came back to me then.,思い出した。,Я вспомнил.
,,,,,,,,,,默认170,,,,林翩翩曾让鹂儿告知我雁儿姐自尽的真相。,林翩翩曾讓鸝兒告知我雁兒姐自盡的真相。,Lin Pianpian had once sent Li'er to reveal the truth of <ruby=Swan Goose>Sister Yan</ruby>'s suicide.,翩翩が雁姉の自殺の真相を鵹児に話させていた。,Линь Пяньпянь тогда попросила Ли'эр рассказать мне правду о самоубийстве сестрички Лебёдушки.
,,,,,,,,,,默认171,,,,她身患怪症，逐年虚弱，身躯会一点点变得冰冷、僵硬。,她身患怪症，逐年虛弱，身軀會一點點變得冰冷、僵硬。,"She bore a mysterious ailment, weakening yearly—her body slowly stiffening with cold.",彼女は奇病を患い、年々体が弱っていき、徐々に冷たくなって固まっていくのだと。,"Она была больна некой хворью, от которой слабела с каждым годом, её тело становилось всё холоднее и закостеневало."
,,,,,,,,,,默认172,,,,加之青楼的鸨姐步步紧逼，她早有了求死之心。,加之青樓的鴇姐步步緊逼，她早有了求死之心。,"Moreover, with the Madam of the Pleasure House pressing her relentlessly, she had long harbored thoughts of ending her life.",それに加え青楼の女将に追い詰められ、死を望むようになっていた。,"К тому же, хозяйка ""Мелодичного павильона"" постоянно давила на неё, и она уже долгое время вынашивала мысли о самоубийстве."
,,,,,,,,,,默认173,,,,她曾准备了这本《梁祝》，原本是打算将之送给我——作为与我一同“殉情”的信物。,她曾準備了這本《梁祝》，原本是打算將之送給我——作為與我一同“殉情”的信物。,"She had prepared this copy of ""The Butterfly Lovers"", originally intending to give it to me—as a token for our ""suicide pact"".",彼女が用意していたこの『梁祝』は、もともと私に渡すつもりの物だった――「情死」の証として。,"Она подготовила эту копию книги, чтобы подарить её мне - как знак нашего ""двойного самоубийства влюблённых""."
,,方知宥,,,,,,,,默认174,,,,[……],[……],"""...""",「……」,"""..."""
,,,,,,,,,,默认175,,,,我掀开了《梁祝》的封面，扉页之上，留着几个娟秀的小字。,我掀開了《梁祝》的封面，扉頁之上，留著幾個娟秀的小字。,"I lifted the cover of ""The Butterfly Lovers"", and on the title page, a few delicate handwritten characters remained.",『梁祝』の表紙を開くと、標題紙に美しい文字が小さく書かれていた。,"Открыв книгу, я увидел на титульном листе несколько красивых иероглифов, написанных от руки:"
,,,,,,,,,,默认176,,,,“赠方知宥。”,“贈方知宥。”,"""To Fang Zhiyou"".",「知宥へ」,"""В дар Фан Чжию."""
,,,,,,,,,,默认177,,,,是的。,是的。,Yes.,そうだ。,Да.
,,,,,,,,,,默认178,,,,这是雁儿姐的亲笔，不会有错。,這是雁兒姐的親筆，不會有錯。,"This was <ruby=Swan Goose>Sister Yan</ruby>'s handwriting, unmistakably.",これは雁姉の筆跡だ。間違いない。,"Это был почерк сестрички Лебёдушки, не иначе."
,,,,,,,,,,默认179,,,,看来，这确实是她当时想交给我的，不会有错。,看來，這確實是她當時想交給我的，不會有錯。,"It seems this was indeed what she had intended to give me at the time, without a doubt.",私に渡そうとしていたのは事実だったようだ。,"Похоже, она действительно хотела подарить мне эту книгу."
,,,,,,,,,,默认180,,,,至于为何最后她没有将它交到我手里，大概是她临时改变主意，看穿了我终究是无意赴死、便不想邀我一同殉情了。,至於為何最後她沒有將它交到我手裡，大概是她臨時改變主意，看穿了我終究是無意赴死、便不想邀我一同殉情了。,"As for why she ultimately didn’t place it in my hands, perhaps she changed her mind at the last moment, realizing I had no intention of dying—and thus decided not to invite me to join her in death.",これを渡さずじまいだったのは、きっと私が一緒に死ぬつもりがないことを見抜き、気が変わって情死に誘う気がなくなったからだ。,"Почему же она в конце концов не подарила мне её лично? Возможно, в последний момент она поняла, что сам я не собирался умирать, и поэтому решила не звать меня присоединиться к ней на том свете."
,,,,,,,,,,默认181,,,,当然……,當然……,Of course...,まあ……,Конечно...
,,,,,,,,,,默认182,,,,也或许是她没来得及将它送给我。,也或許是她沒來得及將它送給我。,Or perhaps she never got the chance to give it to me.,渡す暇がなかったのかもしれないが。,"Есть вероятность, что у неё попросту не нашлось возможности подарить её."
,,,,,,,,,,默认183,,,,当时的她，或许是遇到了太多超出预计的状况，还没来得及跟我聊一同殉情的事，便急匆匆地一个人先去了……,當時的她，或許是遇到了太多超出預計的狀況，還沒來得及跟我聊一同殉情的事，便急匆匆地一個人先去了……,"Back then, she must have faced too many unforeseen circumstances. Before we could even discuss dying together, she'd already rushed ahead alone...",当時の彼女は、あまりにも予想外の出来事が多すぎて、情死の件を私に話す間もなく、一人で逝ってしまったのだろう……,"Возможно, тогда она столкнулась со многими непредвиденными обстоятельствами. И, не успев обсудить со мной идею о двойном самоубийстве, она так и ушла без меня..."
,,方知宥,,,,,,,,默认184,,,,[……],[……],"""...""",「……」,"""..."""
,,,,,,,,,,默认185,,,,那么。,那麼。,Well then.,では。,Ладно.
,,,,,,,,,,默认186,,,,这本书究竟是谁带过来的？,這本書究竟是誰帶過來的？,Who exactly brought this book here?,この本は一体誰が持ってきたのだ？,А как книга сюда вообще попала?
,,,,,,,,,,默认187,,,,是林翩翩？,是林翩翩？,Was it Lin Pianpian?,林翩翩か？,Линь Пяньпянь принесла её?
,,,,,,,,,,默认188,,,,还是老林头？,還是老林頭？,Or Old Man Lin?,それとも林老人か？,"Или, может быть, старик Линь?"
,,,,,,,,,,默认189,,,,嗯……,嗯……,Hmm...,ふむ……,Хм-м...
,,,,,,,,,,默认190,,,,大概是林翩翩随东虏的军队离开扬州前，托老林头带来的吧。,大概是林翩翩隨東虜的軍隊離開揚州前，托老林頭帶來的吧。,Most likely Lin Pianpian asked Old Man Lin to deliver it before leaving Yangzhou with the Eastern Barbarians' troops.,おそらく翩翩が東虜に連れられ揚州を去る前に、林老人に託したのだろう。,"Наверное, прежде чем уйти из Янчжоу вместе с ""восточными лу"", Линь Пяньпянь попросила старика Линя принести её сюда."
,,,,,,,,,,默认191,,,,……,……,...,……,...
,Bg,左屋雨,,,,,1.5,,,,,,,
,Ambience,小雨,TRUE,,,,,,,,,,,
,,,,,,,,,,默认192,,,,——哗啦啦,——嘩啦啦,—Splash!,――ザアアアア,*Кап-кап-кап*
,,,,,,,,,,默认193,,,,窗外忽然下起了雨。,窗外忽然下起了雨。,Rain suddenly began falling outside the window.,窓の外で、にわか雨が降ってきた。,Внезапно за окном залил дождь.
,,,,,,,,,,默认194,,,,雨水敲打在屋檐上，再顺着一块块瓦片流下来，形成了一道道遮帘。,雨水敲打在屋簷上，再順著一塊塊瓦片流下來，形成了一道道遮簾。,"The raindrops drummed against the eaves before cascading down the roof tiles, forming watery curtains.",雨粒が屋根を叩き、瓦を伝って暖簾のように落ちていった。,"Дождь барабанил по карнизу, а затем, словно водопад, стекал по черепице, образуя одну сплошную завесу."
,,,,,,,,,,默认195,,,,雨声模糊了外面的景色和声音，整个世界仿佛被笼罩在一层朦胧的纱幕之后。,雨聲模糊了外面的景色和聲音，整個世界彷彿被籠罩在一層朦朧的紗幕之後。,"The sound of rain blurred both the scenery and noises outside, as if the entire world were veiled in mist.",外の景色や音を雨音が曇らせる。世界そのものがぼんやりとした幕に覆われたようだった。,"От дождя как вид, так и звуки за окном становились размытыми, словно весь мир окутал туман."
,,,,,,,,,,默认196,,,,这样的雨，十日前在扬州城刚破的时候下过。,這樣的雨，十日前在揚州城剛破的時候下過。,"This same rain had fallen ten days earlier, when Yangzhou had just been breached.",十日前、揚州が落とされたばかりの時も、このような雨が降っていた。,Этот же дождь шёл десять дней назад - когда Янчжоу только-только пал.
,,,,,,,,,,默认197,,,,十年前，我刚到扬州的时候，在方院的院墙外，思念着院里的雁儿姐时也下过。,十年前，我剛到揚州的時候，在方院的院牆外，思念著院裡的雁兒姐時也下過。,"Ten years before, when I'd first come to Yangzhou, it had rained like this too - outside Fang's Courtyard walls while I yearned for <ruby=Swan Goose>Sister Yan</ruby> within.",十年前、揚州に来たばかりの頃、方院の壁の外で中にいる雁姉のことを考えている時も、やはりこのような雨だった。,"Десять лет назад, когда меня привезли в Янчжоу, когда я тосковал по сестричке Лебёдушке, за стенами двора семьи Фан шёл дождь."
,,,,,,,,,,默认198,,,,还有……雁儿姐投河自尽的那一日，也下过。,還有……雁兒姐投河自盡的那一日，也下過。,And... it had rained like this the day <ruby=Swan Goose>Sister Yan</ruby> drowned herself in the river.,それから……雁姉が川に身を投げて果てたあの日も。,"И... такой же дождь шёл, когда сестричка Лебёдушка утопилась в реке."
,,,,,,,,,,默认199,,,,去二十四桥看看吧。,去二十四橋看看吧。,Let's go see the Twenty-Four Bridges.,二十四橋へ行ってみよう。,Надо сходить на Двадцать четвёртый мост.
,,,,,,,,,,默认200,,,,不知怎的，我的心底忽然生出了这个念头。,不知怎的，我的心底忽然生出了這個念頭。,"For some reason, this thought suddenly rose unbidden from my heart.",どうしてだか、ふとそんな気分になった。,Почему-то у меня в голове внезапно всплыла такая мысль.
,,,,,,,,,,默认201,,,,……,……,...,……,...
,FadeOut,black,,,,,1,,,,,,,,,,,
,BgOff,,,,,,1,,,,,,,,,,,
,Bg,二十四桥记偏,,,,,0.5,,,,,,,,,,,
,Tween,BG,ScaleTo,x=1 y=1 time=0,,,,,,,,,,,,,,
,Tween,BG,MoveTo,x=0 y=0 time=0,,,,,,,,,,,,,,
,FadeIn,black,,,,,1,,,,,,,,,,,
,,,,,,,,,,默认202,,,,雨点打在河面之上，溅起一圈连着一圈的细小涟漪。,雨點打在河面之上，濺起一圈連著一圈的細小漣漪。,"Raindrops struck the river's surface, sending overlapping circles of tiny ripples outward.",雨粒が川の水面に打ち付け、小さなさざ波を何重にも立てている。,"Капли дождя бились о поверхность реки, рассылая во все стороны пересекающиеся круги ряби."
,,,,,,,,,,默认203,,,,河水悠悠，承载、冲刷、又送走了许多往事。,河水悠悠，承載、沖刷、又送走了許多往事。,"The river flows endlessly, carrying, eroding, and washing away many memories.",川の流れが多くの過去を運び、洗い流し、また悠々と送り出していった。,"Река текла без устали, унося, размывая и смывая множество воспоминаний."
,,,,,,,,,,默认204,,,,我到的时候，二十四桥的河面不再漂着尸体，河水也不再是红色了。,我到的時候，二十四橋的河面不再漂著屍體，河水也不再是紅色了。,"By the time I arrived, no corpses floated on the river by the Twenty-Four Bridges, and the water was no longer red.",私が着いた時には、二十四橋の水面にもはや死体はなく、水も赤色ではなかった。,"Когда я пришёл сюда на этот раз, в реке под Двадцать четвёртым мостом уже не было трупов, а вода очистилась от крови."
,,,,,,,,,,默认205,,,,这次下雨后，妖兵曾屠戮过二十四桥的痕迹又少了几分。,這次下雨後，妖兵曾屠戮過二十四橋的痕跡又少了幾分。,"After this rain, the traces of the demon soldiers' massacre at the Twenty-Four Bridges have faded further.",今回の雨で、妖兵による二十四橋の殺戮の痕跡がまた洗い流された。,"От этого дождя следы резни у моста, которую устроили яогуаи, стёрлись ещё сильнее."
,,,,,,,,,,默认206,,,,——哗啦啦,——嘩啦啦,—Splash!,――ザアアアア,*Кап-кап-кап*
,,,,,,,,,,默认207,,,,我打着一把伞，站在桥上，置身于雨幕之中。,我打著一把傘，站在橋上，置身於雨幕之中。,"Holding an umbrella, I stood on the bridge, enveloped in the rain.",傘を差しながら橋に立ち、雨の中に身を置く。,"Окутанный дождём, я стоял на мосту с зонтом в руке."
,,,,,,,,,,默认208,,,,此时，周围的雨声很响，但却因声响单一重复，反而显得有些寂静。,此時，周圍的雨聲很大，但卻因聲響單一重複，反而顯得有些寂靜。,"The sound of the rain around me was loud, but its monotonous repetition made it feel almost silent.",周囲の雨音がよく聞こえた。しかし同じ音の繰り返しで、どこか寂しくもあった。,"Вокруг меня громко шумел дождь, но его монотонное пение создавало ощущение почти полной тишины."
,,,,,,,,,,默认209,,,,此时，这原本人来人往的这座二十四桥上，只有我一人。,此時，這原本人來人往的這座二十四橋上，只有我一人。,"Now, on this once bustling Twenty-Four Bridges, I stood alone.",いつもなら人の行き交うこの二十四橋に、私一人だけが立っている。,Я стоял один на некогда людном мосту.
,,,,,,,,,,默认210,,,,这样，倒是显得这偌大的扬州城里，也只有我孤身一人。,這樣，倒是顯得這偌大的揚州城裡，也只有我孤身一人。,"This way, it seemed as if I were the only solitary soul left in the vast City of Yangzhou.",この広い揚州の町で、私しかいないような気分にさせられた。,"Складывалось впечатление, будто я остался один во всём Янчжоу."
,,,,,,,,,,默认211,,,,……,……,...,……,...
,StopVoice,,,,,,1,,,,,,,,,,,
,FadeOut,black,,,,,1,,,,,,,,,,,
,Wait,,,,,,1,,,,,,,,,,,
,FadeIn,black,,,,,1,,,,,,,,,,,
,,,,,,,,,,默认212,,,,我为何不离开扬州？,我為何不離開揚州？,Why didn’t I leave Yangzhou?,どうして揚州を去らなかったのだろうか。,Почему я остался в Янчжоу?
,,,,,,,,,,默认213,,,,明明良叔走的时候，我可以随他而去。,明明良叔走的時候，我可以隨他而去。,"When Uncle Liang departed, I could have followed him.",良が出発する時、ついていけたはずだ。,"Когда дядюшка Лян ушёл, я мог пойти за ним."
,,,,,,,,,,默认214,,,,明明琼华走的时候，我亦可以与她同行。,明明瓊華走的時候，我亦可以與她同行。,"When Qionghua left, I could have accompanied her too.",瓊華が出発する時だって、同行できたはずだ。,"Когда Цюнхуа ушла, я тоже мог пойти за ней."
,,,,,,,,,,默认215,,,,明明王生问起我的时候，我本可以回答说想要离开。,明明王生問起我的時候，我本可以回答說想要離開。,"When Scholar Wang asked me, I could have said I wished to leave.",王書生が訊いてきた時だって、去るつもりだと答えられたはずだ。,"Когда учёный Ван спросил меня, я мог сказать, что хочу уйти."
,,,,,,,,,,默认216,,,,但是——,但是——,But—,しかし――,Но...
,,,,,,,,,,默认217,,,,我最终还是选择了留在这里。,我最終還是選擇了留在這裡。,"In the end, I chose to remain here.",結局私は留まることを選んだ。,В конечном счёте я всё же решил остаться.
,,,,,,,,,,默认218,,,,留在这个几乎没有留恋之人、只有伤心之事的地方。,留在這個幾乎沒有留戀之人、只有傷心之事的地方。,To stay in this place with scarcely anyone to yearn for—only heartache.,未練ある者もほぼおらず、悲しみばかりのこの場所に。,"Остаться в месте, где уже почти нет дорогих мне людей... есть только боль на сердце."
,,,,,,,,,,默认219,,,,留在这个令我迷茫、困顿、疯病不断、只能止步于此的地方。,留在這個令我迷茫、困頓、瘋病不斷、只能止步於此的地方。,"To stay in this place that confounds, drains, and maddens me—where I can only remain trapped.",私を惑わせ、苦しめ、狂気に落とし、立ち止まるしかなかったこの場所に。,"Остаться в этом месте, которое вызывает у меня растерянность, безысходность и постоянные приступы безумия. Здесь я словно в клетке."
,,,,,,,,,,默认220,,,,大概。,大概。,Probably.,きっと。,Наверное...
,,,,,,,,,,默认221,,,,只有这里是我心底向往的归宿。,只有這裡是我心底嚮往的歸宿。。,Only this place is the destination my heart yearns for...,ここだけが、私の心の拠り所なのだろう。,Моё сердце само привело меня сюда.
,,,,,,,,,,默认222,,,,冥冥之中，我大概是觉得——,冥冥之中，我大概是覺得——,"Somehow, I felt—",ぼんやりとする中、何となく感じていた――,Почему-то я чувствовал:
,,,,,,,,,,默认223,,,,只有我到了这里，才能走向那个真正的结局——,只有我到了這裡，才能走向那個真正的結局——,Only by coming here can I reach that true ending—,ここまで来たからこそ、真の終わりに進めるのだと――,"Лишь придя сюда, я смогу добраться до той истинной развязки."
,,,,,,,,,,默认224,,,,当年的事。,當年的事。,What happened back then.,あの時へ。,События нескольких лет тому назад -
,,,,,,,,,,默认225,,,,我知道了真相，却还没有达成属于我的结局。,我知道了真相，卻還沒有達成屬於我的結局。,"I learned the truth, but I haven't reached my own ending yet.",真実を知っても、まだ私自身の結末には辿り着いていない。,"Я узнал правду о них, но так ещё и не смог достичь той развязки, что полагается мне."
,,,,,,,,,,默认226,,,,现在，做出选择也不迟。,現在，做出選擇也不遲。,"Now, it's not too late to make a choice.",今選んでも、遅くはない。,И сейчас ещё не поздно сделать выбор.
,,,,,,,,,,默认227,,,,……,……,...,……,...
,,方知宥,,,,,,,,默认228,,,,[……］,[……］,"""...""",「……」,"""..."""
,CharacterOff,,,,,,0.7,,,,,,,,,,,
,Sprite,记-梁祝,,,,,1,,,,,,,,,,,
,Wait,,,,,,1.5,,,,,,,,,,,
,SpriteOff,,,,,,1,,,,,,,,,,,
,,,,,,,,,,默认229,,,,我一手拿伞，一手从怀中取出了那本《梁祝》，将它紧贴在胸前。,我一手拿傘，一手從懷中取出了那本《梁祝》，將它緊貼在胸前。,"Holding an umbrella in one hand, I took out that copy of ""The Butterfly Lovers"" from my chest and pressed it against my heart.",傘を持ちながら、もう一方の手で懐から『梁祝』を取り出し、胸に抱きしめた。,"Держа зонт в одной руке, я достал из-за пазухи копию ""Влюблённых-бабочек"" и прижал её к груди."
,,,,,,,,,,默认230,,,,雁儿姐，你最后的心意，真是希望与我殉情吗？,雁兒姐，你最後的心意，真是希望與我殉情嗎？,"<ruby=Swan Goose>Sister Yan</ruby>, was your final wish truly for us to die together?",雁姉、君の最後の願いは、本当に私と情死することだったのか？,"Сестричка Лебёдушка, неужели твоим последним желанием было, чтобы мы ушли из этого мира вместе?"
,,,,,,,,,,默认231,,,,你真以为我没有赴死的勇气？,你真以為我沒有赴死的勇氣？,Do you really think I lack the courage to face death?,本気で、私に死ぬ勇気がないと思っていたのか？,"И ты действительно решила, что мне не хватит смелости, чтобы умереть?"
,,,,,,,,,,默认232,,,,呵……,呵……,Heh...,ふっ……,Хех...
,,,,,,,,,,默认233,,,,那你倒是看错我了。,那你倒是看錯我了。,Then you've misjudged me.,だとしたら、私のことを見誤っている。,"Ну в этом ты, пожалуй, была неправа."
,,,,,,,,,,默认234,,,,其实，我的想法与你相差无几。,其實，我的想法與你相差無幾。,"Truth be told, my thoughts aren't so different from yours.",私とて、君と考えていることは大差ないよ。,Ведь на самом деле мы с тобой весьма похожи.
,,,,,,,,,,默认235,,,,这世间，我也本就没有多少留恋。,這世間，我也本就沒有多少留戀。,There's little in this world I truly hold dear.,この世の中に未練などほとんどない。,"В этом мире осталось мало того, что мне дорого."
,,,,,,,,,,默认236,,,,我从小便没了爹娘，和伯父伯母也很疏远，考了功名却没有目标，空有一番写下传世之作的志向，却一直无法持之以恒、屡屡放弃……,我從小便沒了爹娘，和伯父伯母也很疏遠，考了功名卻沒有目標，空有一番寫下傳世之作的志向，卻一直無法持之以恆、屢屢放棄……,"I lost my parents in childhood and grew distant from my uncle and aunt. Though I passed the provincial exams, I lacked purpose—left only with the unfulfilled ambition to write an enduring masterpiece, repeatedly abandoning the effort...",両親は幼い頃に亡くした。伯父と伯母とも縁を切っている。科挙に受かっても目標がない。世に名を残すような本を書きたいという夢はあれど、結局続かず何度も筆を投げた……,"Я рано потерял родителей, дядя и тётя меня не любили. Я хоть и получил степень сюцая, но у меня не было цели в жизни - лишь несбывшаяся мечта написать шедевр, но я постоянно откладывал эту затею в долгий ящик."
,,,,,,,,,,默认237,,,,我是为何而活？,我是為何而活？,For what do I live?,私は何のために生きているのだ？,Ради чего я живу?
,,,,,,,,,,默认238,,,,我来到这人世间，究竟是为了什么？,我來到這人世間，究竟是為了什麼？,What purpose brought me into this world?,私がこの世に生まれたのは、何のためだったのだ？,Ради чего я вообще появился в этом мире?
,,,,,,,,,,默认239,,,,……,……,...,……,...
,,,,,,,,,,默认240,,,,我反复地自问，却得不到确切的答案。,我反覆的自問，卻得不到確切的答案。,"I ask myself again and again, yet no clear answer comes.",何度も自問するが、しっくりくる答えが浮かばなかった。,"Задавая вопросы, я не получал на них ответа."
,,,,,,,,,,默认241,,,,越是细想，便越是空虚、迷茫、不知所措。,越是細想，便越是空虛、迷茫、不知所措。,"The deeper I ponder, the emptier I feel—adrift and utterly lost.",考えれば考えるほど虚しくなり、迷い、どうすればいいか分からなくなった。,"Чем больше я размышлял обо всём этом, тем б<i>о</i>льшую пустоту ощущал в душе. Я словно плыл по течению без какой либо цели."
,,,,,,,,,,默认242,,,,这么想的话，,這麼想的話，,"Viewed this way,",そう考えると。,Если подумать...
,,,,,,,,,,默认243,,,,若是当年与你同去、在二十四桥上一同携手殉情，或许反而会是一件好事——,若是當年與你同去、在二十四橋上一同攜手殉情，或許反而會是一件好事——,perhaps it would have been better had I gone with you then—to clasp hands and leap from the Twenty-Four Bridges together—,あの時君の手を握って二十四橋で情死したほうが、むしろ良かったのかもしれない――,"Наверное, мне стоило было пойти с тобой - взяться за руки и вместе спрыгнуть с Двадцать четвёртого моста."
,,,,,,,,,,默认244,,,,活着，是这般迷茫而疲惫。,活著，是這般迷茫而疲憊。,To live is to be so lost and weary.,生きていても迷い、疲れるだけだ。,Жизнь - это смятение и изнеможение.
,,,,,,,,,,默认245,,,,而死，至少是坚定的。,而死，至少是堅定的。,"But to die, at least, is certain.",しかし死は確たるものだ。,"Смерть же, по крайней мере, окончательна."
,,,,,,,,,,默认246,,,,那么，便补齐那“本该如此”的结局吧——,那麼，便補齊那“本該如此”的結局吧——,"Then, let us complete the ending that ""was meant to be""—",それでは、「あるべき」結末に向かうとしようか――,"Так давай же завершим то, что было нам предназначено."
,AutoSave
,Selection,*殉情,,,,,,,,,,,,殉情,殉情,Option One: Die for Love,1：情死する,Совершить самоубийство во имя любви
,Selection,*……,,,,,,,,,,,,……,……,Option Two: ...,2：……,...
,*殉情
,FadeOut,black,,,,,1,,,,,,,,,,,
,Jump,*map_commonEnd_8
,*……
,,方知宥,,,,,,,,默认247,,,,[……],[……],"""...""",「……」,"""..."""
,,,,,,,,,,默认248,,,,我站在桥上，没有扔下伞，没有爬上桥，更没有一跃而下。,我站在橋上，沒有扔下傘，沒有爬上橋，更沒有一躍而下。,"I stood on the bridge, neither dropping my umbrella nor climbing the railing, let alone jumping down.",私は橋の上に立ったまま、傘を投げ捨てることも、身を乗り出すことも、ましてや飛び降りることもしなかった。,"Я стоял на мосту, не выпуская зонт из рук и не забираясь на перила, не говоря уже о том, чтобы спрыгнуть вниз."
,,,,,,,,,,默认249,,,,我只是一直站着，若有所思。,我只是一直站著，若有所思。,"I simply stood there, lost in thought.",ただ立ったまま、物思いに耽っていた。,Я просто стоял в раздумьях.
,,,,,,,,,,默认250,,,,……,……,...,……,...
,,,,,,,,,,默认251,,,,我……,我……,I...,私は……,Я...
,,,,,,,,,,默认252,,,,我到底在等什么？,我到底在等什麼？,What exactly am I waiting for?,一体何を待っているんだ？,Чего я жду-то?
,,,,,,,,,,默认253,,,,方知宥啊方知宥，你难道是在怕吗？,方知宥啊方知宥，你難道是在怕嗎？,"Fang Zhiyou, oh Fang Zhiyou, are you perhaps afraid?",なあ、方知宥。おまえは恐れているのか？,"Фан Чжию... эх, Фан Чжию! Неужели ты испугался?"
,,,,,,,,,,默认254,,,,……,……,...,……,...
,,,,,,,,,,默认255,,,,不对。,不對。,No.,違う。,Да нет.
,,,,,,,,,,默认256,,,,我不是在怕。,我不是在怕。,I'm not afraid.,恐れてなどいない。,Не испугался.
,,,,,,,,,,默认257,,,,只是，在一瞬间，我的眼前闪过了与雁儿姐最后一次见面时谈及的种种……突然便觉得有些不对劲。,只是，在一瞬間，我的眼前閃過了與雁兒姐最後一次見面時談及的種種……突然便覺得有些不對勁。,"But in that instant, all the things <ruby=Swan Goose>Sister Yan</ruby> and I discussed during our last meeting flashed before my eyes... Suddenly, something felt amiss.",ただ……ほんの一瞬、雁姉と最後に会った時に話したことが頭をよぎり……何かがおかしいような気がしただけだ。,"В этот миг перед глазами промелькнуло всё, о чём мы говорили с сестричкой Лебёдушкой во время нашей последней встречи... Внезапно я почувствовал что-то странное."
,,,,,,,,,,默认258,,,,我开始想一个问题：,我開始想一個問題：,I began to ponder a question:,そこで整理して考えることにした。,Я задумался:
,,,,,,,,,,默认259,,,,若是我真的去赴约那错过的殉情，这样的结局——,若是我真的去赴約那錯過的殉情，這樣的結局——,"If I were to truly go and fulfill that missed suicide pact, would this ending—",もしも私が約束の場所に赴き、情死を果たしたとしたら。そのような結末を――,"Если бы я спрыгнул, исполнив наше двойное самоубийство влюблённых, то такого ли конца..."
,,,,,,,,,,默认260,,,,是雁儿姐所希望的吗？,是雁兒姐所希望的嗎？,be what <ruby=Swan Goose>Sister Yan</ruby> had wanted?,雁姉は望んでいただろうか？,...хотела для меня сестричка Лебёдушка?
,,,,,,,,,,默认261,,,,……,……,...,……,...
,Wait,,,,,,0.8,,,,,,,
,Se,大风,,1.5,,,,,,,,,,
,ImageEffect,SpriteCamera,Blur,BlurIn,,,,,NoWait,,,,,,,,,
,Wait,,,,,,0.5,,,,,,,
,,,,,,,,,,默认262,,,,——呼,——呼,--Huff--,――ヒュウ,*Вжух.*
,,,,,,,,,,默认263,,,,一阵风吹来，将我眼前的一切都吹得模糊。,一陣風吹來，將我眼前的一切都吹得模糊。,A gust of wind blurred everything before my eyes.,一陣の風が吹き、目の前の全てを曖昧にしていく。,Порыв ветра размыл всё перед моими глазами.
,,小雁儿,,,,,3,,,,,,,
,,,,,,,,,,默认264,,,,在重重雨幕中，我突然看到了一抹身影。,在重重雨幕中，我突然看到了一抹身影。,"Through the heavy curtain of rain, I suddenly glimpsed a figure.",ざあざあと降りしきる雨の中、人影が見えた。,Сквозь густой дождь я вдруг кого-то заметил.
,ImageEffect,SpriteCamera,Blur,BlurOut,,,,,NoWait,,,,,,,,,
,Wait,,,,,,1.4,,,,,,,
,,,,,,,,,,默认265,,,,她看起来十岁上下，穿着一件布衣，身形瘦小。,她看起來十歲上下，穿著一件布衣，身形瘦小。,"She appeared about ten years old, dressed in simple clothing with a petite frame.",歳は十ほどだろう。痩せぎすの体にごわごわの布の服を着ている。,"Ей было около десяти лет, она была одета в простое платье и была худенькой."
,,,,,,,,,,默认266,,,,她的头发是深黑色，一侧系着紫色的飘带，飘带旁边还有着花状的头饰，衣服上绣着烟云纹样。,她的頭髮是深黑色，一側繫著紫色的飄帶，飄帶旁邊還有著花狀的頭飾，衣服上繡著煙雲紋樣。,"Her jet-black hair was tied with a purple ribbon on one side, adorned with floral hair ornaments, while her clothes bore embroidered cloud patterns.",墨のように真っ黒な髪の片側に紫の髪紐をつけている。また、頭には花の形をした髪飾りをつけ、服には煙のような雲の模様が刺繍されている。,"Её чёрные как смоль волосы были завязаны фиолетовым бантиком, а одежда была расшита узорами дымки и облаков."
,,,,,,,,,,默认267,,,,她的皮肤很白，是那种很不健康的白色。,她的皮膚很白，是那種很不健康的白色。,Her skin was pale—an unhealthy pallor.,不健康なまでの白い肌。,У неё была болезненно-бледная кожа.
,,,,,,,,,,默认268,,,,她的头发湿漉漉的，仿佛刚淋过雨。,她的頭髮濕漉漉的，彷彿剛淋過雨。,"Her hair hung damp, as if freshly drenched by rain.",ぐっしょりと濡れた髪は、雨が過ぎ去った後のようだ。,"Её волосы свисали мокрыми, будто их намочил дождь."
,Bgm,与雁同行,,,,0.2,3,,,,,,,,,,,
,,,,,,,,,,默认269,,,,而那漫天大雨打在她的身上，却仿佛穿透而过，没在她的身上溅起丝毫雨点。,而那漫天大雨打在她的身上，卻彷彿穿透而過，沒在她的身上濺起絲毫雨點。,"Yet the torrential rain seemed to pass through her, leaving no trace on her form.",しかし大雨が彼女に降りしきろうと、まるで通り抜けているかのように一滴たりとも彼女の体につくことはなかった。,"Однако этот падающий с неба ливень при этом проникал сквозь неё, не оставляя на ней и капли."
,,小雁儿,,,,,,,,默认270,,,,[……],[……],"""...""",「……」,"""..."""
,,,,,,,,,,默认271,,,,——是小雁儿。,——是小雁兒。,--It was Little Yan.,――小雁が、そこにいた。,Это была Лебёдушка.
,,,,,,,,,,默认272,,,,小雁儿，她来了。,小雁兒，她來了。,Little Yan had arrived.,小雁が、来た。,Лебёдушка вернулась.
,,,,,,,,,,默认273,,,,她是雁儿姐留在我心中的“鬼魂”，是我的幻觉，我的执念。,她是雁兒姐留在我心中的“鬼魂”，是我的幻覺，我的執念。,"She was the ""ghost"" of <ruby=Swan Goose>Sister Yan</ruby> that haunted my heart—my hallucination, my fixation.",彼女は雁姉が私の心に残した「亡霊」であり、幻覚であり、執着だ。,"Это был тот самый ""дух"" сестрички Лебёдушки, который поселился в моём сердце - та самая иллюзия, моя навязчивая одержимость."
,,,,,,,,,,默认274,,,,她出现过几次，却又消失了几次，每次的消失和出现都是如此唐突。,她出現過幾次，卻又消失了幾次，每次的消失和出現都是如此唐突。,"She came and went several times, each appearance and disappearance equally sudden.",何度も現れては、何度も消えた彼女。その出現と消失は、いつも唐突だった。,Каждый раз она внезапно появлялась - и так же внезапно исчезала.
,,,,,,,,,,默认275,,,,我本以为在我彻底了解了雁儿姐离世的真相后，她便会永远消失。,我本以為在我徹底了解了雁兒姐離世的真相後，她便會永遠消失。,"I thought that once I fully understood the truth behind <ruby=Swan Goose>Sister Yan</ruby>'s death, she would vanish forever.",雁姉がこの世を去った真相を解明したら、二度と現れないものだと思っていた。,"Я думал, что после того, как я наконец узнал правду о смерти сестрички Лебёдушки, иллюзия растает без следа."
,,,,,,,,,,默认276,,,,但是，没想到，她如今又出现了。,但是，沒想到，她如今又出現了。,"But to my surprise, she has reappeared now.",しかし、思ってもみないことに、彼女は再び現れた。,"Но, к моему удивлению, она снова появилась."
,,,,,,,,,,默认277,,,,……,……,...,……,...
,,小雁儿,疑惑,,,,,,,默认278,,,,[……],[……],"""...""",「……」,"""..."""
,,,,,,,,,,默认279,,,,不等我问她什么。,不等我問她什麼。,"Before I could ask her anything,",私が何か話しかける前に。,Прежде чем я смог что-то сказать...
,,,,,,,,,,默认280,,,,她便微笑着走了上来。,她便微笑著走了上來。,"she walked up to me, smiling.",彼女が微笑んでこちらにやってきた。,...она с улыбкой подошла ко мне.
,,,,,,,,,,默认281,,,,她看向我，眼眸里闪烁着泪光，嘴角却含着一丝笑意。,她看向我，眼眸裡閃爍著淚光，嘴角卻含著一絲笑意。,"She looked at me, her eyes glistening with tears, yet a faint smile played at the corners of her lips.",目には涙をきらりと浮かべて私を見、口元に笑みを浮かべている。,"Она глядела на меня - на её глаза навернулись слёзы, но на губах продолжала играть едва заметная улыбка."
,,,,,,,,,,默认282,,,,这次的她，不像是第一次见面时那种呆滞天真的模样，也不像是第二次见面时那种灵动真实的模样。,這次的她，不像是第一次見面時那種呆滯天真的模樣，也不像是第二次見面時那種靈動真實的模樣。,"This time, she was neither the naive and vacant version from our first meeting nor the vibrant and authentic one from our second encounter.",今回の彼女は、初めて会った時のような呆けた純真な彼女でもなければ、二度目に会った本物のような生き生きした彼女でもなかった。,"В этот раз она была не той наивной и растерянной девочкой, какой была при первой встрече, но и не такой живой и естественной, как при второй."
,,,,,,,,,,默认283,,,,这次的她，优雅、宁静、释怀、温柔。,這次的她，優雅、寧靜、釋懷、溫柔。,"Now, she was elegant, serene, at peace, and gentle.",今度の彼女は、優雅で、物静かで、穏やかで、優しい彼女だ。,"Сейчас она была изящной, безмятежной, умиротворённой и ласковой."
,,,,,,,,,,默认284,,,,虽然是维持着儿时的模样，眉宇间的气质却如同成年时的雁儿姐。,雖然是維持著兒時的模樣，眉宇間的氣質卻如同成年時的雁兒姐。,"Though she retained her childhood appearance, the bearing in her brow carried the grace of <ruby=Swan Goose>Sister Yan</ruby> in adulthood.",子供の頃の姿はそのままだが、その顔に映る雰囲気は大人の雁姉そのものだった。,"Она хоть и осталось маленькой девочкой, её взгляд был таким же, какой был у взрослой сестрички Лебёдушки."
,,小雁儿,,,,,,,,默认285,,,,[……],[……],"""...""",「……」,"""..."""
,,,,,,,,,,默认286,,,,一步、两步、三步。,一步、兩步、三步。,One step... two... three.,一歩、二歩、三歩。,Шажок... второй... третий.
,,,,,,,,,,默认287,,,,她迈着轻缓的步子，沉默无言，一步步走向了我，贴近到我的面前。,她邁著輕緩的步子，沉默無言，一步步走向了我，貼近到我的面前。,"With light, unhurried steps, she walked toward me in silence, drawing closer until she stood right before me.",軽やかに歩く彼女。何も言わぬまま、少しずつこちらに歩み寄り、ついに目の前までやってきた。,"Лёгкими, неспешными шажочками она молча шла ко мне, пока не остановилась прямо передо мной."
,,,,,,,,,,默认288,,,,最终，她缓缓伸出纤细的手腕、张开手掌、叠在了我放在《梁祝》的手的手背上——,最終，她緩緩伸出纖細的手腕、張開手掌、疊在了我放在《梁祝》的手的手背上——,"Finally, she slowly extended her slender wrist, opened her palm, and placed it atop my hand resting on ""The Butterfly Lovers""—",そして細い腕を伸ばすと、掌を広げ、『梁祝』を持った私の手にそっと自分の手を重ねた――,"Она медленно вытянула ручку и, раскрыв ладонь, положила её на тыльную сторону моей ладони, лежащей на книге ""Влюблённые-бабочки""."
,CharacterOff,,,,,,2,,,,,,,
,Se,大风,,1.5,,,,,,,,,,
,,,,,,,,,,默认289,,,,——呼,——呼,--Huff--,――ヒュウ,*Вжух.*
,,,,,,,,,,默认290,,,,又是一阵劲风吹过。,又是一陣勁風吹過。,Another strong gust of wind swept through.,再び、一陣の風が吹いた。,Пронёсся ещё один порыв ветра.
,,,,,,,,,,默认291,,,,这阵风后，她的身影仿佛被风揉皱的画卷，被吹刮得模糊起来。,這陣風後，她的身影彷彿被風揉皺的花卷，被吹刮得模糊起來。,"After this gust, her figure blurred like a flower petal crumpled by the wind, becoming indistinct.",風が過ぎると、彼女の姿は風に揉まれた花のように、ぼんやりと霞んでいった。,"После этого её фигура, словно скомканный ветром лепесток, начала размываться и становилась всё менее различимой."
,,,,,,,,,,默认292,,,,这突然的变故让我一惊，使我下意识地松开了攥紧《梁祝》的指节。,這突然的變故讓我一驚，使我下意識地鬆開了攥緊《梁祝》的指節。,"This sudden change startled me, making my fingers instinctively loosen their grip on ""The Butterfly Lovers"".",あまりに唐突な出来事に驚き、思わず『梁祝』を握っていた指を離してしまった。,"Я опешил от подобных перемен, мои пальцы невольно ослабили хватку на книге."
,Se,纸张纷飞,,2,,,,,,,,,,
,,,,,,,,,,默认293,,,,——哗啦啦——哗啦啦——,——嘩啦啦——嘩啦啦——,—Whoosh—Splash—,――パラララ――,*Вжух.* *Кап-кап-кап.*
,,,,,,,,,,默认294,,,,裹挟着细雨的风吹动着《梁祝》的书页。,裹挾著細雨的風吹動著《梁祝》的書頁。,"The wind carried a fine drizzle as it rustled through the pages of ""The Butterfly Lovers"".",小雨混じりの風が本の頁をめくっていく。,"Ветерок, смешанный с моросью, зашелестел страницами книги."
,,,,,,,,,,默认295,,,,我单手捧着书，发丝和衣袍飞舞，呆滞地望着这不断翻动的书页。,我單手捧著書，髮絲和衣袍飛舞，呆滯地望著這不斷翻動的書頁。,"Clutching the book with one hand, my hair and robes fluttering wildly, I gazed vacantly at the endlessly turning pages.",髪や服がばさばさと舞い上がる。片手で本を持ちながら、ぼんやりとめくられていく頁を眺めた。,"Сжав книгу в одной руке, с развевающимися на ветру волосами и одеждой, я безучастно смотрел на перелистываемые страницы."
,,,,,,,,,,默认296,,,,书中的那些方块字，一个个掠至我的眼前——,書中的那些方塊字，一個個掠至我的眼前——,The characters from the book swept past my vision one after another—,本の四角い文字が、次々と私の視線を通り過ぎていく――,Иероглифы в книге один за другим проносились перед глазами...
,,,,,,,,,,默认297,,,,那断断续续的故事，不断地冲入我的脑海——,那斷斷續續的故事，不斷地衝入我的腦海——,The fragmented narrative kept flooding into my consciousness—,途切れ途切れの物語が、私の頭に入り込んでくる――,Легенда из книги частями стала всплывать в голове.
,,,,,,,,,,默认298,,,,而当整本书翻到后面，我却发现，在书的末尾、那原本写着结局的几页全都被撕掉了。,而當整本書翻到後面，我卻發現，在書的末尾、那原本寫著結局的幾頁全都被撕掉了。,"But when I reached the book's final pages, I found the concluding chapters had all been torn away.",本がめくられていくうちに、あることに気付いた。結末が書かれているはずの数頁が、すべて破り取られていたのだ。,"Но дойдя до конца книги, я вдруг заметил, что последние страницы были вырваны."
,,,,,,,,,,默认299,,,,取而代之的是那有着大块空白的封底尾页——以及尾页之上写得极其娟秀的两个字——,取而代之的是那有著大塊空白的封底尾頁——以及尾頁之上寫得極其娟秀的兩個字——,All that remained was the mostly blank endpaper—bearing just one exquisitely penned character—,代わりに大きな白地の裏表紙があり――この上なく美しい筆跡で二文字が書かれていた――,"Осталась лишь почти пустая последняя страница обложки, на которой было написано всего два изящных иероглифа:"
,,,,,,,,,,默认300,,,,——“渡芦”。,——“渡蘆”。,"—""Dulu"".",――「渡芦」と。,"""Дулу."""
,,,,,,,,,,默认301,,,,……,……,...,……,...
,,,,,,,,,,默认302,,,,渡芦？,渡蘆？,Dulu?,渡芦？,Дулу?
,,,,,,,,,,默认303,,,,这两个字，是雁儿姐留给我的吗？,這兩個字，是雁兒姐留給我的嗎？,Was this one character left for me by <ruby=Swan Goose>Sister Yan</ruby>?,この二文字は……雁姉が私に宛てたものなのか？,Это написала сестричка Лебёдушка?
,,,,,,,,,,默认304,,,,等等……,等等……,Wait...,んん……？,Погодите...
,,,,,,,,,,默认305,,,,这两个字，我似乎曾在哪里听过？,這兩個字，我似乎曾在哪裡聽過？,I feel like I've heard this one word somewhere before.,そういえばこの二文字、どこかで聞いたことがあるような。,"Такое чувство, что я уже видел его где-то..."
,,,,,,,,,,默认306,,,,好像有些印象！,好像有些印象！,I seem to remember this!,何となく覚えているぞ！,"Кажется, я помню!"
,,,,,,,,,,默认307,,,,……,……,...,……,...
,,方知宥,,,,,,,,默认308,,,,[……],[……],"""...""",「……」,"""..."""
,FadeOut,black,,,,,1,,,,,,,,,,,
,,,,,,,,,,默认309,,,,我闭上双眼，在记忆中快速翻找。,我閉上雙眼，在記憶中快速翻找。,"I closed my eyes, searching frantically through my memories.",目を閉じ、記憶の頁をぱらぱらとめくっていく。,"Закрыв глаза, я стал лихорадочно искать зацепку в чертогах разума."
,,,,,,,,,,默认310,,,,往日的画面一幕幕在脑海中闪过。,往日的畫面一幕幕在腦海中閃過。,Scenes from the past flashed through my mind.,過去の情景が次々と頭の中を駆け巡った。,В моей голове промелькнули сцены из прошлого.
,ImageEffect,SpriteCamera,GrayScale,,,,,,,,,,,,,,,
,Bg,东关街忆晴,,,,,,,,,,,,
,,苏怜烟约会,,,,,,,,,,,,
,FadeIn,black,,,,,2,,,,,,,,,,,
,,,,,,,,,,默认311,,,,我回忆着与雁儿姐走出泠音阁，曾逛过的那些店铺。,我回憶著與雁兒姐走出泠音閣，曾逛過的那些店鋪。,I recalled the shops <ruby=Swan Goose>Sister Yan</ruby> and I had visited after leaving <ruby=泠音>Lingyin</ruby> Pavilion.,雁姉と泠音閣を出て、途中で立ち寄った店のことを思い出す。,"Я вспоминал заведения, в которых мы с сестричкой Лебёдушкой побывали после того, как отплыли от ""Мелодичного павильона""."
,,,,,,,,,,默认312,,,,有刻珠店、有彩衣店、有浮光茶舍，还有——,有刻珠店、有彩衣店、有浮光茶舍、還有——,"There was a bead-carving shop, a colorful clothing store, Floating Light Teahouse, and—",彫刻珠の店、服屋、浮光茶舎、そして――,"Там был ларёк, где делали резные бусы, магазин одежды, чайная ""Свет над водой"" и..."
,CharacterOff,,,,,,,,,,,,,
,,,,,,,,,,默认313,,,,在东关街，似乎确实有一家店铺挂着“渡芦”的牌匾。,在東關街，似乎確實有一家店鋪掛著“渡蘆”的牌匾。,"On Dongguan Street, there seemed to be a shop with a plaque that read ""Dulu"".",東関街に、たしか「渡芦」という看板の店があったはずだ。,"На улице Восточной заставы вроде бы действительно имелось заведение с вывеской ""Ломбард Дулу""."
,Bg,当铺昼,,,,,,,,,,,,
,,掌柜,,两人左,,,0.5,,,,,,,
,,小男娃,,两人右,,,0.5,,,,,,,
,,,,,,,,,,默认314,,,,那家店铺有些昏暗，柜台后坐着一位三十出头的掌柜，以及一个三四岁的小男娃——应当是他的儿子。,那家店鋪有些昏暗，櫃臺後坐著一位三十出頭的掌櫃，以及一個三四歲的小男娃——應當是他的兒子。,"The shop was dimly lit, with a shop keeper in his early thirties behind the counter and a little boy about three or four—likely his son.",薄暗い店で、三十そこそこの店主が勘定台の向こうに座っていた。それと三四歳ほどの男の子がいたな――おそらく彼の子だ。,"В темноватом помещении за прилавком был владелец ломбарда, мужчина лет за тридцать, а рядом с ним был мальчик, на вид ему было года три-четыре - скорее всего, его сын."
,,,,,,,,,,默认315,,,,我们进店铺的时候，小男娃正踮着脚，想要偷吃柜台上的半块桂花糕，他刚要出手时，便被严厉的爹爹教训了——,我們進店鋪的時候，小男娃正惦著腳，想要偷吃櫃臺上的半塊桂花糕，而他剛要出手時，便被嚴厲的爹爹教訓了——,"When we entered, the boy was on tiptoes, trying to sneak a bite of the half-eaten osmanthus cake on the counter—just as he reached for it, his stern father scolded him—",店に入った時、男の子が背伸びをして、勘定台にある食べかけの桂花糕をつまみ食いしようとしていた。そしてあと少しで手が届くというところで、厳格な父親に叱られていたな――,"Когда мы вошли, мальчик, стоя на цыпочках, пытался стащить кусочек недоеденного османтусового пирожного с прилавка... Заметив это, строгий отец отругал его."
,,,,,,,,,,默认316,,,,“渡芦”便是那间当铺！,“渡蘆”便是那間當鋪！,"""Dulu"" was that pawnshop!",「渡芦」はあの店のことだ！,"""Дулу"" - это и был тот ломбард!"
,,,,,,,,,,默认317,,,,那是我与雁儿姐最后一次见面时，一同去过的那间当铺！,那是我與雁兒姐最後一次見面時，曾一同去過那間當鋪！,That was the pawnshop <ruby=Swan Goose>Sister Yan</ruby> and I visited the last time we met!,私と雁姉が最後に会った時、一緒に行った店だ！,"Тот самый, куда мы пришли с сестричкой Лебёдушкой во время нашей последней встречи."
,,方知宥,,,,,,,,默认318,,,,[……],[……],"""...""",「……」,"""..."""
,CharacterOff,,,,,,,,,,,,,
,FadeOut,black,,,,,1,,,,,,,,,,,
,ImageEffectOff,SpriteCamera,GrayScale,,,,,,,,,,,,,,,
,Bg,二十四桥记偏,,,,,,,,,,,,
,Wait,,,,,,0.5,,,,,,,
,FadeIn,black,,,,,1,,,,,,,,,,,
,,,,,,,,,,默认319,,,,随着记忆的浮现，我逐渐记起了那间当铺的环境，记起了当铺掌柜和他那调皮的小儿子。,隨著記憶的浮現，我逐漸記起了那間當鋪的環境，記起了當鋪掌櫃和他那調皮的小兒子。,"As memories surfaced, I gradually recalled the pawnshop's surroundings—the keeper and his mischievous little son.",記憶がよみがえるにつれ、次第にあの質屋の空気を思い出し、店主といたずら好きな子供のことも思い出す。,"Я постепенно стал вспоминать обстановку того ломбарда, владельца и его озорного сына."
,,,,,,,,,,默认320,,,,这么想来的话……,這麼想來的話……,Come to think of it...,おや、そういえば……,Если подумать...
,,,,,,,,,,默认321,,,,当年当铺里的那个小男娃……也让我觉得有些眼熟。,當年當鋪裡的那個小男娃……也讓我覺得有些眼熟。,That boy from the pawnshop years ago... he looked strangely familiar.,あの時店にいた男の子も……見覚えがある気がするな。,Тот мальчик из ломбарда... он выглядел уж очень знакомым...
,,,,,,,,,,默认322,,,,等等！,等等！,Wait!,あっ！,Погодите!
,,,,,,,,,,默认323,,,,他不就是我和良叔在东关街救下的……曾托付给空幻师父的那个男娃吗？,他不就是我和良叔在東關街救下的……曾託付給空幻師父的那個男娃嗎？,Wasn't he the boy Uncle Liang and I rescued on Dongguan Street... the one we left in Master Konghuan's care?,もしかして……良と東関街で救い出し……空幻和尚に預けたあの子か？,"А это не тот мальчик, которого мы с дядюшкой Ляном спасли на улице Восточной заставы и оставили на попечение учителю Кунхуаню?.."
,,,,,,,,,,默认324,,,,……,……,...,……,...
,Se,打屁股,,1.5,,,,,,,,,,
,,,,,,,,,,默认325,,,,——啪嗒,——啪嗒,—Plop,――トサッ,*Плюх.*
,,,,,,,,,,默认326,,,,大雨之中，我丢下了伞。,大雨之中，我丟下了傘。,"In the pouring rain, I let my umbrella fall.",大雨の中、傘を取り落とした。,Под проливным дождём я отпустил зонт.
,,,,,,,,,,默认327,,,,雨水瞬间打湿了我的头发和衣衫，冰凉刺骨。,雨水瞬間打濕了我的頭髮和衣衫，冰涼刺骨。,"The icy rain instantly drenched my hair and clothes, piercing through to my bones.",一瞬で雨が髪と服を濡らし、体がぞくりと冷え込んだ。,"Ледяной дождь сразу же намочил мои волосы и одежду, пронизывая меня до костей."
,,,,,,,,,,默认328,,,,我紧抱着那本《梁祝》，迎着扑面而来的风雨，奔离二十四桥，跑向了空幻师父的家——,我緊抱著那本《梁祝》，迎著撲面而來的風雨，奔離二十四橋、跑向了空幻師父的家——,"Hugging my copy of ""The Butterfly Lovers"", I ran headlong into the storm, leaving Twenty-Four Bridges behind as I raced toward Master Konghuan's house—",私は『梁祝』を抱え、吹き付ける雨風に逆らって二十四橋を離れ、空幻和尚の家へとひた走った――,"Прижав к себе ""Влюблённых-бабочек"", я сломя голову бросился к дому учителя Кунхуаня, оставив Двадцать четвёртый мост позади."
,FadeOut,black,,,,,2,,,,,,,,,,,
,Jump,*记-第十九回三
